fare_id,route_id,origin_id,destination_id,contains_id
4240001009574_150_00,578423847,74991 0,51055 7,
4240001009574_150_00,578423847,51055 3,74991 1,
4240001009574_170_00,3594359697,55220 0,74230 0,
4240001009574_170_00,3594359697,55220 0,51403 0,
4240001009574_170_00,3594359697,55220 0,74250 0,
4240001009574_170_00,3594359697,74260 0,74240 0,
4240001009574_170_00,3594359697,51401 0,51404 0,
4240001009574_170_00,835754522,71290 1,71010 1,
4240001009574_170_00,835754522,71290 1,71080 1,
4240001009574_170_00,2355023358,70010 0,70020 0,
4240001009574_170_00,2355023358,70010 0,51401 0,
4240001009574_170_00,201880385,51940 1,73430 1,
4240001009574_170_00,201880385,73450 0,73430 0,
4240001009574_170_00,201880385,72470 0,72570 0,
4240001009574_170_00,201880385,72040 0,72560 0,
4240001009574_170_00,3594359697,73900 1,70020 1,
4240001009574_170_00,3594359697,55220 0,70010 0,
4240001009574_170_00,3594359697,70010 0,51401 0,
4240001009574_170_00,550332996,49014 1,49013 1,
4240001009574_170_00,550332996,71960 1,49014 1,
4240001009574_170_00,550332996,71960 1,71970 1,
4240001009574_170_00,3594359697,55220 0,70020 0,
4240001009574_170_00,3594359697,74240 0,51404 0,
4240001009574_170_00,3594359697,70020 0,51404 0,
4240001009574_170_00,3594359697,70010 0,74240 0,
4240001009574_170_00,3594359697,51401 0,74240 0,
4240001009574_170_00,3594359697,70570 0,74260 0,
4240001009574_170_00,2300128744,71710 1,70280 1,
4240001009574_170_00,2300128744,71240 1,71010 1,
4240001009574_170_00,2300128744,71740 1,71710 1,
4240001009574_170_00,2300128744,71040 1,71740 1,
4240001009574_170_00,2300128744,71270 1,71010 1,
4240001009574_170_00,2300128744,71230 1,71080 1,
4240001009574_170_00,2300128744,71080 1,51055 6,
4240001009574_170_00,835754522,71040 0,71240 0,
4240001009574_170_00,2300128744,71010 0,71230 0,
4240001009574_170_00,2300128744,71010 0,71280 0,
4240001009574_170_00,2300128744,70280 0,71040 0,
4240001009574_170_00,2300128744,70280 0,51055 1,
4240001009574_170_00,2300128744,71690 0,71430 0,
4240001009574_170_00,2300128744,71720 0,71430 0,
4240001009574_170_00,550332996,73270 0,70370 0,
4240001009574_170_00,550332996,70580 0,73270 0,
4240001009574_170_00,550332996,70580 0,70970 0,
4240001009574_170_00,550332996,71420 0,72400 0,
4240001009574_170_00,550332996,72390 0,72810 0,
4240001009574_170_00,550332996,49013 0,71960 0,
4240001009574_170_00,550332996,49015 0,71970 0,
4240001009574_170_00,550332996,49015 0,71960 0,
4240001009574_170_00,550332996,70740 0,72390 0,
4240001009574_170_00,550332996,70610 0,71420 0,
4240001009574_170_00,550332996,72720 0,70150 0,
4240001009574_170_00,550332996,70590 0,70580 0,
4240001009574_170_00,550332996,70150 0,74320 0,
4240001009574_170_00,550332996,72400 0,70970 0,
4240001009574_170_00,550332996,71540 0,71420 0,
4240001009574_170_00,550332996,70030 0,71590 0,
4240001009574_170_00,550332996,70580 0,71400 0,
4240001009574_170_00,550332996,71420 0,72500 0,
4240001009574_170_00,550332996,71560 0,70030 0,
4240001009574_170_00,550332996,70970 0,72500 0,
4240001009574_170_00,3594359697,74240 1,70560 1,
4240001009574_170_00,3594359697,74240 1,51404 1,
4240001009574_170_00,3594359697,70570 1,70020 1,
4240001009574_170_00,3594359697,70570 1,70010 1,
4240001009574_170_00,3594359697,70570 1,51401 1,
4240001009574_170_00,3594359697,51401 1,55220 1,
4240001009574_170_00,3594359697,51404 1,74230 1,
4240001009574_170_00,835754522,71040 0,71010 0,
4240001009574_170_00,550332996,72030 1,73270 1,
4240001009574_170_00,550332996,72030 1,72500 1,
4240001009574_170_00,550332996,73270 1,72400 1,
4240001009574_170_00,550332996,72810 1,70580 1,
4240001009574_170_00,550332996,70970 1,71420 1,
4240001009574_170_00,550332996,70970 1,70580 1,
4240001009574_170_00,550332996,70800 1,71560 1,
4240001009574_170_00,550332996,72500 1,72390 1,
4240001009574_170_00,550332996,72500 1,72400 1,
4240001009574_170_00,550332996,72500 1,70580 1,
4240001009574_170_00,550332996,72720 1,70970 1,
4240001009574_170_00,550332996,70810 1,72030 1,
4240001009574_170_00,550332996,72800 1,74320 1,
4240001009574_170_00,550332996,71600 0,72030 1,
4240001009574_170_00,550332996,70580 1,71420 1,
4240001009574_170_00,2355023358,74230 0,51403 0,
4240001009574_170_00,2355023358,74230 0,74250 0,
4240001009574_170_00,2355023358,55220 0,74260 0,
4240001009574_170_00,2355023358,55220 0,70560 0,
4240001009574_170_00,2355023358,70010 0,51404 0,
4240001009574_170_00,2355023358,70010 0,70560 0,
4240001009574_170_00,2355023358,51401 0,74230 0,
4240001009574_170_00,550332996,73300 0,72030 0,
4240001009574_170_00,550332996,73300 0,73270 0,
4240001009574_170_00,550332996,73300 0,70970 1,
4240001009574_170_00,550332996,73300 0,72400 1,
4240001009574_170_00,550332996,71420 1,70610 999,
4240001009574_170_00,550332996,72390 0,71540 1,
4240001009574_170_00,550332996,72030 0,74320 1,
4240001009574_170_00,550332996,72030 0,71560 1,
4240001009574_170_00,550332996,72030 0,71400 1,
4240001009574_170_00,550332996,73270 0,72810 0,
4240001009574_170_00,550332996,73270 1,73300 1,
4240001009574_170_00,550332996,73270 1,71400 1,
4240001009574_170_00,550332996,50270 1,70800 1,
4240001009574_170_00,550332996,70740 0,71400 0,
4240001009574_170_00,550332996,70810 0,70780 0,
4240001009574_170_00,550332996,72810 1,73300 1,
4240001009574_170_00,550332996,72800 0,50270 1,
4240001009574_170_00,550332996,72800 0,70800 1,
4240001009574_170_00,550332996,74040 0,71600 0,
4240001009574_170_00,550332996,70150 1,72720 1,
4240001009574_170_00,550332996,72720 0,74320 1,
4240001009574_170_00,550332996,72720 0,72800 1,
4240001009574_170_00,550332996,74320 1,70030 1,
4240001009574_170_00,550332996,74320 1,70800 1,
4240001009574_170_00,550332996,72280 0,72800 1,
4240001009574_170_00,550332996,70610 1,72390 0,
4240001009574_170_00,550332996,70610 1,70740 0,
4240001009574_170_00,550332996,70610 1,71540 1,
4240001009574_170_00,550332996,72810 0,71420 1,
4240001009574_170_00,550332996,72810 0,72030 1,
4240001009574_170_00,550332996,72810 0,72720 0,
4240001009574_170_00,550332996,72810 0,72500 1,
4240001009574_170_00,550332996,72400 0,72390 0,
4240001009574_170_00,550332996,70780 0,70030 1,
4240001009574_170_00,550332996,70780 0,50260 1,
4240001009574_170_00,550332996,72500 0,70800 1,
4240001009574_170_00,550332996,72500 0,70810 1,
4240001009574_170_00,550332996,71540 0,72400 0,
4240001009574_170_00,550332996,50260 1,74320 1,
4240001009574_170_00,550332996,71400 1,71420 1,
4240001009574_170_00,550332996,71400 1,70580 1,
4240001009574_170_00,550332996,72400 1,70740 1,
4240001009574_170_00,550332996,71420 0,70580 1,
4240001009574_170_00,550332996,72800 1,72030 1,
4240001009574_170_00,550332996,74320 0,74040 0,
4240001009574_170_00,550332996,74320 0,71560 1,
4240001009574_170_00,550332996,70800 0,70030 0,
4240001009574_170_00,550332996,70800 0,50260 1,
4240001009574_170_00,550332996,71400 0,73300 1,
4240001009574_170_00,550332996,71560 0,72810 1,
4240001009574_170_00,550332996,71560 0,70030 1,
4240001009574_170_00,550332996,71560 0,70800 0,
4240001009574_170_00,550332996,50271 0,70030 1,
4240001009574_170_00,550332996,70970 0,72390 1,
4240001009574_170_00,550332996,70970 0,72030 1,
4240001009574_170_00,550332996,70970 0,73270 0,
4240001009574_170_00,550332996,70970 0,72810 0,
4240001009574_170_00,550332996,72390 1,71540 1,
4240001009574_170_00,550332996,73300 1,70740 1,
4240001009574_170_00,550332996,72030 1,72810 1,
4240001009574_170_00,550332996,71580 1,70800 1,
4240001009574_170_00,550332996,70030 1,72720 1,
4240001009574_170_00,550332996,70800 1,72030 1,
4240001009574_170_00,550332996,72500 1,73270 1,
4240001009574_170_00,550332996,70740 1,70610 2,
4240001009574_170_00,2355023358,74240 1,74230 1,
4240001009574_170_00,2355023358,74250 1,51403 1,
4240001009574_170_00,2355023358,51403 1,74230 1,
4240001009574_170_00,550332996,71970 0,70610 2,
4240001009574_170_00,550332996,49015 0,70610 2,
4240001009574_170_00,550332996,49016 0,70590 0,
4240001009574_170_00,835754522,71290 1,71240 1,
4240001009574_170_00,550332996,73300 0,72720 0,
4240001009574_170_00,550332996,72390 0,73270 0,
4240001009574_170_00,550332996,72030 0,70030 0,
4240001009574_170_00,550332996,70810 0,74320 0,
4240001009574_170_00,550332996,70810 0,70800 0,
4240001009574_170_00,550332996,70610 1,71400 0,
4240001009574_170_00,550332996,70780 0,71580 0,
4240001009574_170_00,550332996,72500 0,70810 0,
4240001009574_170_00,550332996,71420 0,73300 0,
4240001009574_170_00,550332996,71420 0,70580 0,
4240001009574_170_00,550332996,70800 0,72800 0,
4240001009574_170_00,550332996,70800 0,70780 0,
4240001009574_170_00,550332996,72390 0,73300 0,
4240001009574_170_00,550332996,72390 0,70970 0,
4240001009574_170_00,550332996,72030 0,74320 0,
4240001009574_170_00,550332996,70740 0,70580 0,
4240001009574_170_00,550332996,72720 0,72800 0,
4240001009574_170_00,550332996,72720 0,70780 0,
4240001009574_170_00,550332996,70150 0,70780 0,
4240001009574_170_00,550332996,72400 0,73300 0,
4240001009574_170_00,550332996,71540 0,73300 0,
4240001009574_170_00,550332996,70800 0,74320 0,
4240001009574_170_00,550332996,71400 0,73270 0,
4240001009574_170_00,550332996,72390 0,70580 0,
4240001009574_170_00,550332996,72720 0,70810 0,
4240001009574_170_00,550332996,72720 0,70800 0,
4240001009574_170_00,550332996,70610 1,70580 0,
4240001009574_170_00,550332996,72810 0,71560 0,
4240001009574_170_00,550332996,72400 0,73270 0,
4240001009574_170_00,550332996,71400 0,70970 0,
4240001009574_170_00,3594359697,70010 1,55220 1,
4240001009574_170_00,3594359697,70560 1,74230 1,
4240001009574_170_00,3594359697,70560 1,51401 1,
4240001009574_170_00,3594359697,74250 1,70570 1,
4240001009574_170_00,3594359697,74250 1,55220 1,
4240001009574_170_00,3594359697,74230 0,74260 0,
4240001009574_170_00,3594359697,55220 0,70570 0,
4240001009574_170_00,3594359697,70020 0,70570 0,
4240001009574_170_00,3594359697,70010 0,74230 0,
4240001009574_170_00,3594359697,70010 0,51403 0,
4240001009574_170_00,3594359697,70010 0,74250 0,
4240001009574_170_00,3594359697,51401 0,51403 0,
4240001009574_170_00,2300128744,71040 1,71650 1,
4240001009574_170_00,2300128744,71670 0,70280 1,
4240001009574_170_00,2300128744,71280 1,71040 1,
4240001009574_170_00,2300128744,71080 1,71720 1,
4240001009574_170_00,2300128744,71080 1,71740 1,
4240001009574_170_00,2300128744,71690 1,71720 1,
4240001009574_170_00,3594359697,51401 1,70010 1,
4240001009574_170_00,550332996,72390 1,72400 1,
4240001009574_170_00,550332996,73300 0,72030 1,
4240001009574_170_00,550332996,71420 1,70740 1,
4240001009574_170_00,550332996,72390 0,70970 1,
4240001009574_170_00,550332996,72780 1,72800 1,
4240001009574_170_00,550332996,72030 1,71400 1,
4240001009574_170_00,550332996,72030 0,70810 0,
4240001009574_170_00,550332996,72030 0,70150 1,
4240001009574_170_00,550332996,70740 0,71540 1,
4240001009574_170_00,550332996,70810 0,72810 1,
4240001009574_170_00,550332996,70810 0,70800 1,
4240001009574_170_00,550332996,70810 0,50260 1,
4240001009574_170_00,550332996,72720 0,70150 1,
4240001009574_170_00,550332996,70610 1,72400 0,
4240001009574_170_00,550332996,72810 0,72720 1,
4240001009574_170_00,550332996,70150 0,71560 1,
4240001009574_170_00,550332996,70150 0,72800 1,
4240001009574_170_00,550332996,72400 0,73300 1,
4240001009574_170_00,550332996,72400 0,72500 0,
4240001009574_170_00,550332996,72400 0,70740 1,
4240001009574_170_00,550332996,50104 1,50270 1,
4240001009574_170_00,550332996,50104 1,71600 0,
4240001009574_170_00,550332996,70780 0,71600 0,
4240001009574_170_00,550332996,70030 0,70810 1,
4240001009574_170_00,550332996,70030 0,50260 1,
4240001009574_170_00,550332996,70810 1,71560 1,
4240001009574_170_00,550332996,50260 1,50270 1,
4240001009574_170_00,550332996,71590 0,70800 1,
4240001009574_170_00,550332996,70580 0,72390 1,
4240001009574_170_00,550332996,72400 1,70610 999,
4240001009574_170_00,550332996,72780 0,74040 0,
4240001009574_170_00,550332996,72780 0,50103 1,
4240001009574_170_00,550332996,71420 0,73270 0,
4240001009574_170_00,550332996,72800 1,70030 1,
4240001009574_170_00,550332996,74320 0,50271 0,
4240001009574_170_00,550332996,71600 0,70150 1,
4240001009574_170_00,550332996,71560 0,70780 0,
4240001009574_170_00,550332996,71560 0,72720 1,
4240001009574_170_00,550332996,71560 0,71590 0,
4240001009574_170_00,550332996,71560 0,71600 0,
4240001009574_170_00,550332996,50271 0,50260 1,
4240001009574_170_00,550332996,70970 0,72400 1,
4240001009574_170_00,550332996,70580 1,70610 999,
4240001009574_170_00,550332996,50271 1,72800 1,
4240001009574_170_00,2300128744,71710 0,71430 0,
4240001009574_170_00,2300128744,71740 0,71060 0,
4240001009574_170_00,2300128744,51055 1,71060 0,
4240001009574_170_00,2300128744,71060 0,71010 0,
4240001009574_170_00,2300128744,71720 0,71040 0,
4240001009574_170_00,2300128744,71720 0,51055 1,
4240001009574_170_00,2300128744,71430 1,71720 1,
4240001009574_170_00,2300128744,71040 1,71710 1,
4240001009574_170_00,2300128744,71040 1,51055 6,
4240001009574_170_00,2300128744,71080 1,71430 1,
4240001009574_170_00,550332996,72810 1,72390 1,
4240001009574_170_00,550332996,70590 1,49016 1,
4240001009574_170_00,550332996,71400 1,73300 1,
4240001009574_170_00,550332996,71400 1,71540 1,
4240001009574_170_00,550332996,72400 1,71970 1,
4240001009574_170_00,550332996,72800 1,72720 1,
4240001009574_170_00,550332996,71600 0,71560 1,
4240001009574_170_00,550332996,70600 0,49014 1,
4240001009574_170_00,2300128744,71710 0,71740 0,
4240001009574_170_00,2300128744,71720 0,71710 0,
4240001009574_170_00,3594359697,74260 1,70020 1,
4240001009574_170_00,3594359697,74260 1,51403 1,
4240001009574_170_00,3594359697,74230 0,74240 0,
4240001009574_170_00,3594359697,74260 0,51403 0,
4240001009574_170_00,3594359697,51401 0,74250 0,
4240001009574_170_00,3594359697,70570 0,51403 0,
4240001009574_170_00,835754522,71040 1,51055 7,
4240001009574_170_00,201880385,72570 1,51940 1,
4240001009574_170_00,2300128744,71280 0,71270 0,
4240001009574_170_00,2300128744,71260 0,71270 0,
4240001009574_170_00,2300128744,71260 0,71240 0,
4240001009574_170_00,201880385,73450 0,72600 0,
4240001009574_170_00,3594359697,70020 1,70010 1,
4240001009574_170_00,3594359697,51401 1,70020 1,
4240001009574_170_00,550332996,70590 1,49014 1,
4240001009574_170_00,550332996,70590 1,71960 1,
4240001009574_170_00,550332996,49015 1,49013 1,
4240001009574_170_00,550332996,70600 0,49013 1,
4240001009574_170_00,550332996,70600 0,49015 1,
4240001009574_170_00,3594359697,70020 0,51403 0,
4240001009574_170_00,3594359697,70020 0,74260 0,
4240001009574_170_00,3594359697,51401 0,70570 0,
4240001009574_170_00,3594359697,70570 0,74230 0,
4240001009574_170_00,3594359697,70570 0,51404 0,
4240001009574_170_00,2300128744,71010 1,71080 1,
4240001009574_170_00,2300128744,71010 1,71060 1,
4240001009574_170_00,2300128744,71230 1,71240 1,
4240001009574_170_00,835754522,71040 0,71060 0,
4240001009574_170_00,3594359697,55220 0,51401 0,
4240001009574_170_00,3594359697,55220 0,73900 0,
4240001009574_170_00,3594359697,70020 0,73900 0,
4240001009574_170_00,2300128744,71040 0,71270 0,
4240001009574_170_00,2300128744,71010 0,71270 0,
4240001009574_170_00,2300128744,70280 0,71430 0,
4240001009574_170_00,2300128744,71430 0,51055 1,
4240001009574_170_00,2300128744,71720 0,71690 0,
4240001009574_170_00,550332996,70580 0,73300 0,
4240001009574_170_00,550332996,71420 0,70370 0,
4240001009574_170_00,550332996,71970 0,72400 0,
4240001009574_170_00,550332996,73300 0,72500 0,
4240001009574_170_00,550332996,49013 0,49015 0,
4240001009574_170_00,550332996,70740 0,73300 0,
4240001009574_170_00,550332996,70610 0,73300 0,
4240001009574_170_00,550332996,70610 0,70740 0,
4240001009574_170_00,550332996,70610 0,70580 0,
4240001009574_170_00,550332996,71960 0,70740 0,
4240001009574_170_00,550332996,49016 0,70610 0,
4240001009574_170_00,550332996,72500 0,72720 0,
4240001009574_170_00,550332996,72500 0,70780 0,
4240001009574_170_00,550332996,70030 0,72800 0,
4240001009574_170_00,550332996,70580 0,72500 0,
4240001009574_170_00,550332996,71420 0,72810 0,
4240001009574_170_00,550332996,71560 0,74320 0,
4240001009574_170_00,3594359697,74230 1,70020 1,
4240001009574_170_00,3594359697,74240 1,74230 1,
4240001009574_170_00,3594359697,74240 1,70570 1,
4240001009574_170_00,3594359697,74250 1,70560 1,
4240001009574_170_00,3594359697,74260 1,70570 1,
4240001009574_170_00,3594359697,51404 1,70560 1,
4240001009574_170_00,3594359697,51404 1,51401 1,
4240001009574_170_00,550332996,72390 1,71420 1,
4240001009574_170_00,550332996,72810 1,72400 1,
4240001009574_170_00,550332996,70970 1,71400 1,
4240001009574_170_00,550332996,70800 1,70810 1,
4240001009574_170_00,550332996,72500 1,73300 1,
4240001009574_170_00,550332996,71560 1,72810 1,
4240001009574_170_00,550332996,71600 0,70800 1,
4240001009574_170_00,550332996,70580 1,72390 1,
4240001009574_170_00,550332996,70580 1,70740 1,
4240001009574_170_00,550332996,70580 1,71540 1,
4240001009574_170_00,2355023358,74240 0,51404 0,
4240001009574_170_00,2355023358,70020 0,74250 0,
4240001009574_170_00,550332996,72780 1,70030 1,
4240001009574_170_00,550332996,73300 1,70580 1,
4240001009574_170_00,550332996,72030 0,70800 0,
4240001009574_170_00,550332996,73270 0,71420 1,
4240001009574_170_00,550332996,73270 0,70970 1,
4240001009574_170_00,550332996,73270 0,72500 1,
4240001009574_170_00,550332996,50270 1,70030 1,
4240001009574_170_00,550332996,70810 0,74040 0,
4240001009574_170_00,550332996,70810 0,50271 0,
4240001009574_170_00,550332996,72800 0,72030 1,
4240001009574_170_00,550332996,72800 0,72720 1,
4240001009574_170_00,550332996,72800 0,50271 0,
4240001009574_170_00,550332996,74040 0,50103 1,
4240001009574_170_00,550332996,70970 1,72390 1,
4240001009574_170_00,550332996,70970 1,72400 1,
4240001009574_170_00,550332996,72720 0,70970 1,
4240001009574_170_00,550332996,72720 0,70030 0,
4240001009574_170_00,550332996,72720 0,74320 0,
4240001009574_170_00,550332996,72720 0,71560 0,
4240001009574_170_00,550332996,74320 1,72030 1,
4240001009574_170_00,550332996,70610 1,71420 0,
4240001009574_170_00,550332996,72810 0,70150 1,
4240001009574_170_00,550332996,70800 1,72720 1,
4240001009574_170_00,550332996,70150 0,70810 0,
4240001009574_170_00,550332996,70150 0,74320 1,
4240001009574_170_00,550332996,72400 0,70610 999,
4240001009574_170_00,550332996,50104 1,72780 1,
4240001009574_170_00,550332996,70780 0,72780 1,
4240001009574_170_00,550332996,70780 0,74320 1,
4240001009574_170_00,550332996,70780 0,72800 1,
4240001009574_170_00,550332996,72500 0,71420 1,
4240001009574_170_00,550332996,71540 0,72400 1,
4240001009574_170_00,550332996,70030 0,50271 0,
4240001009574_170_00,550332996,70810 1,72720 1,
4240001009574_170_00,550332996,50103 1,50260 1,
4240001009574_170_00,550332996,50102 1,50270 1,
4240001009574_170_00,550332996,71590 0,74040 0,
4240001009574_170_00,550332996,70580 0,71420 1,
4240001009574_170_00,550332996,70580 0,70970 1,
4240001009574_170_00,550332996,70580 0,70740 1,
4240001009574_170_00,550332996,71560 1,72500 1,
4240001009574_170_00,550332996,70800 0,70030 1,
4240001009574_170_00,550332996,71400 0,72500 0,
4240001009574_170_00,550332996,71600 0,72720 1,
4240001009574_170_00,550332996,71560 0,72030 1,
4240001009574_170_00,550332996,50271 0,50270 1,
4240001009574_170_00,550332996,50271 0,72280 0,
4240001009574_170_00,550332996,50271 0,50103 1,
4240001009574_170_00,550332996,70970 0,73300 1,
4240001009574_170_00,550332996,70970 0,72810 1,
4240001009574_170_00,550332996,70970 0,72720 1,
4240001009574_170_00,550332996,72810 1,70970 1,
4240001009574_170_00,550332996,70150 1,72810 1,
4240001009574_170_00,550332996,70150 1,72500 1,
4240001009574_170_00,550332996,71580 1,72800 1,
4240001009574_170_00,550332996,72800 1,70800 1,
4240001009574_170_00,550332996,71600 0,72800 1,
4240001009574_170_00,2355023358,74230 1,70010 1,
4240001009574_170_00,2355023358,74240 1,51403 1,
4240001009574_170_00,2355023358,70560 1,74230 1,
4240001009574_170_00,2355023358,74260 1,74240 1,
4240001009574_170_00,2355023358,74260 1,51403 1,
4240001009574_170_00,550332996,71970 0,70590 0,
4240001009574_170_00,550332996,49013 0,49016 0,
4240001009574_170_00,550332996,49014 0,49015 0,
4240001009574_170_00,550332996,72810 0,70800 0,
4240001009574_170_00,550332996,70150 0,71580 0,
4240001009574_170_00,550332996,72400 0,72810 0,
4240001009574_170_00,550332996,70030 0,74320 0,
4240001009574_170_00,550332996,71560 0,70810 0,
4240001009574_170_00,550332996,71560 0,72800 0,
4240001009574_170_00,550332996,73300 0,71400 0,
4240001009574_170_00,550332996,72030 0,72800 0,
4240001009574_170_00,550332996,72030 0,71560 0,
4240001009574_170_00,550332996,70150 0,72800 0,
4240001009574_170_00,550332996,70780 0,70030 0,
4240001009574_170_00,550332996,71540 0,72390 0,
4240001009574_170_00,550332996,71540 0,70740 0,
4240001009574_170_00,550332996,71560 0,70150 0,
4240001009574_170_00,550332996,70970 0,72030 0,
4240001009574_170_00,2355023358,73900 1,55220 1,
4240001009574_170_00,2355023358,51401 1,70020 1,
4240001009574_170_00,550332996,72030 0,70780 0,
4240001009574_170_00,550332996,73270 0,72720 0,
4240001009574_170_00,550332996,70810 0,72800 0,
4240001009574_170_00,550332996,70810 0,70030 0,
4240001009574_170_00,550332996,72400 0,70580 0,
4240001009574_170_00,550332996,72400 0,71400 0,
4240001009574_170_00,550332996,72500 0,70150 0,
4240001009574_170_00,550332996,74320 0,72800 0,
4240001009574_170_00,550332996,74320 0,71590 0,
4240001009574_170_00,550332996,71400 0,72030 0,
4240001009574_170_00,3594359697,74230 1,55220 1,
4240001009574_170_00,3594359697,74240 1,55220 1,
4240001009574_170_00,3594359697,70560 1,70010 1,
4240001009574_170_00,3594359697,74260 1,74240 1,
4240001009574_170_00,3594359697,74250 0,74240 0,
4240001009574_170_00,3594359697,70020 0,74230 0,
4240001009574_170_00,3594359697,70010 0,70570 0,
4240001009574_170_00,2300128744,71710 1,71720 1,
4240001009574_170_00,2300128744,71740 1,51055 6,
4240001009574_170_00,2300128744,71740 1,71690 1,
4240001009574_170_00,2300128744,71670 0,71720 1,
4240001009574_170_00,2300128744,71280 1,71060 1,
4240001009574_170_00,550332996,72390 1,70740 1,
4240001009574_170_00,550332996,73300 0,72810 0,
4240001009574_170_00,550332996,73300 0,70740 1,
4240001009574_170_00,550332996,72030 0,72810 1,
4240001009574_170_00,550332996,72030 0,70030 1,
4240001009574_170_00,550332996,72030 0,71590 0,
4240001009574_170_00,550332996,73270 0,70580 1,
4240001009574_170_00,550332996,50270 1,70810 1,
4240001009574_170_00,550332996,70740 0,71420 1,
4240001009574_170_00,550332996,70810 0,72030 1,
4240001009574_170_00,550332996,70810 0,71600 0,
4240001009574_170_00,550332996,74040 0,50270 1,
4240001009574_170_00,550332996,70150 1,72030 1,
4240001009574_170_00,550332996,74320 1,72720 1,
4240001009574_170_00,550332996,70030 1,70800 1,
4240001009574_170_00,550332996,70150 0,72810 1,
4240001009574_170_00,550332996,70150 0,72500 1,
4240001009574_170_00,550332996,70150 0,70030 0,
4240001009574_170_00,550332996,50104 1,74320 1,
4240001009574_170_00,550332996,70780 0,72500 1,
4240001009574_170_00,550332996,70780 0,50271 1,
4240001009574_170_00,550332996,72500 0,70150 1,
4240001009574_170_00,550332996,50260 1,70030 1,
4240001009574_170_00,550332996,50260 1,70800 1,
4240001009574_170_00,550332996,50260 1,70810 1,
4240001009574_170_00,550332996,50260 1,71600 0,
4240001009574_170_00,550332996,50102 1,50271 1,
4240001009574_170_00,550332996,71590 0,72720 1,
4240001009574_170_00,550332996,71590 0,70810 1,
4240001009574_170_00,550332996,71590 0,71560 1,
4240001009574_170_00,550332996,70580 0,72810 0,
4240001009574_170_00,550332996,70580 0,72500 1,
4240001009574_170_00,550332996,70580 0,71400 1,
4240001009574_170_00,550332996,72780 0,50271 0,
4240001009574_170_00,550332996,74320 0,72030 1,
4240001009574_170_00,550332996,70800 0,72720 1,
4240001009574_170_00,550332996,71400 0,72390 1,
4240001009574_170_00,2300128744,71040 0,71080 0,
4240001009574_170_00,2300128744,71080 0,71270 0,
4240001009574_170_00,2300128744,71080 0,71010 0,
4240001009574_170_00,2300128744,71080 0,71060 0,
4240001009574_170_00,2300128744,71060 0,71280 0,
4240001009574_170_00,3594359697,51401 0,73900 0,
4240001009574_170_00,2300128744,71740 1,70280 1,
4240001009574_170_00,2300128744,71270 1,71240 1,
4240001009574_170_00,2300128744,71230 1,71280 1,
4240001009574_170_00,2300128744,71280 1,71240 1,
4240001009574_170_00,2300128744,71060 1,71740 1,
4240001009574_170_00,550332996,72720 1,71400 1,
4240001009574_170_00,550332996,72400 1,49016 1,
4240001009574_170_00,550332996,71540 1,71960 1,
4240001009574_170_00,550332996,71540 1,71970 1,
4240001009574_170_00,2300128744,71710 0,71080 0,
4240001009574_170_00,2300128744,71690 0,71040 0,
4240001009574_170_00,2300128744,71430 0,51055 5,
4240001009574_170_00,3594359697,70560 1,55220 1,
4240001009574_170_00,3594359697,74250 1,74240 1,
4240001009574_170_00,3594359697,74250 1,70020 1,
4240001009574_170_00,3594359697,51403 1,70570 1,
4240001009574_170_00,3594359697,74260 1,70010 1,
4240001009574_170_00,3594359697,74260 1,55220 1,
4240001009574_170_00,3594359697,51404 1,70020 1,
4240001009574_170_00,3594359697,74230 0,70560 0,
4240001009574_170_00,835754522,71060 1,71040 1,
4240001009574_170_00,201880385,72560 1,72470 1,
4240001009574_170_00,201880385,72600 1,72570 1,
4240001009574_170_00,201880385,51940 0,72560 0,
4240001009574_170_00,201880385,73430 0,51940 0,
4240001009574_170_00,201880385,72570 0,72600 0,
4240001009574_170_00,550332996,49016 1,49013 1,
4240001009574_170_00,3594359697,55220 0,74240 0,
4240001009574_170_00,3594359697,51401 0,74230 0,
4240001009574_170_00,3594359697,51401 0,74260 0,
4240001009574_170_00,3594359697,51401 0,70560 0,
4240001009574_170_00,2300128744,71240 1,71060 1,
4240001009574_170_00,2300128744,71270 1,71280 1,
4240001009574_170_00,2300128744,71080 1,71690 1,
4240001009574_170_00,2300128744,51055 6,71710 1,
4240001009574_170_00,2300128744,71690 1,70280 1,
4240001009574_170_00,2300128744,71060 1,71710 1,
4240001009574_170_00,835754522,51055 2,71060 0,
4240001009574_170_00,835754522,71060 0,71010 0,
4240001009574_170_00,3594359697,70010 0,70020 0,
4240001009574_170_00,2300128744,71240 0,71270 0,
4240001009574_170_00,550332996,71540 0,70580 0,
4240001009574_170_00,550332996,49013 0,70610 0,
4240001009574_170_00,550332996,70610 0,72400 0,
4240001009574_170_00,550332996,49016 0,72400 0,
4240001009574_170_00,550332996,70780 0,71590 0,
4240001009574_170_00,550332996,72500 0,70800 0,
4240001009574_170_00,3594359697,74230 1,51401 1,
4240001009574_170_00,3594359697,74240 1,51403 1,
4240001009574_170_00,3594359697,74250 1,74230 1,
4240001009574_170_00,3594359697,51403 1,70020 1,
4240001009574_170_00,3594359697,51404 1,55220 1,
4240001009574_170_00,835754522,71040 0,71080 0,
4240001009574_170_00,835754522,71740 0,71080 0,
4240001009574_170_00,550332996,72390 1,70610 2,
4240001009574_170_00,550332996,70800 1,72810 1,
4240001009574_170_00,550332996,71400 1,72390 1,
4240001009574_170_00,550332996,71600 0,74320 1,
4240001009574_170_00,2355023358,55220 0,70020 0,
4240001009574_170_00,2355023358,70010 0,74240 0,
4240001009574_170_00,2355023358,70570 0,51403 0,
4240001009574_170_00,2355023358,70570 0,74260 0,
4240001009574_170_00,550332996,73300 0,71400 1,
4240001009574_170_00,550332996,72780 1,71600 0,
4240001009574_170_00,550332996,72030 0,70970 1,
4240001009574_170_00,550332996,72030 0,72720 1,
4240001009574_170_00,550332996,72030 0,71600 0,
4240001009574_170_00,550332996,74040 0,72800 1,
4240001009574_170_00,550332996,72720 0,72810 1,
4240001009574_170_00,550332996,72280 0,50104 1,
4240001009574_170_00,550332996,72280 0,70810 1,
4240001009574_170_00,550332996,72280 0,50260 1,
4240001009574_170_00,550332996,72280 0,50102 1,
4240001009574_170_00,550332996,72280 0,71600 0,
4240001009574_170_00,550332996,70610 1,72400 1,
4240001009574_170_00,550332996,72810 0,72500 0,
4240001009574_170_00,550332996,72810 0,71400 1,
4240001009574_170_00,550332996,72500 1,70970 1,
4240001009574_170_00,550332996,70780 0,72780 0,
4240001009574_170_00,550332996,71540 0,71400 1,
4240001009574_170_00,550332996,70030 0,71560 1,
4240001009574_170_00,550332996,70030 0,72800 1,
4240001009574_170_00,550332996,72720 1,73270 1,
4240001009574_170_00,550332996,50260 1,50271 1,
4240001009574_170_00,550332996,50103 1,50270 1,
4240001009574_170_00,550332996,50103 1,50104 1,
4240001009574_170_00,550332996,50102 1,50103 1,
4240001009574_170_00,550332996,71590 0,50271 1,
4240001009574_170_00,550332996,70580 0,73270 1,
4240001009574_170_00,550332996,70580 0,71540 1,
4240001009574_170_00,550332996,71400 1,70610 999,
4240001009574_170_00,550332996,71420 0,73300 1,
4240001009574_170_00,550332996,71420 0,71400 1,
4240001009574_170_00,550332996,74320 0,72720 1,
4240001009574_170_00,550332996,74320 0,70810 1,
4240001009574_170_00,550332996,74320 0,71600 0,
4240001009574_170_00,550332996,70800 0,72280 0,
4240001009574_170_00,550332996,70800 0,71600 0,
4240001009574_170_00,550332996,71400 0,72720 1,
4240001009574_170_00,550332996,71600 0,70810 1,
4240001009574_170_00,550332996,50271 0,74040 0,
4240001009574_170_00,550332996,50271 0,72800 1,
4240001009574_170_00,550332996,50271 1,70810 1,
4240001009574_170_00,550332996,73300 1,71540 1,
4240001009574_170_00,550332996,70970 1,73300 1,
4240001009574_170_00,550332996,70030 1,70150 1,
4240001009574_170_00,550332996,70580 1,70610 2,
4240001009574_170_00,2355023358,70570 1,51401 1,
4240001009574_170_00,2355023358,70560 1,70570 1,
4240001009574_170_00,2355023358,74250 1,70570 1,
4240001009574_170_00,2355023358,51403 1,51404 1,
4240001009574_170_00,2355023358,51404 1,74230 1,
4240001009574_170_00,550332996,49013 0,70590 0,
4240001009574_170_00,550332996,71960 0,70590 0,
4240001009574_170_00,835754522,71060 1,51055 7,
4240001009574_170_00,550332996,72030 0,70150 0,
4240001009574_170_00,550332996,70740 0,71420 0,
4240001009574_170_00,550332996,70610 1,73300 0,
4240001009574_170_00,550332996,72810 0,70810 0,
4240001009574_170_00,550332996,70740 0,72400 0,
4240001009574_170_00,550332996,72810 0,70150 0,
4240001009574_170_00,550332996,70030 0,71580 0,
4240001009574_170_00,550332996,72390 0,72500 0,
4240001009574_170_00,550332996,70610 1,71540 0,
4240001009574_170_00,550332996,72810 0,72030 0,
4240001009574_170_00,550332996,72500 0,71560 0,
4240001009574_170_00,550332996,71540 0,71400 0,
4240001009574_170_00,550332996,70970 0,72720 0,
4240001009574_170_00,3594359697,74250 1,74260 1,
4240001009574_170_00,3594359697,51403 1,51401 1,
4240001009574_170_00,3594359697,74260 1,51401 1,
4240001009574_170_00,3594359697,51404 1,70570 1,
4240001009574_170_00,3594359697,70020 0,51401 0,
4240001009574_170_00,2300128744,71230 1,71270 1,
4240001009574_170_00,2300128744,71080 1,71650 1,
4240001009574_170_00,550332996,73300 1,72390 1,
4240001009574_170_00,550332996,73300 1,70610 999,
4240001009574_170_00,550332996,72030 1,70970 1,
4240001009574_170_00,550332996,72030 0,72500 1,
4240001009574_170_00,550332996,73270 0,72030 0,
4240001009574_170_00,550332996,73270 0,72720 1,
4240001009574_170_00,550332996,70740 0,72390 1,
4240001009574_170_00,550332996,70740 0,70610 999,
4240001009574_170_00,550332996,72720 0,72030 0,
4240001009574_170_00,550332996,72720 0,70800 1,
4240001009574_170_00,550332996,72280 0,50270 1,
4240001009574_170_00,550332996,70610 1,72390 1,
4240001009574_170_00,550332996,72810 0,71560 1,
4240001009574_170_00,550332996,70030 1,70810 1,
4240001009574_170_00,550332996,70150 0,71600 0,
4240001009574_170_00,550332996,72400 0,72500 1,
4240001009574_170_00,550332996,70780 0,72030 1,
4240001009574_170_00,550332996,70030 0,74040 0,
4240001009574_170_00,550332996,71590 0,50103 1,
4240001009574_170_00,550332996,70580 0,73300 1,
4240001009574_170_00,550332996,71400 1,70740 1,
4240001009574_170_00,550332996,72780 0,70030 1,
4240001009574_170_00,550332996,72780 0,70800 1,
4240001009574_170_00,550332996,72780 0,50260 1,
4240001009574_170_00,550332996,72780 0,71600 0,
4240001009574_170_00,550332996,71420 0,70740 1,
4240001009574_170_00,550332996,71420 0,70610 999,
4240001009574_170_00,550332996,72800 1,71560 1,
4240001009574_170_00,550332996,74320 0,70030 1,
4240001009574_170_00,550332996,70800 0,72030 1,
4240001009574_170_00,550332996,70800 0,72780 0,
4240001009574_170_00,550332996,71400 0,70970 1,
4240001009574_170_00,550332996,71400 0,72720 0,
4240001009574_170_00,550332996,71400 0,70580 1,
4240001009574_170_00,550332996,71600 0,70030 1,
4240001009574_170_00,550332996,71560 0,70150 1,
4240001009574_170_00,550332996,70970 0,71400 1,
4240001009574_170_00,2300128744,71040 0,71240 0,
4240001009574_170_00,2300128744,71740 0,71080 0,
4240001009574_170_00,2300128744,71080 0,71240 0,
4240001009574_170_00,2300128744,71430 0,71040 0,
4240001009574_170_00,2300128744,71430 0,71080 0,
4240001009574_170_00,2300128744,71720 0,71080 0,
4240001009574_170_00,2300128744,71430 1,71710 1,
4240001009574_170_00,2300128744,71280 1,71080 1,
4240001009574_170_00,550332996,73300 1,70600 0,
4240001009574_170_00,550332996,72810 1,71420 1,
4240001009574_170_00,550332996,72500 1,71400 1,
4240001009574_170_00,550332996,70810 1,72810 1,
4240001009574_170_00,550332996,70590 1,49015 1,
4240001009574_170_00,550332996,71400 1,72400 1,
4240001009574_170_00,550332996,71400 1,70600 0,
4240001009574_170_00,550332996,72800 1,70150 1,
4240001009574_170_00,2300128744,71010 0,71240 0,
4240001009574_170_00,2300128744,70280 0,71740 0,
4240001009574_170_00,2300128744,71430 0,71740 0,
4240001009574_170_00,2300128744,71720 0,51055 5,
4240001009574_170_00,3594359697,74230 1,70010 1,
4240001009574_170_00,3594359697,51403 1,70560 1,
4240001009574_170_00,3594359697,51403 1,51404 1,
4240001009574_170_00,3594359697,74260 1,51404 1,
4240001009574_170_00,3594359697,55220 0,74260 0,
4240001009574_170_00,3594359697,55220 0,70560 0,
4240001009574_170_00,3594359697,51403 0,51404 0,
4240001009574_170_00,3594359697,70560 0,74240 0,
4240001009574_170_00,3594359697,70560 0,51404 0,
4240001009574_170_00,835754522,71740 1,51055 7,
4240001009574_170_00,835754522,71010 1,71080 1,
4240001009574_170_00,835754522,71080 1,51055 7,
4240001009574_170_00,2355023358,70020 0,51401 0,
4240001009574_170_00,201880385,51940 1,72470 1,
4240001009574_170_00,201880385,51940 1,73450 1,
4240001009574_170_00,201880385,72040 1,73430 1,
4240001009574_170_00,201880385,72560 1,72040 1,
4240001009574_170_00,201880385,72470 0,72040 0,
4240001009574_170_00,3594359697,73900 1,55220 1,
4240001009574_170_00,550332996,71960 1,49015 1,
4240001009574_170_00,550332996,70600 0,71960 1,
4240001009574_170_00,3594359697,74230 0,51404 0,
4240001009574_170_00,3594359697,74250 0,51404 0,
4240001009574_170_00,3594359697,70020 0,74240 0,
4240001009574_170_00,2300128744,71040 1,71430 1,
4240001009574_170_00,2300128744,71270 1,71040 1,
4240001009574_170_00,835754522,71060 0,71240 0,
4240001009574_170_00,2300128744,71040 0,71230 0,
4240001009574_170_00,2300128744,51055 1,71740 0,
4240001009574_170_00,2300128744,71240 0,71280 0,
4240001009574_170_00,550332996,73300 0,70370 0,
4240001009574_170_00,550332996,71970 0,70740 0,
4240001009574_170_00,550332996,49016 0,71970 0,
4240001009574_170_00,550332996,70590 0,71540 0,
4240001009574_170_00,550332996,49014 0,71970 0,
4240001009574_170_00,3594359697,51403 1,55220 1,
4240001009574_170_00,835754522,51055 2,71040 0,
4240001009574_170_00,550332996,72810 1,71400 1,
4240001009574_170_00,550332996,70150 1,71560 1,
4240001009574_170_00,2355023358,70560 0,74260 0,
4240001009574_170_00,2355023358,70020 0,74260 0,
4240001009574_170_00,2355023358,70010 0,51403 0,
4240001009574_170_00,2355023358,51401 0,51403 0,
4240001009574_170_00,2355023358,70570 0,74230 0,
4240001009574_170_00,2355023358,70570 0,74240 0,
4240001009574_170_00,550332996,73300 0,70610 999,
4240001009574_170_00,550332996,73270 0,73300 1,
4240001009574_170_00,550332996,73270 0,72400 1,
4240001009574_170_00,550332996,70740 0,72400 1,
4240001009574_170_00,550332996,70810 0,74320 1,
4240001009574_170_00,550332996,70810 0,72500 1,
4240001009574_170_00,550332996,72720 0,71600 0,
4240001009574_170_00,550332996,72280 0,74320 1,
4240001009574_170_00,550332996,72400 0,72390 1,
4240001009574_170_00,550332996,70780 0,72720 1,
4240001009574_170_00,550332996,71540 0,71420 1,
4240001009574_170_00,550332996,71540 0,70740 1,
4240001009574_170_00,550332996,70030 0,70800 1,
4240001009574_170_00,550332996,71590 0,72780 1,
4240001009574_170_00,550332996,71590 0,70150 1,
4240001009574_170_00,550332996,72780 0,50270 1,
4240001009574_170_00,550332996,72780 0,50271 1,
4240001009574_170_00,550332996,74320 0,72780 0,
4240001009574_170_00,550332996,74320 0,50271 1,
4240001009574_170_00,550332996,70800 0,70150 1,
4240001009574_170_00,550332996,71400 0,73270 1,
4240001009574_170_00,550332996,70970 0,71420 1,
4240001009574_170_00,550332996,70970 0,72500 1,
4240001009574_170_00,550332996,71420 1,71540 1,
4240001009574_170_00,550332996,71580 1,72030 1,
4240001009574_170_00,550332996,71580 1,70030 1,
4240001009574_170_00,550332996,72400 1,71420 1,
4240001009574_170_00,2355023358,74240 1,70570 1,
4240001009574_170_00,2355023358,70560 1,51401 1,
4240001009574_170_00,2355023358,74250 1,70560 1,
4240001009574_170_00,2355023358,74250 1,74260 1,
4240001009574_170_00,2355023358,74260 1,70570 1,
4240001009574_170_00,2355023358,51401 1,70010 1,
4240001009574_170_00,2355023358,51404 1,70010 1,
4240001009574_170_00,835754522,71240 1,71040 1,
4240001009574_170_00,835754522,71010 1,71060 1,
4240001009574_170_00,835754522,71290 1,71040 1,
4240001009574_170_00,835754522,71060 1,71080 1,
4240001009574_170_00,550332996,70810 0,71580 0,
4240001009574_170_00,550332996,70780 0,72800 0,
4240001009574_170_00,550332996,73300 0,70970 0,
4240001009574_170_00,550332996,73270 0,72500 0,
4240001009574_170_00,550332996,72500 0,72030 0,
4240001009574_170_00,550332996,72810 0,70780 0,
4240001009574_170_00,550332996,70150 0,71590 0,
4240001009574_170_00,3594359697,74250 1,70010 1,
4240001009574_170_00,3594359697,74250 1,51404 1,
4240001009574_170_00,3594359697,74230 0,51403 0,
4240001009574_170_00,3594359697,74240 0,51403 0,
4240001009574_170_00,3594359697,70020 0,70560 0,
4240001009574_170_00,3594359697,70010 0,51404 0,
4240001009574_170_00,3594359697,70010 0,74260 0,
4240001009574_170_00,3594359697,70570 0,74240 0,
4240001009574_170_00,2300128744,71270 1,71060 1,
4240001009574_170_00,2300128744,71060 1,71690 1,
4240001009574_170_00,3594359697,70020 1,55220 1,
4240001009574_170_00,550332996,72780 1,70800 1,
4240001009574_170_00,550332996,72030 1,73300 1,
4240001009574_170_00,550332996,72030 1,72720 1,
4240001009574_170_00,550332996,50270 1,50271 1,
4240001009574_170_00,550332996,70810 0,72780 1,
4240001009574_170_00,550332996,70810 0,72280 0,
4240001009574_170_00,550332996,70810 0,72800 1,
4240001009574_170_00,550332996,72800 0,70150 1,
4240001009574_170_00,550332996,72800 0,72780 0,
4240001009574_170_00,550332996,72720 0,73270 1,
4240001009574_170_00,550332996,72280 0,72780 1,
4240001009574_170_00,550332996,70610 1,70740 1,
4240001009574_170_00,550332996,72810 0,70800 1,
4240001009574_170_00,550332996,72500 1,72810 1,
4240001009574_170_00,550332996,70150 0,70030 1,
4240001009574_170_00,550332996,70150 0,72720 1,
4240001009574_170_00,550332996,72400 0,71540 1,
4240001009574_170_00,550332996,70780 0,50271 0,
4240001009574_170_00,550332996,72500 0,72720 1,
4240001009574_170_00,550332996,70030 0,50270 1,
4240001009574_170_00,550332996,70030 0,74320 1,
4240001009574_170_00,550332996,70030 0,50271 1,
4240001009574_170_00,550332996,50260 1,72780 1,
4240001009574_170_00,550332996,50103 1,72780 1,
4240001009574_170_00,550332996,71590 0,50270 1,
4240001009574_170_00,550332996,71590 0,74320 1,
4240001009574_170_00,550332996,70580 0,70610 999,
4240001009574_170_00,550332996,72780 0,72280 0,
4240001009574_170_00,550332996,71420 0,71400 0,
4240001009574_170_00,550332996,74320 0,72780 1,
4240001009574_170_00,550332996,71560 0,74320 1,
4240001009574_170_00,550332996,70970 0,70580 1,
4240001009574_170_00,550332996,71540 1,70610 999,
4240001009574_170_00,2300128744,70280 0,71690 0,
4240001009574_170_00,2300128744,71740 1,71430 1,
4240001009574_170_00,2300128744,71040 1,71690 1,
4240001009574_170_00,2300128744,71060 1,71720 1,
4240001009574_170_00,2300128744,71060 1,71040 1,
4240001009574_170_00,550332996,72500 1,71420 1,
4240001009574_170_00,550332996,71970 1,49015 1,
4240001009574_170_00,550332996,70590 1,49013 1,
4240001009574_170_00,550332996,70740 1,70590 1,
4240001009574_170_00,550332996,70600 0,71970 1,
4240001009574_170_00,550332996,70600 0,70590 1,
4240001009574_170_00,2300128744,71710 0,71040 0,
4240001009574_170_00,2300128744,71040 0,71010 0,
4240001009574_170_00,3594359697,74230 0,74250 0,
4240001009574_170_00,3594359697,74250 0,74260 0,
4240001009574_170_00,3594359697,70560 0,74250 0,
4240001009574_170_00,3594359697,70570 0,74250 0,
4240001009574_170_00,835754522,71040 1,71740 1,
4240001009574_170_00,835754522,71290 1,71060 1,
4240001009574_170_00,201880385,72600 1,72470 1,
4240001009574_170_00,201880385,72570 1,73450 1,
4240001009574_170_00,201880385,73450 0,72040 0,
4240001009574_170_00,201880385,51940 0,72570 0,
4240001009574_170_00,550332996,49016 1,49014 1,
4240001009574_170_00,550332996,49016 1,49015 1,
4240001009574_170_00,3594359697,74250 0,51403 0,
4240001009574_170_00,3594359697,70560 0,51403 0,
4240001009574_170_00,2300128744,71430 1,71690 1,
4240001009574_170_00,2300128744,71740 1,71720 1,
4240001009574_170_00,835754522,71080 0,71290 0,
4240001009574_170_00,835754522,71240 0,71290 0,
4240001009574_170_00,2300128744,71710 0,71060 0,
4240001009574_170_00,2300128744,71080 0,71230 0,
4240001009574_170_00,550332996,72390 0,70370 0,
4240001009574_170_00,550332996,71420 0,70970 0,
4240001009574_170_00,550332996,71970 0,71540 0,
4240001009574_170_00,550332996,70590 0,72400 0,
4240001009574_170_00,550332996,70590 0,71400 0,
4240001009574_170_00,550332996,70780 0,74320 0,
4240001009574_170_00,550332996,70800 0,71590 0,
4240001009574_170_00,3594359697,74250 1,51403 1,
4240001009574_170_00,3594359697,74260 1,70560 1,
4240001009574_170_00,835754522,71010 0,71290 0,
4240001009574_170_00,835754522,71080 0,71060 0,
4240001009574_170_00,835754522,71080 0,71240 0,
4240001009574_170_00,550332996,72720 1,72810 1,
4240001009574_170_00,550332996,71560 1,72030 1,
4240001009574_170_00,2355023358,74240 0,51403 0,
4240001009574_170_00,2355023358,70020 0,51403 0,
4240001009574_170_00,550332996,72390 0,70610 999,
4240001009574_170_00,550332996,73270 1,72390 1,
4240001009574_170_00,550332996,73270 1,70580 1,
4240001009574_170_00,550332996,50270 1,72800 1,
4240001009574_170_00,550332996,72800 0,72780 1,
4240001009574_170_00,550332996,74040 0,50102 1,
4240001009574_170_00,550332996,74320 1,71560 1,
4240001009574_170_00,550332996,70150 0,70800 1,
4240001009574_170_00,550332996,70150 0,70810 1,
4240001009574_170_00,550332996,72400 0,70580 1,
4240001009574_170_00,550332996,70780 0,72280 0,
4240001009574_170_00,550332996,72500 0,70580 1,
4240001009574_170_00,550332996,71540 0,70610 999,
4240001009574_170_00,550332996,70030 0,70150 1,
4240001009574_170_00,550332996,70810 1,72500 1,
4240001009574_170_00,550332996,71590 0,72030 1,
4240001009574_170_00,550332996,72400 1,71540 1,
4240001009574_170_00,550332996,72780 0,50104 1,
4240001009574_170_00,550332996,72780 0,70810 1,
4240001009574_170_00,550332996,70800 0,50271 1,
4240001009574_170_00,550332996,71400 0,72030 1,
4240001009574_170_00,550332996,71400 0,72500 1,
4240001009574_170_00,550332996,71560 0,72800 1,
4240001009574_170_00,550332996,50271 0,74320 1,
4240001009574_170_00,550332996,50271 1,70800 1,
4240001009574_170_00,550332996,71560 1,72720 1,
4240001009574_170_00,550332996,72400 1,70610 2,
4240001009574_170_00,2355023358,74240 1,70010 1,
4240001009574_170_00,2355023358,74240 1,51404 1,
4240001009574_170_00,2355023358,70010 1,55220 1,
4240001009574_170_00,2355023358,70570 1,70010 1,
4240001009574_170_00,2355023358,51401 1,55220 1,
4240001009574_170_00,550332996,49014 0,70610 2,
4240001009574_170_00,550332996,72720 0,71580 0,
4240001009574_170_00,2355023358,73900 1,70010 1,
4240001009574_170_00,550332996,72390 0,71400 0,
4240001009574_170_00,550332996,72800 0,71590 0,
4240001009574_170_00,550332996,71400 0,72810 0,
4240001009574_170_00,3594359697,55220 0,51404 0,
4240001009574_170_00,3594359697,70020 0,74250 0,
4240001009574_170_00,3594359697,70570 0,70560 0,
4240001009574_170_00,2300128744,71010 1,71040 1,
4240001009574_170_00,2300128744,71060 1,71080 1,
4240001009574_170_00,550332996,72030 0,70800 1,
4240001009574_170_00,550332996,72030 0,70810 1,
4240001009574_170_00,550332996,70810 0,70150 1,
4240001009574_170_00,550332996,70810 0,71560 1,
4240001009574_170_00,550332996,72800 0,72280 0,
4240001009574_170_00,550332996,72800 0,71560 1,
4240001009574_170_00,550332996,74040 0,74320 1,
4240001009574_170_00,550332996,74040 0,50104 1,
4240001009574_170_00,550332996,72280 0,70800 1,
4240001009574_170_00,550332996,70030 1,72030 1,
4240001009574_170_00,550332996,70780 0,74040 0,
4240001009574_170_00,550332996,72500 0,72390 1,
4240001009574_170_00,550332996,72500 0,72030 1,
4240001009574_170_00,550332996,72500 0,71560 1,
4240001009574_170_00,550332996,72500 0,72400 1,
4240001009574_170_00,550332996,70740 1,70610 999,
4240001009574_170_00,550332996,71420 0,72390 0,
4240001009574_170_00,550332996,70800 0,72780 1,
4240001009574_170_00,550332996,71400 0,71420 1,
4240001009574_170_00,550332996,50271 1,72780 1,
4240001009574_170_00,2300128744,51055 1,71080 0,
4240001009574_170_00,2300128744,71060 0,71270 0,
4240001009574_170_00,2300128744,71230 1,71010 1,
4240001009574_170_00,2300128744,71080 1,71710 1,
4240001009574_170_00,2300128744,71690 1,71710 1,
4240001009574_170_00,2300128744,71060 1,71430 1,
4240001009574_170_00,550332996,72810 1,73270 1,
4240001009574_170_00,550332996,72400 1,71960 1,
4240001009574_170_00,550332996,70600 0,49016 1,
4240001009574_170_00,2300128744,51055 5,71740 0,
4240001009574_170_00,2300128744,71710 0,51055 5,
4240001009574_170_00,2300128744,70280 0,71720 0,
4240001009574_170_00,2300128744,71690 0,51055 5,
4240001009574_170_00,2300128744,71690 0,71740 0,
4240001009574_170_00,3594359697,74240 1,51401 1,
4240001009574_170_00,3594359697,74250 1,51401 1,
4240001009574_170_00,3594359697,51403 1,70010 1,
4240001009574_170_00,2355023358,55220 0,73900 0,
4240001009574_170_00,2355023358,70020 0,73900 0,
4240001009574_170_00,201880385,72560 1,73450 1,
4240001009574_170_00,201880385,72560 1,72570 1,
4240001009574_170_00,201880385,72470 1,73450 1,
4240001009574_170_00,201880385,73430 1,73450 1,
4240001009574_170_00,2300128744,71260 0,71230 0,
4240001009574_170_00,201880385,73450 0,51940 0,
4240001009574_170_00,201880385,73450 0,72470 0,
4240001009574_170_00,201880385,51940 0,72040 0,
4240001009574_170_00,201880385,72470 0,72600 0,
4240001009574_170_00,550332996,71960 1,49013 1,
4240001009574_170_00,550332996,71970 1,49013 1,
4240001009574_170_00,2300128744,71280 1,71010 1,
4240001009574_170_00,2300128744,71710 0,71690 0,
4240001009574_170_00,2300128744,71080 0,71280 0,
4240001009574_170_00,2300128744,70280 0,71710 0,
4240001009574_170_00,2300128744,71690 0,71080 0,
4240001009574_170_00,2300128744,71690 0,71060 0,
4240001009574_170_00,2300128744,71720 0,71060 0,
4240001009574_170_00,550332996,71970 0,70610 0,
4240001009574_170_00,550332996,49015 0,49016 0,
4240001009574_170_00,550332996,49015 0,70590 0,
4240001009574_170_00,550332996,70610 0,71540 0,
4240001009574_170_00,550332996,71960 0,72400 0,
4240001009574_170_00,3594359697,70560 1,70020 1,
4240001009574_170_00,550332996,73300 1,70610 2,
4240001009574_170_00,550332996,73300 1,72400 1,
4240001009574_170_00,550332996,73270 1,70970 1,
4240001009574_170_00,2355023358,55220 0,51403 0,
4240001009574_170_00,2355023358,70020 0,70560 0,
4240001009574_170_00,2355023358,70570 0,74250 0,
4240001009574_170_00,550332996,72390 0,73300 1,
4240001009574_170_00,550332996,50270 1,74320 1,
4240001009574_170_00,550332996,70810 0,50271 1,
4240001009574_170_00,550332996,72800 0,50271 1,
4240001009574_170_00,550332996,72720 0,73300 1,
4240001009574_170_00,550332996,72280 0,50271 1,
4240001009574_170_00,550332996,70610 1,71420 1,
4240001009574_170_00,550332996,70610 1,71400 1,
4240001009574_170_00,550332996,70800 1,70150 1,
4240001009574_170_00,550332996,70780 0,71560 1,
4240001009574_170_00,550332996,72500 0,73300 1,
4240001009574_170_00,550332996,72500 0,73270 1,
4240001009574_170_00,550332996,70030 0,72780 1,
4240001009574_170_00,550332996,50260 1,72800 1,
4240001009574_170_00,550332996,71590 0,72780 0,
4240001009574_170_00,550332996,71420 0,72390 1,
4240001009574_170_00,550332996,74320 0,50270 1,
4240001009574_170_00,550332996,74320 0,72280 0,
4240001009574_170_00,550332996,74320 0,50260 1,
4240001009574_170_00,550332996,70800 0,72800 1,
4240001009574_170_00,550332996,71400 0,72810 1,
4240001009574_170_00,550332996,71400 0,70610 999,
4240001009574_170_00,550332996,50271 0,50104 1,
4240001009574_170_00,550332996,50271 0,50102 1,
4240001009574_170_00,550332996,71420 1,70610 2,
4240001009574_170_00,550332996,71580 1,72720 1,
4240001009574_170_00,550332996,71580 1,70810 1,
4240001009574_170_00,550332996,70580 1,72400 1,
4240001009574_170_00,550332996,71540 1,70610 2,
4240001009574_170_00,2355023358,70570 1,70020 1,
4240001009574_170_00,2355023358,70570 1,55220 1,
4240001009574_170_00,2355023358,70560 1,70010 1,
4240001009574_170_00,2355023358,74250 1,70010 1,
4240001009574_170_00,2355023358,51403 1,70570 1,
4240001009574_170_00,2355023358,51404 1,70560 1,
4240001009574_170_00,2355023358,51404 1,55220 1,
4240001009574_170_00,550332996,49013 0,71970 0,
4240001009574_170_00,835754522,71060 1,71740 1,
4240001009574_170_00,550332996,72800 0,71580 0,
4240001009574_170_00,550332996,70150 0,70800 0,
4240001009574_170_00,550332996,74320 0,71580 0,
4240001009574_170_00,550332996,71560 0,71580 0,
4240001009574_170_00,550332996,72720 0,71590 0,
4240001009574_170_00,3594359697,51404 1,70010 1,
4240001009574_170_00,3594359697,74260 0,51404 0,
4240001009574_170_00,3594359697,70560 0,74260 0,
4240001009574_170_00,3594359697,70010 0,70560 0,
4240001009574_170_00,2300128744,71650 1,71690 1,
4240001009574_170_00,2300128744,71270 1,71080 1,
4240001009574_170_00,2300128744,71670 0,71690 1,
4240001009574_170_00,2300128744,71080 1,71670 0,
4240001009574_170_00,2300128744,51055 6,70280 1,
4240001009574_170_00,2300128744,71060 1,71650 1,
4240001009574_170_00,550332996,73300 0,72810 1,
4240001009574_170_00,550332996,72390 0,72400 1,
4240001009574_170_00,550332996,73270 0,72390 1,
4240001009574_170_00,550332996,50270 1,72780 1,
4240001009574_170_00,550332996,70810 0,72780 0,
4240001009574_170_00,550332996,72720 0,72030 1,
4240001009574_170_00,550332996,72720 0,70810 1,
4240001009574_170_00,550332996,70800 1,72500 1,
4240001009574_170_00,550332996,50102 1,50104 1,
4240001009574_170_00,550332996,70580 0,72400 1,
4240001009574_170_00,550332996,72780 0,74320 1,
4240001009574_170_00,550332996,71420 0,70970 1,
4240001009574_170_00,550332996,71420 0,71540 1,
4240001009574_170_00,550332996,74320 0,70800 1,
4240001009574_170_00,2300128744,71270 0,71230 0,
4240001009574_170_00,2300128744,71060 0,71230 0,
4240001009574_170_00,2300128744,71240 0,71230 0,
4240001009574_170_00,2300128744,71080 1,71040 1,
4240001009574_170_00,550332996,72390 1,70600 0,
4240001009574_170_00,550332996,74320 1,70150 1,
4240001009574_170_00,550332996,70740 1,49016 1,
4240001009574_170_00,550332996,71400 1,70590 1,
4240001009574_170_00,550332996,70580 1,70590 1,
4240001009574_170_00,550332996,71540 1,70600 0,
4240001009574_170_00,2300128744,71740 0,71040 0,
4240001009574_170_00,2300128744,70280 0,51055 5,
4240001009574_170_00,2300128744,71280 0,71230 0,
4240001009574_170_00,3594359697,51403 1,74230 1,
4240001009574_170_00,3594359697,74260 1,74230 1,
4240001009574_170_00,835754522,71240 1,71060 1,
4240001009574_170_00,201880385,72040 1,72470 1,
4240001009574_170_00,201880385,72040 1,73450 1,
4240001009574_170_00,201880385,72560 1,51940 1,
4240001009574_170_00,2300128744,71260 0,71280 0,
4240001009574_170_00,201880385,73450 0,72560 0,
4240001009574_170_00,201880385,73430 0,72470 0,
4240001009574_170_00,201880385,73430 0,72040 0,
4240001009574_170_00,201880385,72470 0,51940 0,
4240001009574_170_00,3594359697,73900 1,51401 1,
4240001009574_170_00,2300128744,71040 1,71720 1,
4240001009574_170_00,2300128744,51055 6,71720 1,
4240001009574_170_00,2300128744,51055 6,71430 1,
4240001009574_170_00,835754522,51055 2,71080 0,
4240001009574_170_00,835754522,71010 0,71240 0,
4240001009574_170_00,835754522,71080 0,71010 0,
4240001009574_170_00,3594359697,70010 0,73900 0,
4240001009574_170_00,2300128744,51055 1,71040 0,
4240001009574_170_00,2300128744,71690 0,51055 1,
4240001009574_170_00,2300128744,71430 0,71060 0,
4240001009574_170_00,550332996,70580 0,70370 0,
4240001009574_170_00,550332996,70970 0,70370 0,
4240001009574_170_00,550332996,70590 0,73300 0,
4240001009574_170_00,3594359697,74230 1,70570 1,
4240001009574_170_00,2355023358,74230 0,51404 0,
4240001009574_170_00,2355023358,55220 0,74230 0,
4240001009574_170_00,2355023358,55220 0,70570 0,
4240001009574_170_00,2355023358,74260 0,51403 0,
4240001009574_170_00,2355023358,70560 0,51403 0,
4240001009574_170_00,2355023358,70560 0,51404 0,
4240001009574_170_00,2355023358,70010 0,74250 0,
4240001009574_170_00,2355023358,51401 0,74260 0,
4240001009574_170_00,2355023358,51401 0,70560 0,
4240001009574_170_00,2355023358,51401 0,70570 0,
4240001009574_170_00,2355023358,70570 0,51404 0,
4240001009574_170_00,550332996,73300 0,71420 1,
4240001009574_170_00,550332996,73300 0,72500 1,
4240001009574_170_00,550332996,73300 0,72720 1,
4240001009574_170_00,550332996,72390 0,73270 1,
4240001009574_170_00,550332996,73300 1,71420 1,
4240001009574_170_00,550332996,72030 0,73300 1,
4240001009574_170_00,550332996,50270 1,71600 0,
4240001009574_170_00,550332996,70810 0,50270 1,
4240001009574_170_00,550332996,74040 0,72780 1,
4240001009574_170_00,550332996,74040 0,70030 1,
4240001009574_170_00,550332996,74040 0,50271 1,
4240001009574_170_00,550332996,72720 0,71560 1,
4240001009574_170_00,550332996,74320 1,70810 1,
4240001009574_170_00,550332996,72810 0,72390 1,
4240001009574_170_00,550332996,72810 0,73270 1,
4240001009574_170_00,550332996,72810 0,70810 1,
4240001009574_170_00,550332996,70030 1,71560 1,
4240001009574_170_00,550332996,50104 1,50260 1,
4240001009574_170_00,550332996,70780 0,70800 1,
4240001009574_170_00,550332996,70030 0,72720 1,
4240001009574_170_00,550332996,70030 0,71600 0,
4240001009574_170_00,550332996,72720 1,73300 1,
4240001009574_170_00,550332996,50103 1,50271 1,
4240001009574_170_00,550332996,71590 0,50104 1,
4240001009574_170_00,550332996,71590 0,50102 1,
4240001009574_170_00,550332996,71420 0,72500 1,
4240001009574_170_00,550332996,74320 0,70150 1,
4240001009574_170_00,550332996,74320 0,72800 1,
4240001009574_170_00,550332996,70800 0,74040 0,
4240001009574_170_00,550332996,71560 0,70810 1,
4240001009574_170_00,550332996,72720 1,72500 1,
4240001009574_170_00,3594359697,73900 1,70010 1,
4240001009574_170_00,2355023358,74230 1,51401 1,
4240001009574_170_00,2355023358,51403 1,70020 1,
4240001009574_170_00,2355023358,74260 1,70020 1,
4240001009574_170_00,2355023358,74260 1,70010 1,
4240001009574_170_00,2355023358,74260 1,55220 1,
4240001009574_170_00,2355023358,74260 1,51401 1,
4240001009574_170_00,550332996,49014 0,49016 0,
4240001009574_170_00,550332996,49014 0,70590 0,
4240001009574_170_00,835754522,71080 1,71740 1,
4240001009574_170_00,550332996,72030 0,71580 0,
4240001009574_170_00,550332996,70800 0,71580 0,
4240001009574_170_00,3594359697,70560 1,70570 1,
4240001009574_170_00,2300128744,71650 1,71710 1,
4240001009574_170_00,2300128744,51055 6,71650 1,
4240001009574_170_00,2300128744,71060 1,51055 6,
4240001009574_170_00,550332996,73300 0,72390 1,
4240001009574_170_00,550332996,73300 0,70580 1,
4240001009574_170_00,550332996,72390 0,72810 1,
4240001009574_170_00,550332996,72780 1,74320 1,
4240001009574_170_00,550332996,72030 0,72800 1,
4240001009574_170_00,550332996,73270 0,71400 1,
4240001009574_170_00,550332996,72800 0,50104 1,
4240001009574_170_00,550332996,72810 0,70970 1,
4240001009574_170_00,550332996,72810 0,70580 1,
4240001009574_170_00,550332996,72400 0,71400 1,
4240001009574_170_00,550332996,70780 0,50270 1,
4240001009574_170_00,550332996,72500 0,72810 1,
4240001009574_170_00,550332996,72500 0,71400 1,
4240001009574_170_00,550332996,70810 1,70150 1,
4240001009574_170_00,550332996,50102 1,50260 1,
4240001009574_170_00,550332996,50102 1,71600 0,
4240001009574_170_00,550332996,70800 0,74320 1,
4240001009574_170_00,550332996,71560 0,70800 1,
4240001009574_170_00,550332996,50271 0,70800 1,
4240001009574_170_00,550332996,50271 0,70810 1,
4240001009574_170_00,550332996,50271 0,71600 0,
4240001009574_170_00,2300128744,71240 1,71040 1,
4240001009574_170_00,2300128744,71230 1,71040 1,
4240001009574_170_00,550332996,71420 1,71970 1,
4240001009574_170_00,550332996,71420 1,49016 1,
4240001009574_170_00,550332996,70740 1,71960 1,
4240001009574_170_00,2300128744,51055 5,71080 0,
4240001009574_170_00,835754522,71010 1,71040 1,
4240001009574_170_00,201880385,72600 1,51940 1,
4240001009574_170_00,201880385,72570 1,72040 1,
4240001009574_170_00,201880385,73430 0,72570 0,
4240001009574_170_00,201880385,72040 0,72600 0,
4240001009574_170_00,550332996,71970 1,49016 1,
4240001009574_170_00,2300128744,71430 1,70280 1,
4240001009574_170_00,835754522,71740 0,71040 0,
4240001009574_170_00,550332996,72400 0,70370 0,
4240001009574_170_00,550332996,71960 0,70610 0,
4240001009574_170_00,550332996,70810 0,71590 0,
4240001009574_170_00,550332996,49016 0,71960 0,
4240001009574_170_00,550332996,70590 0,72390 0,
4240001009574_170_00,550332996,70590 0,70740 0,
4240001009574_170_00,550332996,49014 0,71960 0,
4240001009574_170_00,835754522,71040 0,71290 0,
4240001009574_170_00,835754522,71740 0,71060 0,
4240001009574_170_00,550332996,71400 1,70610 2,
4240001009574_170_00,2355023358,74230 0,74260 0,
4240001009574_170_00,2355023358,55220 0,74240 0,
4240001009574_170_00,2355023358,55220 0,51401 0,
4240001009574_170_00,2355023358,70020 0,74240 0,
4240001009574_170_00,2355023358,51401 0,74240 0,
4240001009574_170_00,2355023358,51401 0,51404 0,
4240001009574_170_00,550332996,72390 0,71420 1,
4240001009574_170_00,550332996,72390 0,72500 1,
4240001009574_170_00,550332996,72390 0,70580 1,
4240001009574_170_00,550332996,70810 0,72720 1,
4240001009574_170_00,550332996,72800 0,70030 1,
4240001009574_170_00,550332996,72720 0,72500 1,
4240001009574_170_00,550332996,72280 0,74040 0,
4240001009574_170_00,550332996,72280 0,70030 1,
4240001009574_170_00,550332996,72810 0,73300 1,
4240001009574_170_00,550332996,72400 0,73270 1,
4240001009574_170_00,550332996,71540 0,72390 1,
4240001009574_170_00,550332996,71540 0,73300 1,
4240001009574_170_00,550332996,70030 0,72030 1,
4240001009574_170_00,550332996,71420 0,73270 1,
4240001009574_170_00,550332996,71420 0,72810 1,
4240001009574_170_00,550332996,70800 0,72810 1,
4240001009574_170_00,550332996,70800 0,70810 1,
4240001009574_170_00,550332996,70800 0,71560 1,
4240001009574_170_00,550332996,71400 0,70740 1,
4240001009574_170_00,550332996,50271 0,72780 1,
4240001009574_170_00,550332996,70970 0,73270 1,
4240001009574_170_00,550332996,71580 1,74320 1,
4240001009574_170_00,550332996,72800 1,70810 1,
4240001009574_170_00,2355023358,74230 1,55220 1,
4240001009574_170_00,2355023358,74240 1,70560 1,
4240001009574_170_00,2355023358,74240 1,55220 1,
4240001009574_170_00,2355023358,51403 1,55220 1,
4240001009574_170_00,550332996,49013 0,49014 0,
4240001009574_170_00,835754522,71240 1,71010 1,
4240001009574_170_00,2355023358,70020 1,70010 1,
4240001009574_170_00,2300128744,71040 1,71670 0,
4240001009574_170_00,2300128744,71040 1,70280 1,
4240001009574_170_00,2300128744,71670 0,71710 1,
4240001009574_170_00,550332996,72030 0,73270 1,
4240001009574_170_00,550332996,70740 0,71400 1,
4240001009574_170_00,550332996,70740 0,70580 1,
4240001009574_170_00,550332996,74040 0,70800 1,
4240001009574_170_00,550332996,72720 0,71400 1,
4240001009574_170_00,550332996,50104 1,50271 1,
4240001009574_170_00,550332996,72500 0,70970 1,
4240001009574_170_00,550332996,50103 1,71600 0,
4240001009574_170_00,550332996,50102 1,72780 1,
4240001009574_170_00,550332996,71590 0,50271 0,
4240001009574_170_00,550332996,72780 0,50102 1,
4240001009574_170_00,550332996,74320 0,50104 1,
4240001009574_170_00,550332996,50271 1,70030 1,
4240001009574_170_00,2300128744,71060 0,71240 0,
4240001009574_170_00,550332996,71420 1,71960 1,
4240001009574_170_00,550332996,73270 1,71420 1,
4240001009574_170_00,550332996,71960 1,49016 1,
4240001009574_170_00,550332996,71970 1,49014 1,
4240001009574_170_00,550332996,70740 1,71970 1,
4240001009574_170_00,550332996,72400 1,70590 1,
4240001009574_170_00,550332996,71540 1,70590 1,
4240001009574_170_00,2300128744,51055 5,71040 0,
4240001009574_170_00,2300128744,71720 0,71740 0,
4240001009574_170_00,835754522,71080 1,71040 1,
4240001009574_170_00,2355023358,70010 0,73900 0,
4240001009574_170_00,201880385,72040 1,51940 1,
4240001009574_170_00,201880385,72560 1,73430 1,
4240001009574_170_00,201880385,72600 1,72040 1,
4240001009574_170_00,201880385,72600 1,73450 1,
4240001009574_170_00,201880385,72570 1,72470 1,
4240001009574_170_00,201880385,73430 0,72600 0,
4240001009574_170_00,201880385,73430 0,72560 0,
4240001009574_170_00,201880385,72570 0,72560 0,
4240001009574_170_00,201880385,72560 0,72600 0,
4240001009574_170_00,2300128744,71720 1,70280 1,
4240001009574_170_00,835754522,51055 2,71740 0,
4240001009574_170_00,2300128744,71710 0,51055 1,
4240001009574_170_00,550332996,71970 0,71420 0,
4240001009574_170_00,550332996,70610 0,71400 0,
4240001009574_170_00,550332996,71960 0,71540 0,
4240001009574_170_00,3594359697,74240 1,70020 1,
4240001009574_170_00,835754522,71060 0,71290 0,
4240001009574_170_00,2355023358,74230 0,74240 0,
4240001009574_170_00,2355023358,74260 0,74240 0,
4240001009574_170_00,2355023358,74250 0,74240 0,
4240001009574_170_00,2355023358,70560 0,74240 0,
4240001009574_170_00,2355023358,70020 0,51404 0,
4240001009574_170_00,2355023358,70010 0,70570 0,
4240001009574_170_00,2355023358,70570 0,70560 0,
4240001009574_170_00,550332996,72390 0,70740 1,
4240001009574_170_00,550332996,72780 1,70810 1,
4240001009574_170_00,550332996,72800 0,74040 0,
4240001009574_170_00,550332996,72720 0,70030 1,
4240001009574_170_00,550332996,72400 0,71420 1,
4240001009574_170_00,550332996,72400 0,70970 1,
4240001009574_170_00,550332996,71590 0,72280 0,
4240001009574_170_00,550332996,70580 0,72810 1,
4240001009574_170_00,550332996,71400 0,72400 1,
4240001009574_170_00,550332996,50271 1,71600 0,
4240001009574_170_00,2355023358,70560 1,55220 1,
4240001009574_170_00,2355023358,51404 1,70020 1,
4240001009574_170_00,2355023358,73900 1,51401 1,
4240001009574_170_00,2300128744,71740 1,71650 1,
4240001009574_170_00,2300128744,71650 1,71720 1,
4240001009574_170_00,2300128744,71650 1,70280 1,
4240001009574_170_00,2300128744,51055 6,71690 1,
4240001009574_170_00,550332996,73270 0,72810 1,
4240001009574_170_00,550332996,72800 0,74320 1,
4240001009574_170_00,550332996,50104 1,72800 1,
4240001009574_170_00,550332996,70800 0,72500 1,
4240001009574_170_00,550332996,71420 1,70590 1,
4240001009574_170_00,550332996,70740 1,70600 0,
4240001009574_170_00,2300128744,51055 5,71060 0,
4240001009574_170_00,2300128744,71040 0,71280 0,
4240001009574_170_00,3594359697,74240 1,70010 1,
4240001009574_170_00,2355023358,51401 0,73900 0,
4240001009574_170_00,201880385,72600 1,72560 1,
4240001009574_170_00,201880385,72600 1,73430 1,
4240001009574_170_00,201880385,72470 1,73430 1,
4240001009574_170_00,201880385,72570 1,73430 1,
4240001009574_170_00,201880385,51940 0,72600 0,
4240001009574_170_00,550332996,49015 1,49014 1,
4240001009574_170_00,2300128744,71230 1,71060 1,
4240001009574_170_00,550332996,71400 0,70370 0,
4240001009574_170_00,550332996,71970 0,71960 0,
4240001009574_170_00,550332996,49015 0,70610 0,
4240001009574_170_00,550332996,71960 0,71420 0,
4240001009574_170_00,550332996,49016 0,71540 0,
4240001009574_170_00,2355023358,55220 0,70010 0,
4240001009574_170_00,2355023358,51403 0,51404 0,
4240001009574_170_00,2355023358,70020 0,70570 0,
4240001009574_170_00,550332996,73300 0,73270 1,
4240001009574_170_00,550332996,73270 0,72030 1,
4240001009574_170_00,550332996,70740 0,73300 1,
4240001009574_170_00,550332996,70610 1,70580 1,
4240001009574_170_00,550332996,70150 0,72030 1,
4240001009574_170_00,550332996,70780 0,70810 1,
4240001009574_170_00,550332996,71540 0,70580 1,
4240001009574_170_00,550332996,70030 0,72280 0,
4240001009574_170_00,550332996,70030 0,72780 0,
4240001009574_170_00,550332996,71590 0,72800 1,
4240001009574_170_00,550332996,71420 0,72400 1,
4240001009574_170_00,550332996,50271 1,74320 1,
4240001009574_170_00,550332996,71580 1,71560 1,
4240001009574_170_00,550332996,70740 1,71540 1,
4240001009574_170_00,2355023358,74230 1,70570 1,
4240001009574_170_00,2355023358,74250 1,55220 1,
4240001009574_170_00,2355023358,74250 1,51401 1,
4240001009574_170_00,2355023358,74250 1,51404 1,
4240001009574_170_00,2355023358,74260 1,51404 1,
4240001009574_170_00,2355023358,51404 1,51401 1,
4240001009574_170_00,2355023358,73900 1,70020 1,
4240001009574_170_00,3594359697,70570 1,55220 1,
4240001009574_170_00,2300128744,71740 1,71670 0,
4240001009574_170_00,2300128744,51055 6,71670 0,
4240001009574_170_00,550332996,72390 1,70610 999,
4240001009574_170_00,550332996,70780 0,72810 1,
4240001009574_170_00,550332996,71560 0,72500 1,
4240001009574_170_00,2300128744,71240 1,71080 1,
4240001009574_170_00,550332996,72400 1,70600 0,
4240001009574_170_00,2300128744,71040 0,71060 0,
4240001009574_170_00,201880385,73450 0,72570 0,
4240001009574_170_00,201880385,72470 0,72560 0,
4240001009574_170_00,201880385,72040 0,72570 0,
4240001009574_170_00,550332996,49016 0,71420 0,
4240001009574_170_00,550332996,49014 0,70610 0,
4240001009574_170_00,2355023358,74260 0,51404 0,
4240001009574_170_00,2355023358,74250 0,51403 0,
4240001009574_170_00,2355023358,74250 0,51404 0,
4240001009574_170_00,2355023358,70560 0,74250 0,
4240001009574_170_00,2355023358,70010 0,74230 0,
4240001009574_170_00,2355023358,70010 0,74260 0,
4240001009574_170_00,2355023358,51401 0,74250 0,
4240001009574_170_00,550332996,72800 0,70810 1,
4240001009574_170_00,550332996,72800 0,50260 1,
4240001009574_170_00,550332996,72800 0,71600 0,
4240001009574_170_00,550332996,74040 0,70810 1,
4240001009574_170_00,550332996,72280 0,50103 1,
4240001009574_170_00,550332996,72810 0,72400 1,
4240001009574_170_00,550332996,71590 0,70030 1,
4240001009574_170_00,550332996,72780 0,72800 1,
4240001009574_170_00,550332996,70800 0,50270 1,
4240001009574_170_00,550332996,70800 0,50271 0,
4240001009574_170_00,550332996,71580 1,70150 1,
4240001009574_170_00,2355023358,74230 1,70020 1,
4240001009574_170_00,2355023358,74240 1,70020 1,
4240001009574_170_00,2355023358,74240 1,51401 1,
4240001009574_170_00,2355023358,74250 1,74230 1,
4240001009574_170_00,2355023358,74250 1,74240 1,
4240001009574_170_00,2355023358,51403 1,70010 1,
4240001009574_170_00,2355023358,51403 1,70560 1,
4240001009574_170_00,2355023358,51403 1,51401 1,
4240001009574_170_00,2355023358,74260 1,70560 1,
4240001009574_170_00,550332996,49013 0,70610 2,
4240001009574_170_00,550332996,71960 0,70610 2,
4240001009574_170_00,2300128744,71670 0,71650 1,
4240001009574_170_00,2300128744,71060 1,71670 0,
4240001009574_170_00,550332996,70810 0,70030 1,
4240001009574_170_00,550332996,70610 1,73300 1,
4240001009574_170_00,550332996,71590 0,50260 1,
4240001009574_170_00,550332996,71420 1,70600 0,
4240001009574_170_00,835754522,71240 1,71080 1,
4240001009574_170_00,550332996,70590 1,71970 1,
4240001009574_170_00,550332996,70610 0,72390 0,
4240001009574_170_00,550332996,49016 0,70740 0,
4240001009574_170_00,550332996,70590 0,70610 0,
4240001009574_170_00,550332996,70590 0,71420 0,
4240001009574_170_00,2355023358,74230 0,70560 0,
4240001009574_170_00,2355023358,55220 0,51404 0,
4240001009574_170_00,2355023358,55220 0,74250 0,
4240001009574_170_00,2355023358,74250 0,74260 0,
4240001009574_170_00,2355023358,70020 0,74230 0,
4240001009574_170_00,550332996,73300 0,71540 1,
4240001009574_170_00,550332996,72390 0,71400 1,
4240001009574_170_00,550332996,74040 0,50260 1,
4240001009574_170_00,550332996,72400 0,72810 1,
4240001009574_170_00,550332996,70780 0,70150 1,
4240001009574_170_00,550332996,71400 0,71540 1,
4240001009574_170_00,2355023358,70020 1,55220 1,
4240001009574_170_00,2355023358,70560 1,70020 1,
4240001009574_170_00,2355023358,74250 1,70020 1,
4240001009574_170_00,2355023358,74260 1,74230 1,
4240001009574_170_00,2355023358,51404 1,70570 1,
4240001009574_170_00,550332996,49016 0,70610 2,
4240001009574_170_00,550332996,70590 0,70610 2,
4240001009574_170_00,550332996,72390 1,70590 1,
4240001009574_170_00,550332996,73300 1,70590 1,
4240001009574_170_00,550332996,70580 1,70600 0,
4240001009574_170_00,550332996,71540 1,49016 1,
4240001009574_180_00,2300128744,71060 1,70280 1,
4240001009574_180_00,550332996,72810 0,74320 0,
4240001009574_180_00,550332996,72500 0,70030 0,
4240001009574_180_00,550332996,74320 1,72810 1,
4240001009574_180_00,550332996,72810 0,70030 1,
4240001009574_180_00,550332996,70030 1,72500 1,
4240001009574_180_00,550332996,50104 1,70030 1,
4240001009574_180_00,550332996,70030 0,50103 1,
4240001009574_180_00,550332996,50103 1,72800 1,
4240001009574_180_00,550332996,50103 1,74320 1,
4240001009574_180_00,550332996,72810 0,74320 1,
4240001009574_180_00,550332996,72810 0,70030 0,
4240001009574_180_00,550332996,50103 1,70800 1,
4240001009574_180_00,550332996,74320 0,72500 1,
4240001009574_180_00,2300128744,70280 0,71080 0,
4240001009574_180_00,550332996,72500 0,74320 0,
4240001009574_180_00,550332996,70030 0,50104 1,
4240001009574_180_00,550332996,70810 0,50104 1,
4240001009574_180_00,550332996,72500 0,74320 1,
4240001009574_180_00,550332996,50103 1,70030 1,
4240001009574_180_00,550332996,50102 1,70800 1,
4240001009574_180_00,550332996,70800 0,50103 1,
4240001009574_180_00,2300128744,70280 0,71060 0,
4240001009574_180_00,201880385,72660 1,72600 1,
4240001009574_180_00,550332996,70810 0,50102 1,
4240001009574_180_00,550332996,70030 0,72810 1,
4240001009574_180_00,550332996,70800 0,50104 1,
4240001009574_180_00,550332996,74320 1,72500 1,
4240001009574_180_00,550332996,50104 1,70800 1,
4240001009574_180_00,550332996,50102 1,70030 1,
4240001009574_180_00,550332996,74320 0,50103 1,
4240001009574_180_00,550332996,70030 1,72810 1,
4240001009574_180_00,550332996,72800 0,50103 1,
4240001009574_180_00,550332996,70810 0,50103 1,
4240001009574_180_00,201880385,72600 0,72660 0,
4240001009574_180_00,550332996,50103 1,70810 1,
4240001009574_180_00,550332996,70030 0,72500 1,
4240001009574_180_00,550332996,74320 0,50102 1,
4240001009574_180_00,550332996,70800 0,50102 1,
4240001009574_180_00,550332996,50104 1,70810 1,
4240001009574_180_00,550332996,72500 0,70030 1,
4240001009574_180_00,2300128744,71080 1,70280 1,
4240001009574_180_00,550332996,72800 0,50102 1,
4240001009574_180_00,550332996,70030 0,50102 1,
4240001009574_180_00,550332996,50102 1,74320 1,
4240001009574_180_00,201880385,72630 1,72660 1,
4240001009574_180_00,550332996,50102 1,70810 1,
4240001009574_180_00,201880385,72600 0,72630 0,
4240001009574_180_00,201880385,72660 0,72630 0,
4240001009574_180_00,550332996,70780 0,50104 1,
4240001009574_180_00,550332996,70780 0,50102 1,
4240001009574_180_00,550332996,74320 0,72810 1,
4240001009574_180_00,201880385,72630 1,72600 1,
4240001009574_180_00,550332996,70780 0,50103 1,
4240001009574_180_00,550332996,50102 1,72800 1,
4240001009574_190_00,201880385,72660 1,72560 1,
4240001009574_190_00,201880385,72470 0,72630 0,
4240001009574_190_00,2300128744,71010 1,71710 1,
4240001009574_190_00,2300128744,71010 1,51055 6,
4240001009574_190_00,2300128744,71280 1,71720 1,
4240001009574_190_00,2300128744,71280 1,71430 1,
4240001009574_190_00,2300128744,71280 1,71690 1,
4240001009574_190_00,835754522,51055 2,71290 0,
4240001009574_190_00,835754522,71740 0,71290 0,
4240001009574_190_00,550332996,73300 0,70800 0,
4240001009574_190_00,835754522,71740 0,71010 0,
4240001009574_190_00,550332996,72030 1,72400 1,
4240001009574_190_00,550332996,72390 0,72030 0,
4240001009574_190_00,550332996,50110 0,50103 1,
4240001009574_190_00,550332996,73270 0,71560 1,
4240001009574_190_00,550332996,50121 1,50270 1,
4240001009574_190_00,550332996,74040 0,50110 0,
4240001009574_190_00,550332996,50105 1,50270 1,
4240001009574_190_00,550332996,50105 0,50270 1,
4240001009574_190_00,550332996,70150 1,70970 1,
4240001009574_190_00,550332996,70800 1,73300 1,
4240001009574_190_00,550332996,70780 0,73270 1,
4240001009574_190_00,550332996,71590 0,50101 1,
4240001009574_190_00,550332996,50101 0,50103 1,
4240001009574_190_00,550332996,71400 0,70800 1,
4240001009574_190_00,550332996,71400 0,71560 0,
4240001009574_190_00,550332996,70150 1,73300 1,
4240001009574_190_00,550332996,72720 1,71420 1,
4240001009574_190_00,550332996,72720 1,70580 1,
4240001009574_190_00,550332996,71560 1,73300 1,
4240001009574_190_00,550332996,73270 0,71560 0,
4240001009574_190_00,550332996,71420 0,72720 0,
4240001009574_190_00,550332996,71400 0,70800 0,
4240001009574_190_00,550332996,73300 0,70780 0,
4240001009574_190_00,550332996,73270 0,70800 0,
4240001009574_190_00,550332996,70970 0,70800 0,
4240001009574_190_00,2300128744,71240 1,71720 1,
4240001009574_190_00,2300128744,71240 1,71690 1,
4240001009574_190_00,2300128744,71280 1,71650 1,
4240001009574_190_00,550332996,72390 0,72720 1,
4240001009574_190_00,550332996,73270 0,70780 0,
4240001009574_190_00,550332996,70800 0,73270 1,
4240001009574_190_00,550332996,71560 0,70970 1,
4240001009574_190_00,2300128744,71740 0,71010 0,
4240001009574_190_00,2300128744,71690 0,71010 0,
4240001009574_190_00,2300128744,71720 0,71280 0,
4240001009574_190_00,2300128744,71240 1,71430 1,
4240001009574_190_00,2300128744,71240 1,71740 1,
4240001009574_190_00,550332996,71560 1,73270 1,
4240001009574_190_00,201880385,73450 0,72660 0,
4240001009574_190_00,201880385,72570 0,72630 0,
4240001009574_190_00,835754522,51055 2,71010 0,
4240001009574_190_00,2300128744,71690 0,71280 0,
4240001009574_190_00,550332996,70970 0,70810 0,
4240001009574_190_00,550332996,72030 1,71420 1,
4240001009574_190_00,550332996,50121 1,50260 1,
4240001009574_190_00,550332996,50121 1,50103 1,
4240001009574_190_00,550332996,50121 1,71600 0,
4240001009574_190_00,550332996,50105 1,50104 1,
4240001009574_190_00,550332996,50105 0,50101 1,
4240001009574_190_00,550332996,70810 1,73270 1,
4240001009574_190_00,550332996,71590 0,50110 0,
4240001009574_190_00,550332996,71420 0,72720 1,
4240001009574_190_00,550332996,50271 0,50121 1,
4240001009574_190_00,550332996,70150 1,73270 1,
4240001009574_190_00,550332996,70810 1,70970 1,
4240001009574_190_00,550332996,71560 1,70970 1,
4240001009574_190_00,835754522,71240 1,51055 7,
4240001009574_190_00,550332996,73300 0,70150 0,
4240001009574_190_00,550332996,71400 0,70150 0,
4240001009574_190_00,550332996,71400 0,70810 0,
4240001009574_190_00,550332996,70970 0,70150 0,
4240001009574_190_00,550332996,73270 0,70150 0,
4240001009574_190_00,2300128744,71010 1,71740 1,
4240001009574_190_00,2300128744,71280 1,71710 1,
4240001009574_190_00,550332996,72030 1,70580 1,
4240001009574_190_00,550332996,73270 0,70810 0,
4240001009574_190_00,550332996,73270 0,70800 1,
4240001009574_190_00,550332996,73270 0,70810 1,
4240001009574_190_00,550332996,70810 0,73300 1,
4240001009574_190_00,550332996,72400 0,72030 0,
4240001009574_190_00,550332996,72400 0,72720 1,
4240001009574_190_00,550332996,71420 0,72030 0,
4240001009574_190_00,550332996,70970 0,70810 1,
4240001009574_190_00,550332996,70800 1,73270 1,
4240001009574_190_00,201880385,72660 1,72040 1,
4240001009574_190_00,2300128744,71010 1,71430 1,
4240001009574_190_00,2300128744,71720 0,71010 0,
4240001009574_190_00,550332996,70810 1,73300 1,
4240001009574_190_00,550332996,73300 0,70810 0,
4240001009574_190_00,550332996,73300 0,70800 1,
4240001009574_190_00,550332996,73300 0,71560 0,
4240001009574_190_00,550332996,50110 0,72780 1,
4240001009574_190_00,550332996,50110 0,50105 1,
4240001009574_190_00,550332996,50110 0,50260 1,
4240001009574_190_00,550332996,50105 1,72780 1,
4240001009574_190_00,550332996,50105 1,71600 0,
4240001009574_190_00,550332996,50105 0,50121 1,
4240001009574_190_00,550332996,50105 0,71600 0,
4240001009574_190_00,550332996,50105 0,50271 1,
4240001009574_190_00,550332996,50101 1,72780 1,
4240001009574_190_00,550332996,72720 0,71420 1,
4240001009574_190_00,550332996,72280 0,50105 1,
4240001009574_190_00,550332996,72400 0,72030 1,
4240001009574_190_00,550332996,72400 0,72720 0,
4240001009574_190_00,550332996,50101 0,50104 1,
4240001009574_190_00,550332996,72780 0,50105 1,
4240001009574_190_00,550332996,71560 0,73300 1,
4240001009574_190_00,550332996,70800 1,70970 1,
4240001009574_190_00,550332996,71400 0,70780 0,
4240001009574_190_00,2300128744,71240 1,51055 6,
4240001009574_190_00,2300128744,71280 1,71670 0,
4240001009574_190_00,550332996,70150 0,70970 1,
4240001009574_190_00,550332996,71560 1,71400 1,
4240001009574_190_00,550332996,70970 0,70780 0,
4240001009574_190_00,2300128744,71710 0,71010 0,
4240001009574_190_00,2300128744,71430 0,71280 0,
4240001009574_190_00,2300128744,51055 5,71280 0,
4240001009574_190_00,2300128744,71690 0,71240 0,
4240001009574_190_00,201880385,72660 1,72470 1,
4240001009574_190_00,201880385,72630 1,51940 1,
4240001009574_190_00,201880385,72630 1,72040 1,
4240001009574_190_00,201880385,72560 0,72630 0,
4240001009574_190_00,835754522,71740 0,71240 0,
4240001009574_190_00,550332996,73300 0,71560 1,
4240001009574_190_00,550332996,72390 0,72720 0,
4240001009574_190_00,550332996,72030 0,72390 1,
4240001009574_190_00,550332996,50121 1,50101 1,
4240001009574_190_00,550332996,74040 0,50105 0,
4240001009574_190_00,550332996,50105 0,50103 1,
4240001009574_190_00,550332996,72720 0,72400 1,
4240001009574_190_00,550332996,70780 0,73300 1,
4240001009574_190_00,550332996,70580 0,72720 0,
4240001009574_190_00,550332996,50101 0,50270 1,
4240001009574_190_00,550332996,72780 0,50101 0,
4240001009574_190_00,550332996,71400 0,71560 1,
4240001009574_190_00,550332996,70970 0,71560 0,
4240001009574_190_00,550332996,72030 0,71420 1,
4240001009574_190_00,550332996,70810 0,73270 1,
4240001009574_190_00,550332996,70800 1,71400 1,
4240001009574_190_00,550332996,70810 1,71400 1,
4240001009574_190_00,550332996,70580 0,72030 1,
4240001009574_190_00,2300128744,71720 0,71240 0,
4240001009574_190_00,550332996,72720 1,72400 1,
4240001009574_190_00,2300128744,51055 5,71240 0,
4240001009574_190_00,2300128744,71430 0,71010 0,
4240001009574_190_00,201880385,72630 1,72470 1,
4240001009574_190_00,201880385,72630 1,73450 1,
4240001009574_190_00,201880385,72630 1,72570 1,
4240001009574_190_00,201880385,51940 0,72660 0,
4240001009574_190_00,550332996,50110 0,71600 0,
4240001009574_190_00,550332996,50121 1,72780 1,
4240001009574_190_00,550332996,50121 1,50271 1,
4240001009574_190_00,550332996,70810 0,71400 1,
4240001009574_190_00,550332996,50105 0,50110 0,
4240001009574_190_00,550332996,50101 1,50271 1,
4240001009574_190_00,550332996,70150 0,73270 1,
4240001009574_190_00,550332996,70580 0,72030 0,
4240001009574_190_00,550332996,50101 0,50260 1,
4240001009574_190_00,550332996,71560 0,71400 1,
4240001009574_190_00,550332996,70970 0,70800 1,
4240001009574_190_00,2300128744,71240 1,71710 1,
4240001009574_190_00,2300128744,71240 1,71670 0,
4240001009574_190_00,550332996,73300 0,70810 1,
4240001009574_190_00,550332996,70150 1,71400 1,
4240001009574_190_00,550332996,72720 0,70580 1,
4240001009574_190_00,550332996,72720 1,72390 1,
4240001009574_190_00,550332996,70580 0,72720 1,
4240001009574_190_00,835754522,71010 1,51055 7,
4240001009574_190_00,2300128744,71280 1,51055 6,
4240001009574_190_00,2300128744,71710 0,71280 0,
4240001009574_190_00,2300128744,51055 1,71010 0,
4240001009574_190_00,550332996,72030 1,72390 1,
4240001009574_190_00,550332996,72390 0,72030 1,
4240001009574_190_00,550332996,72030 0,72400 1,
4240001009574_190_00,550332996,50105 1,50260 1,
4240001009574_190_00,550332996,50105 1,50103 1,
4240001009574_190_00,550332996,50105 0,50101 0,
4240001009574_190_00,550332996,50101 1,50270 1,
4240001009574_190_00,550332996,50101 1,50260 1,
4240001009574_190_00,550332996,50101 1,50103 1,
4240001009574_190_00,550332996,72280 0,50101 0,
4240001009574_190_00,550332996,70150 0,73300 1,
4240001009574_190_00,550332996,71590 0,50105 1,
4240001009574_190_00,550332996,71590 0,50105 0,
4240001009574_190_00,550332996,50101 0,50105 1,
4240001009574_190_00,550332996,70800 0,71400 1,
4240001009574_190_00,550332996,71400 0,70810 1,
4240001009574_190_00,550332996,70970 0,70150 1,
4240001009574_190_00,2300128744,71010 1,71720 1,
4240001009574_190_00,550332996,70800 0,70970 1,
4240001009574_190_00,2300128744,51055 1,71240 0,
4240001009574_190_00,2300128744,71430 0,71240 0,
4240001009574_190_00,201880385,72040 0,72630 0,
4240001009574_190_00,2300128744,71740 0,71240 0,
4240001009574_190_00,550332996,73270 0,70150 1,
4240001009574_190_00,550332996,50121 1,50102 1,
4240001009574_190_00,550332996,70810 0,70970 1,
4240001009574_190_00,550332996,74040 0,50105 1,
4240001009574_190_00,550332996,50105 0,50102 1,
4240001009574_190_00,550332996,50101 0,50271 1,
4240001009574_190_00,550332996,71420 0,72030 1,
4240001009574_190_00,550332996,71400 0,70150 1,
4240001009574_190_00,550332996,50271 0,50110 0,
4240001009574_190_00,550332996,50271 0,50105 1,
4240001009574_190_00,2300128744,71010 1,71690 1,
4240001009574_190_00,550332996,70150 0,71400 1,
4240001009574_190_00,2300128744,71740 0,71280 0,
4240001009574_190_00,2300128744,71710 0,71240 0,
4240001009574_190_00,835754522,71290 1,71740 1,
4240001009574_190_00,201880385,72560 0,72660 0,
4240001009574_190_00,550332996,73300 0,70150 1,
4240001009574_190_00,550332996,50110 0,50270 1,
4240001009574_190_00,550332996,50110 0,50271 1,
4240001009574_190_00,550332996,74040 0,50101 0,
4240001009574_190_00,550332996,50101 1,50105 1,
4240001009574_190_00,550332996,50101 1,50102 1,
4240001009574_190_00,550332996,50101 0,50121 1,
4240001009574_190_00,550332996,50101 0,71600 0,
4240001009574_190_00,835754522,71290 1,51055 7,
4240001009574_190_00,2300128744,71240 1,71650 1,
4240001009574_190_00,201880385,73450 0,72630 0,
4240001009574_190_00,201880385,51940 0,72630 0,
4240001009574_190_00,201880385,72570 0,72660 0,
4240001009574_190_00,550332996,50110 0,50121 1,
4240001009574_190_00,550332996,50110 0,50101 1,
4240001009574_190_00,550332996,72030 0,70580 1,
4240001009574_190_00,550332996,50121 1,50105 1,
4240001009574_190_00,550332996,50105 1,50271 1,
4240001009574_190_00,550332996,50105 0,72780 1,
4240001009574_190_00,550332996,72280 0,50105 0,
4240001009574_190_00,550332996,71590 0,50101 0,
4240001009574_190_00,550332996,50101 0,50102 1,
4240001009574_190_00,550332996,72780 0,50110 0,
4240001009574_190_00,550332996,72780 0,50121 1,
4240001009574_190_00,550332996,72780 0,50105 0,
4240001009574_190_00,550332996,72780 0,50101 1,
4240001009574_190_00,2300128744,71010 1,71650 1,
4240001009574_190_00,2300128744,71280 1,71740 1,
4240001009574_190_00,2300128744,51055 5,71010 0,
4240001009574_190_00,201880385,72660 1,73450 1,
4240001009574_190_00,201880385,73430 0,72660 0,
4240001009574_190_00,201880385,72470 0,72660 0,
4240001009574_190_00,550332996,50110 0,50104 1,
4240001009574_190_00,550332996,50110 0,50102 1,
4240001009574_190_00,550332996,50105 0,50260 1,
4240001009574_190_00,550332996,50101 1,71600 0,
4240001009574_190_00,550332996,72720 0,72390 1,
4240001009574_190_00,550332996,72280 0,50101 1,
4240001009574_190_00,550332996,50101 0,72780 1,
4240001009574_190_00,550332996,71560 0,73270 1,
4240001009574_190_00,2300128744,71010 1,71670 0,
4240001009574_190_00,2300128744,51055 1,71280 0,
4240001009574_190_00,835754522,71010 1,71740 1,
4240001009574_190_00,201880385,72660 1,51940 1,
4240001009574_190_00,201880385,72660 1,73430 1,
4240001009574_190_00,201880385,72660 1,72570 1,
4240001009574_190_00,201880385,72040 0,72660 0,
4240001009574_190_00,835754522,51055 2,71240 0,
4240001009574_190_00,550332996,50121 1,50104 1,
4240001009574_190_00,550332996,74040 0,50101 1,
4240001009574_190_00,550332996,50105 1,50102 1,
4240001009574_190_00,550332996,50105 0,50104 1,
4240001009574_190_00,550332996,70780 0,70970 1,
4240001009574_190_00,550332996,71590 0,50121 1,
4240001009574_190_00,550332996,50101 0,50110 0,
4240001009574_190_00,550332996,50271 0,50105 0,
4240001009574_190_00,550332996,50271 0,50101 1,
4240001009574_190_00,550332996,70970 0,71560 1,
4240001009574_190_00,550332996,70800 0,73300 1,
4240001009574_190_00,835754522,71240 1,71740 1,
4240001009574_190_00,201880385,72630 1,72560 1,
4240001009574_190_00,201880385,72630 1,73430 1,
4240001009574_190_00,201880385,73430 0,72630 0,
4240001009574_190_00,550332996,74040 0,50121 1,
4240001009574_190_00,550332996,50101 1,50104 1,
4240001009574_190_00,550332996,72280 0,50110 0,
4240001009574_190_00,550332996,72280 0,50121 1,
4240001009574_190_00,550332996,70780 0,71400 1,
4240001009574_190_00,550332996,50271 0,50101 0,
4240001009574_200_00,2355023358,55210 0,55220 0,
4240001009574_200_00,2355023358,55210 0,70010 0,
4240001009574_200_00,3594359697,55210 0,73900 0,
4240001009574_200_00,550332996,46012 1,46048 1,
4240001009574_200_00,550332996,49016 1,70180 1,
4240001009574_200_00,550332996,49016 1,46013 1,
4240001009574_200_00,550332996,70590 1,46013 1,
4240001009574_200_00,550332996,49015 1,46012 1,
4240001009574_200_00,550332996,49015 1,46059 1,
4240001009574_200_00,550332996,70600 0,46012 1,
4240001009574_200_00,3594359697,55210 0,74260 0,
4240001009574_200_00,3594359697,55210 0,71370 0,
4240001009574_200_00,3594359697,71370 0,51401 0,
4240001009574_200_00,3594359697,71370 0,73900 0,
4240001009574_200_00,2300128744,71710 0,71270 0,
4240001009574_200_00,2300128744,71430 0,71230 0,
4240001009574_200_00,550332996,71540 0,70370 0,
4240001009574_200_00,550332996,70610 0,70970 0,
4240001009574_200_00,550332996,46048 1,46012 0,
4240001009574_200_00,550332996,46059 0,49014 0,
4240001009574_200_00,550332996,70180 0,49015 0,
4240001009574_200_00,550332996,72780 1,70030 1,
4240001009574_200_00,550332996,72780 1,70810 1,
4240001009574_200_00,550332996,50270 1,70810 1,
4240001009574_200_00,550332996,50270 1,71600 0,
4240001009574_200_00,550332996,50103 1,72780 1,
4240001009574_200_00,550332996,50103 1,74320 1,
4240001009574_200_00,550332996,50102 1,72800 1,
4240001009574_200_00,2355023358,55210 0,74230 0,
4240001009574_200_00,550332996,72810 0,70610 999,
4240001009574_200_00,550332996,71540 0,73270 1,
4240001009574_200_00,550332996,71540 0,72810 1,
4240001009574_200_00,550332996,72630 3,72590 1,
4240001009574_200_00,550332996,72630 3,73610 1,
4240001009574_200_00,550332996,72500 1,70610 2,
4240001009574_200_00,550332996,72500 1,70740 1,
4240001009574_200_00,578423847,20870 1,51055 7,
4240001009574_200_00,578423847,22800 1,19960 0,
4240001009574_200_00,578423847,21350 2,21370 1,
4240001009574_200_00,578423847,51055 0,51055 7,
4240001009574_200_00,578423847,19950 2,22800 1,
4240001009574_200_00,578423847,19950 2,21360 0,
4240001009574_200_00,2355023358,74250 1,55210 1,
4240001009574_200_00,2355023358,74260 1,71370 1,
4240001009574_200_00,550332996,46014 0,49015 0,
4240001009574_200_00,550332996,46012 0,49016 0,
4240001009574_200_00,550332996,46059 0,49015 0,
4240001009574_200_00,550332996,46058 0,46059 0,
4240001009574_200_00,550332996,46013 0,46012 0,
4240001009574_200_00,550332996,46013 0,71960 0,
4240001009574_200_00,550332996,46013 0,49014 0,
4240001009574_200_00,550332996,70030 0,73610 0,
4240001009574_200_00,550332996,72790 0,72590 0,
4240001009574_200_00,550332996,70800 0,72590 0,
4240001009574_200_00,550332996,70810 0,72790 0,
4240001009574_200_00,550332996,72800 0,72790 0,
4240001009574_200_00,550332996,71540 0,70970 0,
4240001009574_200_00,550332996,72790 0,72630 2,
4240001009574_200_00,550332996,74320 0,72790 0,
4240001009574_200_00,550332996,70800 0,73610 0,
4240001009574_200_00,550332996,70800 0,72630 2,
4240001009574_200_00,2355023358,70010 1,55210 1,
4240001009574_200_00,3594359697,51403 1,71370 1,
4240001009574_200_00,3594359697,51404 1,55210 1,
4240001009574_200_00,3594359697,71370 0,74230 0,
4240001009574_200_00,3594359697,71370 0,74240 0,
4240001009574_200_00,2300128744,71270 1,71650 1,
4240001009574_200_00,2300128744,71010 1,70280 1,
4240001009574_200_00,3594359697,70020 1,55210 1,
4240001009574_200_00,3594359697,73900 1,71370 1,
4240001009574_200_00,550332996,70740 0,73270 0,
4240001009574_200_00,2300128744,70280 0,71240 0,
4240001009574_200_00,2300128744,71720 0,71270 0,
4240001009574_200_00,3594359697,71370 0,55220 0,
4240001009574_200_00,2300128744,71270 1,71720 1,
4240001009574_200_00,2300128744,71230 1,71720 1,
4240001009574_200_00,550332996,70180 1,46012 1,
4240001009574_200_00,550332996,49013 1,46057 1,
4240001009574_200_00,550332996,73270 1,70590 1,
4240001009574_200_00,550332996,73270 1,70740 1,
4240001009574_200_00,550332996,72810 1,71540 1,
4240001009574_200_00,550332996,49014 1,70180 1,
4240001009574_200_00,550332996,71970 1,46014 1,
4240001009574_200_00,550332996,71970 1,46049 1,
4240001009574_200_00,550332996,46057 1,46048 1,
4240001009574_200_00,550332996,49015 1,46058 1,
4240001009574_200_00,2300128744,71710 0,71230 0,
4240001009574_200_00,2300128744,71430 0,71270 0,
4240001009574_200_00,3594359697,70560 1,71370 1,
4240001009574_200_00,3594359697,55210 0,70020 0,
4240001009574_200_00,2355023358,55210 0,51401 0,
4240001009574_200_00,3594359697,70020 1,71370 1,
4240001009574_200_00,550332996,46013 1,46059 1,
4240001009574_200_00,550332996,46058 1,46049 1,
4240001009574_200_00,550332996,71970 1,46013 1,
4240001009574_200_00,550332996,71970 1,46059 1,
4240001009574_200_00,550332996,46059 1,46058 1,
4240001009574_200_00,550332996,49016 1,46014 1,
4240001009574_200_00,3594359697,71370 0,51404 0,
4240001009574_200_00,3594359697,71370 0,70020 0,
4240001009574_200_00,2300128744,71240 1,70280 1,
4240001009574_200_00,550332996,46014 0,49014 0,
4240001009574_200_00,550332996,49015 0,71540 0,
4240001009574_200_00,550332996,46012 0,49014 0,
4240001009574_200_00,550332996,46059 0,49016 0,
4240001009574_200_00,550332996,46058 0,49014 0,
4240001009574_200_00,550332996,70180 0,49014 0,
4240001009574_200_00,3594359697,74240 1,55210 1,
4240001009574_200_00,3594359697,70010 1,55210 1,
4240001009574_200_00,3594359697,70570 1,55210 1,
4240001009574_200_00,550332996,73270 1,71540 1,
4240001009574_200_00,550332996,50104 1,70810 1,
4240001009574_200_00,550332996,50260 1,70810 1,
4240001009574_200_00,550332996,50260 1,71600 0,
4240001009574_200_00,2355023358,55210 0,51403 0,
4240001009574_200_00,2355023358,71370 0,70570 0,
4240001009574_200_00,550332996,72810 1,70610 999,
4240001009574_200_00,550332996,72500 0,70740 1,
4240001009574_200_00,550332996,72630 3,72800 1,
4240001009574_200_00,550332996,72590 1,74320 1,
4240001009574_200_00,550332996,72590 1,72800 1,
4240001009574_200_00,550332996,73610 1,72800 1,
4240001009574_200_00,578423847,20870 1,19970 0,
4240001009574_200_00,578423847,19970 0,21350 1,
4240001009574_200_00,578423847,51055 0,19960 0,
4240001009574_200_00,578423847,51055 0,19980 0,
4240001009574_200_00,578423847,19950 2,19960 0,
4240001009574_200_00,578423847,19950 2,20870 1,
4240001009574_200_00,2355023358,70010 1,71370 1,
4240001009574_200_00,2355023358,55220 1,71370 1,
4240001009574_200_00,2355023358,74260 1,55210 1,
4240001009574_200_00,550332996,46014 0,71970 0,
4240001009574_200_00,550332996,46012 0,71970 0,
4240001009574_200_00,550332996,46012 0,71960 0,
4240001009574_200_00,550332996,46012 0,70180 0,
4240001009574_200_00,550332996,46048 1,71970 0,
4240001009574_200_00,550332996,46048 1,49013 0,
4240001009574_200_00,550332996,46048 1,46013 0,
4240001009574_200_00,550332996,46059 0,49013 0,
4240001009574_200_00,550332996,46059 0,46014 0,
4240001009574_200_00,550332996,46058 0,71970 0,
4240001009574_200_00,550332996,46058 0,49013 0,
4240001009574_200_00,550332996,46058 0,46014 0,
4240001009574_200_00,550332996,46058 0,70180 0,
4240001009574_200_00,550332996,46013 0,49016 0,
4240001009574_200_00,550332996,46013 0,70590 0,
4240001009574_200_00,550332996,70180 0,71970 0,
4240001009574_200_00,550332996,70180 0,71960 0,
4240001009574_200_00,550332996,70810 0,73610 0,
4240001009574_200_00,550332996,72800 0,73610 0,
4240001009574_200_00,550332996,70030 0,72630 2,
4240001009574_200_00,550332996,70610 1,73270 0,
4240001009574_200_00,550332996,70030 0,72790 0,
4240001009574_200_00,550332996,72790 0,73610 0,
4240001009574_200_00,550332996,74320 0,72630 2,
4240001009574_200_00,550332996,74320 0,72590 0,
4240001009574_200_00,2355023358,55220 1,55210 1,
4240001009574_200_00,550332996,70810 0,50103 0,
4240001009574_200_00,550332996,70810 0,50102 0,
4240001009574_200_00,550332996,72800 0,50103 0,
4240001009574_200_00,550332996,72800 0,50102 0,
4240001009574_200_00,550332996,72800 0,72780 0,
4240001009574_200_00,550332996,71540 0,73270 0,
4240001009574_200_00,550332996,70030 0,50103 0,
4240001009574_200_00,550332996,71590 0,50103 0,
4240001009574_200_00,550332996,72780 0,50260 0,
4240001009574_200_00,550332996,74320 0,50104 0,
4240001009574_200_00,550332996,50270 0,50104 0,
4240001009574_200_00,3594359697,51404 1,71370 1,
4240001009574_200_00,3594359697,55210 0,70560 0,
4240001009574_200_00,2300128744,71230 1,51055 6,
4240001009574_200_00,3594359697,51401 1,55210 1,
4240001009574_200_00,550332996,72500 0,70610 999,
4240001009574_200_00,550332996,71540 0,72810 0,
4240001009574_200_00,2300128744,51055 1,71230 0,
4240001009574_200_00,2300128744,71270 1,71710 1,
4240001009574_200_00,550332996,46012 1,46013 1,
4240001009574_200_00,550332996,46014 1,46057 1,
4240001009574_200_00,550332996,49013 1,46014 1,
4240001009574_200_00,550332996,71960 1,46012 1,
4240001009574_200_00,550332996,71970 1,46057 1,
4240001009574_200_00,550332996,46059 1,46057 1,
4240001009574_200_00,550332996,49015 1,46014 1,
4240001009574_200_00,550332996,72400 1,49015 1,
4240001009574_200_00,550332996,70600 0,46013 1,
4240001009574_200_00,3594359697,74260 1,71370 1,
4240001009574_200_00,3594359697,55210 0,74250 0,
4240001009574_200_00,2355023358,55210 0,71370 0,
4240001009574_200_00,2355023358,71370 0,70020 0,
4240001009574_200_00,2355023358,71370 0,73900 0,
4240001009574_200_00,550332996,70180 1,46048 1,
4240001009574_200_00,550332996,70180 1,46013 1,
4240001009574_200_00,550332996,49013 1,46048 1,
4240001009574_200_00,550332996,46058 1,46057 1,
4240001009574_200_00,550332996,49014 1,46058 1,
4240001009574_200_00,550332996,70590 1,46012 1,
4240001009574_200_00,550332996,49015 1,46049 1,
4240001009574_200_00,3594359697,55210 0,70570 0,
4240001009574_200_00,3594359697,55210 0,70010 0,
4240001009574_200_00,550332996,72280 0,74040 0,
4240001009574_200_00,550332996,49015 0,72400 0,
4240001009574_200_00,550332996,70610 0,72500 0,
4240001009574_200_00,550332996,46048 1,70180 0,
4240001009574_200_00,550332996,46059 0,70180 0,
4240001009574_200_00,3594359697,55220 1,71370 1,
4240001009574_200_00,550332996,50104 1,70030 1,
4240001009574_200_00,550332996,50104 1,70800 1,
4240001009574_200_00,550332996,50104 1,50260 1,
4240001009574_200_00,550332996,50104 1,71600 0,
4240001009574_200_00,550332996,50102 1,70030 1,
4240001009574_200_00,550332996,50102 1,50103 1,
4240001009574_200_00,550332996,50102 1,71600 0,
4240001009574_200_00,2355023358,55210 0,70560 0,
4240001009574_200_00,2355023358,71370 0,51403 0,
4240001009574_200_00,2355023358,71370 0,70010 0,
4240001009574_200_00,550332996,70740 0,72810 1,
4240001009574_200_00,550332996,72630 3,70030 1,
4240001009574_200_00,578423847,19960 0,19970 0,
4240001009574_200_00,578423847,21370 1,21360 0,
4240001009574_200_00,578423847,51055 0,20870 1,
4240001009574_200_00,578423847,51055 0,21370 1,
4240001009574_200_00,3594359697,71370 1,55210 1,
4240001009574_200_00,2355023358,70020 1,55210 1,
4240001009574_200_00,2355023358,71370 1,55210 1,
4240001009574_200_00,2355023358,70570 1,71370 1,
4240001009574_200_00,550332996,46014 0,46012 0,
4240001009574_200_00,550332996,46048 1,46059 0,
4240001009574_200_00,550332996,46058 0,49016 0,
4240001009574_200_00,550332996,70810 0,72630 2,
4240001009574_200_00,550332996,70780 0,72590 0,
4240001009574_200_00,550332996,70810 0,72590 0,
4240001009574_200_00,550332996,71580 0,73610 0,
4240001009574_200_00,550332996,70780 0,72630 2,
4240001009574_200_00,550332996,71540 0,72500 0,
4240001009574_200_00,550332996,72590 0,72630 2,
4240001009574_200_00,2355023358,51401 1,71370 1,
4240001009574_200_00,550332996,72800 0,50104 0,
4240001009574_200_00,550332996,71590 0,50260 0,
4240001009574_200_00,550332996,70800 0,50260 0,
4240001009574_200_00,550332996,70800 0,50103 0,
4240001009574_200_00,3594359697,70570 1,71370 1,
4240001009574_200_00,550332996,70970 1,70740 1,
4240001009574_200_00,550332996,72810 0,71540 1,
4240001009574_200_00,550332996,72500 1,71540 1,
4240001009574_200_00,550332996,71540 0,70970 1,
4240001009574_200_00,550332996,70970 0,71540 1,
4240001009574_200_00,2300128744,71720 0,71230 0,
4240001009574_200_00,2300128744,71270 1,51055 6,
4240001009574_200_00,550332996,49013 1,70180 1,
4240001009574_200_00,550332996,73270 1,70600 0,
4240001009574_200_00,550332996,72810 1,70600 0,
4240001009574_200_00,550332996,46013 1,46048 1,
4240001009574_200_00,550332996,49014 1,46057 1,
4240001009574_200_00,550332996,71970 1,46012 1,
4240001009574_200_00,550332996,49015 1,46048 1,
4240001009574_200_00,2300128744,70280 0,71010 0,
4240001009574_200_00,3594359697,70560 1,55210 1,
4240001009574_200_00,3594359697,55220 1,55210 1,
4240001009574_200_00,550332996,70180 1,46057 1,
4240001009574_200_00,550332996,46014 1,46049 1,
4240001009574_200_00,550332996,49013 1,46059 1,
4240001009574_200_00,550332996,49014 1,46049 1,
4240001009574_200_00,550332996,71960 1,70180 1,
4240001009574_200_00,3594359697,55210 0,51403 0,
4240001009574_200_00,3594359697,71370 0,70010 0,
4240001009574_200_00,3594359697,55210 0,55220 0,
4240001009574_200_00,550332996,46012 0,49015 0,
4240001009574_200_00,550332996,70590 0,72810 0,
4240001009574_200_00,550332996,46013 0,71970 0,
4240001009574_200_00,550332996,46013 0,49015 0,
4240001009574_200_00,550332996,70180 0,49013 0,
4240001009574_200_00,550332996,72810 1,70740 1,
4240001009574_200_00,550332996,70970 1,70610 2,
4240001009574_200_00,550332996,50103 1,70030 1,
4240001009574_200_00,550332996,50102 1,50270 1,
4240001009574_200_00,550332996,50102 1,74320 1,
4240001009574_200_00,550332996,50102 1,50104 1,
4240001009574_200_00,2355023358,55210 0,74240 0,
4240001009574_200_00,550332996,70740 0,72500 1,
4240001009574_200_00,550332996,70970 1,71540 1,
4240001009574_200_00,550332996,70610 1,72810 1,
4240001009574_200_00,550332996,70610 1,70970 1,
4240001009574_200_00,550332996,70610 1,72500 1,
4240001009574_200_00,550332996,72500 0,71540 1,
4240001009574_200_00,550332996,70970 0,70740 1,
4240001009574_200_00,550332996,72810 1,70610 2,
4240001009574_200_00,550332996,72790 1,71580 1,
4240001009574_200_00,550332996,72590 1,71600 0,
4240001009574_200_00,550332996,73610 1,70810 1,
4240001009574_200_00,578423847,19960 0,19980 0,
4240001009574_200_00,578423847,22800 1,21350 1,
4240001009574_200_00,578423847,21350 2,22800 1,
4240001009574_200_00,578423847,19970 0,51055 7,
4240001009574_200_00,550332996,70180 0,70610 2,
4240001009574_200_00,550332996,70740 0,70970 0,
4240001009574_200_00,550332996,70740 0,72500 0,
4240001009574_200_00,550332996,71580 0,72790 0,
4240001009574_200_00,2355023358,73900 1,55210 1,
4240001009574_200_00,550332996,72780 0,50103 0,
4240001009574_200_00,550332996,74320 0,72780 0,
4240001009574_200_00,550332996,50270 0,50260 0,
4240001009574_200_00,2300128744,71270 1,71690 1,
4240001009574_200_00,3594359697,51401 1,71370 1,
4240001009574_200_00,550332996,70740 0,70970 1,
4240001009574_200_00,550332996,70180 1,46014 1,
4240001009574_200_00,550332996,70180 1,46059 1,
4240001009574_200_00,550332996,49013 1,46013 1,
4240001009574_200_00,550332996,49016 1,46059 1,
4240001009574_200_00,550332996,49015 1,46057 1,
4240001009574_200_00,3594359697,73900 1,55210 1,
4240001009574_200_00,550332996,46012 1,46049 1,
4240001009574_200_00,550332996,70180 1,46058 1,
4240001009574_200_00,550332996,49013 1,46058 1,
4240001009574_200_00,550332996,46013 1,46057 1,
4240001009574_200_00,550332996,46057 1,46049 1,
4240001009574_200_00,3594359697,55210 0,74240 0,
4240001009574_200_00,3594359697,55210 0,51404 0,
4240001009574_200_00,3594359697,55210 0,51401 0,
4240001009574_200_00,2300128744,71280 1,70280 1,
4240001009574_200_00,2300128744,51055 1,71270 0,
4240001009574_200_00,550332996,70610 1,70370 0,
4240001009574_200_00,550332996,46014 0,46013 0,
4240001009574_200_00,550332996,70590 0,70970 0,
4240001009574_200_00,550332996,46058 0,49015 0,
4240001009574_200_00,3594359697,74230 1,55210 1,
4240001009574_200_00,550332996,72780 1,71600 0,
4240001009574_200_00,550332996,50260 1,72780 1,
4240001009574_200_00,550332996,50260 1,74320 1,
4240001009574_200_00,2355023358,71370 0,51404 0,
4240001009574_200_00,2355023358,71370 0,74250 0,
4240001009574_200_00,550332996,73270 0,71540 1,
4240001009574_200_00,550332996,70610 1,70970 0,
4240001009574_200_00,550332996,71540 0,72500 1,
4240001009574_200_00,550332996,72590 1,71580 1,
4240001009574_200_00,550332996,73610 1,70800 1,
4240001009574_200_00,578423847,19960 0,21360 0,
4240001009574_200_00,578423847,22800 1,19980 0,
4240001009574_200_00,578423847,21350 1,51055 7,
4240001009574_200_00,578423847,19980 0,51055 7,
4240001009574_200_00,578423847,19980 0,21350 1,
4240001009574_200_00,2355023358,70560 1,55210 1,
4240001009574_200_00,550332996,46014 0,49013 0,
4240001009574_200_00,550332996,46048 1,49015 0,
4240001009574_200_00,550332996,46048 1,49016 0,
4240001009574_200_00,550332996,70610 1,72810 0,
4240001009574_200_00,550332996,70610 1,72500 0,
4240001009574_200_00,550332996,71580 0,72590 0,
4240001009574_200_00,2355023358,70020 1,71370 1,
4240001009574_200_00,2355023358,51401 1,55210 1,
4240001009574_200_00,550332996,50260 0,50103 0,
4240001009574_200_00,550332996,50260 0,50102 0,
4240001009574_200_00,550332996,70780 0,72780 0,
4240001009574_200_00,550332996,70780 0,50104 0,
4240001009574_200_00,550332996,74320 0,50102 0,
4240001009574_200_00,3594359697,71370 0,74250 0,
4240001009574_200_00,2300128744,71230 1,71690 1,
4240001009574_200_00,550332996,70740 0,72810 0,
4240001009574_200_00,550332996,72500 1,70610 999,
4240001009574_200_00,2300128744,70280 0,71280 0,
4240001009574_200_00,2300128744,71230 1,71710 1,
4240001009574_200_00,550332996,71970 1,46048 1,
4240001009574_200_00,550332996,49016 1,46048 1,
4240001009574_200_00,550332996,49016 1,46049 1,
4240001009574_200_00,550332996,70590 1,70180 1,
4240001009574_200_00,3594359697,74250 1,71370 1,
4240001009574_200_00,550332996,46012 1,46014 1,
4240001009574_200_00,550332996,46058 1,46048 1,
4240001009574_200_00,550332996,49014 1,46012 1,
4240001009574_200_00,550332996,49014 1,46013 1,
4240001009574_200_00,550332996,71970 1,70180 1,
4240001009574_200_00,550332996,49015 0,70740 0,
4240001009574_200_00,550332996,46012 0,70610 0,
4240001009574_200_00,550332996,46012 0,70590 0,
4240001009574_200_00,550332996,70590 0,73270 0,
4240001009574_200_00,550332996,70180 0,70610 0,
4240001009574_200_00,550332996,72780 1,70800 1,
4240001009574_200_00,550332996,50270 1,72780 1,
4240001009574_200_00,550332996,50104 1,72780 1,
4240001009574_200_00,550332996,50260 1,70030 1,
4240001009574_200_00,550332996,50102 1,72780 1,
4240001009574_200_00,2355023358,55210 0,51404 0,
4240001009574_200_00,2355023358,55210 0,74250 0,
4240001009574_200_00,2355023358,71370 0,74230 0,
4240001009574_200_00,2355023358,71370 0,70560 0,
4240001009574_200_00,578423847,22800 1,21370 1,
4240001009574_200_00,578423847,21360 0,51055 7,
4240001009574_200_00,578423847,21350 2,20870 1,
4240001009574_200_00,578423847,21350 2,19970 0,
4240001009574_200_00,578423847,19970 0,19980 0,
4240001009574_200_00,578423847,51055 0,21360 0,
4240001009574_200_00,578423847,19950 2,21370 1,
4240001009574_200_00,578423847,19950 2,51055 7,
4240001009574_200_00,578423847,19950 2,19980 0,
4240001009574_200_00,3594359697,70010 1,71370 1,
4240001009574_200_00,2355023358,70560 1,71370 1,
4240001009574_200_00,2355023358,51403 1,55210 1,
4240001009574_200_00,550332996,46048 1,46058 0,
4240001009574_200_00,550332996,46058 0,46012 0,
4240001009574_200_00,550332996,70180 0,70590 0,
4240001009574_200_00,550332996,73610 0,72630 2,
4240001009574_200_00,550332996,73610 0,72590 0,
4240001009574_200_00,550332996,70780 0,73610 0,
4240001009574_200_00,550332996,70030 0,72590 0,
4240001009574_200_00,550332996,70780 0,50102 0,
4240001009574_200_00,550332996,71590 0,50102 0,
4240001009574_200_00,550332996,70800 0,50104 0,
4240001009574_200_00,550332996,50270 0,50103 0,
4240001009574_200_00,3594359697,55210 0,74230 0,
4240001009574_200_00,2300128744,71270 1,71670 0,
4240001009574_200_00,2300128744,71230 1,71670 0,
4240001009574_200_00,550332996,70970 1,70610 999,
4240001009574_200_00,550332996,46013 1,46058 1,
4240001009574_200_00,550332996,72500 1,70590 1,
4240001009574_200_00,550332996,49014 1,46048 1,
4240001009574_200_00,550332996,49014 1,46059 1,
4240001009574_200_00,550332996,46049 1,46048 1,
4240001009574_200_00,550332996,49016 1,46058 1,
4240001009574_200_00,2300128744,71740 0,71270 0,
4240001009574_200_00,2300128744,71740 0,71230 0,
4240001009574_200_00,2300128744,71690 0,71270 0,
4240001009574_200_00,3594359697,74240 1,71370 1,
4240001009574_200_00,3594359697,71370 0,74260 0,
4240001009574_200_00,550332996,70180 1,46049 1,
4240001009574_200_00,550332996,46014 1,46059 1,
4240001009574_200_00,550332996,49013 1,46049 1,
4240001009574_200_00,550332996,49016 1,46012 1,
4240001009574_200_00,550332996,49016 1,46057 1,
4240001009574_200_00,550332996,49015 1,46013 1,
4240001009574_200_00,2300128744,71270 1,71740 1,
4240001009574_200_00,550332996,70740 0,70370 0,
4240001009574_200_00,550332996,49015 0,71420 0,
4240001009574_200_00,550332996,46013 0,70610 0,
4240001009574_200_00,3594359697,74230 1,71370 1,
4240001009574_200_00,550332996,50270 1,72800 1,
4240001009574_200_00,550332996,50103 1,50104 1,
4240001009574_200_00,550332996,50102 1,70810 1,
4240001009574_200_00,2355023358,55210 0,74260 0,
4240001009574_200_00,2355023358,55210 0,70020 0,
4240001009574_200_00,550332996,72810 0,70740 1,
4240001009574_200_00,550332996,72630 3,74320 1,
4240001009574_200_00,550332996,72790 1,70030 1,
4240001009574_200_00,550332996,72790 1,71600 0,
4240001009574_200_00,578423847,21350 2,21360 0,
4240001009574_200_00,578423847,21370 1,21350 1,
4240001009574_200_00,578423847,19970 0,21360 0,
4240001009574_200_00,2355023358,74250 1,71370 1,
4240001009574_200_00,550332996,46014 0,49016 0,
4240001009574_200_00,550332996,46012 0,49013 0,
4240001009574_200_00,550332996,46058 0,46013 0,
4240001009574_200_00,550332996,46013 0,49013 0,
4240001009574_200_00,550332996,46013 0,70180 0,
4240001009574_200_00,550332996,70180 0,49016 0,
4240001009574_200_00,550332996,70800 0,72790 0,
4240001009574_200_00,2355023358,73900 1,71370 1,
4240001009574_200_00,550332996,70810 0,50270 0,
4240001009574_200_00,550332996,72800 0,50260 0,
4240001009574_200_00,550332996,70030 0,50104 0,
4240001009574_200_00,550332996,71590 0,72780 0,
4240001009574_200_00,550332996,72780 0,50270 0,
4240001009574_200_00,550332996,70800 0,50102 0,
4240001009574_200_00,550332996,50104 0,50103 0,
4240001009574_200_00,3594359697,51403 1,55210 1,
4240001009574_200_00,3594359697,71370 0,70560 0,
4240001009574_200_00,2300128744,71230 1,71430 1,
4240001009574_200_00,550332996,46012 1,46057 1,
4240001009574_200_00,550332996,46014 1,46058 1,
4240001009574_200_00,550332996,70970 1,70590 1,
4240001009574_200_00,550332996,46013 1,46049 1,
4240001009574_200_00,550332996,71970 1,46058 1,
4240001009574_200_00,550332996,46059 1,46048 1,
4240001009574_200_00,3594359697,71370 0,70570 0,
4240001009574_200_00,2355023358,55210 0,73900 0,
4240001009574_200_00,2355023358,71370 0,55220 0,
4240001009574_200_00,550332996,49014 1,46014 1,
4240001009574_200_00,2300128744,71690 0,71230 0,
4240001009574_200_00,3594359697,74260 1,55210 1,
4240001009574_200_00,550332996,50104 1,50270 1,
4240001009574_200_00,550332996,50260 1,72800 1,
4240001009574_200_00,550332996,50103 1,70800 1,
4240001009574_200_00,550332996,50103 1,71600 0,
4240001009574_200_00,550332996,70740 0,73270 1,
4240001009574_200_00,550332996,70970 0,70610 999,
4240001009574_200_00,550332996,73270 1,70610 2,
4240001009574_200_00,550332996,72630 3,70800 1,
4240001009574_200_00,550332996,72630 3,72790 1,
4240001009574_200_00,550332996,72630 3,70810 1,
4240001009574_200_00,550332996,72590 1,70810 1,
4240001009574_200_00,550332996,72590 1,73610 1,
4240001009574_200_00,550332996,73610 1,72790 1,
4240001009574_200_00,550332996,73610 1,71600 0,
4240001009574_200_00,578423847,20870 1,19960 0,
4240001009574_200_00,578423847,20870 1,21360 0,
4240001009574_200_00,578423847,21360 0,19980 0,
4240001009574_200_00,578423847,21370 1,19980 0,
4240001009574_200_00,578423847,51055 0,19950 2,
4240001009574_200_00,578423847,19950 2,21350 1,
4240001009574_200_00,550332996,46014 0,70180 0,
4240001009574_200_00,550332996,46048 1,49014 0,
4240001009574_200_00,550332996,70780 0,72790 0,
4240001009574_200_00,550332996,72780 0,50102 0,
4240001009574_200_00,550332996,72780 0,50104 0,
4240001009574_200_00,3594359697,71370 0,51403 0,
4240001009574_200_00,2300128744,71230 1,71740 1,
4240001009574_200_00,2300128744,71270 1,71430 1,
4240001009574_200_00,550332996,49013 1,46012 1,
4240001009574_200_00,550332996,70600 0,70180 1,
4240001009574_200_00,550332996,71540 1,49015 1,
4240001009574_200_00,3594359697,74250 1,55210 1,
4240001009574_200_00,550332996,46059 1,46049 1,
4240001009574_200_00,550332996,49015 1,70180 1,
4240001009574_200_00,550332996,70610 0,72810 0,
4240001009574_200_00,550332996,46059 0,71970 0,
4240001009574_200_00,550332996,72780 1,74320 1,
4240001009574_200_00,550332996,72780 1,72800 1,
4240001009574_200_00,550332996,50102 1,70800 1,
4240001009574_200_00,550332996,50102 1,50260 1,
4240001009574_200_00,550332996,72630 3,71580 1,
4240001009574_200_00,550332996,72790 1,70810 1,
4240001009574_200_00,578423847,20870 1,19980 0,
4240001009574_200_00,578423847,21350 2,19960 0,
4240001009574_200_00,578423847,21350 2,19950 2,
4240001009574_200_00,578423847,21350 2,19980 0,
4240001009574_200_00,578423847,21370 1,51055 7,
4240001009574_200_00,578423847,51055 0,19970 0,
4240001009574_200_00,578423847,19950 2,19970 0,
4240001009574_200_00,2355023358,74230 1,55210 1,
4240001009574_200_00,2355023358,51404 1,71370 1,
4240001009574_200_00,550332996,46059 0,46012 0,
4240001009574_200_00,550332996,72800 0,72630 2,
4240001009574_200_00,550332996,72800 0,72590 0,
4240001009574_200_00,550332996,50260 0,50104 0,
4240001009574_200_00,550332996,70810 0,72780 0,
4240001009574_200_00,550332996,72800 0,50270 0,
4240001009574_200_00,550332996,71590 0,50270 0,
4240001009574_200_00,550332996,74320 0,50270 0,
4240001009574_200_00,550332996,50104 0,50102 0,
4240001009574_200_00,550332996,73270 0,70610 999,
4240001009574_200_00,550332996,73270 1,70610 999,
4240001009574_200_00,2300128744,51055 5,71230 0,
4240001009574_200_00,550332996,46012 1,46058 1,
4240001009574_200_00,550332996,46014 1,46048 1,
4240001009574_200_00,550332996,71960 1,46013 1,
4240001009574_200_00,550332996,46048 1,46014 0,
4240001009574_200_00,550332996,70590 0,72500 0,
4240001009574_200_00,550332996,46059 0,46013 0,
4240001009574_200_00,550332996,50270 1,74320 1,
4240001009574_200_00,550332996,50104 1,74320 1,
4240001009574_200_00,550332996,50103 1,70810 1,
4240001009574_200_00,550332996,50103 1,50260 1,
4240001009574_200_00,550332996,73270 0,70740 1,
4240001009574_200_00,550332996,70610 1,73270 1,
4240001009574_200_00,550332996,72630 3,71600 0,
4240001009574_200_00,550332996,71580 1,71600 0,
4240001009574_200_00,550332996,72590 1,72790 1,
4240001009574_200_00,550332996,73610 1,70030 1,
4240001009574_200_00,578423847,22800 1,19970 0,
4240001009574_200_00,578423847,21360 0,21350 1,
4240001009574_200_00,578423847,21370 1,19960 0,
4240001009574_200_00,578423847,51055 0,22800 1,
4240001009574_200_00,2355023358,70570 1,55210 1,
4240001009574_200_00,550332996,46012 0,70610 2,
4240001009574_200_00,550332996,46013 0,70610 2,
4240001009574_200_00,550332996,74320 0,73610 0,
4240001009574_200_00,550332996,70810 0,50260 0,
4240001009574_200_00,550332996,70030 0,50260 0,
4240001009574_200_00,550332996,70030 0,50270 0,
4240001009574_200_00,550332996,74320 0,50103 0,
4240001009574_200_00,550332996,70800 0,72780 0,
4240001009574_200_00,550332996,70740 1,49015 1,
4240001009574_200_00,550332996,46012 1,46059 1,
4240001009574_200_00,550332996,46013 1,46014 1,
4240001009574_200_00,550332996,50270 1,70800 1,
4240001009574_200_00,550332996,50104 1,72800 1,
4240001009574_200_00,550332996,50260 1,50270 1,
4240001009574_200_00,550332996,50103 1,50270 1,
4240001009574_200_00,2355023358,55210 0,70570 0,
4240001009574_200_00,2355023358,71370 0,74240 0,
4240001009574_200_00,2355023358,71370 0,51401 0,
4240001009574_200_00,550332996,72790 1,74320 1,
4240001009574_200_00,550332996,72790 1,72800 1,
4240001009574_200_00,550332996,72590 1,70030 1,
4240001009574_200_00,550332996,72590 1,70800 1,
4240001009574_200_00,550332996,73610 1,71580 1,
4240001009574_200_00,578423847,19960 0,51055 7,
4240001009574_200_00,578423847,19960 0,21350 1,
4240001009574_200_00,578423847,20870 1,22800 1,
4240001009574_200_00,578423847,20870 1,21370 1,
4240001009574_200_00,578423847,20870 1,21350 1,
4240001009574_200_00,578423847,21370 1,19970 0,
4240001009574_200_00,578423847,51055 0,21350 1,
4240001009574_200_00,2355023358,74230 1,71370 1,
4240001009574_200_00,2355023358,74240 1,71370 1,
4240001009574_200_00,2355023358,51403 1,71370 1,
4240001009574_200_00,2355023358,51404 1,55210 1,
4240001009574_200_00,550332996,71580 0,72630 2,
4240001009574_200_00,550332996,50103 0,50102 0,
4240001009574_200_00,550332996,70780 0,50260 0,
4240001009574_200_00,550332996,70780 0,50103 0,
4240001009574_200_00,550332996,70780 0,50270 0,
4240001009574_200_00,2300128744,71230 1,71650 1,
4240001009574_200_00,550332996,71420 1,49015 1,
4240001009574_200_00,550332996,72810 1,70590 1,
4240001009574_200_00,550332996,70970 1,70600 0,
4240001009574_200_00,550332996,72500 1,70600 0,
4240001009574_200_00,2300128744,51055 5,71270 0,
4240001009574_200_00,550332996,70610 0,73270 0,
4240001009574_200_00,550332996,50270 1,70030 1,
4240001009574_200_00,550332996,50260 1,70800 1,
4240001009574_200_00,550332996,50103 1,72800 1,
4240001009574_200_00,2355023358,71370 0,74260 0,
4240001009574_200_00,550332996,72790 1,70800 1,
4240001009574_200_00,550332996,73610 1,74320 1,
4240001009574_200_00,578423847,22800 1,21360 0,
4240001009574_200_00,578423847,22800 1,51055 7,
4240001009574_200_00,578423847,21350 2,21350 1,
4240001009574_200_00,2355023358,74240 1,55210 1,
4240001009574_200_00,550332996,70810 0,50104 0,
4240001009574_200_00,550332996,70030 0,50102 0,
4240001009574_200_00,550332996,70030 0,72780 0,
4240001009574_200_00,550332996,71590 0,50104 0,
4240001009574_200_00,550332996,74320 0,50260 0,
4240001009574_200_00,550332996,70800 0,50270 0,
4240001009574_200_00,550332996,50270 0,50102 0,
4240001009574_210_00,550332996,49016 0,72390 0,
4240001009574_210_00,550332996,72810 0,71590 0,
4240001009574_210_00,550332996,72500 0,71590 0,
4240001009574_210_00,550332996,50260 1,70150 1,
4240001009574_210_00,550332996,50110 0,74320 1,
4240001009574_210_00,550332996,72780 1,70150 1,
4240001009574_210_00,550332996,72030 0,50270 1,
4240001009574_210_00,550332996,72800 0,50105 1,
4240001009574_210_00,550332996,50105 0,74320 1,
4240001009574_210_00,550332996,72720 0,74040 0,
4240001009574_210_00,550332996,72720 0,50271 0,
4240001009574_210_00,550332996,72280 0,70150 1,
4240001009574_210_00,550332996,72280 0,71560 1,
4240001009574_210_00,550332996,50260 1,72720 1,
4240001009574_210_00,550332996,72630 3,72030 1,
4240001009574_210_00,550332996,71580 1,72500 1,
4240001009574_210_00,550332996,72790 1,72030 1,
4240001009574_210_00,550332996,73610 1,72720 1,
4240001009574_210_00,550332996,70150 0,72630 2,
4240001009574_210_00,550332996,71560 0,72790 0,
4240001009574_210_00,550332996,72810 0,71580 0,
4240001009574_210_00,550332996,71560 0,72630 2,
4240001009574_210_00,550332996,72720 0,50270 1,
4240001009574_210_00,550332996,72810 0,72800 1,
4240001009574_210_00,550332996,70150 0,50271 0,
4240001009574_210_00,550332996,71560 0,72780 1,
4240001009574_210_00,550332996,71560 0,72280 0,
4240001009574_210_00,550332996,71560 0,72780 0,
4240001009574_210_00,550332996,71560 0,50271 1,
4240001009574_210_00,550332996,50271 1,71560 1,
4240001009574_210_00,550332996,72390 1,49016 1,
4240001009574_210_00,2300128744,70280 0,71230 0,
4240001009574_210_00,550332996,71960 0,73300 0,
4240001009574_210_00,550332996,71960 0,71400 0,
4240001009574_210_00,550332996,49016 0,71400 0,
4240001009574_210_00,550332996,50260 1,72030 1,
4240001009574_210_00,550332996,72800 1,72500 1,
4240001009574_210_00,550332996,72030 0,74040 0,
4240001009574_210_00,550332996,50270 1,72030 1,
4240001009574_210_00,550332996,74040 0,71560 1,
4240001009574_210_00,550332996,72280 0,72030 1,
4240001009574_210_00,550332996,72810 0,72800 0,
4240001009574_210_00,550332996,70150 0,74040 0,
4240001009574_210_00,550332996,72720 0,73610 0,
4240001009574_210_00,550332996,70150 0,73610 0,
4240001009574_210_00,550332996,72720 0,72790 0,
4240001009574_210_00,550332996,70150 0,72790 0,
4240001009574_210_00,550332996,72030 0,50260 0,
4240001009574_210_00,550332996,72030 0,50271 0,
4240001009574_210_00,2300128744,71270 1,70280 1,
4240001009574_210_00,550332996,71600 0,72810 1,
4240001009574_210_00,550332996,70580 1,71970 1,
4240001009574_210_00,550332996,72780 1,72720 1,
4240001009574_210_00,550332996,50270 1,72720 1,
4240001009574_210_00,550332996,72030 0,72780 1,
4240001009574_210_00,550332996,72030 0,72280 0,
4240001009574_210_00,550332996,72030 0,72780 0,
4240001009574_210_00,550332996,50270 1,71560 1,
4240001009574_210_00,550332996,70150 0,72780 1,
4240001009574_210_00,550332996,70150 0,50271 1,
4240001009574_210_00,550332996,72780 0,72720 1,
4240001009574_210_00,550332996,74320 0,50110 0,
4240001009574_210_00,550332996,50271 0,70150 1,
4240001009574_210_00,550332996,72630 3,71560 1,
4240001009574_210_00,550332996,72590 1,71560 1,
4240001009574_210_00,550332996,72500 0,72800 0,
4240001009574_210_00,550332996,72720 0,72630 2,
4240001009574_210_00,550332996,72720 0,50270 0,
4240001009574_210_00,550332996,70150 0,50270 0,
4240001009574_210_00,550332996,72780 1,72030 1,
4240001009574_210_00,550332996,72720 0,72280 0,
4240001009574_210_00,550332996,72720 0,72780 0,
4240001009574_210_00,550332996,50260 1,71560 1,
4240001009574_210_00,550332996,71560 0,50270 1,
4240001009574_210_00,550332996,71560 0,50271 0,
4240001009574_210_00,550332996,72390 1,71960 1,
4240001009574_210_00,550332996,73300 1,49016 1,
4240001009574_210_00,2300128744,70280 0,71270 0,
4240001009574_210_00,550332996,72800 0,50101 0,
4240001009574_210_00,550332996,74040 0,70150 1,
4240001009574_210_00,550332996,72780 0,71560 1,
4240001009574_210_00,550332996,71600 0,72500 1,
4240001009574_210_00,550332996,72630 3,70150 1,
4240001009574_210_00,550332996,70150 0,72590 0,
4240001009574_210_00,550332996,72780 1,71560 1,
4240001009574_210_00,550332996,72800 0,72810 1,
4240001009574_210_00,550332996,71970 0,72390 0,
4240001009574_210_00,550332996,50270 1,70150 1,
4240001009574_210_00,550332996,74040 0,72720 1,
4240001009574_210_00,550332996,72720 0,72780 1,
4240001009574_210_00,550332996,72720 0,50271 1,
4240001009574_210_00,550332996,70150 0,72780 0,
4240001009574_210_00,550332996,72800 1,72810 1,
4240001009574_210_00,550332996,74320 0,50101 0,
4240001009574_210_00,550332996,71560 0,74040 0,
4240001009574_210_00,550332996,50271 1,72030 1,
4240001009574_210_00,550332996,72030 0,72790 0,
4240001009574_210_00,550332996,72030 0,50270 0,
4240001009574_210_00,550332996,72720 0,50260 0,
4240001009574_210_00,550332996,72030 0,50271 1,
4240001009574_210_00,550332996,72500 0,72800 1,
4240001009574_210_00,550332996,50271 1,72720 1,
4240001009574_210_00,550332996,71400 1,49016 1,
4240001009574_210_00,2300128744,71230 1,70280 1,
4240001009574_210_00,550332996,71970 0,73300 0,
4240001009574_210_00,550332996,50121 1,72800 1,
4240001009574_210_00,550332996,72800 0,50121 1,
4240001009574_210_00,550332996,50101 0,74320 1,
4240001009574_210_00,550332996,72790 1,70150 1,
4240001009574_210_00,550332996,72590 1,72720 1,
4240001009574_210_00,550332996,71590 0,72810 1,
4240001009574_210_00,550332996,50110 0,72800 1,
4240001009574_210_00,550332996,72800 0,50110 0,
4240001009574_210_00,550332996,72800 0,50101 1,
4240001009574_210_00,550332996,72800 0,72500 1,
4240001009574_210_00,550332996,70150 0,50270 1,
4240001009574_210_00,550332996,50101 0,72800 1,
4240001009574_210_00,550332996,73610 1,72030 1,
4240001009574_210_00,550332996,71560 0,73610 0,
4240001009574_210_00,550332996,71560 0,50270 0,
4240001009574_210_00,550332996,72500 0,71600 0,
4240001009574_210_00,550332996,50271 0,72030 1,
4240001009574_210_00,550332996,50271 1,70150 1,
4240001009574_210_00,550332996,70580 1,49016 1,
4240001009574_210_00,550332996,50105 0,72800 1,
4240001009574_210_00,550332996,50101 1,72800 1,
4240001009574_210_00,550332996,72720 0,50260 1,
4240001009574_210_00,550332996,72780 0,72030 1,
4240001009574_210_00,550332996,71580 1,72810 1,
4240001009574_210_00,550332996,72790 1,72720 1,
4240001009574_210_00,550332996,72790 1,71560 1,
4240001009574_210_00,550332996,72500 0,71580 0,
4240001009574_210_00,550332996,72030 0,50260 1,
4240001009574_210_00,550332996,70150 0,72280 0,
4240001009574_210_00,550332996,70150 0,50260 1,
4240001009574_210_00,550332996,50271 0,72720 1,
4240001009574_210_00,550332996,50271 0,71560 1,
4240001009574_210_00,550332996,70580 1,71960 1,
4240001009574_210_00,550332996,71960 0,72390 0,
4240001009574_210_00,550332996,72280 0,72720 1,
4240001009574_210_00,550332996,74320 0,50101 1,
4240001009574_210_00,550332996,73610 1,70150 1,
4240001009574_210_00,550332996,73610 1,71560 1,
4240001009574_210_00,550332996,71560 0,72590 0,
4240001009574_210_00,550332996,72030 0,72630 2,
4240001009574_210_00,550332996,72030 0,72590 0,
4240001009574_210_00,550332996,72720 0,72590 0,
4240001009574_210_00,550332996,70150 0,50260 0,
4240001009574_210_00,550332996,72810 0,71600 0,
4240001009574_210_00,550332996,71970 0,71400 0,
4240001009574_210_00,550332996,50121 1,74320 1,
4240001009574_210_00,550332996,71590 0,72500 1,
4240001009574_210_00,550332996,74320 0,50121 1,
4240001009574_210_00,550332996,71560 0,50260 1,
4240001009574_210_00,550332996,72030 0,73610 0,
4240001009574_210_00,550332996,73300 1,71960 1,
4240001009574_210_00,550332996,73300 1,71970 1,
4240001009574_210_00,550332996,71960 0,70580 0,
4240001009574_210_00,550332996,72800 0,50105 0,
4240001009574_210_00,550332996,50105 1,74320 1,
4240001009574_210_00,550332996,72780 0,70150 1,
4240001009574_210_00,550332996,72630 3,72720 1,
4240001009574_210_00,550332996,72590 1,72030 1,
4240001009574_210_00,550332996,71560 0,50260 0,
4240001009574_210_00,550332996,74040 0,72030 1,
4240001009574_210_00,550332996,72390 1,71970 1,
4240001009574_210_00,550332996,71970 0,70580 0,
4240001009574_210_00,550332996,49016 0,73300 0,
4240001009574_210_00,550332996,49016 0,70580 0,
4240001009574_210_00,550332996,50105 1,72800 1,
4240001009574_210_00,550332996,50101 1,74320 1,
4240001009574_210_00,550332996,74320 0,50105 1,
4240001009574_210_00,550332996,74320 0,50105 0,
4240001009574_210_00,550332996,72590 1,70150 1,
4240001009574_210_00,550332996,71400 1,71960 1,
4240001009574_210_00,550332996,71400 1,71970 1,
4240001009574_220_00,550332996,49014 0,71420 0,
4240001009574_220_00,550332996,70030 1,70970 1,
4240001009574_220_00,550332996,74320 0,73270 1,
4240001009574_220_00,550332996,71400 0,70030 1,
4240001009574_220_00,550332996,70030 1,73300 1,
4240001009574_220_00,550332996,72030 0,50104 0,
4240001009574_220_00,550332996,72720 0,50104 0,
4240001009574_220_00,550332996,70030 1,71400 1,
4240001009574_220_00,550332996,50104 1,72030 1,
4240001009574_220_00,550332996,74320 0,73300 1,
4240001009574_220_00,550332996,70970 0,70030 1,
4240001009574_220_00,550332996,70740 1,49013 1,
4240001009574_220_00,550332996,71400 0,74320 0,
4240001009574_220_00,550332996,70030 1,73270 1,
4240001009574_220_00,550332996,50102 1,72030 1,
4240001009574_220_00,550332996,74320 1,71400 1,
4240001009574_220_00,550332996,50103 1,72720 1,
4240001009574_220_00,550332996,71560 0,50102 0,
4240001009574_220_00,550332996,73300 0,70030 1,
4240001009574_220_00,550332996,70030 0,71400 1,
4240001009574_220_00,550332996,50103 1,72030 1,
4240001009574_220_00,550332996,71560 0,50102 1,
4240001009574_220_00,550332996,50104 1,71560 1,
4240001009574_220_00,550332996,50102 1,72720 1,
4240001009574_220_00,550332996,71400 0,74320 1,
4240001009574_220_00,550332996,71400 0,70030 0,
4240001009574_220_00,550332996,73270 0,74320 0,
4240001009574_220_00,550332996,70150 0,50102 0,
4240001009574_220_00,550332996,73300 0,74320 0,
4240001009574_220_00,550332996,72030 0,50103 1,
4240001009574_220_00,550332996,74320 0,70970 1,
4240001009574_220_00,550332996,74320 1,73270 1,
4240001009574_220_00,550332996,74320 1,70970 1,
4240001009574_220_00,550332996,70150 0,50104 1,
4240001009574_220_00,550332996,50103 1,70150 1,
4240001009574_220_00,550332996,70970 0,70030 0,
4240001009574_220_00,550332996,73300 0,70030 0,
4240001009574_220_00,550332996,72720 0,50102 0,
4240001009574_220_00,550332996,73300 0,74320 1,
4240001009574_220_00,550332996,70150 0,50102 1,
4240001009574_220_00,550332996,50104 1,72720 1,
4240001009574_220_00,550332996,71540 1,49013 1,
4240001009574_220_00,550332996,50102 1,70150 1,
4240001009574_220_00,550332996,72720 0,50104 1,
4240001009574_220_00,550332996,72720 0,50102 1,
4240001009574_220_00,550332996,73270 0,70030 0,
4240001009574_220_00,550332996,70150 0,50104 0,
4240001009574_220_00,550332996,71560 0,50103 0,
4240001009574_220_00,550332996,71560 0,50103 1,
4240001009574_220_00,550332996,71420 1,49013 1,
4240001009574_220_00,550332996,49013 0,71540 0,
4240001009574_220_00,550332996,74320 1,73300 1,
4240001009574_220_00,550332996,50104 1,70150 1,
4240001009574_220_00,550332996,50102 1,71560 1,
4240001009574_220_00,550332996,70030 0,73270 1,
4240001009574_220_00,550332996,71560 0,50104 1,
4240001009574_220_00,550332996,71420 1,49014 1,
4240001009574_220_00,550332996,72400 1,49013 1,
4240001009574_220_00,550332996,49013 0,70740 0,
4240001009574_220_00,550332996,73270 0,70030 1,
4240001009574_220_00,550332996,70150 0,50103 1,
4240001009574_220_00,550332996,72030 0,50103 0,
4240001009574_220_00,550332996,70970 0,74320 0,
4240001009574_220_00,550332996,71540 1,49014 1,
4240001009574_220_00,550332996,49014 0,72400 0,
4240001009574_220_00,550332996,49014 0,71540 0,
4240001009574_220_00,550332996,72030 0,50104 1,
4240001009574_220_00,550332996,72030 0,50102 1,
4240001009574_220_00,550332996,50103 1,71560 1,
4240001009574_220_00,550332996,70970 0,74320 1,
4240001009574_220_00,550332996,49013 0,71420 0,
4240001009574_220_00,550332996,70030 0,70970 1,
4240001009574_220_00,550332996,74320 0,71400 1,
4240001009574_220_00,550332996,72030 0,50102 0,
4240001009574_220_00,550332996,72720 0,50103 0,
4240001009574_220_00,550332996,70150 0,50103 0,
4240001009574_220_00,550332996,71560 0,50104 0,
4240001009574_220_00,550332996,72720 0,50103 1,
4240001009574_220_00,550332996,70740 1,49014 1,
4240001009574_220_00,550332996,73270 0,74320 1,
4240001009574_220_00,550332996,49014 0,70740 0,
4240001009574_220_00,550332996,70030 0,73300 1,
4240001009574_220_00,550332996,49013 0,72400 0,
4240001009574_220_00,550332996,72400 1,49014 1,
4240001009574_230_00,550332996,70810 0,50110 0,
4240001009574_230_00,550332996,70810 0,50121 1,
4240001009574_230_00,550332996,70810 0,50101 0,
4240001009574_230_00,550332996,50105 1,70030 1,
4240001009574_230_00,550332996,50105 0,70800 1,
4240001009574_230_00,550332996,50101 1,70810 1,
4240001009574_230_00,550332996,70780 0,50110 0,
4240001009574_230_00,550332996,70780 0,50105 0,
4240001009574_230_00,550332996,50110 0,70810 1,
4240001009574_230_00,550332996,50101 0,70810 1,
4240001009574_230_00,550332996,50105 1,70810 1,
4240001009574_230_00,550332996,50101 1,70030 1,
4240001009574_230_00,550332996,70030 0,50110 0,
4240001009574_230_00,550332996,70030 0,50121 1,
4240001009574_230_00,550332996,50101 0,70030 1,
4240001009574_230_00,550332996,50105 0,70810 1,
4240001009574_230_00,550332996,50101 0,70800 1,
4240001009574_230_00,550332996,70810 0,50101 1,
4240001009574_230_00,550332996,50101 1,70800 1,
4240001009574_230_00,550332996,70780 0,50105 1,
4240001009574_230_00,550332996,70800 0,50121 1,
4240001009574_230_00,550332996,70800 0,50105 1,
4240001009574_230_00,550332996,70800 0,50105 0,
4240001009574_230_00,550332996,50110 0,70030 1,
4240001009574_230_00,550332996,50110 0,70800 1,
4240001009574_230_00,550332996,70810 0,50105 1,
4240001009574_230_00,550332996,70810 0,50105 0,
4240001009574_230_00,550332996,70780 0,50101 0,
4240001009574_230_00,550332996,70030 0,50105 0,
4240001009574_230_00,550332996,70800 0,50101 0,
4240001009574_230_00,550332996,50121 1,70030 1,
4240001009574_230_00,550332996,50121 1,70800 1,
4240001009574_230_00,550332996,50121 1,70810 1,
4240001009574_230_00,550332996,50105 1,70800 1,
4240001009574_230_00,550332996,50105 0,70030 1,
4240001009574_230_00,550332996,70780 0,50101 1,
4240001009574_230_00,550332996,70030 0,50101 0,
4240001009574_230_00,550332996,70800 0,50110 0,
4240001009574_230_00,550332996,70800 0,50101 1,
4240001009574_230_00,550332996,70780 0,50121 1,
4240001009574_230_00,550332996,70030 0,50105 1,
4240001009574_230_00,550332996,70030 0,50101 1,
4240001009574_240_00,3838942938,51980 0,50020 2,
4240001009574_240_00,3838942938,71100 0,51240 3,
4240001009574_240_00,3838942938,50020 2,75030 0,
4240001009574_240_00,3838942938,51990 0,51240 3,
4240001009574_240_00,3838942938,51990 0,50030 1,
4240001009574_240_00,3838942938,50950 0,75030 0,
4240001009574_240_00,3838942938,50950 0,50940 0,
4240001009574_240_00,3838942938,50030 8,50030 1,
4240001009574_240_00,3838942938,50920 0,51990 0,
4240001009574_240_00,3838942938,74020 0,75030 0,
4240001009574_240_00,3838942938,51590 0,74010 0,
4240001009574_240_00,3838942938,51590 0,74020 0,
4240001009574_240_00,3838942938,52000 0,50030 8,
4240001009574_240_00,3838942938,52000 0,50030 1,
4240001009574_240_00,1261976881,50320 0,52140 1,
4240001009574_240_00,1261976881,52960 1,50020 5,
4240001009574_240_00,1261976881,50020 5,50060 999,
4240001009574_240_00,1261976881,50020 5,52960 1,
4240001009574_240_00,1261976881,52140 1,50320 0,
4240001009574_240_00,103994292,50060 9,72530 1,
4240001009574_240_00,103994292,74330 1,71350 1,
4240001009574_240_00,103994292,74330 1,74395 1,
4240001009574_240_00,103994292,73470 1,71980 1,
4240001009574_240_00,103994292,73410 1,72870 1,
4240001009574_240_00,103994292,74400 1,74395 1,
4240001009574_240_00,103994292,50050 1,73470 1,
4240001009574_240_00,103994292,71320 1,74360 1,
4240001009574_240_00,103994292,71320 1,74390 1,
4240001009574_240_00,103994292,71980 0,50320 0,
4240001009574_240_00,103994292,50040 0,50060 5,
4240001009574_240_00,103994292,74330 0,50320 0,
4240001009574_240_00,103994292,50320 0,50020 5,
4240001009574_240_00,103994292,74400 0,50020 5,
4240001009574_240_00,103994292,71320 0,50040 0,
4240001009574_240_00,103994292,74360 0,72530 0,
4240001009574_240_00,103994292,74340 0,50040 0,
4240001009574_240_00,103994292,74340 0,73470 0,
4240001009574_240_00,103994292,73410 0,73470 0,
4240001009574_240_00,103994292,74350 0,71320 0,
4240001009574_240_00,103994292,73780 0,74400 0,
4240001009574_240_00,103994292,50020 5,50030 4,
4240001009574_240_00,103994292,71350 0,71320 0,
4240001009574_240_00,103994292,71350 0,50020 5,
4240001009574_240_00,3594359697,25150 0,51404 0,
4240001009574_240_00,3594359697,55200 0,74240 0,
4240001009574_240_00,3594359697,50040 0,55170 0,
4240001009574_240_00,3594359697,70430 0,55180 0,
4240001009574_240_00,3594359697,70430 0,55170 0,
4240001009574_240_00,3594359697,73980 0,55190 0,
4240001009574_240_00,3594359697,73980 0,47014 0,
4240001009574_240_00,3594359697,70347 0,55180 0,
4240001009574_240_00,3594359697,73950 0,55190 0,
4240001009574_240_00,3594359697,73950 0,50050 0,
4240001009574_240_00,3594359697,73950 0,71460 0,
4240001009574_240_00,3594359697,73950 0,55170 0,
4240001009574_240_00,3594359697,73950 0,50020 5,
4240001009574_240_00,3594359697,73950 0,73990 0,
4240001009574_240_00,3594359697,50350 0,50320 0,
4240001009574_240_00,3594359697,50350 0,50060 10,
4240001009574_240_00,3594359697,71460 0,70350 0,
4240001009574_240_00,3594359697,71460 0,73280 0,
4240001009574_240_00,3594359697,50340 0,50040 0,
4240001009574_240_00,3594359697,50340 0,55180 0,
4240001009574_240_00,3594359697,50340 0,50050 0,
4240001009574_240_00,3594359697,50060 10,55200 0,
4240001009574_240_00,3594359697,73940 0,55190 0,
4240001009574_240_00,3594359697,73940 0,50350 0,
4240001009574_240_00,3594359697,70350 0,50320 0,
4240001009574_240_00,3594359697,70350 0,72090 0,
4240001009574_240_00,3594359697,70350 0,50060 10,
4240001009574_240_00,3594359697,50030 4,25150 0,
4240001009574_240_00,3594359697,50030 4,50060 10,
4240001009574_240_00,3594359697,47014 0,50040 0,
4240001009574_240_00,3594359697,73280 0,50320 0,
4240001009574_240_00,542189229,52380 0,50060 6,
4240001009574_240_00,542189229,50950 1,50880 0,
4240001009574_240_00,542189229,50950 1,52370 0,
4240001009574_240_00,542189229,50880 0,50540 0,
4240001009574_240_00,542189229,50940 0,52380 0,
4240001009574_240_00,835754522,70930 1,71040 1,
4240001009574_240_00,835754522,70930 1,71290 1,
4240001009574_240_00,835754522,51190 1,71740 1,
4240001009574_240_00,835754522,51190 1,51055 7,
4240001009574_240_00,2355023358,55200 0,71370 0,
4240001009574_240_00,2355023358,50040 0,55180 0,
4240001009574_240_00,2355023358,70430 0,55190 0,
4240001009574_240_00,2355023358,55190 0,70010 0,
4240001009574_240_00,2355023358,55170 0,55180 0,
4240001009574_240_00,2355023358,50060 10,25150 0,
4240001009574_240_00,2355023358,50020 3,55190 0,
4240001009574_240_00,2355023358,50020 3,50020 5,
4240001009574_240_00,2355023358,50020 3,50060 10,
4240001009574_240_00,201880385,72610 1,72660 1,
4240001009574_240_00,201880385,70540 1,72470 1,
4240001009574_240_00,201880385,70540 1,72630 1,
4240001009574_240_00,201880385,70540 1,70520 1,
4240001009574_240_00,201880385,50030 11,71440 1,
4240001009574_240_00,201880385,50030 11,72630 1,
4240001009574_240_00,201880385,50050 0,50280 1,
4240001009574_240_00,201880385,71440 1,72660 1,
4240001009574_240_00,201880385,50860 1,72660 1,
4240001009574_240_00,201880385,50850 1,72630 1,
4240001009574_240_00,201880385,50060 11,72610 1,
4240001009574_240_00,201880385,50020 3,50840 1,
4240001009574_240_00,201880385,50020 3,70540 1,
4240001009574_240_00,201880385,50020 3,50030 11,
4240001009574_240_00,201880385,50020 3,71440 1,
4240001009574_240_00,201880385,50020 3,72630 1,
4240001009574_240_00,201880385,50020 3,50860 1,
4240001009574_240_00,201880385,24960 7,72600 1,
4240001009574_240_00,208731032,50940 1,50950 2,
4240001009574_240_00,208731032,50880 1,52080 3,
4240001009574_240_00,208731032,52060 0,50030 8,
4240001009574_240_00,208731032,52060 0,50860 4,
4240001009574_240_00,208731032,52380 1,73250 0,
4240001009574_240_00,208731032,52380 1,50030 8,
4240001009574_240_00,208731032,52380 1,50860 4,
4240001009574_240_00,208731032,73250 0,50860 4,
4240001009574_240_00,208731032,51620 1,72760 0,
4240001009574_240_00,208731032,52370 1,50860 4,
4240001009574_240_00,208731032,75013 1,51480 0,
4240001009574_240_00,208731032,50060 6,51620 1,
4240001009574_240_00,208731032,50060 6,72760 0,
4240001009574_240_00,208731032,50060 6,52030 2,
4240001009574_240_00,208731032,52050 0,72820 0,
4240001009574_240_00,208731032,52080 3,52000 0,
4240001009574_240_00,208731032,52080 3,50030 5,
4240001009574_240_00,208731032,73010 1,51990 0,
4240001009574_240_00,208731032,73010 1,52000 0,
4240001009574_240_00,2300128744,71270 0,73410 0,
4240001009574_240_00,2300128744,71230 0,50050 0,
4240001009574_240_00,2300128744,71210 0,50040 0,
4240001009574_240_00,201880385,50830 0,50030 1,
4240001009574_240_00,201880385,50830 0,50040 1,
4240001009574_240_00,201880385,50830 0,46044 0,
4240001009574_240_00,201880385,73450 0,70540 0,
4240001009574_240_00,201880385,50860 0,50040 1,
4240001009574_240_00,201880385,72600 0,70520 0,
4240001009574_240_00,201880385,72600 0,50850 0,
4240001009574_240_00,201880385,70520 0,50850 0,
4240001009574_240_00,201880385,72610 0,50040 1,
4240001009574_240_00,201880385,72610 0,71440 0,
4240001009574_240_00,201880385,72610 0,72740 0,
4240001009574_240_00,201880385,50870 0,50850 0,
4240001009574_240_00,201880385,50870 0,50020 1,
4240001009574_240_00,201880385,50850 0,50030 1,
4240001009574_240_00,201880385,50850 0,50060 10,
4240001009574_240_00,201880385,50850 0,50050 1,
4240001009574_240_00,201880385,72470 0,70540 0,
4240001009574_240_00,201880385,70540 0,71440 0,
4240001009574_240_00,201880385,70540 0,50840 0,
4240001009574_240_00,201880385,50050 1,50040 1,
4240001009574_240_00,201880385,72040 0,70540 0,
4240001009574_240_00,3594359697,50340 1,72090 1,
4240001009574_240_00,3594359697,55200 1,50040 1,
4240001009574_240_00,3594359697,55200 1,50050 1,
4240001009574_240_00,3594359697,50030 7,72090 1,
4240001009574_240_00,3594359697,70020 1,55190 1,
4240001009574_240_00,3594359697,50020 4,50340 1,
4240001009574_240_00,3594359697,55170 1,73280 1,
4240001009574_240_00,3594359697,55170 1,50030 7,
4240001009574_240_00,3594359697,50320 1,70347 1,
4240001009574_240_00,3594359697,73400 1,70350 1,
4240001009574_240_00,3594359697,50050 1,70355 0,
4240001009574_240_00,3594359697,55190 1,50040 1,
4240001009574_240_00,3594359697,55190 1,70347 1,
4240001009574_240_00,3594359697,55190 1,70350 1,
4240001009574_240_00,103994292,74395 0,74330 0,
4240001009574_240_00,103994292,74395 0,74340 0,
4240001009574_240_00,103994292,74395 0,50060 5,
4240001009574_240_00,103994292,72530 0,50060 5,
4240001009574_240_00,103994292,74360 0,50060 5,
4240001009574_240_00,103994292,74410 0,73470 0,
4240001009574_240_00,103994292,73410 0,50050 0,
4240001009574_240_00,103994292,72870 0,71320 0,
4240001009574_240_00,103994292,71350 0,50320 0,
4240001009574_240_00,103994292,71350 0,73410 0,
4240001009574_240_00,2233809208,50540 1,75017 1,
4240001009574_240_00,2233809208,50940 1,70360 1,
4240001009574_240_00,2233809208,50940 1,47014 3,
4240001009574_240_00,2233809208,50940 1,73010 1,
4240001009574_240_00,2233809208,50880 1,50950 2,
4240001009574_240_00,2233809208,50880 1,52370 1,
4240001009574_240_00,2233809208,52390 2,75017 1,
4240001009574_240_00,2233809208,75019 1,75018 1,
4240001009574_240_00,2233809208,52370 1,50940 1,
4240001009574_240_00,2233809208,52370 1,50940 0,
4240001009574_240_00,2233809208,50060 6,52080 1,
4240001009574_240_00,2233809208,50060 6,52370 1,
4240001009574_240_00,2233809208,72325 1,73755 1,
4240001009574_240_00,3594359697,50040 0,55180 0,
4240001009574_240_00,3594359697,50040 0,50050 0,
4240001009574_240_00,3594359697,70430 0,55190 0,
4240001009574_240_00,3594359697,73400 0,50350 0,
4240001009574_240_00,3594359697,72090 0,50340 0,
4240001009574_240_00,3594359697,70347 0,72090 0,
4240001009574_240_00,3594359697,50050 0,55180 0,
4240001009574_240_00,3594359697,71760 0,50320 0,
4240001009574_240_00,3594359697,47014 0,55190 0,
4240001009574_240_00,3594359697,47014 0,50050 0,
4240001009574_240_00,3594359697,73280 0,25150 0,
4240001009574_240_00,3594359697,73280 0,50020 5,
4240001009574_240_00,3594359697,50340 0,50320 0,
4240001009574_240_00,3594359697,50020 5,50060 5,
4240001009574_240_00,3594359697,71760 0,72090 0,
4240001009574_240_00,3594359697,47014 0,50320 0,
4240001009574_240_00,3594359697,73280 0,50030 4,
4240001009574_240_00,3160249464,75016 0,73010 0,
4240001009574_240_00,3160249464,75016 0,50880 0,
4240001009574_240_00,3160249464,75016 0,50940 0,
4240001009574_240_00,3160249464,75016 0,52080 2,
4240001009574_240_00,3160249464,73010 0,50940 1,
4240001009574_240_00,3160249464,73010 0,50060 6,
4240001009574_240_00,3160249464,52080 0,73755 0,
4240001009574_240_00,3160249464,52080 0,52380 0,
4240001009574_240_00,3160249464,50940 1,50880 0,
4240001009574_240_00,3160249464,73755 0,52390 3,
4240001009574_240_00,3160249464,75018 0,52390 3,
4240001009574_240_00,3160249464,75018 0,75019 0,
4240001009574_240_00,3160249464,50950 1,52380 0,
4240001009574_240_00,3160249464,50880 0,50060 6,
4240001009574_240_00,3160249464,50940 0,50060 6,
4240001009574_240_00,3160249464,70360 0,73010 0,
4240001009574_240_00,3160249464,70360 0,72325 0,
4240001009574_240_00,3160249464,70360 0,52080 2,
4240001009574_240_00,3160249464,75017 0,50060 6,
4240001009574_240_00,3160249464,52080 2,73010 0,
4240001009574_240_00,3160249464,52080 2,50060 6,
4240001009574_240_00,3160249464,52080 2,50880 0,
4240001009574_240_00,3160249464,47014 0,50880 0,
4240001009574_240_00,3160249464,47014 0,70360 0,
4240001009574_240_00,3160249464,75015 0,75016 0,
4240001009574_240_00,3160249464,75015 0,73010 0,
4240001009574_240_00,3160249464,75015 0,75018 0,
4240001009574_240_00,3160249464,75015 0,52080 2,
4240001009574_240_00,550332996,71960 1,46014 1,
4240001009574_240_00,550332996,71960 1,46057 1,
4240001009574_240_00,1004470243,50330 0,52960 0,
4240001009574_240_00,1004470243,51991 1,50060 1,
4240001009574_240_00,1004470243,51991 1,50050 3,
4240001009574_240_00,1004470243,50030 7,50060 999,
4240001009574_240_00,1004470243,50060 1,51991 1,
4240001009574_240_00,1004470243,50060 1,52140 0,
4240001009574_240_00,1004470243,52130 0,52960 0,
4240001009574_240_00,1004470243,52140 0,50060 1,
4240001009574_240_00,1004470243,52960 0,50330 0,
4240001009574_240_00,1004470243,52960 0,50060 999,
4240001009574_240_00,1004470243,52960 0,52130 0,
4240001009574_240_00,1004470243,50050 3,51991 1,
4240001009574_240_00,3838942938,74010 0,71100 0,
4240001009574_240_00,3838942938,51610 0,50020 2,
4240001009574_240_00,3838942938,51610 0,50910 0,
4240001009574_240_00,3838942938,51610 0,51240 999,
4240001009574_240_00,3838942938,72730 0,51980 1,
4240001009574_240_00,3838942938,72730 0,50030 8,
4240001009574_240_00,3838942938,50940 1,50020 2,
4240001009574_240_00,3838942938,50940 1,50030 8,
4240001009574_240_00,3838942938,50940 1,74020 0,
4240001009574_240_00,3838942938,50940 1,72730 1,
4240001009574_240_00,3838942938,50030 9,50020 2,
4240001009574_240_00,3838942938,51990 0,51980 0,
4240001009574_240_00,3838942938,51980 1,51980 0,
4240001009574_240_00,3838942938,51980 1,71100 0,
4240001009574_240_00,3838942938,51980 1,51600 1,
4240001009574_240_00,3838942938,51980 1,51620 1,
4240001009574_240_00,3838942938,51600 1,74010 0,
4240001009574_240_00,3838942938,51600 1,50030 8,
4240001009574_240_00,3838942938,51600 1,50910 1,
4240001009574_240_00,3838942938,51600 1,51240 999,
4240001009574_240_00,3838942938,50950 3,51990 0,
4240001009574_240_00,3838942938,50950 3,51240 999,
4240001009574_240_00,3838942938,50950 3,50930 0,
4240001009574_240_00,3838942938,51240 3,51980 0,
4240001009574_240_00,3838942938,51240 3,50920 1,
4240001009574_240_00,3838942938,51240 3,51990 1,
4240001009574_240_00,3838942938,51240 3,24960 7,
4240001009574_240_00,3838942938,51600 0,50020 2,
4240001009574_240_00,3838942938,51600 0,50030 8,
4240001009574_240_00,3838942938,51600 0,51240 999,
4240001009574_240_00,3838942938,50030 1,71100 0,
4240001009574_240_00,3838942938,51620 1,50030 1,
4240001009574_240_00,3838942938,51620 1,50930 0,
4240001009574_240_00,3838942938,51620 1,51590 0,
4240001009574_240_00,3838942938,51590 1,74010 0,
4240001009574_240_00,3838942938,51590 1,50020 2,
4240001009574_240_00,3838942938,51590 1,74020 0,
4240001009574_240_00,3838942938,51590 1,51240 999,
4240001009574_240_00,3838942938,50920 1,50920 0,
4240001009574_240_00,3838942938,50920 1,51621 0,
4240001009574_240_00,3838942938,51621 0,50940 1,
4240001009574_240_00,3838942938,71510 0,51980 0,
4240001009574_240_00,3838942938,71510 0,50950 3,
4240001009574_240_00,3838942938,71510 0,51590 1,
4240001009574_240_00,3838942938,50910 1,51980 0,
4240001009574_240_00,3838942938,50910 1,50950 3,
4240001009574_240_00,3838942938,51580 0,50920 0,
4240001009574_240_00,3838942938,50940 0,50030 1,
4240001009574_240_00,3838942938,50940 0,51240 999,
4240001009574_240_00,3838942938,50940 0,50930 0,
4240001009574_240_00,3838942938,74020 0,72730 1,
4240001009574_240_00,3838942938,74010 1,51600 1,
4240001009574_240_00,3838942938,74010 1,52000 1,
4240001009574_240_00,3838942938,50930 1,50910 0,
4240001009574_240_00,3838942938,50930 1,74020 0,
4240001009574_240_00,3838942938,71100 1,51610 0,
4240001009574_240_00,3838942938,71100 1,50940 1,
4240001009574_240_00,3838942938,71100 1,51600 0,
4240001009574_240_00,3838942938,71100 1,50920 1,
4240001009574_240_00,3838942938,71100 1,24960 7,
4240001009574_240_00,3838942938,52000 1,51990 0,
4240001009574_240_00,3838942938,52000 1,51610 1,
4240001009574_240_00,3838942938,74020 1,51980 0,
4240001009574_240_00,3838942938,74020 1,51600 1,
4240001009574_240_00,3838942938,74020 1,51600 0,
4240001009574_240_00,3838942938,74020 1,51990 1,
4240001009574_240_00,3838942938,51990 1,51621 0,
4240001009574_240_00,3838942938,51990 1,74020 0,
4240001009574_240_00,3838942938,50020 3,51980 0,
4240001009574_240_00,3838942938,50020 3,50950 3,
4240001009574_240_00,3838942938,50020 3,51600 0,
4240001009574_240_00,3838942938,50020 3,51620 1,
4240001009574_240_00,3838942938,50020 3,50940 0,
4240001009574_240_00,3838942938,52000 0,71100 0,
4240001009574_240_00,3838942938,52000 0,51990 0,
4240001009574_240_00,3838942938,24960 7,51621 0,
4240001009574_240_00,3594359697,25150 0,71370 0,
4240001009574_240_00,3594359697,55200 0,70570 0,
4240001009574_240_00,3594359697,50040 0,55190 0,
4240001009574_240_00,3594359697,70430 0,25150 0,
4240001009574_240_00,3594359697,70430 0,55210 0,
4240001009574_240_00,3594359697,55180 0,55190 0,
4240001009574_240_00,3594359697,73400 0,72090 0,
4240001009574_240_00,3594359697,50320 0,70430 0,
4240001009574_240_00,3594359697,50320 0,55170 0,
4240001009574_240_00,3594359697,55190 0,74260 0,
4240001009574_240_00,3594359697,55190 0,70010 0,
4240001009574_240_00,3594359697,70347 0,50320 0,
4240001009574_240_00,3594359697,70347 0,55190 0,
4240001009574_240_00,3594359697,70347 0,50350 0,
4240001009574_240_00,3594359697,50050 0,55210 0,
4240001009574_240_00,3594359697,50350 0,70430 0,
4240001009574_240_00,3594359697,50340 0,25150 0,
4240001009574_240_00,3594359697,55170 0,55200 0,
4240001009574_240_00,3594359697,55170 0,55210 0,
4240001009574_240_00,3594359697,70350 0,73280 0,
4240001009574_240_00,3594359697,71760 0,50020 5,
4240001009574_240_00,2300128744,71410 1,71190 0,
4240001009574_240_00,2300128744,51330 1,71190 0,
4240001009574_240_00,2300128744,51330 1,51410 1,
4240001009574_240_00,2300128744,50030 7,71410 1,
4240001009574_240_00,2300128744,50030 7,73290 1,
4240001009574_240_00,2300128744,50030 7,51340 1,
4240001009574_240_00,2300128744,50030 7,50020 7,
4240001009574_240_00,2300128744,71220 1,71240 1,
4240001009574_240_00,2300128744,50020 0,51550 1,
4240001009574_240_00,2300128744,50020 0,73290 1,
4240001009574_240_00,2300128744,50020 0,73790 1,
4240001009574_240_00,2300128744,50040 1,51410 1,
4240001009574_240_00,2300128744,51550 1,70280 1,
4240001009574_240_00,2300128744,51540 1,71740 1,
4240001009574_240_00,2300128744,51540 1,51055 6,
4240001009574_240_00,2300128744,73290 1,71190 0,
4240001009574_240_00,2300128744,50060 3,71410 1,
4240001009574_240_00,2300128744,50060 3,51330 1,
4240001009574_240_00,2300128744,50060 3,50030 7,
4240001009574_240_00,2300128744,51340 1,71230 1,
4240001009574_240_00,2300128744,51340 1,51320 1,
4240001009574_240_00,2300128744,51410 1,71190 0,
4240001009574_240_00,2300128744,51410 1,71230 1,
4240001009574_240_00,2300128744,50020 7,51550 1,
4240001009574_240_00,2300128744,50020 7,71190 0,
4240001009574_240_00,2300128744,50050 1,51330 1,
4240001009574_240_00,2300128744,50050 1,50020 7,
4240001009574_240_00,835754522,71740 0,70930 0,
4240001009574_240_00,835754522,70380 0,74370 0,
4240001009574_240_00,835754522,51190 0,72760 0,
4240001009574_240_00,835754522,51190 0,74380 0,
4240001009574_240_00,835754522,71620 0,72150 0,
4240001009574_240_00,835754522,73000 0,50050 3,
4240001009574_240_00,835754522,74380 0,50050 3,
4240001009574_240_00,835754522,73190 0,74370 0,
4240001009574_240_00,835754522,52030 2,73250 0,
4240001009574_240_00,835754522,72120 0,50050 3,
4240001009574_240_00,3594359697,25150 0,55210 0,
4240001009574_240_00,3594359697,55200 0,55210 0,
4240001009574_240_00,3594359697,55200 0,70020 0,
4240001009574_240_00,3594359697,55200 0,73900 0,
4240001009574_240_00,3594359697,50040 0,55200 0,
4240001009574_240_00,3594359697,50040 0,50060 10,
4240001009574_240_00,3594359697,72090 0,55190 0,
4240001009574_240_00,3594359697,55190 0,70020 0,
4240001009574_240_00,3594359697,70347 0,73280 0,
4240001009574_240_00,3594359697,50050 0,50060 10,
4240001009574_240_00,3594359697,73185 0,50020 5,
4240001009574_240_00,3594359697,73185 0,50030 4,
4240001009574_240_00,3594359697,50020 5,50040 0,
4240001009574_240_00,3594359697,50060 10,55170 0,
4240001009574_240_00,3594359697,71760 0,73280 0,
4240001009574_240_00,3594359697,50030 4,55170 0,
4240001009574_240_00,3594359697,73280 0,70430 0,
4240001009574_240_00,3594359697,50330 0,72090 1,
4240001009574_240_00,3594359697,73280 1,74200 1,
4240001009574_240_00,3594359697,50350 1,73280 1,
4240001009574_240_00,3594359697,50030 7,73710 0,
4240001009574_240_00,3594359697,50030 7,74200 1,
4240001009574_240_00,3594359697,50040 1,70347 1,
4240001009574_240_00,3594359697,50040 1,70350 1,
4240001009574_240_00,3594359697,50040 1,73990 1,
4240001009574_240_00,3594359697,70350 1,73940 1,
4240001009574_240_00,3594359697,73710 0,73390 1,
4240001009574_240_00,3594359697,73710 0,71460 1,
4240001009574_240_00,3594359697,50060 3,50040 1,
4240001009574_240_00,3594359697,73990 1,73390 1,
4240001009574_240_00,3594359697,50050 1,72090 1,
4240001009574_240_00,3594359697,50050 1,70347 1,
4240001009574_240_00,3594359697,50050 1,70350 1,
4240001009574_240_00,3594359697,50050 1,73950 1,
4240001009574_240_00,3594359697,71760 1,73710 0,
4240001009574_240_00,3594359697,73950 1,73390 1,
4240001009574_240_00,2300128744,51550 0,51540 2,
4240001009574_240_00,2300128744,51550 0,50050 0,
4240001009574_240_00,2300128744,51550 0,50020 5,
4240001009574_240_00,2300128744,51540 2,50020 5,
4240001009574_240_00,2300128744,50040 0,50060 5,
4240001009574_240_00,2300128744,73690 0,50050 0,
4240001009574_240_00,2300128744,73690 0,70920 0,
4240001009574_240_00,2300128744,50320 0,50030 4,
4240001009574_240_00,2300128744,73470 0,50060 5,
4240001009574_240_00,2300128744,51055 1,71220 0,
4240001009574_240_00,2300128744,71060 0,51540 0,
4240001009574_240_00,2300128744,70280 0,51550 0,
4240001009574_240_00,2300128744,71230 0,22540 0,
4240001009574_240_00,2300128744,71230 0,50020 5,
4240001009574_240_00,2300128744,71230 0,50030 4,
4240001009574_240_00,2300128744,71280 0,22540 0,
4240001009574_240_00,2300128744,71280 0,73690 0,
4240001009574_240_00,2300128744,71210 0,22540 0,
4240001009574_240_00,2300128744,71210 0,50020 5,
4240001009574_240_00,2300128744,71210 0,50030 4,
4240001009574_240_00,2300128744,71220 0,51540 2,
4240001009574_240_00,2300128744,71220 0,50020 5,
4240001009574_240_00,2300128744,70920 0,50060 5,
4240001009574_240_00,2300128744,71240 0,51550 0,
4240001009574_240_00,2300128744,71720 0,51550 0,
4240001009574_240_00,550332996,50030 3,51010 0,
4240001009574_240_00,550332996,50105 0,50101 0,
4240001009574_240_00,550332996,72280 0,50101 0,
4240001009574_240_00,550332996,50070 0,51010 0,
4240001009574_240_00,550332996,50101 0,51010 0,
4240001009574_240_00,3594359697,72090 0,50060 5,
4240001009574_240_00,3594359697,70347 0,50050 0,
4240001009574_240_00,3594359697,50340 0,50020 5,
4240001009574_240_00,3594359697,50340 0,50030 4,
4240001009574_240_00,3594359697,70350 0,50030 4,
4240001009574_240_00,3594359697,73280 0,72090 0,
4240001009574_240_00,3594359697,73280 0,50350 0,
4240001009574_240_00,1024075922,50340 1,73250 1,
4240001009574_240_00,1024075922,50350 1,73840 1,
4240001009574_240_00,1024075922,50350 1,73850 1,
4240001009574_240_00,1024075922,50030 7,72080 0,
4240001009574_240_00,1024075922,50020 4,73840 1,
4240001009574_240_00,1024075922,50040 1,50340 1,
4240001009574_240_00,1024075922,50040 1,73890 1,
4240001009574_240_00,1024075922,50040 1,50320 1,
4240001009574_240_00,1024075922,73720 1,52030 3,
4240001009574_240_00,1024075922,70670 1,70360 1,
4240001009574_240_00,1024075922,52040 1,73890 1,
4240001009574_240_00,1024075922,73830 1,70360 1,
4240001009574_240_00,1024075922,73800 1,73850 1,
4240001009574_240_00,1024075922,50060 3,50340 1,
4240001009574_240_00,1024075922,50060 3,70360 1,
4240001009574_240_00,1024075922,50060 3,73890 1,
4240001009574_240_00,1024075922,50060 3,73800 1,
4240001009574_240_00,1024075922,50060 3,50320 1,
4240001009574_240_00,1024075922,50060 3,50050 1,
4240001009574_240_00,1024075922,50320 1,73850 1,
4240001009574_240_00,1024075922,73250 1,70360 1,
4240001009574_240_00,1024075922,73250 1,73810 1,
4240001009574_240_00,1024075922,73250 1,47014 3,
4240001009574_240_00,1024075922,52030 3,52050 1,
4240001009574_240_00,1024075922,52030 3,47014 3,
4240001009574_240_00,1024075922,72760 1,72020 1,
4240001009574_240_00,1024075922,50050 1,50330 0,
4240001009574_240_00,103994292,50060 9,50320 1,
4240001009574_240_00,103994292,50060 9,71320 1,
4240001009574_240_00,103994292,50020 4,74400 1,
4240001009574_240_00,103994292,50040 1,50030 7,
4240001009574_240_00,103994292,50040 1,74350 1,
4240001009574_240_00,103994292,50040 1,73470 1,
4240001009574_240_00,103994292,50040 1,71320 1,
4240001009574_240_00,103994292,50320 1,73780 1,
4240001009574_240_00,103994292,50050 1,50030 7,
4240001009574_240_00,103994292,50050 1,74350 1,
4240001009574_240_00,103994292,50050 1,74340 1,
4240001009574_240_00,103994292,50050 1,74360 1,
4240001009574_240_00,103994292,72530 1,70940 1,
4240001009574_240_00,103994292,72530 1,74330 1,
4240001009574_240_00,103994292,72530 1,74400 1,
4240001009574_240_00,3594359697,73400 0,50030 4,
4240001009574_240_00,3594359697,50320 0,50040 0,
4240001009574_240_00,3594359697,73185 0,50040 0,
4240001009574_240_00,3594359697,50030 4,50040 0,
4240001009574_240_00,3594359697,47014 0,50350 0,
4240001009574_240_00,2122499709,72850 0,51590 1,
4240001009574_240_00,2122499709,72850 0,50930 1,
4240001009574_240_00,2122499709,72850 0,51990 1,
4240001009574_240_00,2122499709,71630 0,51990 1,
4240001009574_240_00,2122499709,50030 9,50920 1,
4240001009574_240_00,2122499709,51980 1,51621 0,
4240001009574_240_00,2122499709,51590 1,51610 1,
4240001009574_240_00,2122499709,51480 2,51600 1,
4240001009574_240_00,2122499709,51480 2,51620 1,
4240001009574_240_00,2122499709,51580 0,51610 1,
4240001009574_240_00,2122499709,50930 1,51610 1,
4240001009574_240_00,2122499709,52000 1,51620 1,
4240001009574_240_00,2122499709,52000 1,51580 0,
4240001009574_240_00,2122499709,50060 0,51620 1,
4240001009574_240_00,2122499709,50060 0,52000 1,
4240001009574_240_00,550332996,72390 0,70150 0,
4240001009574_240_00,550332996,70740 0,72030 0,
4240001009574_240_00,550332996,70610 0,72030 0,
4240001009574_240_00,550332996,46048 1,70610 0,
4240001009574_240_00,3594359697,73980 1,73940 1,
4240001009574_240_00,3594359697,73980 1,73990 1,
4240001009574_240_00,3594359697,73980 1,73950 1,
4240001009574_240_00,3594359697,74240 1,55200 1,
4240001009574_240_00,3594359697,50340 1,73280 1,
4240001009574_240_00,3594359697,50340 1,73400 1,
4240001009574_240_00,3594359697,55200 1,25150 1,
4240001009574_240_00,3594359697,50350 1,73390 1,
4240001009574_240_00,3594359697,50350 1,73990 1,
4240001009574_240_00,3594359697,50030 7,50350 1,
4240001009574_240_00,3594359697,50030 7,50320 1,
4240001009574_240_00,3594359697,50040 1,50020 4,
4240001009574_240_00,3594359697,70560 1,55190 1,
4240001009574_240_00,3594359697,55170 1,70347 1,
4240001009574_240_00,3594359697,55170 1,70350 1,
4240001009574_240_00,3594359697,55170 1,73710 0,
4240001009574_240_00,3594359697,72090 1,73980 1,
4240001009574_240_00,3594359697,72090 1,70355 0,
4240001009574_240_00,3594359697,72090 1,70350 1,
4240001009574_240_00,3594359697,70355 0,73390 1,
4240001009574_240_00,3594359697,70355 0,73990 1,
4240001009574_240_00,3594359697,25150 1,72090 1,
4240001009574_240_00,3594359697,25150 1,50060 3,
4240001009574_240_00,3594359697,25150 1,71760 1,
4240001009574_240_00,3594359697,55220 1,55190 1,
4240001009574_240_00,3594359697,73710 0,73980 1,
4240001009574_240_00,3594359697,73710 0,70347 1,
4240001009574_240_00,3594359697,73710 0,73950 1,
4240001009574_240_00,3594359697,50060 3,50350 1,
4240001009574_240_00,3594359697,50060 3,70347 1,
4240001009574_240_00,3594359697,50060 3,70350 1,
4240001009574_240_00,3594359697,50320 1,73280 1,
4240001009574_240_00,3594359697,50320 1,50350 1,
4240001009574_240_00,3594359697,50320 1,47014 1,
4240001009574_240_00,3594359697,70430 1,50030 7,
4240001009574_240_00,3594359697,70430 1,73390 1,
4240001009574_240_00,3594359697,73400 1,71460 1,
4240001009574_240_00,3594359697,73990 1,73950 1,
4240001009574_240_00,3594359697,74200 1,73950 1,
4240001009574_240_00,3594359697,50050 1,50020 4,
4240001009574_240_00,3594359697,55190 1,73280 1,
4240001009574_240_00,3884591149,50540 1,50940 1,
4240001009574_240_00,3884591149,51610 0,52390 3,
4240001009574_240_00,3884591149,50940 1,52390 3,
4240001009574_240_00,3884591149,50940 1,51610 1,
4240001009574_240_00,3884591149,52380 1,51621 0,
4240001009574_240_00,3884591149,50950 1,50880 0,
4240001009574_240_00,3884591149,50950 1,50940 0,
4240001009574_240_00,3884591149,51610 1,51621 0,
4240001009574_240_00,3884591149,52370 1,51610 0,
4240001009574_240_00,3884591149,50940 0,52390 3,
4240001009574_240_00,835754522,71040 0,70930 0,
4240001009574_240_00,835754522,51055 2,70380 0,
4240001009574_240_00,835754522,71010 0,70930 0,
4240001009574_240_00,835754522,71620 0,52030 4,
4240001009574_240_00,550332996,50090 1,50101 1,
4240001009574_240_00,550332996,46044 1,50105 1,
4240001009574_240_00,550332996,46044 1,50860 1,
4240001009574_240_00,550332996,50840 1,50100 1,
4240001009574_240_00,550332996,50100 1,50105 1,
4240001009574_240_00,550332996,50105 1,50102 1,
4240001009574_240_00,550332996,50830 1,50280 1,
4240001009574_240_00,550332996,50101 1,72800 1,
4240001009574_240_00,550332996,50080 1,50270 1,
4240001009574_240_00,550332996,50080 1,74320 1,
4240001009574_240_00,550332996,50060 11,50090 1,
4240001009574_240_00,550332996,50060 11,50101 1,
4240001009574_240_00,206984685,52390 2,52380 1,
4240001009574_240_00,3013652431,51991 0,50340 1,
4240001009574_240_00,2355023358,50040 0,25150 0,
4240001009574_240_00,2355023358,55190 0,55200 0,
4240001009574_240_00,2355023358,55190 0,74250 0,
4240001009574_240_00,2355023358,50020 5,50060 10,
4240001009574_240_00,2355023358,50060 10,55190 0,
4240001009574_240_00,2355023358,50020 3,55180 0,
4240001009574_240_00,2355023358,50030 4,55180 0,
4240001009574_240_00,550332996,50270 1,72810 1,
4240001009574_240_00,550332996,74040 0,72810 1,
4240001009574_240_00,550332996,70150 1,72390 1,
4240001009574_240_00,550332996,72720 0,70740 1,
4240001009574_240_00,550332996,70150 0,70580 1,
4240001009574_240_00,550332996,72400 0,70810 0,
4240001009574_240_00,550332996,72400 0,70800 1,
4240001009574_240_00,550332996,72400 0,70810 1,
4240001009574_240_00,550332996,72400 0,71560 0,
4240001009574_240_00,550332996,70780 0,71420 1,
4240001009574_240_00,550332996,71540 0,72720 0,
4240001009574_240_00,550332996,50260 1,72810 1,
4240001009574_240_00,550332996,70580 0,70780 0,
4240001009574_240_00,550332996,71560 1,70580 1,
4240001009574_240_00,550332996,50271 0,72500 1,
4240001009574_240_00,1261976881,50060 1,52130 1,
4240001009574_240_00,1261976881,50060 1,50320 0,
4240001009574_240_00,1261976881,50060 1,51991 0,
4240001009574_240_00,1261976881,52130 1,50060 1,
4240001009574_240_00,1261976881,50320 0,50060 1,
4240001009574_240_00,1261976881,50050 2,52960 1,
4240001009574_240_00,1261976881,50050 2,52140 1,
4240001009574_240_00,1261976881,51991 0,50060 1,
4240001009574_240_00,1261976881,52140 1,50030 4,
4240001009574_240_00,550332996,46044 1,50280 1,
4240001009574_240_00,550332996,72610 1,74320 1,
4240001009574_240_00,550332996,50840 1,72630 3,
4240001009574_240_00,550332996,50840 1,70520 1,
4240001009574_240_00,550332996,51010 1,72630 3,
4240001009574_240_00,550332996,51010 1,50030 2,
4240001009574_240_00,550332996,50030 2,50840 1,
4240001009574_240_00,550332996,50030 2,71440 1,
4240001009574_240_00,550332996,70800 1,72390 1,
4240001009574_240_00,550332996,71440 1,72630 3,
4240001009574_240_00,550332996,50280 1,71440 1,
4240001009574_240_00,550332996,70810 1,72400 1,
4240001009574_240_00,550332996,50860 1,72610 1,
4240001009574_240_00,550332996,50860 1,72630 3,
4240001009574_240_00,550332996,71560 1,72390 1,
4240001009574_240_00,550332996,70520 1,72630 3,
4240001009574_240_00,550332996,70520 1,71580 1,
4240001009574_240_00,550332996,70520 1,70030 1,
4240001009574_240_00,550332996,50060 11,50280 1,
4240001009574_240_00,1261976881,52130 1,50020 5,
4240001009574_240_00,1261976881,52130 1,50030 4,
4240001009574_240_00,1261976881,50320 0,50050 2,
4240001009574_240_00,1261976881,50320 0,50030 4,
4240001009574_240_00,1261976881,50050 2,50320 0,
4240001009574_240_00,1261976881,50020 5,52130 1,
4240001009574_240_00,1261976881,50020 5,50020 5,
4240001009574_240_00,1261976881,50030 4,52130 1,
4240001009574_240_00,1261976881,50030 4,50320 0,
4240001009574_240_00,3594359697,50330 0,47014 1,
4240001009574_240_00,3594359697,73280 1,73980 1,
4240001009574_240_00,3594359697,73280 1,73990 1,
4240001009574_240_00,3594359697,50340 1,73940 1,
4240001009574_240_00,3594359697,50340 1,70347 1,
4240001009574_240_00,3594359697,50340 1,70350 1,
4240001009574_240_00,3594359697,50340 1,73710 0,
4240001009574_240_00,3594359697,50350 1,73980 1,
4240001009574_240_00,3594359697,50350 1,72090 1,
4240001009574_240_00,3594359697,50020 4,73980 1,
4240001009574_240_00,3594359697,50020 4,50350 1,
4240001009574_240_00,3594359697,50040 1,73390 1,
4240001009574_240_00,3594359697,50040 1,71460 1,
4240001009574_240_00,3594359697,50040 1,71760 1,
4240001009574_240_00,3594359697,55170 1,50340 1,
4240001009574_240_00,3594359697,25150 1,50350 1,
4240001009574_240_00,3594359697,25150 1,50020 4,
4240001009574_240_00,3594359697,25150 1,70355 0,
4240001009574_240_00,3594359697,70350 1,71460 1,
4240001009574_240_00,3594359697,55220 1,25150 1,
4240001009574_240_00,3594359697,47014 1,73940 1,
4240001009574_240_00,3594359697,47014 1,73390 1,
4240001009574_240_00,3594359697,47014 1,73990 1,
4240001009574_240_00,3594359697,50060 3,73280 1,
4240001009574_240_00,3594359697,50060 3,73390 1,
4240001009574_240_00,3594359697,50060 3,71460 1,
4240001009574_240_00,3594359697,50060 3,50050 1,
4240001009574_240_00,3594359697,50320 1,72090 1,
4240001009574_240_00,3594359697,70430 1,72090 1,
4240001009574_240_00,3594359697,70430 1,70350 1,
4240001009574_240_00,3594359697,70430 1,74200 1,
4240001009574_240_00,3594359697,71760 1,73390 1,
4240001009574_240_00,3594359697,71760 1,71460 1,
4240001009574_240_00,2355023358,74240 1,25150 1,
4240001009574_240_00,2355023358,55210 1,50040 1,
4240001009574_240_00,2355023358,55170 1,50060 4,
4240001009574_240_00,2355023358,25150 1,50060 4,
4240001009574_240_00,2355023358,55220 1,25150 1,
4240001009574_240_00,2355023358,74260 1,25150 1,
4240001009574_240_00,835754522,52130 1,73000 1,
4240001009574_240_00,835754522,50050 2,72120 1,
4240001009574_240_00,835754522,50050 2,52030 1,
4240001009574_240_00,835754522,52030 1,73190 1,
4240001009574_240_00,835754522,74370 1,70930 1,
4240001009574_240_00,835754522,72150 1,74370 1,
4240001009574_240_00,835754522,73190 1,71740 1,
4240001009574_240_00,835754522,73190 1,71080 1,
4240001009574_240_00,835754522,71620 1,74370 1,
4240001009574_240_00,835754522,71620 1,71290 1,
4240001009574_240_00,550332996,71580 0,71440 0,
4240001009574_240_00,550332996,72630 2,50060 10,
4240001009574_240_00,550332996,72790 0,70520 0,
4240001009574_240_00,550332996,46044 0,51010 0,
4240001009574_240_00,550332996,50280 0,50860 0,
4240001009574_240_00,550332996,50280 0,46044 0,
4240001009574_240_00,550332996,50060 10,51010 0,
4240001009574_240_00,550332996,50060 10,50030 3,
4240001009574_240_00,409958912,51330 1,75040 1,
4240001009574_240_00,409958912,50020 0,51330 1,
4240001009574_240_00,409958912,50020 0,73680 1,
4240001009574_240_00,409958912,50020 0,75040 1,
4240001009574_240_00,409958912,50040 1,50020 0,
4240001009574_240_00,409958912,50040 1,75040 1,
4240001009574_240_00,409958912,73660 1,73670 1,
4240001009574_240_00,409958912,73660 1,71480 1,
4240001009574_240_00,409958912,51340 1,51320 3,
4240001009574_240_00,409958912,75040 1,75030 1,
4240001009574_240_00,409958912,50060 13,51330 1,
4240001009574_240_00,409958912,50060 13,75030 1,
4240001009574_240_00,409958912,50050 1,75040 1,
4240001009574_240_00,3884591149,50060 14,51610 0,
4240001009574_240_00,3884591149,50060 14,50940 1,
4240001009574_240_00,3884591149,50540 1,52390 2,
4240001009574_240_00,3884591149,50940 1,50060 999,
4240001009574_240_00,3884591149,52380 0,50880 0,
4240001009574_240_00,3884591149,52380 1,50940 1,
4240001009574_240_00,3884591149,52390 2,52390 3,
4240001009574_240_00,3884591149,52390 2,51620 1,
4240001009574_240_00,3884591149,52390 2,51610 1,
4240001009574_240_00,3884591149,52390 2,50880 0,
4240001009574_240_00,3884591149,52390 2,52370 0,
4240001009574_240_00,3884591149,52370 1,50950 2,
4240001009574_240_00,3884591149,52370 1,52370 0,
4240001009574_240_00,3884591149,51621 0,51610 0,
4240001009574_240_00,3884591149,51621 0,50540 0,
4240001009574_240_00,3884591149,52370 0,52390 3,
4240001009574_240_00,1004470243,50330 0,50050 3,
4240001009574_240_00,1004470243,50060 1,50060 999,
4240001009574_240_00,1004470243,50060 1,52130 0,
4240001009574_240_00,1004470243,50060 1,50050 3,
4240001009574_240_00,1004470243,52130 0,50060 1,
4240001009574_240_00,1004470243,50050 3,50330 0,
4240001009574_240_00,1004470243,50050 3,50060 1,
4240001009574_240_00,1004470243,50050 3,50050 3,
4240001009574_240_00,409958912,56580 0,50040 0,
4240001009574_240_00,409958912,56580 0,56410 0,
4240001009574_240_00,409958912,56580 0,50060 5,
4240001009574_240_00,409958912,73460 0,56410 0,
4240001009574_240_00,409958912,73460 0,51320 0,
4240001009574_240_00,409958912,75040 0,51320 0,
4240001009574_240_00,409958912,56570 0,50060 5,
4240001009574_240_00,409958912,56410 0,50040 0,
4240001009574_240_00,409958912,56410 0,51320 2,
4240001009574_240_00,409958912,56410 0,51320 0,
4240001009574_240_00,409958912,56410 0,50060 5,
4240001009574_240_00,409958912,56560 0,75040 0,
4240001009574_240_00,409958912,73640 0,50040 0,
4240001009574_240_00,409958912,73640 0,56410 0,
4240001009574_240_00,409958912,73640 0,51320 2,
4240001009574_240_00,3175822612,71100 0,75030 0,
4240001009574_240_00,3175822612,52380 0,71100 0,
4240001009574_240_00,3175822612,52380 0,72730 1,
4240001009574_240_00,3175822612,52380 0,52390 0,
4240001009574_240_00,3175822612,50950 0,72730 1,
4240001009574_240_00,3175822612,50950 0,52390 0,
4240001009574_240_00,3175822612,50950 0,50900 0,
4240001009574_240_00,3175822612,50030 1,72730 1,
4240001009574_240_00,3175822612,52370 0,75030 0,
4240001009574_240_00,3175822612,50940 0,51240 3,
4240001009574_240_00,3175822612,50940 0,50030 8,
4240001009574_240_00,3175822612,50940 0,50900 0,
4240001009574_240_00,3175822612,51991 0,50020 2,
4240001009574_240_00,3175822612,52390 0,50030 1,
4240001009574_240_00,3175822612,50900 0,50020 2,
4240001009574_240_00,3175822612,50900 0,72730 1,
4240001009574_240_00,3594359697,72090 1,73400 1,
4240001009574_240_00,3594359697,73710 0,47014 1,
4240001009574_240_00,3594359697,73710 0,75042 1,
4240001009574_240_00,3594359697,50060 3,72090 1,
4240001009574_240_00,3175822612,72730 0,51991 1,
4240001009574_240_00,3175822612,72730 0,50950 3,
4240001009574_240_00,3175822612,50940 1,50950 3,
4240001009574_240_00,3175822612,51991 1,50950 3,
4240001009574_240_00,3175822612,51240 3,73015 1,
4240001009574_240_00,3175822612,51240 3,74010 1,
4240001009574_240_00,3175822612,51240 3,74020 1,
4240001009574_240_00,3175822612,51240 3,50020 3,
4240001009574_240_00,3175822612,52380 1,52370 1,
4240001009574_240_00,3175822612,71100 1,52370 1,
4240001009574_240_00,3175822612,71100 1,74010 1,
4240001009574_240_00,3175822612,71100 1,74020 1,
4240001009574_240_00,3175822612,71100 1,50020 3,
4240001009574_240_00,3175822612,74020 1,71510 0,
4240001009574_240_00,550332996,50860 0,50830 0,
4240001009574_240_00,550332996,50860 0,46044 0,
4240001009574_240_00,550332996,72810 0,72590 0,
4240001009574_240_00,550332996,70520 0,70540 0,
4240001009574_240_00,550332996,71440 0,51010 0,
4240001009574_240_00,550332996,71440 0,50280 0,
4240001009574_240_00,550332996,70780 0,70520 0,
4240001009574_240_00,550332996,50850 0,50830 0,
4240001009574_240_00,550332996,50850 0,50060 10,
4240001009574_240_00,550332996,72740 0,51010 0,
4240001009574_240_00,550332996,50280 0,51010 0,
4240001009574_240_00,550332996,71420 0,70810 0,
4240001009574_240_00,550332996,70540 0,50860 0,
4240001009574_240_00,550332996,70540 0,50840 0,
4240001009574_240_00,550332996,70800 0,71440 0,
4240001009574_240_00,409958912,73460 0,50060 5,
4240001009574_240_00,409958912,75030 0,51320 2,
4240001009574_240_00,409958912,73650 0,75040 0,
4240001009574_240_00,409958912,73650 0,56410 0,
4240001009574_240_00,409958912,73650 0,50050 0,
4240001009574_240_00,409958912,71990 0,73660 0,
4240001009574_240_00,409958912,50020 27,50020 5,
4240001009574_240_00,409958912,51320 0,50060 5,
4240001009574_240_00,409958912,71480 0,75030 0,
4240001009574_240_00,409958912,73680 0,51330 0,
4240001009574_240_00,409958912,73660 0,56570 0,
4240001009574_240_00,409958912,51330 0,50020 5,
4240001009574_240_00,3594359697,73980 0,50060 5,
4240001009574_240_00,3594359697,73980 0,70350 0,
4240001009574_240_00,3594359697,74200 0,50030 4,
4240001009574_240_00,3594359697,74200 0,73280 0,
4240001009574_240_00,3594359697,73400 0,50060 5,
4240001009574_240_00,3594359697,72090 0,50320 0,
4240001009574_240_00,3594359697,70347 0,50030 4,
4240001009574_240_00,3594359697,73950 0,73400 0,
4240001009574_240_00,3594359697,73950 0,70347 0,
4240001009574_240_00,3594359697,73950 0,50340 0,
4240001009574_240_00,3594359697,73950 0,71760 0,
4240001009574_240_00,3594359697,50350 0,50050 0,
4240001009574_240_00,3594359697,71460 0,50050 0,
4240001009574_240_00,3594359697,73990 0,50050 0,
4240001009574_240_00,3594359697,73940 0,70347 0,
4240001009574_240_00,3594359697,70350 0,50040 0,
4240001009574_240_00,3594359697,70350 0,73400 0,
4240001009574_240_00,3594359697,70350 0,70347 0,
4240001009574_240_00,3594359697,73390 0,50040 0,
4240001009574_240_00,3594359697,73390 0,73980 0,
4240001009574_240_00,3594359697,73390 0,74200 0,
4240001009574_240_00,3594359697,47014 0,72090 0,
4240001009574_240_00,3594359697,47014 0,73280 0,
4240001009574_240_00,3594359697,73280 0,50340 0,
4240001009574_240_00,345268387,73010 0,52390 3,
4240001009574_240_00,345268387,73765 0,50880 0,
4240001009574_240_00,345268387,50940 1,73755 0,
4240001009574_240_00,345268387,50940 1,73755 1,
4240001009574_240_00,345268387,50940 1,52050 1,
4240001009574_240_00,345268387,50880 1,52380 0,
4240001009574_240_00,345268387,50880 1,73695 0,
4240001009574_240_00,345268387,52060 1,50880 0,
4240001009574_240_00,345268387,73755 1,50880 0,
4240001009574_240_00,345268387,52390 2,52080 0,
4240001009574_240_00,345268387,52390 2,52370 0,
4240001009574_240_00,345268387,50950 2,52380 0,
4240001009574_240_00,345268387,50950 2,52390 3,
4240001009574_240_00,345268387,52370 1,50940 0,
4240001009574_240_00,345268387,50060 6,52080 0,
4240001009574_240_00,345268387,50060 6,52380 1,
4240001009574_240_00,345268387,50060 6,52050 1,
4240001009574_240_00,345268387,50060 6,73695 0,
4240001009574_240_00,345268387,50880 0,50540 0,
4240001009574_240_00,345268387,52050 1,73010 0,
4240001009574_240_00,345268387,52050 1,50880 0,
4240001009574_240_00,345268387,50940 0,73765 0,
4240001009574_240_00,345268387,50940 0,52380 0,
4240001009574_240_00,345268387,50940 0,52060 1,
4240001009574_240_00,345268387,50940 0,50060 999,
4240001009574_240_00,345268387,72325 1,73765 0,
4240001009574_240_00,345268387,72325 1,52060 1,
4240001009574_240_00,345268387,72325 1,73755 1,
4240001009574_240_00,2355023358,55200 1,50060 4,
4240001009574_240_00,2355023358,55210 1,55200 1,
4240001009574_240_00,2355023358,55220 1,55200 1,
4240001009574_240_00,2355023358,50050 1,50020 2,
4240001009574_240_00,2355023358,50050 1,50040 1,
4240001009574_240_00,2355023358,55190 1,50020 2,
4240001009574_240_00,409958912,72730 0,71510 0,
4240001009574_240_00,409958912,72730 0,50060 5,
4240001009574_240_00,409958912,46037 0,72730 0,
4240001009574_240_00,409958912,51792 0,50060 5,
4240001009574_240_00,550332996,70810 0,50080 0,
4240001009574_240_00,550332996,50105 0,50100 0,
4240001009574_240_00,550332996,50103 0,50100 0,
4240001009574_240_00,550332996,72810 0,50270 0,
4240001009574_240_00,550332996,50100 0,50060 4,
4240001009574_240_00,550332996,70780 0,50101 0,
4240001009574_240_00,550332996,70030 0,50105 0,
4240001009574_240_00,550332996,50102 0,50101 0,
4240001009574_240_00,550332996,50102 0,50080 0,
4240001009574_240_00,550332996,71590 0,50090 0,
4240001009574_240_00,550332996,71590 0,50105 0,
4240001009574_240_00,550332996,71590 0,50080 0,
4240001009574_240_00,550332996,71420 0,70150 0,
4240001009574_240_00,550332996,71420 0,70780 0,
4240001009574_240_00,550332996,74320 0,50090 0,
4240001009574_240_00,550332996,74320 0,50105 0,
4240001009574_240_00,550332996,74320 0,50080 0,
4240001009574_240_00,550332996,50270 0,50090 0,
4240001009574_240_00,550332996,50270 0,50105 0,
4240001009574_240_00,550332996,50270 0,50080 0,
4240001009574_240_00,3594359697,73280 1,70355 0,
4240001009574_240_00,3594359697,50030 7,50330 0,
4240001009574_240_00,3594359697,70010 1,25150 1,
4240001009574_240_00,3594359697,50040 1,50030 7,
4240001009574_240_00,3594359697,55170 1,50330 0,
4240001009574_240_00,3594359697,55170 1,50040 1,
4240001009574_240_00,3594359697,55170 1,50320 1,
4240001009574_240_00,3594359697,55170 1,47014 3,
4240001009574_240_00,3594359697,70355 0,47014 3,
4240001009574_240_00,3594359697,25150 1,73280 1,
4240001009574_240_00,3594359697,73710 0,73400 1,
4240001009574_240_00,3594359697,50060 3,50320 1,
4240001009574_240_00,3594359697,50320 1,73710 0,
4240001009574_240_00,3594359697,70430 1,50020 4,
4240001009574_240_00,3594359697,73400 1,70355 0,
4240001009574_240_00,3594359697,73400 1,70347 1,
4240001009574_240_00,3594359697,55190 1,72090 1,
4240001009574_240_00,3594359697,25150 0,55220 0,
4240001009574_240_00,3594359697,55200 0,55220 0,
4240001009574_240_00,3594359697,75042 0,55180 0,
4240001009574_240_00,3594359697,75042 0,50340 0,
4240001009574_240_00,3594359697,75042 0,71760 0,
4240001009574_240_00,3594359697,73400 0,50040 0,
4240001009574_240_00,3594359697,73400 0,55170 0,
4240001009574_240_00,3594359697,50320 0,25150 0,
4240001009574_240_00,3594359697,72090 0,50350 0,
4240001009574_240_00,3594359697,72090 0,50020 5,
4240001009574_240_00,3594359697,72090 0,50060 10,
4240001009574_240_00,3594359697,72090 0,50030 4,
4240001009574_240_00,3594359697,55190 0,55200 0,
4240001009574_240_00,3594359697,50350 0,50030 4,
4240001009574_240_00,3594359697,50020 5,50030 4,
4240001009574_240_00,3594359697,50060 10,55210 0,
4240001009574_240_00,3594359697,71760 0,55180 0,
4240001009574_240_00,3594359697,47014 0,70430 0,
4240001009574_240_00,3594359697,47014 0,70347 0,
4240001009574_240_00,3594359697,47014 0,71760 0,
4240001009574_240_00,3594359697,73280 0,55190 0,
4240001009574_240_00,3594359697,73280 0,50050 0,
4240001009574_240_00,2090219850,73010 0,50880 0,
4240001009574_240_00,2090219850,73010 0,51610 2,
4240001009574_240_00,2090219850,73010 0,75013 0,
4240001009574_240_00,2090219850,52080 0,51620 2,
4240001009574_240_00,2090219850,50030 9,72760 1,
4240001009574_240_00,2090219850,51980 1,52380 0,
4240001009574_240_00,2090219850,51980 1,51620 2,
4240001009574_240_00,2090219850,50860 2,52380 0,
4240001009574_240_00,2090219850,50860 2,52060 1,
4240001009574_240_00,2090219850,50860 2,52070 1,
4240001009574_240_00,2090219850,52060 1,75020 1,
4240001009574_240_00,2090219850,52060 1,52080 0,
4240001009574_240_00,2090219850,52060 1,52380 0,
4240001009574_240_00,2090219850,52060 1,52390 3,
4240001009574_240_00,2090219850,51480 1,52380 0,
4240001009574_240_00,2090219850,51480 1,51980 1,
4240001009574_240_00,2090219850,51480 1,50950 1,
4240001009574_240_00,2090219850,51480 1,52040 1,
4240001009574_240_00,2090219850,52050 1,75020 1,
4240001009574_240_00,2090219850,52050 1,52080 0,
4240001009574_240_00,2090219850,52040 1,52380 0,
4240001009574_240_00,2090219850,52370 0,50540 0,
4240001009574_240_00,2090219850,52070 1,75020 1,
4240001009574_240_00,2090219850,52070 1,52380 0,
4240001009574_240_00,2090219850,72150 1,52060 1,
4240001009574_240_00,2090219850,72150 1,50880 0,
4240001009574_240_00,2090219850,72150 1,73250 1,
4240001009574_240_00,2090219850,72150 1,52030 3,
4240001009574_240_00,2090219850,50940 0,52370 0,
4240001009574_240_00,2090219850,51610 2,52370 0,
4240001009574_240_00,2090219850,73250 1,75013 0,
4240001009574_240_00,2090219850,52030 3,52080 0,
4240001009574_240_00,2090219850,72760 1,52050 1,
4240001009574_240_00,2090219850,51990 1,72760 1,
4240001009574_240_00,2090219850,75013 0,51610 2,
4240001009574_240_00,2300128744,50030 7,73690 1,
4240001009574_240_00,2300128744,50030 7,71210 1,
4240001009574_240_00,2300128744,73690 1,71280 1,
4240001009574_240_00,2300128744,71220 1,71040 1,
4240001009574_240_00,2300128744,22540 1,51540 1,
4240001009574_240_00,2300128744,22540 1,71010 1,
4240001009574_240_00,2300128744,50040 1,50030 7,
4240001009574_240_00,2300128744,50040 1,71220 1,
4240001009574_240_00,2300128744,51550 1,71010 1,
4240001009574_240_00,2300128744,51540 1,51550 1,
4240001009574_240_00,2300128744,73470 1,22540 1,
4240001009574_240_00,2300128744,73470 1,51550 1,
4240001009574_240_00,2300128744,71210 1,71650 1,
4240001009574_240_00,2300128744,71210 1,71270 1,
4240001009574_240_00,2300128744,50060 3,73690 1,
4240001009574_240_00,2300128744,50320 1,71210 1,
4240001009574_240_00,2300128744,50050 1,50040 1,
4240001009574_240_00,3838942938,72730 0,50030 9,
4240001009574_240_00,3838942938,50030 9,51580 0,
4240001009574_240_00,3838942938,51980 1,52000 1,
4240001009574_240_00,3838942938,51240 3,72730 0,
4240001009574_240_00,3838942938,51240 3,50940 1,
4240001009574_240_00,3838942938,51240 3,51600 1,
4240001009574_240_00,3838942938,71510 0,51600 1,
4240001009574_240_00,3838942938,71100 1,51600 1,
4240001009574_240_00,3838942938,74020 1,52000 1,
4240001009574_240_00,3838942938,24960 7,51590 1,
4240001009574_240_00,3838942938,24960 7,50930 1,
4240001009574_240_00,3594359697,50330 0,50350 1,
4240001009574_240_00,3594359697,50330 0,73400 1,
4240001009574_240_00,3594359697,73280 1,73400 1,
4240001009574_240_00,3594359697,50030 7,70355 0,
4240001009574_240_00,3594359697,50020 4,50330 0,
4240001009574_240_00,3594359697,50020 4,70347 1,
4240001009574_240_00,3594359697,50040 1,50320 1,
4240001009574_240_00,3594359697,50040 1,73400 1,
4240001009574_240_00,3594359697,55170 1,73185 1,
4240001009574_240_00,3594359697,55170 1,70355 0,
4240001009574_240_00,3594359697,73710 0,70350 1,
4240001009574_240_00,3594359697,50320 1,50330 0,
4240001009574_240_00,3594359697,50320 1,73400 1,
4240001009574_240_00,3594359697,70430 1,50040 1,
4240001009574_240_00,3594359697,70430 1,71760 1,
4240001009574_240_00,3594359697,50050 1,73400 1,
4240001009574_240_00,3594359697,71760 1,70355 0,
4240001009574_240_00,919776449,50350 1,73000 0,
4240001009574_240_00,919776449,50350 1,50060 5,
4240001009574_240_00,919776449,51350 0,50060 5,
4240001009574_240_00,919776449,51350 0,72150 0,
4240001009574_240_00,2122499709,51980 0,50060 999,
4240001009574_240_00,2122499709,51980 0,50030 8,
4240001009574_240_00,2122499709,72850 0,51590 0,
4240001009574_240_00,2122499709,72850 0,52000 0,
4240001009574_240_00,2122499709,72850 0,50030 5,
4240001009574_240_00,2122499709,71630 0,51980 0,
4240001009574_240_00,2122499709,71630 0,51480 0,
4240001009574_240_00,2122499709,71630 0,52000 1,
4240001009574_240_00,2122499709,50030 9,51980 0,
4240001009574_240_00,2122499709,50030 9,51600 1,
4240001009574_240_00,2122499709,51990 0,50030 8,
4240001009574_240_00,2122499709,51980 1,51990 0,
4240001009574_240_00,2122499709,51980 1,51590 0,
4240001009574_240_00,2122499709,51600 1,51610 0,
4240001009574_240_00,2122499709,51600 1,72820 0,
4240001009574_240_00,2122499709,51600 1,50030 8,
4240001009574_240_00,2122499709,51480 0,50060 999,
4240001009574_240_00,2122499709,50030 8,51480 0,
4240001009574_240_00,2122499709,50920 0,50030 5,
4240001009574_240_00,2122499709,51620 1,50920 0,
4240001009574_240_00,2122499709,51610 1,50030 8,
4240001009574_240_00,2122499709,51610 1,51590 0,
4240001009574_240_00,2122499709,51590 1,51610 0,
4240001009574_240_00,2122499709,51590 1,51600 0,
4240001009574_240_00,2122499709,51590 1,50920 1,
4240001009574_240_00,2122499709,51621 0,51610 0,
4240001009574_240_00,2122499709,51480 2,50030 8,
4240001009574_240_00,2122499709,51480 2,51610 1,
4240001009574_240_00,2122499709,51480 2,52000 0,
4240001009574_240_00,2122499709,51580 0,72820 0,
4240001009574_240_00,2122499709,51580 0,50920 1,
4240001009574_240_00,2122499709,51580 0,50930 0,
4240001009574_240_00,2122499709,50930 0,51990 0,
4240001009574_240_00,2122499709,50930 0,50030 5,
4240001009574_240_00,2122499709,51590 0,50030 8,
4240001009574_240_00,2122499709,50930 1,51610 0,
4240001009574_240_00,2122499709,52000 1,50060 999,
4240001009574_240_00,2122499709,52000 1,50930 0,
4240001009574_240_00,2122499709,51990 1,51600 0,
4240001009574_240_00,2122499709,51990 1,51590 1,
4240001009574_240_00,2122499709,51990 1,51580 0,
4240001009574_240_00,2122499709,51990 1,50930 1,
4240001009574_240_00,2122499709,52000 0,50030 8,
4240001009574_240_00,2122499709,50030 5,50060 999,
4240001009574_240_00,2122499709,50060 0,72850 0,
4240001009574_240_00,2122499709,50060 0,71630 0,
4240001009574_240_00,550332996,72390 0,70150 1,
4240001009574_240_00,550332996,72390 0,71560 0,
4240001009574_240_00,550332996,70610 1,72720 1,
4240001009574_240_00,550332996,72810 0,50271 0,
4240001009574_240_00,550332996,72400 0,70800 0,
4240001009574_240_00,550332996,71540 0,72030 1,
4240001009574_240_00,550332996,72720 1,70740 1,
4240001009574_240_00,550332996,70810 1,71420 1,
4240001009574_240_00,2300128744,51550 0,51410 0,
4240001009574_240_00,2300128744,71270 0,71410 0,
4240001009574_240_00,2300128744,50040 0,50050 0,
4240001009574_240_00,2300128744,71410 0,51320 0,
4240001009574_240_00,2300128744,71080 0,51540 0,
4240001009574_240_00,2300128744,51320 0,50040 0,
4240001009574_240_00,2300128744,71230 0,73790 0,
4240001009574_240_00,2300128744,71230 0,50060 5,
4240001009574_240_00,2300128744,71280 0,51540 0,
4240001009574_240_00,2300128744,71210 0,51540 0,
4240001009574_240_00,2300128744,71220 0,51330 0,
4240001009574_240_00,2300128744,50020 5,50060 5,
4240001009574_240_00,3594359697,55200 0,70010 0,
4240001009574_240_00,3594359697,55180 0,55200 0,
4240001009574_240_00,3594359697,73980 0,72090 0,
4240001009574_240_00,3594359697,74200 0,25150 0,
4240001009574_240_00,3594359697,74200 0,70350 0,
4240001009574_240_00,3594359697,73400 0,50060 10,
4240001009574_240_00,3594359697,50320 0,50050 0,
4240001009574_240_00,3594359697,72090 0,50040 0,
4240001009574_240_00,3594359697,55190 0,55220 0,
4240001009574_240_00,3594359697,55190 0,73900 0,
4240001009574_240_00,3594359697,70347 0,50020 5,
4240001009574_240_00,3594359697,73950 0,25150 0,
4240001009574_240_00,3594359697,73950 0,73940 0,
4240001009574_240_00,3594359697,50350 0,55180 0,
4240001009574_240_00,3594359697,50020 5,50050 0,
4240001009574_240_00,3594359697,73990 0,55180 0,
4240001009574_240_00,3594359697,73990 0,71460 0,
4240001009574_240_00,3594359697,73990 0,55170 0,
4240001009574_240_00,3594359697,73940 0,55170 0,
4240001009574_240_00,3594359697,70350 0,70430 0,
4240001009574_240_00,3594359697,70350 0,50340 0,
4240001009574_240_00,3594359697,71760 0,50340 0,
4240001009574_240_00,3594359697,50030 4,50050 0,
4240001009574_240_00,3594359697,73390 0,70347 0,
4240001009574_240_00,3594359697,47014 0,50020 5,
4240001009574_240_00,3594359697,47014 0,70350 0,
4240001009574_240_00,3594359697,73280 0,50040 0,
4240001009574_240_00,2300128744,50030 7,22540 1,
4240001009574_240_00,2300128744,73690 1,22540 1,
4240001009574_240_00,2300128744,22540 1,71220 1,
4240001009574_240_00,2300128744,22540 1,71210 1,
4240001009574_240_00,2300128744,22540 1,71060 1,
4240001009574_240_00,2300128744,50040 1,71210 1,
4240001009574_240_00,2300128744,50040 1,73410 1,
4240001009574_240_00,2300128744,50040 1,50020 7,
4240001009574_240_00,2300128744,73470 1,51540 1,
4240001009574_240_00,2300128744,71210 1,71230 1,
4240001009574_240_00,2300128744,50320 1,51550 1,
4240001009574_240_00,2300128744,50020 7,71210 1,
4240001009574_240_00,550332996,70800 1,71420 1,
4240001009574_240_00,550332996,72720 1,70590 1,
4240001009574_240_00,550332996,72720 1,71540 1,
4240001009574_240_00,550332996,70810 1,70580 1,
4240001009574_240_00,550332996,71560 1,71420 1,
4240001009574_240_00,3594359697,50330 0,47014 3,
4240001009574_240_00,3594359697,50350 1,70347 1,
4240001009574_240_00,3594359697,50030 7,71760 1,
4240001009574_240_00,3594359697,50050 1,50340 1,
4240001009574_240_00,3594359697,50050 1,50320 1,
4240001009574_240_00,3594359697,71760 1,47014 3,
4240001009574_240_00,2300128744,71270 0,22540 0,
4240001009574_240_00,2300128744,51540 0,73410 0,
4240001009574_240_00,2300128744,73690 0,50060 5,
4240001009574_240_00,2300128744,71010 0,22540 0,
4240001009574_240_00,2300128744,71010 0,71210 0,
4240001009574_240_00,2300128744,71740 0,51550 0,
4240001009574_240_00,2300128744,73470 0,50050 0,
4240001009574_240_00,2300128744,71080 0,51540 2,
4240001009574_240_00,2300128744,71080 0,71210 0,
4240001009574_240_00,2300128744,71060 0,22540 0,
4240001009574_240_00,2300128744,71280 0,51540 2,
4240001009574_240_00,2300128744,71210 0,73690 0,
4240001009574_240_00,2300128744,71210 0,50050 0,
4240001009574_240_00,2300128744,71690 0,51540 0,
4240001009574_240_00,2300128744,71220 0,50060 5,
4240001009574_240_00,2300128744,70920 0,50050 0,
4240001009574_240_00,2300128744,70920 0,50020 5,
4240001009574_240_00,2300128744,70920 0,50030 4,
4240001009574_240_00,2300128744,50020 5,50040 0,
4240001009574_240_00,2300128744,71430 0,51550 0,
4240001009574_240_00,1024075922,73810 0,50320 0,
4240001009574_240_00,1024075922,73810 0,73720 0,
4240001009574_240_00,1024075922,73850 0,56530 0,
4240001009574_240_00,1024075922,70670 0,73800 0,
4240001009574_240_00,1024075922,70670 0,73830 0,
4240001009574_240_00,1024075922,73250 0,50020 2,
4240001009574_240_00,1024075922,73840 0,72760 0,
4240001009574_240_00,1024075922,73840 0,72020 0,
4240001009574_240_00,1024075922,73800 0,50020 2,
4240001009574_240_00,1024075922,72760 0,50060 5,
4240001009574_240_00,1024075922,72020 0,52040 0,
4240001009574_240_00,1024075922,70360 0,73810 0,
4240001009574_240_00,1024075922,70360 0,50060 5,
4240001009574_240_00,1024075922,73820 0,50020 2,
4240001009574_240_00,1024075922,73830 0,73810 0,
4240001009574_240_00,1024075922,73830 0,56530 0,
4240001009574_240_00,1024075922,73830 0,50350 0,
4240001009574_240_00,1024075922,73890 0,52030 2,
4240001009574_240_00,1024075922,47014 0,73840 0,
4240001009574_240_00,1024075922,47014 0,52030 2,
4240001009574_240_00,3594359697,50330 0,70355 0,
4240001009574_240_00,3594359697,74230 1,55190 1,
4240001009574_240_00,3594359697,74240 1,55190 1,
4240001009574_240_00,3594359697,50340 1,50350 1,
4240001009574_240_00,3594359697,55200 1,50060 3,
4240001009574_240_00,3594359697,50350 1,47014 0,
4240001009574_240_00,3594359697,50030 7,73185 1,
4240001009574_240_00,3594359697,50030 7,70350 1,
4240001009574_240_00,3594359697,55210 1,55170 1,
4240001009574_240_00,3594359697,50020 4,50320 1,
4240001009574_240_00,3594359697,50040 1,73185 1,
4240001009574_240_00,3594359697,50040 1,70355 0,
4240001009574_240_00,3594359697,55170 1,71760 1,
4240001009574_240_00,3594359697,72090 1,71760 1,
4240001009574_240_00,3594359697,50320 1,70350 1,
4240001009574_240_00,3594359697,55190 1,73185 1,
4240001009574_240_00,3594359697,55190 1,55170 1,
4240001009574_240_00,3838942938,51980 0,51240 3,
4240001009574_240_00,3838942938,50020 2,74010 0,
4240001009574_240_00,3838942938,50020 2,72730 1,
4240001009574_240_00,3838942938,51990 0,50020 2,
4240001009574_240_00,3838942938,51990 0,75030 0,
4240001009574_240_00,3838942938,51990 0,72730 1,
4240001009574_240_00,3838942938,51600 0,71100 0,
4240001009574_240_00,3838942938,51600 0,51240 3,
4240001009574_240_00,3838942938,50940 0,51240 3,
4240001009574_240_00,3838942938,50940 0,50910 0,
4240001009574_240_00,3838942938,51590 0,52000 0,
4240001009574_240_00,1261976881,50060 1,50020 5,
4240001009574_240_00,1261976881,50060 1,50030 4,
4240001009574_240_00,1261976881,52130 1,50060 999,
4240001009574_240_00,1261976881,52130 1,52960 1,
4240001009574_240_00,1261976881,52130 1,51991 0,
4240001009574_240_00,1261976881,50320 0,50060 999,
4240001009574_240_00,1261976881,50320 0,50020 5,
4240001009574_240_00,1261976881,52960 1,52130 1,
4240001009574_240_00,1261976881,51991 0,52130 1,
4240001009574_240_00,1261976881,50020 5,50060 1,
4240001009574_240_00,1261976881,50020 5,50320 0,
4240001009574_240_00,1261976881,50030 4,50060 1,
4240001009574_240_00,103994292,50030 7,74340 1,
4240001009574_240_00,103994292,50030 7,72530 1,
4240001009574_240_00,103994292,50020 4,74395 1,
4240001009574_240_00,103994292,50020 4,72870 1,
4240001009574_240_00,103994292,50040 1,50320 1,
4240001009574_240_00,103994292,50040 1,74360 1,
4240001009574_240_00,103994292,73470 1,74410 1,
4240001009574_240_00,103994292,73470 1,72530 1,
4240001009574_240_00,103994292,73410 1,71350 1,
4240001009574_240_00,103994292,71980 0,50040 0,
4240001009574_240_00,103994292,74330 0,72530 0,
4240001009574_240_00,103994292,70940 0,50040 0,
4240001009574_240_00,103994292,70940 0,74400 0,
4240001009574_240_00,103994292,70940 0,74340 0,
4240001009574_240_00,103994292,70940 0,50030 4,
4240001009574_240_00,103994292,74400 0,50040 0,
4240001009574_240_00,103994292,74400 0,74340 0,
4240001009574_240_00,103994292,71320 0,73470 0,
4240001009574_240_00,103994292,74410 0,50020 5,
4240001009574_240_00,103994292,74340 0,50020 5,
4240001009574_240_00,103994292,73780 0,71980 0,
4240001009574_240_00,103994292,73780 0,50040 0,
4240001009574_240_00,103994292,73780 0,50020 5,
4240001009574_240_00,103994292,73780 0,50030 4,
4240001009574_240_00,103994292,50020 5,50040 0,
4240001009574_240_00,103994292,71350 0,74340 0,
4240001009574_240_00,3594359697,25150 0,55190 0,
4240001009574_240_00,3594359697,55200 0,74250 0,
4240001009574_240_00,3594359697,74200 0,55190 0,
4240001009574_240_00,3594359697,74200 0,50050 0,
4240001009574_240_00,3594359697,73400 0,70430 0,
4240001009574_240_00,3594359697,73400 0,55190 0,
4240001009574_240_00,3594359697,55190 0,74250 0,
4240001009574_240_00,3594359697,70347 0,71760 0,
4240001009574_240_00,3594359697,71460 0,72090 0,
4240001009574_240_00,3594359697,55170 0,25150 0,
4240001009574_240_00,3594359697,73990 0,25150 0,
4240001009574_240_00,3594359697,73990 0,70430 0,
4240001009574_240_00,3594359697,73990 0,55190 0,
4240001009574_240_00,3594359697,73990 0,70347 0,
4240001009574_240_00,3594359697,73940 0,50040 0,
4240001009574_240_00,3594359697,73940 0,55180 0,
4240001009574_240_00,3594359697,73940 0,50030 4,
4240001009574_240_00,3594359697,73940 0,73280 0,
4240001009574_240_00,3594359697,70350 0,55190 0,
4240001009574_240_00,3594359697,70350 0,55170 0,
4240001009574_240_00,3594359697,71760 0,25150 0,
4240001009574_240_00,3594359697,71760 0,50350 0,
4240001009574_240_00,3594359697,73390 0,55180 0,
4240001009574_240_00,3594359697,73390 0,50050 0,
4240001009574_240_00,3594359697,73390 0,50030 4,
4240001009574_240_00,3594359697,73390 0,73280 0,
4240001009574_240_00,3594359697,47014 0,73400 0,
4240001009574_240_00,542189229,50940 0,50880 0,
4240001009574_240_00,835754522,70930 1,71060 1,
4240001009574_240_00,835754522,52030 1,71620 1,
4240001009574_240_00,835754522,74370 1,73190 1,
4240001009574_240_00,835754522,51190 1,70930 1,
4240001009574_240_00,835754522,73190 1,71240 1,
4240001009574_240_00,2355023358,25150 0,55220 0,
4240001009574_240_00,2355023358,25150 0,51401 0,
4240001009574_240_00,2355023358,70430 0,25150 0,
4240001009574_240_00,2355023358,70430 0,55200 0,
4240001009574_240_00,2355023358,55180 0,55210 0,
4240001009574_240_00,2355023358,50020 5,55180 0,
4240001009574_240_00,201880385,50040 0,70540 1,
4240001009574_240_00,201880385,50840 1,70520 1,
4240001009574_240_00,201880385,50830 1,72610 1,
4240001009574_240_00,201880385,50830 1,70540 1,
4240001009574_240_00,201880385,70540 1,72610 1,
4240001009574_240_00,201880385,50030 11,50850 1,
4240001009574_240_00,201880385,50050 0,46044 1,
4240001009574_240_00,201880385,50050 0,72610 1,
4240001009574_240_00,201880385,71440 1,72630 1,
4240001009574_240_00,201880385,50280 1,72660 1,
4240001009574_240_00,201880385,70520 1,72660 1,
4240001009574_240_00,201880385,70520 1,72570 1,
4240001009574_240_00,201880385,50020 3,46044 1,
4240001009574_240_00,201880385,24960 7,72660 1,
4240001009574_240_00,201880385,24960 7,50050 0,
4240001009574_240_00,201880385,24960 7,50850 1,
4240001009574_240_00,208731032,50540 1,50950 2,
4240001009574_240_00,208731032,50540 1,50860 4,
4240001009574_240_00,208731032,51980 0,50860 4,
4240001009574_240_00,208731032,50940 1,72820 0,
4240001009574_240_00,208731032,50880 1,50950 2,
4240001009574_240_00,208731032,50880 1,51620 1,
4240001009574_240_00,208731032,52060 0,50030 5,
4240001009574_240_00,208731032,52380 1,50030 5,
4240001009574_240_00,208731032,51480 0,72820 0,
4240001009574_240_00,208731032,52070 0,52060 0,
4240001009574_240_00,208731032,50950 2,52000 0,
4240001009574_240_00,208731032,50950 2,50030 5,
4240001009574_240_00,208731032,51620 1,52000 0,
4240001009574_240_00,208731032,51610 1,51620 1,
4240001009574_240_00,208731032,52370 1,52060 0,
4240001009574_240_00,208731032,52370 1,52070 0,
4240001009574_240_00,208731032,52370 1,72760 0,
4240001009574_240_00,208731032,75013 1,72820 0,
4240001009574_240_00,208731032,72760 0,50030 8,
4240001009574_240_00,208731032,50060 6,50940 1,
4240001009574_240_00,208731032,50060 6,51990 0,
4240001009574_240_00,208731032,50060 6,52390 2,
4240001009574_240_00,208731032,50060 6,52040 0,
4240001009574_240_00,208731032,52050 0,72760 0,
4240001009574_240_00,208731032,52040 0,51980 0,
4240001009574_240_00,208731032,52040 0,52030 2,
4240001009574_240_00,208731032,73010 1,51980 0,
4240001009574_240_00,208731032,73010 1,72760 0,
4240001009574_240_00,208731032,52000 0,50860 4,
4240001009574_240_00,208731032,52030 2,72820 0,
4240001009574_240_00,208731032,50030 5,72820 0,
4240001009574_240_00,2300128744,51540 0,50050 0,
4240001009574_240_00,2300128744,73470 0,50320 0,
4240001009574_240_00,2300128744,73410 0,73470 0,
4240001009574_240_00,2300128744,71220 0,50030 4,
4240001009574_240_00,2300128744,71260 0,71210 0,
4240001009574_240_00,2300128744,50020 5,50050 0,
4240001009574_240_00,201880385,50830 0,50020 1,
4240001009574_240_00,201880385,72600 0,72610 0,
4240001009574_240_00,201880385,72600 0,72740 0,
4240001009574_240_00,201880385,73430 0,72610 0,
4240001009574_240_00,201880385,73430 0,71440 0,
4240001009574_240_00,201880385,72570 0,72610 0,
4240001009574_240_00,201880385,72570 0,71440 0,
4240001009574_240_00,201880385,70520 0,50030 1,
4240001009574_240_00,201880385,50840 0,50830 0,
4240001009574_240_00,201880385,72560 0,72610 0,
4240001009574_240_00,201880385,72660 0,50030 1,
4240001009574_240_00,201880385,72660 0,70520 0,
4240001009574_240_00,201880385,72660 0,50060 10,
4240001009574_240_00,201880385,72630 0,50040 1,
4240001009574_240_00,201880385,72630 0,70520 0,
4240001009574_240_00,201880385,72630 0,50060 10,
4240001009574_240_00,201880385,70540 0,50830 0,
4240001009574_240_00,201880385,50050 1,50020 1,
4240001009574_240_00,3594359697,50330 0,73280 1,
4240001009574_240_00,3594359697,73280 1,70347 1,
4240001009574_240_00,3594359697,50340 1,71760 1,
4240001009574_240_00,3594359697,50350 1,70355 0,
4240001009574_240_00,3594359697,71370 1,55190 1,
4240001009574_240_00,3594359697,55210 1,25150 1,
4240001009574_240_00,3594359697,50020 4,72090 1,
4240001009574_240_00,3594359697,50040 1,50330 0,
4240001009574_240_00,3594359697,50040 1,73280 1,
4240001009574_240_00,3594359697,50040 1,47014 3,
4240001009574_240_00,3594359697,55170 1,50020 4,
4240001009574_240_00,3594359697,25150 1,50320 1,
4240001009574_240_00,3594359697,25150 1,70430 1,
4240001009574_240_00,3594359697,73900 1,55190 1,
4240001009574_240_00,3594359697,50060 3,50030 7,
4240001009574_240_00,3594359697,50320 1,47014 3,
4240001009574_240_00,3594359697,70430 1,70355 0,
4240001009574_240_00,3594359697,51401 1,55190 1,
4240001009574_240_00,3594359697,55190 1,50340 1,
4240001009574_240_00,103994292,71980 0,73470 0,
4240001009574_240_00,103994292,71980 0,73410 0,
4240001009574_240_00,103994292,74330 0,71980 0,
4240001009574_240_00,103994292,74330 0,50020 5,
4240001009574_240_00,103994292,50320 0,50030 4,
4240001009574_240_00,103994292,73470 0,50060 5,
4240001009574_240_00,103994292,74400 0,73410 0,
4240001009574_240_00,103994292,74410 0,71320 0,
4240001009574_240_00,103994292,74410 0,74360 0,
4240001009574_240_00,103994292,74340 0,72870 0,
4240001009574_240_00,103994292,72870 0,50050 0,
4240001009574_240_00,103994292,71350 0,73470 0,
4240001009574_240_00,103994292,71350 0,50060 5,
4240001009574_240_00,103994292,74390 0,50020 5,
4240001009574_240_00,2233809208,50540 1,52380 1,
4240001009574_240_00,2233809208,50540 1,75019 1,
4240001009574_240_00,2233809208,50540 1,70360 1,
4240001009574_240_00,2233809208,50540 1,73010 1,
4240001009574_240_00,2233809208,50880 1,75019 1,
4240001009574_240_00,2233809208,50880 1,73010 1,
4240001009574_240_00,2233809208,52380 1,50940 0,
4240001009574_240_00,2233809208,73755 1,47014 3,
4240001009574_240_00,2233809208,52390 2,50940 1,
4240001009574_240_00,2233809208,75019 1,75017 1,
4240001009574_240_00,2233809208,75019 1,70360 1,
4240001009574_240_00,2233809208,75017 1,47014 3,
4240001009574_240_00,2233809208,70360 1,47014 3,
4240001009574_240_00,2233809208,75015 1,70360 1,
4240001009574_240_00,2233809208,72325 1,75016 1,
4240001009574_240_00,2233809208,75018 1,70360 1,
4240001009574_240_00,2233809208,75016 1,75015 1,
4240001009574_240_00,3594359697,50040 0,55210 0,
4240001009574_240_00,3594359697,73400 0,25150 0,
4240001009574_240_00,3594359697,50320 0,50060 10,
4240001009574_240_00,3594359697,72090 0,55170 0,
4240001009574_240_00,3594359697,70347 0,73400 0,
4240001009574_240_00,3594359697,70347 0,50060 10,
4240001009574_240_00,3594359697,50020 5,55180 0,
4240001009574_240_00,3594359697,50060 10,25150 0,
4240001009574_240_00,3594359697,70350 0,71760 0,
4240001009574_240_00,3594359697,71760 0,50060 10,
4240001009574_240_00,3594359697,73400 0,50020 5,
4240001009574_240_00,3594359697,50350 0,50040 0,
4240001009574_240_00,3594359697,71760 0,50040 0,
4240001009574_240_00,3594359697,71760 0,50050 0,
4240001009574_240_00,3594359697,71760 0,50030 4,
4240001009574_240_00,3594359697,47014 0,50030 4,
4240001009574_240_00,1004470243,50330 0,51991 1,
4240001009574_240_00,1004470243,50330 0,50060 1,
4240001009574_240_00,1004470243,50330 0,52140 0,
4240001009574_240_00,1004470243,50060 1,50330 0,
4240001009574_240_00,1004470243,50060 1,50320 1,
4240001009574_240_00,1004470243,50320 1,50060 1,
4240001009574_240_00,3160249464,75018 0,50940 1,
4240001009574_240_00,3160249464,75018 0,50950 1,
4240001009574_240_00,3160249464,52380 0,50880 0,
4240001009574_240_00,3160249464,72325 0,50940 1,
4240001009574_240_00,3160249464,72325 0,50950 1,
4240001009574_240_00,3160249464,72325 0,50880 0,
4240001009574_240_00,3160249464,52370 0,50540 0,
4240001009574_240_00,3160249464,50940 0,52390 3,
4240001009574_240_00,3160249464,70360 0,52080 0,
4240001009574_240_00,3160249464,70360 0,75017 0,
4240001009574_240_00,3160249464,75017 0,75018 0,
4240001009574_240_00,3160249464,75017 0,52380 0,
4240001009574_240_00,3160249464,75019 0,52390 3,
4240001009574_240_00,3160249464,75019 0,50540 0,
4240001009574_240_00,3160249464,47014 0,52080 2,
4240001009574_240_00,3160249464,75015 0,50950 1,
4240001009574_240_00,3160249464,75015 0,50880 0,
4240001009574_240_00,3160249464,75015 0,52370 0,
4240001009574_240_00,550332996,71960 1,46059 1,
4240001009574_240_00,550332996,70590 1,46057 1,
4240001009574_240_00,1004470243,51991 1,52130 0,
4240001009574_240_00,1004470243,51991 1,52140 0,
4240001009574_240_00,1004470243,50060 1,52960 0,
4240001009574_240_00,1004470243,50020 4,50060 999,
4240001009574_240_00,1004470243,50020 4,52130 0,
4240001009574_240_00,1004470243,50020 4,52140 0,
4240001009574_240_00,1004470243,50020 4,50320 1,
4240001009574_240_00,1004470243,50020 4,50050 3,
4240001009574_240_00,1004470243,52130 0,51991 1,
4240001009574_240_00,1004470243,52130 0,50020 4,
4240001009574_240_00,1004470243,52140 0,51991 1,
4240001009574_240_00,1004470243,52140 0,50020 4,
4240001009574_240_00,1004470243,50320 1,50020 4,
4240001009574_240_00,1004470243,52960 0,50060 1,
4240001009574_240_00,1004470243,52960 0,50050 3,
4240001009574_240_00,1004470243,50050 3,50060 999,
4240001009574_240_00,1004470243,50050 3,50020 4,
4240001009574_240_00,1004470243,50050 3,52960 0,
4240001009574_240_00,3838942938,51610 0,50940 1,
4240001009574_240_00,3838942938,51610 0,75030 0,
4240001009574_240_00,3838942938,51610 0,50940 0,
4240001009574_240_00,3838942938,72730 0,50920 0,
4240001009574_240_00,3838942938,72730 0,50020 3,
4240001009574_240_00,3838942938,50940 1,51590 0,
4240001009574_240_00,3838942938,50030 9,71100 0,
4240001009574_240_00,3838942938,50030 9,51980 1,
4240001009574_240_00,3838942938,50030 9,50950 3,
4240001009574_240_00,3838942938,50030 9,50920 0,
4240001009574_240_00,3838942938,51990 0,71100 0,
4240001009574_240_00,3838942938,51980 1,50940 1,
4240001009574_240_00,3838942938,51980 1,51990 0,
4240001009574_240_00,3838942938,51980 1,75030 0,
4240001009574_240_00,3838942938,51980 1,51600 0,
4240001009574_240_00,3838942938,51600 1,50910 0,
4240001009574_240_00,3838942938,51240 3,50020 2,
4240001009574_240_00,3838942938,51240 3,50910 0,
4240001009574_240_00,3838942938,51600 0,51590 0,
4240001009574_240_00,3838942938,50910 0,51240 999,
4240001009574_240_00,3838942938,50030 8,75030 0,
4240001009574_240_00,3838942938,50030 1,75030 0,
4240001009574_240_00,3838942938,50030 1,74020 0,
4240001009574_240_00,3838942938,50920 0,51240 999,
4240001009574_240_00,3838942938,50920 0,72730 1,
4240001009574_240_00,3838942938,51620 1,72730 1,
4240001009574_240_00,3838942938,51610 1,75030 0,
4240001009574_240_00,3838942938,51590 1,51610 0,
4240001009574_240_00,3838942938,51590 1,51600 1,
4240001009574_240_00,3838942938,50920 1,50940 1,
4240001009574_240_00,3838942938,50920 1,50930 0,
4240001009574_240_00,3838942938,51621 0,51980 0,
4240001009574_240_00,3838942938,51621 0,51600 0,
4240001009574_240_00,3838942938,51621 0,50940 0,
4240001009574_240_00,3838942938,51621 0,50930 0,
4240001009574_240_00,3838942938,71510 0,74010 0,
4240001009574_240_00,3838942938,71510 0,51621 0,
4240001009574_240_00,3838942938,71510 0,50910 1,
4240001009574_240_00,3838942938,71510 0,24960 7,
4240001009574_240_00,3838942938,50910 1,74010 0,
4240001009574_240_00,3838942938,50910 1,51990 0,
4240001009574_240_00,3838942938,50910 1,72730 1,
4240001009574_240_00,3838942938,50910 1,50930 1,
4240001009574_240_00,3838942938,51580 0,52000 0,
4240001009574_240_00,3838942938,74020 0,71100 0,
4240001009574_240_00,3838942938,74020 0,51240 999,
4240001009574_240_00,3838942938,74010 1,72730 1,
4240001009574_240_00,3838942938,72730 1,71100 0,
4240001009574_240_00,3838942938,50930 1,51620 1,
4240001009574_240_00,3838942938,71100 1,51621 0,
4240001009574_240_00,3838942938,71100 1,50930 0,
4240001009574_240_00,3838942938,71100 1,52000 0,
4240001009574_240_00,3838942938,52000 1,51600 1,
4240001009574_240_00,3838942938,52000 1,50950 3,
4240001009574_240_00,3838942938,52000 1,50910 0,
4240001009574_240_00,3838942938,52000 1,51240 999,
4240001009574_240_00,3838942938,74020 1,50030 9,
4240001009574_240_00,3838942938,74020 1,51990 0,
4240001009574_240_00,3838942938,74020 1,75030 0,
4240001009574_240_00,3838942938,74020 1,50950 3,
4240001009574_240_00,3838942938,74020 1,72730 1,
4240001009574_240_00,3838942938,74020 1,50930 1,
4240001009574_240_00,3838942938,51990 1,71100 0,
4240001009574_240_00,3838942938,51990 1,50030 8,
4240001009574_240_00,3838942938,51990 1,51240 999,
4240001009574_240_00,3838942938,51990 1,52000 1,
4240001009574_240_00,3838942938,50020 3,71100 0,
4240001009574_240_00,3838942938,50020 3,24960 7,
4240001009574_240_00,3838942938,24960 7,74010 0,
4240001009574_240_00,3838942938,24960 7,50940 1,
4240001009574_240_00,3838942938,24960 7,51990 0,
4240001009574_240_00,3838942938,24960 7,50940 0,
4240001009574_240_00,1004470243,50330 0,50030 7,
4240001009574_240_00,1004470243,50330 0,50060 999,
4240001009574_240_00,1004470243,50030 7,50330 0,
4240001009574_240_00,1004470243,52140 0,50330 0,
4240001009574_240_00,1004470243,50320 1,50320 1,
4240001009574_240_00,1261976881,50060 1,50050 2,
4240001009574_240_00,1261976881,52130 1,50050 2,
4240001009574_240_00,1261976881,50050 2,50060 1,
4240001009574_240_00,1261976881,50050 2,52130 1,
4240001009574_240_00,3594359697,25150 0,74240 0,
4240001009574_240_00,3594359697,50320 0,55180 0,
4240001009574_240_00,3594359697,50320 0,55190 0,
4240001009574_240_00,3594359697,55190 0,51401 0,
4240001009574_240_00,3594359697,50020 5,50060 10,
4240001009574_240_00,3594359697,70350 0,50020 5,
4240001009574_240_00,2300128744,71410 1,71230 1,
4240001009574_240_00,2300128744,50030 7,50020 0,
4240001009574_240_00,2300128744,50030 7,51540 1,
4240001009574_240_00,2300128744,71220 1,71430 1,
4240001009574_240_00,2300128744,71220 1,71010 1,
4240001009574_240_00,2300128744,50020 0,71230 1,
4240001009574_240_00,2300128744,50040 1,51320 1,
4240001009574_240_00,2300128744,51550 1,71040 1,
4240001009574_240_00,2300128744,51550 1,71280 1,
4240001009574_240_00,2300128744,51550 1,51055 6,
4240001009574_240_00,2300128744,71190 0,51540 1,
4240001009574_240_00,2300128744,71210 1,71280 1,
4240001009574_240_00,2300128744,73290 1,71210 1,
4240001009574_240_00,2300128744,73290 1,71280 1,
4240001009574_240_00,2300128744,50060 3,50020 0,
4240001009574_240_00,2300128744,50060 3,51550 1,
4240001009574_240_00,2300128744,51320 1,73290 1,
4240001009574_240_00,2300128744,51410 1,51550 1,
4240001009574_240_00,2300128744,51410 1,71280 1,
4240001009574_240_00,2300128744,51410 1,71060 1,
4240001009574_240_00,2300128744,73790 1,71230 1,
4240001009574_240_00,2300128744,73790 1,71280 1,
4240001009574_240_00,2300128744,50050 1,51550 1,
4240001009574_240_00,2300128744,50050 1,51540 1,
4240001009574_240_00,835754522,71040 0,70380 0,
4240001009574_240_00,835754522,74370 0,52030 2,
4240001009574_240_00,835754522,73250 0,73000 0,
4240001009574_240_00,835754522,73250 0,50050 3,
4240001009574_240_00,835754522,71010 0,51190 0,
4240001009574_240_00,835754522,71740 0,70380 0,
4240001009574_240_00,835754522,71740 0,51190 0,
4240001009574_240_00,835754522,70380 0,73190 0,
4240001009574_240_00,835754522,72760 0,72120 0,
4240001009574_240_00,835754522,71080 0,70930 0,
4240001009574_240_00,835754522,71060 0,51190 0,
4240001009574_240_00,835754522,71620 0,72120 0,
4240001009574_240_00,835754522,74380 0,52130 0,
4240001009574_240_00,835754522,73190 0,72760 0,
4240001009574_240_00,835754522,52030 2,72150 0,
4240001009574_240_00,835754522,72120 0,52130 0,
4240001009574_240_00,3594359697,50040 0,70430 0,
4240001009574_240_00,3594359697,50320 0,50020 5,
4240001009574_240_00,3594359697,72090 0,70430 0,
4240001009574_240_00,3594359697,50350 0,50340 0,
4240001009574_240_00,3594359697,50350 0,50020 5,
4240001009574_240_00,3594359697,73185 0,73280 0,
4240001009574_240_00,3594359697,55170 0,55190 0,
4240001009574_240_00,3594359697,70350 0,25150 0,
4240001009574_240_00,3594359697,71760 0,55170 0,
4240001009574_240_00,3594359697,50030 4,55190 0,
4240001009574_240_00,3594359697,47014 0,55180 0,
4240001009574_240_00,3594359697,47014 0,55170 0,
4240001009574_240_00,3594359697,73940 1,73390 1,
4240001009574_240_00,3594359697,50330 0,74200 1,
4240001009574_240_00,3594359697,73280 1,47014 1,
4240001009574_240_00,3594359697,50340 1,73990 1,
4240001009574_240_00,3594359697,50350 1,47014 1,
4240001009574_240_00,3594359697,50020 4,70355 0,
4240001009574_240_00,3594359697,72090 1,73710 0,
4240001009574_240_00,3594359697,70347 1,71460 1,
4240001009574_240_00,3594359697,71460 1,73990 1,
4240001009574_240_00,3594359697,50060 3,50020 4,
4240001009574_240_00,3594359697,50060 3,73950 1,
4240001009574_240_00,3594359697,50320 1,74200 1,
4240001009574_240_00,3594359697,50050 1,73280 1,
4240001009574_240_00,3594359697,50050 1,50350 1,
4240001009574_240_00,2300128744,51540 2,50320 0,
4240001009574_240_00,2300128744,71270 0,51540 0,
4240001009574_240_00,2300128744,22540 0,73410 0,
4240001009574_240_00,2300128744,51540 0,73690 0,
4240001009574_240_00,2300128744,73690 0,50020 5,
4240001009574_240_00,2300128744,51055 1,51540 0,
4240001009574_240_00,2300128744,71230 0,51550 0,
4240001009574_240_00,2300128744,71230 0,51540 2,
4240001009574_240_00,2300128744,73410 0,50050 0,
4240001009574_240_00,2300128744,71280 0,51550 0,
4240001009574_240_00,2300128744,71220 0,50320 0,
4240001009574_240_00,2300128744,71240 0,71210 0,
4240001009574_240_00,2300128744,71430 0,71220 0,
4240001009574_240_00,2300128744,71720 0,71210 0,
4240001009574_240_00,550332996,50090 0,50080 0,
4240001009574_240_00,550332996,50105 0,50070 0,
4240001009574_240_00,550332996,70370 0,50100 0,
4240001009574_240_00,550332996,50101 0,50080 0,
4240001009574_240_00,3594359697,75042 0,70350 0,
4240001009574_240_00,1024075922,50330 0,73800 1,
4240001009574_240_00,1024075922,50340 1,73890 1,
4240001009574_240_00,1024075922,50340 1,52030 3,
4240001009574_240_00,1024075922,50350 1,70360 1,
4240001009574_240_00,1024075922,50350 1,52030 3,
4240001009574_240_00,1024075922,50030 7,50340 1,
4240001009574_240_00,1024075922,50030 7,70670 1,
4240001009574_240_00,1024075922,50030 7,73810 1,
4240001009574_240_00,1024075922,50020 4,73820 1,
4240001009574_240_00,1024075922,73820 1,47014 3,
4240001009574_240_00,1024075922,50040 1,73720 1,
4240001009574_240_00,1024075922,50040 1,73830 1,
4240001009574_240_00,1024075922,72020 1,73830 1,
4240001009574_240_00,1024075922,52040 1,72020 1,
4240001009574_240_00,1024075922,72080 0,73830 1,
4240001009574_240_00,1024075922,73830 1,73840 1,
4240001009574_240_00,1024075922,73850 1,73890 1,
4240001009574_240_00,1024075922,50060 3,50030 7,
4240001009574_240_00,1024075922,50060 3,52050 1,
4240001009574_240_00,1024075922,72760 1,70670 1,
4240001009574_240_00,1024075922,72760 1,70360 1,
4240001009574_240_00,1024075922,72760 1,52040 1,
4240001009574_240_00,1024075922,72760 1,73810 1,
4240001009574_240_00,1024075922,50050 1,50340 1,
4240001009574_240_00,1024075922,50050 1,50020 4,
4240001009574_240_00,1024075922,50050 1,72020 1,
4240001009574_240_00,1024075922,50050 1,70670 1,
4240001009574_240_00,1024075922,50050 1,73810 1,
4240001009574_240_00,103994292,71980 1,74330 1,
4240001009574_240_00,103994292,50060 9,74350 1,
4240001009574_240_00,103994292,50030 7,73410 1,
4240001009574_240_00,103994292,50020 4,74330 1,
4240001009574_240_00,103994292,50040 1,74340 1,
4240001009574_240_00,103994292,73470 1,73780 1,
4240001009574_240_00,103994292,73470 1,72870 1,
4240001009574_240_00,103994292,50320 1,71350 1,
4240001009574_240_00,103994292,50320 1,72870 1,
4240001009574_240_00,103994292,50320 1,72530 1,
4240001009574_240_00,103994292,74340 1,73780 1,
4240001009574_240_00,103994292,50050 1,71350 1,
4240001009574_240_00,103994292,71320 1,74350 1,
4240001009574_240_00,103994292,74360 1,71350 1,
4240001009574_240_00,103994292,72530 1,73780 1,
4240001009574_240_00,103994292,72530 1,74410 1,
4240001009574_240_00,3594359697,50040 0,50060 5,
4240001009574_240_00,3594359697,73400 0,71760 0,
4240001009574_240_00,3594359697,73185 0,73400 0,
4240001009574_240_00,3594359697,73185 0,47014 0,
4240001009574_240_00,3594359697,50340 0,50060 5,
4240001009574_240_00,2122499709,50030 9,51590 1,
4240001009574_240_00,2122499709,50030 9,50930 1,
4240001009574_240_00,2122499709,51980 1,50910 1,
4240001009574_240_00,2122499709,50920 1,51610 1,
4240001009574_240_00,2122499709,51480 2,51621 0,
4240001009574_240_00,2122499709,52000 1,51590 1,
4240001009574_240_00,2122499709,50060 0,51600 1,
4240001009574_240_00,2122499709,50060 0,51610 1,
4240001009574_240_00,2122499709,50060 0,51480 2,
4240001009574_240_00,2122499709,50060 0,50910 1,
4240001009574_240_00,2300128744,51540 2,50350 1,
4240001009574_240_00,550332996,70610 0,72720 0,
4240001009574_240_00,550332996,72400 0,70150 0,
4240001009574_240_00,550332996,70580 0,70800 0,
4240001009574_240_00,3594359697,73980 1,71460 1,
4240001009574_240_00,3594359697,74230 1,25150 1,
4240001009574_240_00,3594359697,50340 1,73980 1,
4240001009574_240_00,3594359697,55200 1,55170 1,
4240001009574_240_00,3594359697,50020 4,73390 1,
4240001009574_240_00,3594359697,55170 1,73940 1,
4240001009574_240_00,3594359697,55170 1,71460 1,
4240001009574_240_00,3594359697,72090 1,73940 1,
4240001009574_240_00,3594359697,72090 1,73390 1,
4240001009574_240_00,3594359697,25150 1,70350 1,
4240001009574_240_00,3594359697,25150 1,71460 1,
4240001009574_240_00,3594359697,25150 1,74200 1,
4240001009574_240_00,3594359697,50060 3,50340 1,
4240001009574_240_00,3594359697,50320 1,73940 1,
4240001009574_240_00,3594359697,74260 1,55200 1,
4240001009574_240_00,3594359697,51401 1,25150 1,
4240001009574_240_00,3594359697,50050 1,71460 1,
4240001009574_240_00,3594359697,55190 1,73980 1,
4240001009574_240_00,3594359697,55190 1,25150 1,
4240001009574_240_00,3884591149,50060 14,52380 1,
4240001009574_240_00,3884591149,50060 14,51610 1,
4240001009574_240_00,3884591149,50060 14,51621 0,
4240001009574_240_00,3884591149,50540 1,50880 0,
4240001009574_240_00,3884591149,50540 1,52370 0,
4240001009574_240_00,3884591149,50940 1,50880 0,
4240001009574_240_00,3884591149,52380 0,50540 0,
4240001009574_240_00,3884591149,52380 1,52380 0,
4240001009574_240_00,3884591149,52380 1,52370 1,
4240001009574_240_00,3884591149,52390 2,50060 999,
4240001009574_240_00,3884591149,50950 2,51610 0,
4240001009574_240_00,3884591149,50950 2,52390 3,
4240001009574_240_00,3884591149,51620 1,51610 0,
4240001009574_240_00,3884591149,51620 1,52380 0,
4240001009574_240_00,3884591149,51610 1,52380 0,
4240001009574_240_00,3884591149,51610 1,51620 1,
4240001009574_240_00,3884591149,52370 1,51620 1,
4240001009574_240_00,3884591149,52370 0,52380 0,
4240001009574_240_00,3884591149,50940 0,50060 999,
4240001009574_240_00,835754522,71290 0,74370 0,
4240001009574_240_00,835754522,71290 0,51190 0,
4240001009574_240_00,835754522,71290 0,74380 0,
4240001009574_240_00,835754522,51055 2,70930 0,
4240001009574_240_00,835754522,71010 0,73190 0,
4240001009574_240_00,835754522,71080 0,51190 0,
4240001009574_240_00,835754522,73190 0,71620 0,
4240001009574_240_00,835754522,70930 0,71620 0,
4240001009574_240_00,550332996,72780 1,72500 1,
4240001009574_240_00,550332996,50840 1,50080 1,
4240001009574_240_00,550332996,72030 1,71540 1,
4240001009574_240_00,550332996,50100 1,50103 1,
4240001009574_240_00,550332996,50030 2,50280 1,
4240001009574_240_00,550332996,50105 1,70800 1,
4240001009574_240_00,550332996,50105 1,50260 1,
4240001009574_240_00,550332996,50080 1,72780 1,
4240001009574_240_00,550332996,50080 1,50101 1,
4240001009574_240_00,550332996,50080 1,70810 1,
4240001009574_240_00,550332996,50080 1,71600 0,
4240001009574_240_00,550332996,50260 1,72500 1,
4240001009574_240_00,550332996,50860 1,50090 1,
4240001009574_240_00,206984685,52380 1,52370 1,
4240001009574_240_00,206984685,52370 1,50950 3,
4240001009574_240_00,3013652431,51991 0,50350 1,
4240001009574_240_00,2355023358,75041 0,25150 0,
4240001009574_240_00,2355023358,75041 0,50060 10,
4240001009574_240_00,2355023358,25150 0,74250 0,
4240001009574_240_00,2355023358,55200 0,74230 0,
4240001009574_240_00,2355023358,55200 0,74260 0,
4240001009574_240_00,2355023358,55200 0,74250 0,
4240001009574_240_00,2355023358,55200 0,70560 0,
4240001009574_240_00,2355023358,50040 0,50050 0,
4240001009574_240_00,2355023358,50050 0,55210 0,
4240001009574_240_00,2355023358,50060 10,70430 0,
4240001009574_240_00,2355023358,50030 4,55170 0,
4240001009574_240_00,550332996,72390 0,70810 0,
4240001009574_240_00,550332996,72390 0,70800 1,
4240001009574_240_00,550332996,72030 0,70740 1,
4240001009574_240_00,550332996,72810 0,72780 1,
4240001009574_240_00,550332996,72810 0,50260 1,
4240001009574_240_00,550332996,72810 0,72780 0,
4240001009574_240_00,550332996,72400 0,70150 1,
4240001009574_240_00,550332996,72400 0,71560 1,
4240001009574_240_00,550332996,72500 0,74040 0,
4240001009574_240_00,550332996,71420 0,70810 1,
4240001009574_240_00,550332996,71420 0,70800 0,
4240001009574_240_00,1261976881,51991 0,50020 5,
4240001009574_240_00,1261976881,51991 0,50030 4,
4240001009574_240_00,1261976881,50020 5,50030 4,
4240001009574_240_00,550332996,46044 1,50850 1,
4240001009574_240_00,550332996,46044 1,70520 1,
4240001009574_240_00,550332996,50840 1,50280 1,
4240001009574_240_00,550332996,50830 1,72630 3,
4240001009574_240_00,550332996,50830 1,70540 1,
4240001009574_240_00,550332996,71440 1,70030 1,
4240001009574_240_00,550332996,71440 1,72590 1,
4240001009574_240_00,550332996,72790 1,72500 1,
4240001009574_240_00,550332996,72590 1,72810 1,
4240001009574_240_00,550332996,50280 1,70520 1,
4240001009574_240_00,550332996,70520 1,72790 1,
4240001009574_240_00,550332996,70520 1,70810 1,
4240001009574_240_00,550332996,70520 1,71600 0,
4240001009574_240_00,550332996,50060 11,72610 1,
4240001009574_240_00,550332996,50060 11,50830 1,
4240001009574_240_00,1261976881,50050 2,51991 0,
4240001009574_240_00,1261976881,52960 1,50050 2,
4240001009574_240_00,1261976881,52960 1,51991 0,
4240001009574_240_00,1261976881,51991 0,50060 999,
4240001009574_240_00,1261976881,51991 0,50050 2,
4240001009574_240_00,1261976881,51991 0,52960 1,
4240001009574_240_00,1261976881,50030 4,50060 999,
4240001009574_240_00,3594359697,50330 0,73390 1,
4240001009574_240_00,3594359697,50330 0,70350 1,
4240001009574_240_00,3594359697,50330 0,73710 0,
4240001009574_240_00,3594359697,73280 1,71460 1,
4240001009574_240_00,3594359697,50340 1,73390 1,
4240001009574_240_00,3594359697,50340 1,74200 1,
4240001009574_240_00,3594359697,50350 1,73940 1,
4240001009574_240_00,3594359697,50350 1,71760 1,
4240001009574_240_00,3594359697,50030 7,73980 1,
4240001009574_240_00,3594359697,50030 7,47014 1,
4240001009574_240_00,3594359697,50030 7,73990 1,
4240001009574_240_00,3594359697,50020 4,71760 1,
4240001009574_240_00,3594359697,70010 1,55190 1,
4240001009574_240_00,3594359697,50040 1,50340 1,
4240001009574_240_00,3594359697,55170 1,50350 1,
4240001009574_240_00,3594359697,55170 1,50060 3,
4240001009574_240_00,3594359697,70355 0,73950 1,
4240001009574_240_00,3594359697,25150 1,70347 1,
4240001009574_240_00,3594359697,25150 1,47014 1,
4240001009574_240_00,3594359697,25150 1,73990 1,
4240001009574_240_00,3594359697,70347 1,73980 1,
4240001009574_240_00,3594359697,70347 1,70355 0,
4240001009574_240_00,3594359697,70350 1,73390 1,
4240001009574_240_00,3594359697,47014 1,73980 1,
4240001009574_240_00,3594359697,50060 3,47014 1,
4240001009574_240_00,3594359697,70430 1,73940 1,
4240001009574_240_00,3594359697,70430 1,47014 1,
4240001009574_240_00,3594359697,55190 1,50060 3,
4240001009574_240_00,3594359697,71760 1,73400 1,
4240001009574_240_00,3594359697,71760 1,74200 1,
4240001009574_240_00,2355023358,74230 1,55190 1,
4240001009574_240_00,2355023358,55200 1,70430 1,
4240001009574_240_00,2355023358,50030 7,75041 1,
4240001009574_240_00,2355023358,71370 1,55190 1,
4240001009574_240_00,2355023358,70010 1,55200 1,
4240001009574_240_00,2355023358,55170 1,50050 1,
4240001009574_240_00,2355023358,25150 1,50030 7,
4240001009574_240_00,2355023358,51404 1,25150 1,
4240001009574_240_00,835754522,72120 1,51190 1,
4240001009574_240_00,835754522,72120 1,72150 1,
4240001009574_240_00,835754522,50060 9,50050 2,
4240001009574_240_00,835754522,50050 2,74370 1,
4240001009574_240_00,835754522,73000 1,71620 1,
4240001009574_240_00,835754522,72150 1,51190 1,
4240001009574_240_00,835754522,73250 1,51190 1,
4240001009574_240_00,835754522,70380 1,71740 1,
4240001009574_240_00,835754522,72760 1,70930 1,
4240001009574_240_00,550332996,50830 0,50060 10,
4240001009574_240_00,550332996,50860 0,51010 0,
4240001009574_240_00,550332996,72630 2,50860 0,
4240001009574_240_00,550332996,70520 0,50860 2,
4240001009574_240_00,550332996,72610 0,70520 0,
4240001009574_240_00,550332996,72610 0,71440 0,
4240001009574_240_00,550332996,72610 0,50850 0,
4240001009574_240_00,550332996,50870 0,51010 0,
4240001009574_240_00,550332996,72500 0,72630 2,
4240001009574_240_00,550332996,72500 0,72590 0,
4240001009574_240_00,550332996,72590 0,70540 0,
4240001009574_240_00,550332996,50280 0,50860 2,
4240001009574_240_00,550332996,50280 0,72740 0,
4240001009574_240_00,550332996,74320 0,71440 0,
4240001009574_240_00,409958912,51330 1,73650 1,
4240001009574_240_00,409958912,50030 7,73660 1,
4240001009574_240_00,409958912,50020 0,56410 1,
4240001009574_240_00,409958912,50020 0,71480 1,
4240001009574_240_00,409958912,50020 0,51320 3,
4240001009574_240_00,409958912,50040 1,56410 1,
4240001009574_240_00,409958912,73660 1,73650 1,
4240001009574_240_00,409958912,75030 1,71480 1,
4240001009574_240_00,409958912,51340 1,73460 1,
4240001009574_240_00,409958912,51340 1,75040 1,
4240001009574_240_00,409958912,50060 13,56560 1,
4240001009574_240_00,409958912,50020 7,51330 1,
4240001009574_240_00,409958912,50020 7,50020 0,
4240001009574_240_00,409958912,50050 1,73460 1,
4240001009574_240_00,409958912,50050 1,73660 1,
4240001009574_240_00,409958912,51320 3,75030 1,
4240001009574_240_00,3884591149,50060 14,50540 0,
4240001009574_240_00,3884591149,50060 14,50950 2,
4240001009574_240_00,3884591149,50060 14,52370 0,
4240001009574_240_00,3884591149,50940 1,51621 0,
4240001009574_240_00,3884591149,52380 1,52370 0,
4240001009574_240_00,3884591149,52390 2,52380 0,
4240001009574_240_00,3884591149,50950 2,52380 0,
4240001009574_240_00,3884591149,50950 2,50540 0,
4240001009574_240_00,3884591149,51620 1,52370 0,
4240001009574_240_00,1004470243,52960 0,51991 1,
4240001009574_240_00,1004470243,51991 1,50020 4,
4240001009574_240_00,1004470243,50030 7,52130 0,
4240001009574_240_00,1004470243,50030 7,52140 0,
4240001009574_240_00,1004470243,50030 7,52960 0,
4240001009574_240_00,1004470243,50020 4,51991 1,
4240001009574_240_00,1004470243,52130 0,50030 7,
4240001009574_240_00,1004470243,52130 0,52130 0,
4240001009574_240_00,1004470243,52140 0,50030 7,
4240001009574_240_00,1004470243,52140 0,52960 0,
4240001009574_240_00,1004470243,50320 1,52960 0,
4240001009574_240_00,1004470243,52960 0,50030 7,
4240001009574_240_00,1004470243,52960 0,52140 0,
4240001009574_240_00,1004470243,52960 0,50320 1,
4240001009574_240_00,409958912,73460 0,51330 0,
4240001009574_240_00,409958912,75040 0,50040 0,
4240001009574_240_00,409958912,75040 0,50020 5,
4240001009574_240_00,409958912,75040 0,50030 4,
4240001009574_240_00,409958912,75030 0,51330 0,
4240001009574_240_00,409958912,56570 0,51330 0,
4240001009574_240_00,409958912,56410 0,51330 0,
4240001009574_240_00,409958912,51320 2,50030 4,
4240001009574_240_00,409958912,56560 0,75030 0,
4240001009574_240_00,409958912,56560 0,56410 0,
4240001009574_240_00,409958912,73640 0,50050 0,
4240001009574_240_00,409958912,50020 5,50040 0,
4240001009574_240_00,409958912,50020 5,50060 5,
4240001009574_240_00,3175822612,51980 0,71100 0,
4240001009574_240_00,3175822612,51980 0,75030 0,
4240001009574_240_00,3175822612,50020 2,74010 0,
4240001009574_240_00,3175822612,50950 0,52380 0,
4240001009574_240_00,3175822612,50950 0,50030 8,
4240001009574_240_00,3175822612,50950 0,50030 1,
4240001009574_240_00,3175822612,50950 0,51991 0,
4240001009574_240_00,3175822612,52370 0,74010 0,
4240001009574_240_00,3175822612,52370 0,51980 0,
4240001009574_240_00,3175822612,50940 0,50030 1,
4240001009574_240_00,3175822612,51991 0,71100 0,
4240001009574_240_00,3175822612,52390 0,75030 0,
4240001009574_240_00,3175822612,50900 0,74010 0,
4240001009574_240_00,3594359697,73280 1,70350 1,
4240001009574_240_00,3594359697,50350 1,73400 1,
4240001009574_240_00,3594359697,50030 7,50340 1,
4240001009574_240_00,3594359697,50040 1,72090 1,
4240001009574_240_00,3594359697,72090 1,75042 1,
4240001009574_240_00,3594359697,47014 1,75042 1,
4240001009574_240_00,3594359697,50060 3,73400 1,
4240001009574_240_00,3594359697,50320 1,75042 1,
4240001009574_240_00,3594359697,50320 1,71760 1,
4240001009574_240_00,3594359697,50050 1,50040 1,
4240001009574_240_00,3594359697,50050 1,71760 1,
4240001009574_240_00,3594359697,71760 1,70347 1,
4240001009574_240_00,3594359697,71760 1,47014 1,
4240001009574_240_00,3175822612,72730 0,52370 1,
4240001009574_240_00,3175822612,72730 0,74010 1,
4240001009574_240_00,3175822612,51980 1,52380 1,
4240001009574_240_00,3175822612,51240 3,52370 1,
4240001009574_240_00,3175822612,50900 1,73015 1,
4240001009574_240_00,3175822612,71510 0,50940 1,
4240001009574_240_00,3175822612,71510 0,50030 9,
4240001009574_240_00,3175822612,71100 1,50940 1,
4240001009574_240_00,3175822612,71100 1,50950 3,
4240001009574_240_00,3175822612,52390 1,52380 1,
4240001009574_240_00,3175822612,74020 1,52370 1,
4240001009574_240_00,3175822612,74020 1,74010 1,
4240001009574_240_00,550332996,70740 0,72720 0,
4240001009574_240_00,550332996,70810 0,72610 0,
4240001009574_240_00,550332996,70810 0,71440 0,
4240001009574_240_00,550332996,72800 0,70520 0,
4240001009574_240_00,550332996,72630 2,72610 0,
4240001009574_240_00,550332996,72810 0,72790 0,
4240001009574_240_00,550332996,72610 0,51010 0,
4240001009574_240_00,550332996,50840 0,72740 0,
4240001009574_240_00,550332996,50850 0,50840 0,
4240001009574_240_00,550332996,72790 0,70540 0,
4240001009574_240_00,550332996,50280 0,50840 0,
4240001009574_240_00,550332996,70540 0,71440 0,
4240001009574_240_00,550332996,70800 0,70520 0,
4240001009574_240_00,409958912,75030 0,56410 0,
4240001009574_240_00,409958912,73650 0,50030 4,
4240001009574_240_00,409958912,56570 0,75040 0,
4240001009574_240_00,409958912,50050 0,50060 5,
4240001009574_240_00,409958912,71990 0,75040 0,
4240001009574_240_00,409958912,71990 0,51320 2,
4240001009574_240_00,409958912,71990 0,51320 0,
4240001009574_240_00,409958912,51320 2,50020 5,
4240001009574_240_00,409958912,51320 0,50040 0,
4240001009574_240_00,409958912,51320 0,50020 5,
4240001009574_240_00,409958912,51320 0,50030 4,
4240001009574_240_00,409958912,56560 0,50060 5,
4240001009574_240_00,409958912,71480 0,73460 0,
4240001009574_240_00,409958912,71480 0,73660 0,
4240001009574_240_00,409958912,73680 0,75040 0,
4240001009574_240_00,409958912,73660 0,73460 0,
4240001009574_240_00,409958912,73660 0,51330 0,
4240001009574_240_00,409958912,50020 5,50050 0,
4240001009574_240_00,3594359697,73980 0,50040 0,
4240001009574_240_00,3594359697,73980 0,50340 0,
4240001009574_240_00,3594359697,74200 0,50340 0,
4240001009574_240_00,3594359697,74200 0,50020 5,
4240001009574_240_00,3594359697,50320 0,50030 4,
4240001009574_240_00,3594359697,73950 0,72090 0,
4240001009574_240_00,3594359697,73950 0,73280 0,
4240001009574_240_00,3594359697,73940 0,50020 5,
4240001009574_240_00,3594359697,73940 0,70350 0,
4240001009574_240_00,3594359697,73390 0,50340 0,
4240001009574_240_00,3594359697,73390 0,50020 5,
4240001009574_240_00,3594359697,47014 0,50340 0,
4240001009574_240_00,345268387,50540 1,52380 0,
4240001009574_240_00,345268387,73010 0,50540 0,
4240001009574_240_00,345268387,73010 0,52370 0,
4240001009574_240_00,345268387,73765 0,73755 0,
4240001009574_240_00,345268387,73765 0,52060 1,
4240001009574_240_00,345268387,73765 0,50060 999,
4240001009574_240_00,345268387,73765 0,72325 0,
4240001009574_240_00,345268387,73765 0,52050 1,
4240001009574_240_00,345268387,50940 1,52370 0,
4240001009574_240_00,345268387,73755 0,52380 0,
4240001009574_240_00,345268387,50880 1,52380 1,
4240001009574_240_00,345268387,50880 1,50540 0,
4240001009574_240_00,345268387,50880 1,52390 2,
4240001009574_240_00,345268387,50880 1,50950 2,
4240001009574_240_00,345268387,50880 1,52370 0,
4240001009574_240_00,345268387,52380 1,73755 0,
4240001009574_240_00,345268387,52380 1,52390 3,
4240001009574_240_00,345268387,73755 1,73010 0,
4240001009574_240_00,345268387,73755 1,52070 1,
4240001009574_240_00,345268387,52390 2,73010 0,
4240001009574_240_00,345268387,52390 2,73695 0,
4240001009574_240_00,345268387,52390 2,72325 1,
4240001009574_240_00,345268387,50950 2,73010 0,
4240001009574_240_00,345268387,50950 2,73755 0,
4240001009574_240_00,345268387,50950 2,52060 1,
4240001009574_240_00,345268387,50950 2,72325 0,
4240001009574_240_00,345268387,50950 2,52070 1,
4240001009574_240_00,345268387,52370 1,72325 0,
4240001009574_240_00,345268387,50060 6,73755 1,
4240001009574_240_00,345268387,50060 6,52370 0,
4240001009574_240_00,345268387,50060 6,72325 1,
4240001009574_240_00,345268387,52070 1,50540 0,
4240001009574_240_00,345268387,50940 0,73695 0,
4240001009574_240_00,345268387,50940 0,72325 1,
4240001009574_240_00,345268387,73695 0,52050 1,
4240001009574_240_00,345268387,72325 1,52080 0,
4240001009574_240_00,345268387,72325 1,52050 1,
4240001009574_240_00,2355023358,70010 1,25150 1,
4240001009574_240_00,2355023358,50040 1,50020 2,
4240001009574_240_00,2355023358,70430 1,50030 7,
4240001009574_240_00,2355023358,50060 4,50020 2,
4240001009574_240_00,2355023358,55190 1,50050 1,
4240001009574_240_00,409958912,24940 0,46037 0,
4240001009574_240_00,409958912,46037 0,50020 3,
4240001009574_240_00,409958912,73640 0,51792 0,
4240001009574_240_00,550332996,50260 0,50090 0,
4240001009574_240_00,550332996,50260 0,50101 0,
4240001009574_240_00,550332996,70810 0,50100 0,
4240001009574_240_00,550332996,70610 1,72030 0,
4240001009574_240_00,550332996,50100 0,50030 3,
4240001009574_240_00,550332996,70780 0,50100 0,
4240001009574_240_00,550332996,72500 0,72780 0,
4240001009574_240_00,550332996,71590 0,50100 0,
4240001009574_240_00,550332996,70800 0,50105 0,
4240001009574_240_00,3594359697,74240 1,25150 1,
4240001009574_240_00,3594359697,50350 1,47014 3,
4240001009574_240_00,3594359697,50020 4,70350 1,
4240001009574_240_00,3594359697,50020 4,73710 0,
4240001009574_240_00,3594359697,50020 4,73400 1,
4240001009574_240_00,3594359697,70570 1,55190 1,
4240001009574_240_00,3594359697,74250 1,25150 1,
4240001009574_240_00,3594359697,25150 1,50330 0,
4240001009574_240_00,3594359697,25150 1,73400 1,
4240001009574_240_00,3594359697,50060 3,47014 3,
4240001009574_240_00,3594359697,70430 1,50340 1,
4240001009574_240_00,3594359697,73400 1,47014 3,
4240001009574_240_00,3594359697,55190 1,70355 0,
4240001009574_240_00,3594359697,25150 0,74250 0,
4240001009574_240_00,3594359697,55200 0,74230 0,
4240001009574_240_00,3594359697,75042 0,50060 10,
4240001009574_240_00,3594359697,73400 0,50340 0,
4240001009574_240_00,3594359697,55190 0,70570 0,
4240001009574_240_00,3594359697,50340 0,55190 0,
4240001009574_240_00,3594359697,50030 4,55180 0,
4240001009574_240_00,2090219850,52080 0,52380 0,
4240001009574_240_00,2090219850,52380 0,50060 14,
4240001009574_240_00,2090219850,51980 1,52080 0,
4240001009574_240_00,2090219850,50860 2,52390 3,
4240001009574_240_00,2090219850,52060 1,52070 1,
4240001009574_240_00,2090219850,52060 1,75013 0,
4240001009574_240_00,2090219850,50950 1,52380 0,
4240001009574_240_00,2090219850,51480 1,51620 2,
4240001009574_240_00,2090219850,51480 1,52370 0,
4240001009574_240_00,2090219850,51620 2,50060 14,
4240001009574_240_00,2090219850,51620 2,52370 0,
4240001009574_240_00,2090219850,72150 1,52050 1,
4240001009574_240_00,2090219850,72150 1,52070 1,
4240001009574_240_00,2090219850,72150 1,50940 0,
4240001009574_240_00,2090219850,51610 2,50950 1,
4240001009574_240_00,2090219850,51610 2,50540 0,
4240001009574_240_00,2090219850,52030 3,52060 1,
4240001009574_240_00,2090219850,52030 3,52040 1,
4240001009574_240_00,2090219850,52030 3,50940 0,
4240001009574_240_00,2090219850,72760 1,50880 0,
4240001009574_240_00,2090219850,72760 1,50940 0,
4240001009574_240_00,2090219850,72760 1,75013 0,
4240001009574_240_00,2090219850,51990 1,72150 1,
4240001009574_240_00,2090219850,51990 1,52030 3,
4240001009574_240_00,2090219850,75013 0,52390 3,
4240001009574_240_00,2090219850,75013 0,50880 0,
4240001009574_240_00,2300128744,50030 7,51550 1,
4240001009574_240_00,2300128744,50040 1,51540 1,
4240001009574_240_00,2300128744,51550 1,71220 1,
4240001009574_240_00,2300128744,51550 1,71670 0,
4240001009574_240_00,2300128744,51540 1,71720 1,
4240001009574_240_00,2300128744,51540 1,71080 1,
4240001009574_240_00,2300128744,71210 1,71040 1,
4240001009574_240_00,2300128744,73410 1,51550 1,
4240001009574_240_00,2300128744,50060 3,71230 1,
4240001009574_240_00,2300128744,50060 3,50020 7,
4240001009574_240_00,2300128744,50320 1,22540 1,
4240001009574_240_00,2300128744,50050 1,22540 1,
4240001009574_240_00,2300128744,50050 1,73410 1,
4240001009574_240_00,2300128744,70920 1,71210 1,
4240001009574_240_00,3838942938,50030 9,50940 1,
4240001009574_240_00,3838942938,51980 1,51990 1,
4240001009574_240_00,3838942938,51600 1,50940 1,
4240001009574_240_00,3838942938,51600 1,50930 1,
4240001009574_240_00,3838942938,51590 1,50950 3,
4240001009574_240_00,3838942938,71510 0,51980 1,
4240001009574_240_00,3838942938,71510 0,50920 1,
4240001009574_240_00,3838942938,51580 0,50920 1,
4240001009574_240_00,3838942938,51580 0,50910 1,
4240001009574_240_00,3838942938,74010 1,71510 0,
4240001009574_240_00,3838942938,52000 1,50930 1,
4240001009574_240_00,3838942938,74020 1,71510 0,
4240001009574_240_00,3838942938,74020 1,50020 3,
4240001009574_240_00,3838942938,51990 1,51600 1,
4240001009574_240_00,3838942938,50020 3,50910 1,
4240001009574_240_00,3838942938,24960 7,51580 0,
4240001009574_240_00,3594359697,50350 1,70350 1,
4240001009574_240_00,3594359697,50350 1,73710 0,
4240001009574_240_00,3594359697,50030 7,47014 0,
4240001009574_240_00,3594359697,70020 1,25150 1,
4240001009574_240_00,3594359697,55210 1,50040 1,
4240001009574_240_00,3594359697,50020 4,73280 1,
4240001009574_240_00,3594359697,55170 1,47014 0,
4240001009574_240_00,3594359697,70355 0,47014 0,
4240001009574_240_00,3594359697,73900 1,25150 1,
4240001009574_240_00,3594359697,50320 1,47014 0,
4240001009574_240_00,3594359697,50050 1,47014 0,
4240001009574_240_00,3594359697,55190 1,50320 1,
4240001009574_240_00,3594359697,55190 1,50050 1,
4240001009574_240_00,919776449,50350 1,51350 0,
4240001009574_240_00,919776449,73000 0,50060 5,
4240001009574_240_00,919776449,72150 0,50060 5,
4240001009574_240_00,919776449,72150 0,72120 0,
4240001009574_240_00,919776449,50050 3,50060 5,
4240001009574_240_00,2122499709,72850 0,51980 1,
4240001009574_240_00,2122499709,51610 0,50910 0,
4240001009574_240_00,2122499709,71630 0,51600 0,
4240001009574_240_00,2122499709,71630 0,51590 1,
4240001009574_240_00,2122499709,71630 0,50930 1,
4240001009574_240_00,2122499709,50030 9,51621 0,
4240001009574_240_00,2122499709,50030 9,50910 1,
4240001009574_240_00,2122499709,50030 9,51590 0,
4240001009574_240_00,2122499709,50030 9,50030 5,
4240001009574_240_00,2122499709,51990 0,51980 0,
4240001009574_240_00,2122499709,51980 1,72820 0,
4240001009574_240_00,2122499709,51980 1,50920 0,
4240001009574_240_00,2122499709,51600 1,50910 1,
4240001009574_240_00,2122499709,51600 0,51990 0,
4240001009574_240_00,2122499709,50910 0,50030 5,
4240001009574_240_00,2122499709,50030 8,72820 0,
4240001009574_240_00,2122499709,50920 0,51590 0,
4240001009574_240_00,2122499709,51610 1,72820 0,
4240001009574_240_00,2122499709,51590 1,51980 0,
4240001009574_240_00,2122499709,51590 1,50030 5,
4240001009574_240_00,2122499709,50920 1,50910 0,
4240001009574_240_00,2122499709,50920 1,51620 1,
4240001009574_240_00,2122499709,51621 0,50910 0,
4240001009574_240_00,2122499709,51480 2,50920 0,
4240001009574_240_00,2122499709,51480 2,51990 1,
4240001009574_240_00,2122499709,50910 1,51620 1,
4240001009574_240_00,2122499709,51580 0,50930 1,
4240001009574_240_00,2122499709,50930 1,51480 0,
4240001009574_240_00,2122499709,50930 1,50030 5,
4240001009574_240_00,2122499709,52000 1,51610 0,
4240001009574_240_00,2122499709,52000 1,51590 0,
4240001009574_240_00,2122499709,52000 1,52000 0,
4240001009574_240_00,2122499709,51990 1,50060 999,
4240001009574_240_00,2122499709,51990 1,51480 0,
4240001009574_240_00,2122499709,51990 1,50930 0,
4240001009574_240_00,2122499709,51990 1,52000 0,
4240001009574_240_00,2122499709,52000 0,72820 0,
4240001009574_240_00,2122499709,50060 0,50030 9,
4240001009574_240_00,2122499709,50060 0,51990 0,
4240001009574_240_00,2122499709,50060 0,51590 1,
4240001009574_240_00,2122499709,50060 0,51990 1,
4240001009574_240_00,550332996,72390 0,70800 0,
4240001009574_240_00,550332996,72280 0,72500 1,
4240001009574_240_00,2300128744,51540 2,51330 0,
4240001009574_240_00,2300128744,71040 0,51550 0,
4240001009574_240_00,2300128744,71740 0,51540 0,
4240001009574_240_00,2300128744,51055 1,51540 2,
4240001009574_240_00,2300128744,71410 0,50060 5,
4240001009574_240_00,2300128744,71060 0,73790 0,
4240001009574_240_00,2300128744,71060 0,71210 0,
4240001009574_240_00,2300128744,70280 0,71220 0,
4240001009574_240_00,2300128744,71280 0,71410 0,
4240001009574_240_00,2300128744,71210 0,73790 0,
4240001009574_240_00,2300128744,71220 0,51320 0,
4240001009574_240_00,2300128744,71220 0,71210 0,
4240001009574_240_00,2300128744,50020 5,50030 4,
4240001009574_240_00,2300128744,71430 0,51540 2,
4240001009574_240_00,2300128744,71720 0,51540 0,
4240001009574_240_00,3594359697,73980 0,50030 4,
4240001009574_240_00,3594359697,70347 0,50340 0,
4240001009574_240_00,3594359697,71460 0,70430 0,
4240001009574_240_00,3594359697,71460 0,50060 10,
4240001009574_240_00,3594359697,50340 0,50060 10,
4240001009574_240_00,3594359697,73940 0,25150 0,
4240001009574_240_00,3594359697,73940 0,47014 0,
4240001009574_240_00,3594359697,73390 0,70350 0,
4240001009574_240_00,2300128744,50030 7,71230 1,
4240001009574_240_00,2300128744,22540 1,71240 1,
4240001009574_240_00,2300128744,51550 1,71080 1,
4240001009574_240_00,2300128744,51540 1,71690 1,
4240001009574_240_00,2300128744,73470 1,70920 1,
4240001009574_240_00,2300128744,71210 1,71710 1,
4240001009574_240_00,2300128744,73410 1,71230 1,
4240001009574_240_00,2300128744,50020 7,73690 1,
4240001009574_240_00,2300128744,50050 1,71210 1,
4240001009574_240_00,2300128744,50050 1,70920 1,
4240001009574_240_00,2300128744,70920 1,71220 1,
4240001009574_240_00,2300128744,70920 1,71270 1,
4240001009574_240_00,550332996,71960 1,46058 1,
4240001009574_240_00,550332996,70590 1,46014 1,
4240001009574_240_00,550332996,70600 0,46057 1,
4240001009574_240_00,3594359697,50030 7,70347 1,
4240001009574_240_00,3594359697,50320 1,70355 0,
4240001009574_240_00,3594359697,50050 1,50330 0,
4240001009574_240_00,2300128744,51540 2,73690 0,
4240001009574_240_00,2300128744,71710 0,51550 0,
4240001009574_240_00,2300128744,71710 0,51540 0,
4240001009574_240_00,2300128744,50320 0,50060 5,
4240001009574_240_00,2300128744,71010 0,51550 0,
4240001009574_240_00,2300128744,71010 0,51540 2,
4240001009574_240_00,2300128744,71010 0,71220 0,
4240001009574_240_00,2300128744,70280 0,51540 2,
4240001009574_240_00,2300128744,71220 0,22540 0,
4240001009574_240_00,2300128744,71220 0,70920 0,
4240001009574_240_00,1024075922,73810 0,56530 0,
4240001009574_240_00,1024075922,73810 0,73250 0,
4240001009574_240_00,1024075922,73810 0,52030 2,
4240001009574_240_00,1024075922,56530 0,72820 0,
4240001009574_240_00,1024075922,70670 0,72760 0,
4240001009574_240_00,1024075922,50320 0,72820 0,
4240001009574_240_00,1024075922,73250 0,50060 5,
4240001009574_240_00,1024075922,73840 0,52030 2,
4240001009574_240_00,1024075922,50350 0,72820 0,
4240001009574_240_00,1024075922,72020 0,72760 0,
4240001009574_240_00,1024075922,72020 0,50340 0,
4240001009574_240_00,1024075922,52040 0,50020 2,
4240001009574_240_00,1024075922,52040 0,72820 0,
4240001009574_240_00,1024075922,50340 0,51480 0,
4240001009574_240_00,1024075922,70360 0,73800 0,
4240001009574_240_00,1024075922,70360 0,73720 0,
4240001009574_240_00,1024075922,70360 0,52030 2,
4240001009574_240_00,1024075922,73820 0,50320 0,
4240001009574_240_00,1024075922,73820 0,50350 0,
4240001009574_240_00,1024075922,73830 0,50340 0,
4240001009574_240_00,1024075922,73720 0,50340 0,
4240001009574_240_00,1024075922,52030 2,50060 5,
4240001009574_240_00,1024075922,47014 0,50320 0,
4240001009574_240_00,1024075922,47014 0,50350 0,
4240001009574_240_00,3594359697,50340 1,70355 0,
4240001009574_240_00,3594359697,55210 1,50060 3,
4240001009574_240_00,3594359697,55210 1,70430 1,
4240001009574_240_00,3594359697,50040 1,47014 0,
4240001009574_240_00,3594359697,70560 1,25150 1,
4240001009574_240_00,3594359697,55170 1,73400 1,
4240001009574_240_00,3594359697,72090 1,73280 1,
4240001009574_240_00,3594359697,70347 1,70350 1,
4240001009574_240_00,3594359697,70430 1,50050 1,
4240001009574_240_00,3838942938,74010 0,72730 1,
4240001009574_240_00,3838942938,51980 0,75030 0,
4240001009574_240_00,3838942938,50020 2,51240 3,
4240001009574_240_00,3838942938,50950 0,50920 0,
4240001009574_240_00,3838942938,50910 0,50020 2,
4240001009574_240_00,3838942938,50030 1,50020 2,
4240001009574_240_00,3838942938,50030 1,72730 1,
4240001009574_240_00,3838942938,50920 0,51240 3,
4240001009574_240_00,3838942938,50940 0,52000 0,
4240001009574_240_00,3838942938,74020 0,51240 3,
4240001009574_240_00,3838942938,51590 0,51980 0,
4240001009574_240_00,1261976881,50060 1,52140 1,
4240001009574_240_00,1261976881,50020 5,51991 0,
4240001009574_240_00,1261976881,52140 1,50060 1,
4240001009574_240_00,103994292,71980 1,74410 1,
4240001009574_240_00,103994292,71980 1,72870 1,
4240001009574_240_00,103994292,71350 1,74390 1,
4240001009574_240_00,103994292,50060 9,50050 1,
4240001009574_240_00,103994292,73410 1,74395 1,
4240001009574_240_00,103994292,73410 1,74340 1,
4240001009574_240_00,103994292,73410 1,74360 1,
4240001009574_240_00,103994292,73410 1,74390 1,
4240001009574_240_00,103994292,74395 1,74390 1,
4240001009574_240_00,103994292,50320 1,74330 1,
4240001009574_240_00,103994292,74340 1,74395 1,
4240001009574_240_00,103994292,74360 1,72870 1,
4240001009574_240_00,103994292,72530 1,71980 1,
4240001009574_240_00,103994292,74330 0,71320 0,
4240001009574_240_00,103994292,70940 0,71320 0,
4240001009574_240_00,103994292,74400 0,50060 5,
4240001009574_240_00,103994292,71320 0,73410 0,
4240001009574_240_00,103994292,72530 0,50320 0,
4240001009574_240_00,103994292,74410 0,74340 0,
4240001009574_240_00,103994292,74340 0,74330 0,
4240001009574_240_00,103994292,73410 0,50060 5,
4240001009574_240_00,103994292,72870 0,50030 4,
4240001009574_240_00,103994292,74350 0,74400 0,
4240001009574_240_00,103994292,74350 0,50030 4,
4240001009574_240_00,103994292,71350 0,50040 0,
4240001009574_240_00,3594359697,73980 0,25150 0,
4240001009574_240_00,3594359697,73400 0,73280 0,
4240001009574_240_00,3594359697,72090 0,50050 0,
4240001009574_240_00,3594359697,55190 0,55210 0,
4240001009574_240_00,3594359697,73950 0,50030 4,
4240001009574_240_00,3594359697,50020 5,55170 0,
4240001009574_240_00,3594359697,50060 10,55180 0,
4240001009574_240_00,3594359697,73990 0,50040 0,
4240001009574_240_00,3594359697,73940 0,70430 0,
4240001009574_240_00,3594359697,73940 0,73980 0,
4240001009574_240_00,3594359697,50030 4,70430 0,
4240001009574_240_00,3594359697,73390 0,71760 0,
4240001009574_240_00,3594359697,73390 0,47014 0,
4240001009574_240_00,542189229,52390 3,50540 0,
4240001009574_240_00,542189229,50950 1,52380 0,
4240001009574_240_00,542189229,52370 0,50060 6,
4240001009574_240_00,835754522,51190 1,71040 1,
4240001009574_240_00,835754522,51190 1,73190 1,
4240001009574_240_00,835754522,70380 1,71240 1,
4240001009574_240_00,835754522,70380 1,71040 1,
4240001009574_240_00,2355023358,75041 0,55180 0,
4240001009574_240_00,2355023358,25150 0,70010 0,
4240001009574_240_00,2355023358,55200 0,70010 0,
4240001009574_240_00,2355023358,55190 0,55220 0,
4240001009574_240_00,2355023358,50050 0,25150 0,
4240001009574_240_00,2355023358,50050 0,50060 10,
4240001009574_240_00,2355023358,55170 0,25150 0,
4240001009574_240_00,2355023358,55170 0,55200 0,
4240001009574_240_00,2355023358,50020 3,70430 0,
4240001009574_240_00,2355023358,50030 4,50050 0,
4240001009574_240_00,201880385,50040 0,71440 1,
4240001009574_240_00,201880385,50040 0,50060 11,
4240001009574_240_00,201880385,72610 1,72600 1,
4240001009574_240_00,201880385,50830 1,72660 1,
4240001009574_240_00,201880385,50830 1,50850 1,
4240001009574_240_00,201880385,50830 1,70520 1,
4240001009574_240_00,201880385,70540 1,72570 1,
4240001009574_240_00,201880385,50030 11,50830 1,
4240001009574_240_00,201880385,50030 11,50280 1,
4240001009574_240_00,201880385,50050 0,71440 1,
4240001009574_240_00,201880385,50050 0,70520 1,
4240001009574_240_00,201880385,50280 1,72610 1,
4240001009574_240_00,201880385,50280 1,71440 1,
4240001009574_240_00,201880385,50850 1,72600 1,
4240001009574_240_00,201880385,70520 1,72600 1,
4240001009574_240_00,201880385,50060 11,50280 1,
4240001009574_240_00,201880385,50020 3,50040 0,
4240001009574_240_00,201880385,50020 3,50830 1,
4240001009574_240_00,201880385,50020 3,50050 0,
4240001009574_240_00,201880385,50020 3,50280 1,
4240001009574_240_00,201880385,24960 7,50840 1,
4240001009574_240_00,208731032,50540 1,51990 0,
4240001009574_240_00,208731032,50540 1,52390 2,
4240001009574_240_00,208731032,50940 1,73250 0,
4240001009574_240_00,208731032,50940 1,51610 1,
4240001009574_240_00,208731032,50940 1,73010 1,
4240001009574_240_00,208731032,50880 1,52370 1,
4240001009574_240_00,208731032,73250 0,51980 0,
4240001009574_240_00,208731032,73250 0,52000 0,
4240001009574_240_00,208731032,52390 2,51980 0,
4240001009574_240_00,208731032,52390 2,51480 0,
4240001009574_240_00,208731032,52390 2,52000 0,
4240001009574_240_00,208731032,50950 2,51990 0,
4240001009574_240_00,208731032,50950 2,52070 0,
4240001009574_240_00,208731032,50950 2,51610 1,
4240001009574_240_00,208731032,51620 1,72150 0,
4240001009574_240_00,208731032,51610 1,75013 1,
4240001009574_240_00,208731032,52370 1,51480 0,
4240001009574_240_00,208731032,75013 1,73250 0,
4240001009574_240_00,208731032,75013 1,50030 8,
4240001009574_240_00,208731032,75013 1,52070 0,
4240001009574_240_00,208731032,75013 1,72150 0,
4240001009574_240_00,208731032,72760 0,72820 0,
4240001009574_240_00,208731032,50060 6,50860 4,
4240001009574_240_00,208731032,50060 6,72150 0,
4240001009574_240_00,208731032,52050 0,51990 0,
4240001009574_240_00,208731032,52050 0,50030 5,
4240001009574_240_00,208731032,52080 3,50860 4,
4240001009574_240_00,208731032,73010 1,52080 3,
4240001009574_240_00,208731032,52000 0,51980 0,
4240001009574_240_00,208731032,52000 0,50030 8,
4240001009574_240_00,208731032,52030 2,51990 0,
4240001009574_240_00,208731032,52030 2,73250 0,
4240001009574_240_00,208731032,50030 5,50860 4,
4240001009574_240_00,2300128744,51550 0,50320 0,
4240001009574_240_00,2300128744,51540 0,50040 0,
4240001009574_240_00,2300128744,50320 0,50020 5,
4240001009574_240_00,201880385,51940 0,70520 0,
4240001009574_240_00,201880385,72570 0,70520 0,
4240001009574_240_00,201880385,70520 0,71440 0,
4240001009574_240_00,201880385,70520 0,50870 0,
4240001009574_240_00,201880385,72610 0,50020 1,
4240001009574_240_00,201880385,71440 0,50040 1,
4240001009574_240_00,201880385,50870 0,50040 1,
4240001009574_240_00,201880385,50840 0,72740 0,
4240001009574_240_00,201880385,50840 0,50060 10,
4240001009574_240_00,201880385,72660 0,71440 0,
4240001009574_240_00,201880385,72660 0,50870 0,
4240001009574_240_00,201880385,50280 0,50060 10,
4240001009574_240_00,201880385,50280 0,50050 1,
4240001009574_240_00,201880385,72630 0,72610 0,
4240001009574_240_00,201880385,72630 0,70540 0,
4240001009574_240_00,201880385,50060 10,50040 1,
4240001009574_240_00,3594359697,50340 1,47014 3,
4240001009574_240_00,3594359697,50030 7,73280 1,
4240001009574_240_00,3594359697,50030 7,47014 3,
4240001009574_240_00,3594359697,55210 1,55190 1,
4240001009574_240_00,3594359697,25150 1,55170 1,
4240001009574_240_00,3594359697,25150 1,73710 0,
4240001009574_240_00,3594359697,70350 1,70355 0,
4240001009574_240_00,3594359697,55220 1,55200 1,
4240001009574_240_00,3594359697,70430 1,50330 0,
4240001009574_240_00,3594359697,50050 1,47014 3,
4240001009574_240_00,3594359697,55190 1,50020 4,
4240001009574_240_00,3594359697,55190 1,47014 3,
4240001009574_240_00,103994292,74395 0,50040 0,
4240001009574_240_00,103994292,50040 0,50050 0,
4240001009574_240_00,103994292,74330 0,50030 4,
4240001009574_240_00,103994292,74400 0,71320 0,
4240001009574_240_00,103994292,71320 0,50320 0,
4240001009574_240_00,103994292,71320 0,50030 4,
4240001009574_240_00,103994292,72530 0,50050 0,
4240001009574_240_00,103994292,74360 0,50320 0,
4240001009574_240_00,103994292,74340 0,50320 0,
4240001009574_240_00,103994292,74340 0,73410 0,
4240001009574_240_00,103994292,72870 0,50320 0,
4240001009574_240_00,103994292,50020 5,50060 5,
4240001009574_240_00,103994292,74390 0,73410 0,
4240001009574_240_00,103994292,50030 4,50060 5,
4240001009574_240_00,2233809208,50540 1,52370 1,
4240001009574_240_00,2233809208,50940 1,50940 0,
4240001009574_240_00,2233809208,50940 1,75018 1,
4240001009574_240_00,2233809208,52080 1,75016 1,
4240001009574_240_00,2233809208,52380 1,70360 1,
4240001009574_240_00,2233809208,52380 1,47014 3,
4240001009574_240_00,2233809208,73755 1,75015 1,
4240001009574_240_00,2233809208,52390 2,52080 1,
4240001009574_240_00,2233809208,52390 2,52380 1,
4240001009574_240_00,2233809208,52390 2,75019 1,
4240001009574_240_00,2233809208,52390 2,73010 1,
4240001009574_240_00,2233809208,52390 2,75016 1,
4240001009574_240_00,2233809208,50950 2,72325 1,
4240001009574_240_00,2233809208,75019 1,47014 3,
4240001009574_240_00,2233809208,50060 6,75018 1,
4240001009574_240_00,2233809208,50940 0,75018 1,
4240001009574_240_00,2233809208,75015 1,47014 3,
4240001009574_240_00,2233809208,72325 1,75017 1,
4240001009574_240_00,2233809208,72325 1,47014 3,
4240001009574_240_00,3594359697,25150 0,70010 0,
4240001009574_240_00,3594359697,55180 0,25150 0,
4240001009574_240_00,3594359697,72090 0,55180 0,
4240001009574_240_00,3594359697,50050 0,55200 0,
4240001009574_240_00,3594359697,50350 0,55190 0,
4240001009574_240_00,3594359697,47014 0,50060 5,
4240001009574_240_00,1004470243,52140 0,50050 3,
4240001009574_240_00,1004470243,50320 1,52140 0,
4240001009574_240_00,3160249464,50940 1,50950 1,
4240001009574_240_00,3160249464,73755 0,50940 0,
4240001009574_240_00,3160249464,75018 0,52380 0,
4240001009574_240_00,3160249464,75018 0,50540 0,
4240001009574_240_00,3160249464,72325 0,52370 0,
4240001009574_240_00,3160249464,70360 0,73755 0,
4240001009574_240_00,3160249464,70360 0,50540 0,
4240001009574_240_00,3160249464,75017 0,73755 0,
4240001009574_240_00,3160249464,52080 2,50950 1,
4240001009574_240_00,3160249464,52080 2,72325 0,
4240001009574_240_00,3160249464,75019 0,73010 0,
4240001009574_240_00,3160249464,75019 0,52080 2,
4240001009574_240_00,3160249464,47014 0,52380 0,
4240001009574_240_00,3160249464,47014 0,52390 3,
4240001009574_240_00,3160249464,75015 0,52080 0,
4240001009574_240_00,3160249464,75015 0,73755 0,
4240001009574_240_00,3160249464,75015 0,52380 0,
4240001009574_240_00,550332996,71960 1,46048 1,
4240001009574_240_00,550332996,71960 1,46049 1,
4240001009574_240_00,550332996,70590 1,46059 1,
4240001009574_240_00,1004470243,50330 0,50020 4,
4240001009574_240_00,1004470243,50020 4,50330 0,
4240001009574_240_00,3838942938,51980 0,72730 1,
4240001009574_240_00,3838942938,51610 0,51990 0,
4240001009574_240_00,3838942938,72730 0,71100 0,
4240001009574_240_00,3838942938,72730 0,50940 1,
4240001009574_240_00,3838942938,72730 0,51590 1,
4240001009574_240_00,3838942938,50940 1,51980 0,
4240001009574_240_00,3838942938,50940 1,52000 0,
4240001009574_240_00,3838942938,50030 9,50910 1,
4240001009574_240_00,3838942938,50030 9,52000 0,
4240001009574_240_00,3838942938,75030 0,51240 999,
4240001009574_240_00,3838942938,50950 3,71100 0,
4240001009574_240_00,3838942938,51240 3,50030 1,
4240001009574_240_00,3838942938,51240 3,51610 1,
4240001009574_240_00,3838942938,51240 3,52000 0,
4240001009574_240_00,3838942938,50030 8,74010 0,
4240001009574_240_00,3838942938,50030 8,50020 2,
4240001009574_240_00,3838942938,50030 8,51240 999,
4240001009574_240_00,3838942938,50030 8,72730 1,
4240001009574_240_00,3838942938,50030 1,51240 999,
4240001009574_240_00,3838942938,50920 0,51590 0,
4240001009574_240_00,3838942938,51620 1,51600 0,
4240001009574_240_00,3838942938,51610 1,50910 0,
4240001009574_240_00,3838942938,51610 1,74020 0,
4240001009574_240_00,3838942938,51610 1,50930 0,
4240001009574_240_00,3838942938,51610 1,72730 1,
4240001009574_240_00,3838942938,51590 1,71100 0,
4240001009574_240_00,3838942938,50920 1,51610 1,
4240001009574_240_00,3838942938,50920 1,51590 0,
4240001009574_240_00,3838942938,50920 1,52000 0,
4240001009574_240_00,3838942938,51621 0,52000 0,
4240001009574_240_00,3838942938,71510 0,50030 1,
4240001009574_240_00,3838942938,71510 0,50920 0,
4240001009574_240_00,3838942938,50910 1,51610 0,
4240001009574_240_00,3838942938,50910 1,50920 0,
4240001009574_240_00,3838942938,50910 1,50920 1,
4240001009574_240_00,3838942938,50910 1,51240 999,
4240001009574_240_00,3838942938,50910 1,50930 0,
4240001009574_240_00,3838942938,51580 0,51600 1,
4240001009574_240_00,3838942938,51580 0,51600 0,
4240001009574_240_00,3838942938,50940 0,71100 0,
4240001009574_240_00,3838942938,50930 0,51590 0,
4240001009574_240_00,3838942938,74010 1,50020 2,
4240001009574_240_00,3838942938,74010 1,51610 0,
4240001009574_240_00,3838942938,74010 1,74020 0,
4240001009574_240_00,3838942938,51590 0,72730 1,
4240001009574_240_00,3838942938,50930 1,50950 3,
4240001009574_240_00,3838942938,71100 1,51980 1,
4240001009574_240_00,3838942938,71100 1,51610 1,
4240001009574_240_00,3838942938,71100 1,74010 1,
4240001009574_240_00,3838942938,71100 1,74020 1,
4240001009574_240_00,3838942938,52000 1,50940 1,
4240001009574_240_00,3838942938,52000 1,50940 0,
4240001009574_240_00,3838942938,52000 1,72730 1,
4240001009574_240_00,3838942938,74020 1,74010 0,
4240001009574_240_00,3838942938,74020 1,50920 0,
4240001009574_240_00,3838942938,74020 1,50910 1,
4240001009574_240_00,3838942938,74020 1,51240 999,
4240001009574_240_00,3838942938,51990 1,50950 3,
4240001009574_240_00,3838942938,50020 3,50030 9,
4240001009574_240_00,3838942938,50020 3,50920 0,
4240001009574_240_00,3838942938,50020 3,50920 1,
4240001009574_240_00,3838942938,50020 3,51240 999,
4240001009574_240_00,3838942938,50020 3,50930 0,
4240001009574_240_00,3838942938,52000 0,50020 2,
4240001009574_240_00,3838942938,24960 7,75030 0,
4240001009574_240_00,3838942938,24960 7,50950 3,
4240001009574_240_00,1004470243,50020 4,50020 4,
4240001009574_240_00,1004470243,52140 0,50320 1,
4240001009574_240_00,1261976881,50320 0,52960 1,
4240001009574_240_00,1261976881,52960 1,50320 0,
4240001009574_240_00,1261976881,50030 4,52140 1,
4240001009574_240_00,3594359697,50050 0,25150 0,
4240001009574_240_00,3594359697,50020 5,25150 0,
4240001009574_240_00,2300128744,71410 1,71220 1,
4240001009574_240_00,2300128744,51330 1,71220 1,
4240001009574_240_00,2300128744,71220 1,71720 1,
4240001009574_240_00,2300128744,71220 1,71710 1,
4240001009574_240_00,2300128744,71220 1,71230 1,
4240001009574_240_00,2300128744,71220 1,70280 1,
4240001009574_240_00,2300128744,50020 0,71220 1,
4240001009574_240_00,2300128744,50020 0,71190 0,
4240001009574_240_00,2300128744,51540 1,71230 1,
4240001009574_240_00,2300128744,71210 1,71010 1,
4240001009574_240_00,2300128744,71210 1,51055 6,
4240001009574_240_00,2300128744,71210 1,71690 1,
4240001009574_240_00,2300128744,51320 1,71220 1,
4240001009574_240_00,2300128744,51320 1,71190 0,
4240001009574_240_00,2300128744,51320 1,71270 1,
4240001009574_240_00,2300128744,51340 1,51550 1,
4240001009574_240_00,2300128744,51410 1,51540 1,
4240001009574_240_00,2300128744,51410 1,71010 1,
4240001009574_240_00,2300128744,50050 1,50020 0,
4240001009574_240_00,835754522,71290 0,73190 0,
4240001009574_240_00,835754522,74370 0,73250 0,
4240001009574_240_00,835754522,73250 0,52130 0,
4240001009574_240_00,835754522,51055 2,51190 0,
4240001009574_240_00,835754522,70380 0,71620 0,
4240001009574_240_00,835754522,70380 0,52030 2,
4240001009574_240_00,835754522,70380 0,72120 0,
4240001009574_240_00,835754522,71060 0,73190 0,
4240001009574_240_00,835754522,51190 0,50050 3,
4240001009574_240_00,835754522,74380 0,52030 2,
4240001009574_240_00,835754522,73190 0,72120 0,
4240001009574_240_00,835754522,52030 2,72120 0,
4240001009574_240_00,3594359697,25150 0,55200 0,
4240001009574_240_00,3594359697,50350 0,25150 0,
4240001009574_240_00,3594359697,73185 0,70347 0,
4240001009574_240_00,3594359697,73185 0,70350 0,
4240001009574_240_00,3594359697,73185 0,71760 0,
4240001009574_240_00,3594359697,50020 5,70430 0,
4240001009574_240_00,3594359697,73980 1,74200 1,
4240001009574_240_00,3594359697,50020 4,73950 1,
4240001009574_240_00,3594359697,50040 1,50350 1,
4240001009574_240_00,3594359697,70355 0,73980 1,
4240001009574_240_00,3594359697,70350 1,74200 1,
4240001009574_240_00,3594359697,73710 0,74200 1,
4240001009574_240_00,3594359697,50320 1,73390 1,
4240001009574_240_00,3594359697,73400 1,73940 1,
4240001009574_240_00,3594359697,73400 1,73390 1,
4240001009574_240_00,3594359697,50050 1,50030 7,
4240001009574_240_00,3594359697,50050 1,47014 1,
4240001009574_240_00,2300128744,51550 0,73690 0,
4240001009574_240_00,2300128744,71710 0,71210 0,
4240001009574_240_00,2300128744,71270 0,51550 0,
4240001009574_240_00,2300128744,71270 0,51540 2,
4240001009574_240_00,2300128744,22540 0,70920 0,
4240001009574_240_00,2300128744,22540 0,50060 5,
4240001009574_240_00,2300128744,73690 0,50320 0,
4240001009574_240_00,2300128744,73690 0,73410 0,
4240001009574_240_00,2300128744,71040 0,71210 0,
4240001009574_240_00,2300128744,50320 0,50040 0,
4240001009574_240_00,2300128744,71230 0,50040 0,
4240001009574_240_00,2300128744,71220 0,73690 0,
4240001009574_240_00,2300128744,70920 0,50320 0,
4240001009574_240_00,2300128744,70920 0,73410 0,
4240001009574_240_00,550332996,72280 0,50090 0,
4240001009574_240_00,550332996,70370 0,50105 0,
4240001009574_240_00,3594359697,75042 0,73280 0,
4240001009574_240_00,3594359697,70347 0,50060 5,
4240001009574_240_00,1024075922,50330 0,50350 1,
4240001009574_240_00,1024075922,50330 0,73850 1,
4240001009574_240_00,1024075922,50340 1,73820 1,
4240001009574_240_00,1024075922,50340 1,70360 1,
4240001009574_240_00,1024075922,50030 7,73820 1,
4240001009574_240_00,1024075922,50030 7,72020 1,
4240001009574_240_00,1024075922,50020 4,50340 1,
4240001009574_240_00,1024075922,50020 4,73720 1,
4240001009574_240_00,1024075922,50020 4,73800 1,
4240001009574_240_00,1024075922,73820 1,70360 1,
4240001009574_240_00,1024075922,50040 1,73840 1,
4240001009574_240_00,1024075922,73720 1,73820 1,
4240001009574_240_00,1024075922,70360 1,47014 3,
4240001009574_240_00,1024075922,52040 1,73830 1,
4240001009574_240_00,1024075922,72080 0,73820 1,
4240001009574_240_00,1024075922,72080 0,73810 1,
4240001009574_240_00,1024075922,72080 0,72760 1,
4240001009574_240_00,1024075922,73810 1,73890 1,
4240001009574_240_00,1024075922,73890 1,70360 1,
4240001009574_240_00,1024075922,73800 1,70360 1,
4240001009574_240_00,1024075922,50060 3,73840 1,
4240001009574_240_00,1024075922,50320 1,73720 1,
4240001009574_240_00,1024075922,50320 1,73800 1,
4240001009574_240_00,1024075922,50320 1,47014 3,
4240001009574_240_00,1024075922,73250 1,73830 1,
4240001009574_240_00,1024075922,73250 1,73850 1,
4240001009574_240_00,1024075922,72760 1,52050 1,
4240001009574_240_00,1024075922,72760 1,47014 3,
4240001009574_240_00,103994292,71350 1,70940 1,
4240001009574_240_00,103994292,50060 9,73780 1,
4240001009574_240_00,103994292,50060 9,74400 1,
4240001009574_240_00,103994292,50060 9,72870 1,
4240001009574_240_00,103994292,50030 7,74330 1,
4240001009574_240_00,103994292,50020 4,71320 1,
4240001009574_240_00,103994292,50020 4,74360 1,
4240001009574_240_00,103994292,74330 1,74340 1,
4240001009574_240_00,103994292,50040 1,74410 1,
4240001009574_240_00,103994292,50040 1,72870 1,
4240001009574_240_00,103994292,74410 1,70940 1,
4240001009574_240_00,103994292,50320 1,71980 1,
4240001009574_240_00,103994292,74340 1,71350 1,
4240001009574_240_00,103994292,50050 1,74400 1,
4240001009574_240_00,103994292,71320 1,71980 1,
4240001009574_240_00,2122499709,71630 0,50910 1,
4240001009574_240_00,2122499709,51620 1,51621 0,
4240001009574_240_00,2122499709,51590 1,51620 1,
4240001009574_240_00,2122499709,51480 2,51980 1,
4240001009574_240_00,2122499709,51580 0,51621 0,
4240001009574_240_00,2122499709,52000 1,50920 1,
4240001009574_240_00,550332996,49015 0,72390 0,
4240001009574_240_00,3594359697,50330 0,73940 1,
4240001009574_240_00,3594359697,50330 0,73990 1,
4240001009574_240_00,3594359697,50350 1,74200 1,
4240001009574_240_00,3594359697,50030 7,73940 1,
4240001009574_240_00,3594359697,50030 7,73950 1,
4240001009574_240_00,3594359697,50020 4,74200 1,
4240001009574_240_00,3594359697,50040 1,73940 1,
4240001009574_240_00,3594359697,50040 1,73710 0,
4240001009574_240_00,3594359697,55170 1,73390 1,
4240001009574_240_00,3594359697,51403 1,25150 1,
4240001009574_240_00,3594359697,71460 1,73940 1,
4240001009574_240_00,3594359697,71460 1,73950 1,
4240001009574_240_00,3594359697,47014 1,73950 1,
4240001009574_240_00,3594359697,50320 1,73990 1,
4240001009574_240_00,3594359697,50320 1,73950 1,
4240001009574_240_00,3594359697,73400 1,73990 1,
4240001009574_240_00,3594359697,73400 1,73950 1,
4240001009574_240_00,3594359697,74260 1,25150 1,
4240001009574_240_00,3594359697,55190 1,50330 0,
4240001009574_240_00,3594359697,55190 1,73950 1,
4240001009574_240_00,3594359697,71760 1,73940 1,
4240001009574_240_00,3884591149,50060 14,51620 1,
4240001009574_240_00,3884591149,50540 1,50950 1,
4240001009574_240_00,3884591149,50540 1,52370 1,
4240001009574_240_00,3884591149,50940 1,50940 0,
4240001009574_240_00,3884591149,52380 1,52390 3,
4240001009574_240_00,3884591149,50950 1,52380 0,
4240001009574_240_00,3884591149,50950 2,50060 999,
4240001009574_240_00,3884591149,52370 1,50950 1,
4240001009574_240_00,835754522,71080 0,73190 0,
4240001009574_240_00,835754522,71060 0,70380 0,
4240001009574_240_00,835754522,71240 0,74380 0,
4240001009574_240_00,835754522,73190 0,52030 4,
4240001009574_240_00,835754522,70930 0,73190 0,
4240001009574_240_00,550332996,50090 1,70810 1,
4240001009574_240_00,550332996,50090 1,50260 1,
4240001009574_240_00,550332996,46044 1,50830 1,
4240001009574_240_00,550332996,72780 1,72810 1,
4240001009574_240_00,550332996,50830 1,50100 1,
4240001009574_240_00,550332996,50101 1,50270 1,
4240001009574_240_00,550332996,50101 1,70810 1,
4240001009574_240_00,550332996,50101 1,50260 1,
4240001009574_240_00,550332996,50080 1,50104 1,
4240001009574_240_00,550332996,50080 1,50102 1,
4240001009574_240_00,550332996,50860 1,50080 1,
4240001009574_240_00,550332996,50850 1,50280 1,
4240001009574_240_00,3013652431,50060 12,52960 1,
4240001009574_240_00,2355023358,55200 0,70570 0,
4240001009574_240_00,2355023358,55180 0,55190 0,
4240001009574_240_00,2355023358,55190 0,74260 0,
4240001009574_240_00,2355023358,55190 0,70020 0,
4240001009574_240_00,2355023358,50020 5,55170 0,
4240001009574_240_00,2355023358,50020 3,25150 0,
4240001009574_240_00,2355023358,50020 3,50030 4,
4240001009574_240_00,550332996,72390 0,71560 1,
4240001009574_240_00,550332996,72030 1,70610 999,
4240001009574_240_00,550332996,50270 1,72500 1,
4240001009574_240_00,550332996,70740 0,72030 1,
4240001009574_240_00,550332996,70150 1,70580 1,
4240001009574_240_00,550332996,72810 0,50270 1,
4240001009574_240_00,550332996,72810 0,72280 0,
4240001009574_240_00,550332996,72500 0,50260 1,
4240001009574_240_00,550332996,70800 0,72390 1,
4240001009574_240_00,550332996,71560 0,70580 1,
4240001009574_240_00,550332996,50271 1,72500 1,
4240001009574_240_00,1261976881,50060 1,50060 1,
4240001009574_240_00,1261976881,52130 1,50320 0,
4240001009574_240_00,550332996,46044 1,50840 1,
4240001009574_240_00,550332996,72610 1,72590 1,
4240001009574_240_00,550332996,51010 1,50850 1,
4240001009574_240_00,550332996,51010 1,70520 1,
4240001009574_240_00,550332996,70150 1,72400 1,
4240001009574_240_00,550332996,50830 1,72610 1,
4240001009574_240_00,550332996,70540 1,72590 1,
4240001009574_240_00,550332996,70800 1,70580 1,
4240001009574_240_00,550332996,71440 1,73610 1,
4240001009574_240_00,550332996,70520 1,73610 1,
4240001009574_240_00,550332996,50060 11,46044 1,
4240001009574_240_00,550332996,50060 11,70520 1,
4240001009574_240_00,1261976881,52960 1,50060 999,
4240001009574_240_00,1261976881,52960 1,52140 1,
4240001009574_240_00,1261976881,52140 1,52960 1,
4240001009574_240_00,3594359697,50030 7,50020 4,
4240001009574_240_00,3594359697,70020 1,55200 1,
4240001009574_240_00,3594359697,50020 4,71460 1,
4240001009574_240_00,3594359697,55170 1,72090 1,
4240001009574_240_00,3594359697,55170 1,73950 1,
4240001009574_240_00,3594359697,70355 0,73940 1,
4240001009574_240_00,3594359697,25150 1,50030 7,
4240001009574_240_00,3594359697,25150 1,50040 1,
4240001009574_240_00,3594359697,70350 1,73990 1,
4240001009574_240_00,3594359697,70350 1,73950 1,
4240001009574_240_00,3594359697,50060 3,70355 0,
4240001009574_240_00,3594359697,50320 1,50340 1,
4240001009574_240_00,3594359697,74200 1,73390 1,
4240001009574_240_00,3594359697,50050 1,73980 1,
4240001009574_240_00,2355023358,74240 1,55200 1,
4240001009574_240_00,2355023358,70020 1,55200 1,
4240001009574_240_00,2355023358,55210 1,25150 1,
4240001009574_240_00,2355023358,55210 1,50060 4,
4240001009574_240_00,2355023358,55170 1,50020 2,
4240001009574_240_00,2355023358,25150 1,50020 2,
4240001009574_240_00,550332996,46014 0,71960 0,
4240001009574_240_00,550332996,46048 1,71960 0,
4240001009574_240_00,550332996,46048 1,70590 0,
4240001009574_240_00,835754522,72120 1,70380 1,
4240001009574_240_00,835754522,50060 9,70930 1,
4240001009574_240_00,835754522,50060 9,51190 1,
4240001009574_240_00,835754522,50050 2,51190 1,
4240001009574_240_00,835754522,73000 1,72150 1,
4240001009574_240_00,835754522,73000 1,72760 1,
4240001009574_240_00,835754522,74370 1,71060 1,
4240001009574_240_00,835754522,72150 1,72760 1,
4240001009574_240_00,835754522,73250 1,73190 1,
4240001009574_240_00,550332996,50860 2,50840 0,
4240001009574_240_00,550332996,50860 0,50860 2,
4240001009574_240_00,550332996,72800 0,70540 0,
4240001009574_240_00,550332996,72610 0,50030 3,
4240001009574_240_00,550332996,72610 0,46044 0,
4240001009574_240_00,550332996,70580 0,71560 0,
4240001009574_240_00,409958912,51330 1,73660 1,
4240001009574_240_00,409958912,51330 1,51320 3,
4240001009574_240_00,409958912,50030 7,73460 1,
4240001009574_240_00,409958912,50030 7,51320 3,
4240001009574_240_00,409958912,50020 0,73660 1,
4240001009574_240_00,409958912,73460 1,75030 1,
4240001009574_240_00,409958912,73460 1,71990 1,
4240001009574_240_00,409958912,50040 1,73460 1,
4240001009574_240_00,409958912,50040 1,75030 1,
4240001009574_240_00,409958912,50040 1,50020 7,
4240001009574_240_00,409958912,56410 1,75040 1,
4240001009574_240_00,409958912,56560 1,71990 1,
4240001009574_240_00,409958912,73680 1,73670 1,
4240001009574_240_00,409958912,51340 1,73680 1,
4240001009574_240_00,409958912,75040 1,71480 1,
4240001009574_240_00,409958912,75040 1,73650 1,
4240001009574_240_00,409958912,50060 13,51340 1,
4240001009574_240_00,409958912,50020 7,73460 1,
4240001009574_240_00,409958912,50020 7,56560 1,
4240001009574_240_00,409958912,50020 7,73670 1,
4240001009574_240_00,409958912,50020 7,51340 1,
4240001009574_240_00,409958912,50020 7,71990 1,
4240001009574_240_00,409958912,50020 7,51320 3,
4240001009574_240_00,409958912,50050 1,71990 1,
4240001009574_240_00,409958912,51320 3,73680 1,
4240001009574_240_00,3884591149,50060 14,52390 3,
4240001009574_240_00,3884591149,50060 14,52370 1,
4240001009574_240_00,3884591149,50540 1,51621 0,
4240001009574_240_00,3884591149,50880 1,51610 0,
4240001009574_240_00,3884591149,50880 1,51621 0,
4240001009574_240_00,3884591149,52380 0,52390 3,
4240001009574_240_00,3884591149,52390 3,50060 999,
4240001009574_240_00,3884591149,52390 3,50540 0,
4240001009574_240_00,3884591149,52390 2,52380 1,
4240001009574_240_00,3884591149,52390 2,50540 0,
4240001009574_240_00,3884591149,50950 2,50880 0,
4240001009574_240_00,3884591149,51610 1,50540 0,
4240001009574_240_00,3884591149,52370 1,51610 1,
4240001009574_240_00,1004470243,52140 0,52130 0,
4240001009574_240_00,1004470243,51991 1,50060 999,
4240001009574_240_00,409958912,56580 0,75040 0,
4240001009574_240_00,409958912,56570 0,50040 0,
4240001009574_240_00,409958912,24940 0,50040 0,
4240001009574_240_00,409958912,24940 0,73460 0,
4240001009574_240_00,409958912,24940 0,56570 0,
4240001009574_240_00,409958912,51320 2,50060 5,
4240001009574_240_00,409958912,73640 0,50020 5,
4240001009574_240_00,409958912,73640 0,51330 0,
4240001009574_240_00,409958912,73640 0,50030 4,
4240001009574_240_00,409958912,51330 0,50050 0,
4240001009574_240_00,3175822612,74010 0,75030 0,
4240001009574_240_00,3175822612,50020 2,75030 0,
4240001009574_240_00,3175822612,52380 0,50030 8,
4240001009574_240_00,3175822612,50950 0,71100 0,
4240001009574_240_00,3175822612,50030 8,50020 2,
4240001009574_240_00,3175822612,50940 0,71100 0,
4240001009574_240_00,3175822612,52390 0,51980 0,
4240001009574_240_00,3175822612,52390 0,71100 0,
4240001009574_240_00,3175822612,50900 0,51980 0,
4240001009574_240_00,3175822612,50900 0,75030 0,
4240001009574_240_00,3594359697,50350 1,75042 1,
4240001009574_240_00,3594359697,50020 4,75042 1,
4240001009574_240_00,3175822612,72730 0,50030 9,
4240001009574_240_00,3175822612,72730 0,51980 1,
4240001009574_240_00,3175822612,72730 0,52380 1,
4240001009574_240_00,3175822612,50030 9,51991 1,
4240001009574_240_00,3175822612,51980 1,50900 1,
4240001009574_240_00,3175822612,52380 1,50940 1,
4240001009574_240_00,3175822612,74010 1,51980 1,
4240001009574_240_00,3175822612,74010 1,50950 3,
4240001009574_240_00,3175822612,74010 1,50900 1,
4240001009574_240_00,3175822612,74010 1,52390 1,
4240001009574_240_00,3175822612,71100 1,72730 0,
4240001009574_240_00,3175822612,71100 1,24960 7,
4240001009574_240_00,3175822612,52390 1,52370 1,
4240001009574_240_00,3175822612,50020 3,73015 1,
4240001009574_240_00,550332996,73610 0,71440 0,
4240001009574_240_00,550332996,72630 2,70520 0,
4240001009574_240_00,550332996,70520 0,50870 0,
4240001009574_240_00,550332996,70520 0,50060 10,
4240001009574_240_00,550332996,72610 0,70540 0,
4240001009574_240_00,550332996,71440 0,50860 0,
4240001009574_240_00,550332996,71440 0,50850 0,
4240001009574_240_00,550332996,72740 0,50060 10,
4240001009574_240_00,550332996,70800 0,70540 0,
4240001009574_240_00,409958912,73460 0,50040 0,
4240001009574_240_00,409958912,75040 0,51320 2,
4240001009574_240_00,409958912,73650 0,50060 5,
4240001009574_240_00,409958912,56570 0,56410 0,
4240001009574_240_00,409958912,56570 0,51320 2,
4240001009574_240_00,409958912,56570 0,51320 0,
4240001009574_240_00,409958912,71990 0,50040 0,
4240001009574_240_00,409958912,71990 0,56410 0,
4240001009574_240_00,409958912,73660 0,75030 0,
4240001009574_240_00,409958912,50030 4,50060 5,
4240001009574_240_00,3594359697,50320 0,50060 5,
4240001009574_240_00,3594359697,50350 0,50060 5,
4240001009574_240_00,3594359697,71460 0,71760 0,
4240001009574_240_00,3594359697,73990 0,50060 5,
4240001009574_240_00,3594359697,73990 0,73280 0,
4240001009574_240_00,3594359697,73940 0,50320 0,
4240001009574_240_00,3594359697,70350 0,50350 0,
4240001009574_240_00,3594359697,73390 0,50320 0,
4240001009574_240_00,3594359697,73390 0,50060 5,
4240001009574_240_00,345268387,50540 1,52060 1,
4240001009574_240_00,345268387,50540 1,50060 999,
4240001009574_240_00,345268387,50540 1,52070 1,
4240001009574_240_00,345268387,52080 0,73755 0,
4240001009574_240_00,345268387,73765 0,52080 0,
4240001009574_240_00,345268387,73755 0,52390 3,
4240001009574_240_00,345268387,50880 1,50060 999,
4240001009574_240_00,345268387,50880 1,50940 0,
4240001009574_240_00,345268387,52380 1,52060 1,
4240001009574_240_00,345268387,52380 1,52050 1,
4240001009574_240_00,345268387,73755 1,73695 0,
4240001009574_240_00,345268387,52390 2,73755 1,
4240001009574_240_00,345268387,52390 2,52070 1,
4240001009574_240_00,345268387,50950 2,50880 0,
4240001009574_240_00,345268387,52370 1,52080 0,
4240001009574_240_00,345268387,52370 1,73755 0,
4240001009574_240_00,345268387,52370 1,52380 0,
4240001009574_240_00,345268387,52370 1,73755 1,
4240001009574_240_00,345268387,72325 0,50060 999,
4240001009574_240_00,345268387,50060 6,50940 1,
4240001009574_240_00,345268387,50060 6,50940 0,
4240001009574_240_00,345268387,52050 1,52390 3,
4240001009574_240_00,345268387,52370 0,50540 0,
4240001009574_240_00,345268387,50940 0,73010 0,
4240001009574_240_00,345268387,50940 0,72325 0,
4240001009574_240_00,345268387,50940 0,52370 0,
4240001009574_240_00,345268387,73695 0,73765 0,
4240001009574_240_00,345268387,73695 0,73755 0,
4240001009574_240_00,345268387,73695 0,50060 999,
4240001009574_240_00,345268387,73695 0,50540 0,
4240001009574_240_00,345268387,72325 1,73010 0,
4240001009574_240_00,2355023358,50020 2,75041 1,
4240001009574_240_00,2355023358,25150 1,50050 1,
4240001009574_240_00,2355023358,70430 1,50060 4,
4240001009574_240_00,409958912,24940 0,73640 0,
4240001009574_240_00,409958912,71510 0,50060 5,
4240001009574_240_00,409958912,71510 0,50020 3,
4240001009574_240_00,550332996,50105 0,50060 4,
4240001009574_240_00,550332996,50100 0,51010 0,
4240001009574_240_00,550332996,50100 0,50070 0,
4240001009574_240_00,550332996,71540 0,72030 0,
4240001009574_240_00,550332996,71420 0,71560 0,
4240001009574_240_00,3594359697,70570 1,25150 1,
4240001009574_240_00,3594359697,70430 1,50320 1,
4240001009574_240_00,3594359697,70430 1,73400 1,
4240001009574_240_00,3594359697,55190 1,70430 1,
4240001009574_240_00,3594359697,55180 0,55210 0,
4240001009574_240_00,3594359697,75042 0,72090 0,
4240001009574_240_00,3594359697,75042 0,50030 4,
4240001009574_240_00,2090219850,73010 0,52390 3,
4240001009574_240_00,2090219850,52080 0,51610 2,
4240001009574_240_00,2090219850,52380 0,50880 0,
4240001009574_240_00,2090219850,50030 9,50540 0,
4240001009574_240_00,2090219850,50030 9,73250 1,
4240001009574_240_00,2090219850,51980 1,73010 0,
4240001009574_240_00,2090219850,51980 1,50880 0,
4240001009574_240_00,2090219850,51980 1,52370 0,
4240001009574_240_00,2090219850,51980 1,50940 0,
4240001009574_240_00,2090219850,50860 2,75013 0,
4240001009574_240_00,2090219850,52060 1,50880 0,
4240001009574_240_00,2090219850,51480 1,50880 0,
4240001009574_240_00,2090219850,51480 1,50940 0,
4240001009574_240_00,2090219850,51620 2,50880 0,
4240001009574_240_00,2090219850,52050 1,73010 0,
4240001009574_240_00,2090219850,52050 1,51610 2,
4240001009574_240_00,2090219850,52050 1,75013 0,
4240001009574_240_00,2090219850,52040 1,51610 2,
4240001009574_240_00,2090219850,52370 0,52390 3,
4240001009574_240_00,2090219850,52070 1,75013 0,
4240001009574_240_00,2090219850,72150 1,72760 1,
4240001009574_240_00,2090219850,50940 0,50060 14,
4240001009574_240_00,2090219850,73250 1,75020 1,
4240001009574_240_00,2090219850,73250 1,52380 0,
4240001009574_240_00,2090219850,73250 1,52040 1,
4240001009574_240_00,2090219850,52030 3,50060 14,
4240001009574_240_00,2090219850,52030 3,51610 2,
4240001009574_240_00,2090219850,72760 1,73010 0,
4240001009574_240_00,2090219850,51990 1,50060 14,
4240001009574_240_00,2090219850,51990 1,75020 1,
4240001009574_240_00,2300128744,50030 7,70920 1,
4240001009574_240_00,2300128744,73690 1,51550 1,
4240001009574_240_00,2300128744,71220 1,71690 1,
4240001009574_240_00,2300128744,71220 1,71060 1,
4240001009574_240_00,2300128744,50040 1,22540 1,
4240001009574_240_00,2300128744,51550 1,71720 1,
4240001009574_240_00,2300128744,51540 1,71650 1,
4240001009574_240_00,2300128744,51540 1,71220 1,
4240001009574_240_00,2300128744,51540 1,71270 1,
4240001009574_240_00,2300128744,51540 1,70280 1,
4240001009574_240_00,2300128744,50060 3,71210 1,
4240001009574_240_00,2300128744,50320 1,51540 1,
4240001009574_240_00,3838942938,72730 0,74010 1,
4240001009574_240_00,3838942938,51980 1,51590 1,
4240001009574_240_00,3838942938,51240 3,71510 0,
4240001009574_240_00,3838942938,51240 3,71100 1,
4240001009574_240_00,3838942938,51240 3,74020 1,
4240001009574_240_00,3838942938,51580 0,50950 3,
4240001009574_240_00,3838942938,74010 1,50030 9,
4240001009574_240_00,3838942938,74010 1,50930 1,
4240001009574_240_00,3838942938,71100 1,50030 9,
4240001009574_240_00,3838942938,52000 1,51580 0,
4240001009574_240_00,3838942938,50020 3,50930 1,
4240001009574_240_00,3594359697,50330 0,70347 1,
4240001009574_240_00,3594359697,73280 1,73710 0,
4240001009574_240_00,3594359697,55200 1,55190 1,
4240001009574_240_00,3594359697,55210 1,55200 1,
4240001009574_240_00,3594359697,55170 1,50050 1,
4240001009574_240_00,3594359697,25150 1,47014 0,
4240001009574_240_00,3594359697,73900 1,55200 1,
4240001009574_240_00,3594359697,50060 3,50330 0,
4240001009574_240_00,3594359697,73400 1,73185 1,
4240001009574_240_00,3594359697,50050 1,73185 1,
4240001009574_240_00,3594359697,50050 1,73710 0,
4240001009574_240_00,3594359697,55190 1,73710 0,
4240001009574_240_00,919776449,52130 0,50050 3,
4240001009574_240_00,919776449,73000 0,52130 0,
4240001009574_240_00,919776449,72150 0,52130 0,
4240001009574_240_00,2122499709,72850 0,51610 0,
4240001009574_240_00,2122499709,72850 0,51621 0,
4240001009574_240_00,2122499709,51610 0,51590 0,
4240001009574_240_00,2122499709,51610 0,52000 0,
4240001009574_240_00,2122499709,71630 0,72820 0,
4240001009574_240_00,2122499709,71630 0,50910 0,
4240001009574_240_00,2122499709,71630 0,50920 0,
4240001009574_240_00,2122499709,50030 9,50920 0,
4240001009574_240_00,2122499709,51980 1,51610 0,
4240001009574_240_00,2122499709,51980 1,51600 0,
4240001009574_240_00,2122499709,51980 1,51590 1,
4240001009574_240_00,2122499709,51980 1,50930 1,
4240001009574_240_00,2122499709,51600 1,51480 0,
4240001009574_240_00,2122499709,51600 1,50030 5,
4240001009574_240_00,2122499709,51600 0,51980 0,
4240001009574_240_00,2122499709,51600 0,52000 0,
4240001009574_240_00,2122499709,50030 8,50060 999,
4240001009574_240_00,2122499709,51620 1,51980 0,
4240001009574_240_00,2122499709,51620 1,51990 0,
4240001009574_240_00,2122499709,51620 1,50030 5,
4240001009574_240_00,2122499709,51610 1,51610 0,
4240001009574_240_00,2122499709,51610 1,51600 0,
4240001009574_240_00,2122499709,51590 1,51990 0,
4240001009574_240_00,2122499709,50920 1,51990 0,
4240001009574_240_00,2122499709,51621 0,50920 0,
4240001009574_240_00,2122499709,51480 2,51980 0,
4240001009574_240_00,2122499709,50910 1,50910 0,
4240001009574_240_00,2122499709,50910 1,50920 1,
4240001009574_240_00,2122499709,50910 1,51621 0,
4240001009574_240_00,2122499709,50930 0,50910 0,
4240001009574_240_00,2122499709,50930 0,50920 0,
4240001009574_240_00,2122499709,50930 1,52000 0,
4240001009574_240_00,2122499709,52000 1,51600 1,
4240001009574_240_00,2122499709,52000 0,51480 0,
4240001009574_240_00,2122499709,50030 5,51480 0,
4240001009574_240_00,2122499709,50060 0,51580 0,
4240001009574_240_00,550332996,70740 0,72720 1,
4240001009574_240_00,550332996,70810 0,70580 1,
4240001009574_240_00,550332996,72810 0,50271 1,
4240001009574_240_00,550332996,70810 1,72390 1,
4240001009574_240_00,550332996,70580 0,70810 1,
4240001009574_240_00,550332996,71560 1,72400 1,
4240001009574_240_00,550332996,71560 0,71420 1,
4240001009574_240_00,2300128744,51540 2,51410 0,
4240001009574_240_00,2300128744,71270 0,71220 0,
4240001009574_240_00,2300128744,71040 0,51540 0,
4240001009574_240_00,2300128744,71010 0,73290 0,
4240001009574_240_00,2300128744,51055 1,71210 0,
4240001009574_240_00,2300128744,71410 0,51330 0,
4240001009574_240_00,2300128744,71410 0,50030 4,
4240001009574_240_00,2300128744,50020 27,50020 5,
4240001009574_240_00,2300128744,71060 0,73290 0,
4240001009574_240_00,2300128744,71230 0,71410 0,
4240001009574_240_00,2300128744,73290 0,50060 5,
4240001009574_240_00,2300128744,71210 0,51540 2,
4240001009574_240_00,2300128744,71240 0,73790 0,
4240001009574_240_00,2300128744,71240 0,51410 0,
4240001009574_240_00,2300128744,50030 4,50050 0,
4240001009574_240_00,3594359697,74200 0,50040 0,
4240001009574_240_00,3594359697,74200 0,47014 0,
4240001009574_240_00,3594359697,73400 0,55180 0,
4240001009574_240_00,3594359697,72090 0,25150 0,
4240001009574_240_00,3594359697,55190 0,71370 0,
4240001009574_240_00,3594359697,73990 0,70350 0,
4240001009574_240_00,3594359697,73940 0,71460 0,
4240001009574_240_00,3594359697,71760 0,55190 0,
4240001009574_240_00,3594359697,73390 0,71460 0,
4240001009574_240_00,2300128744,71220 1,71280 1,
4240001009574_240_00,2300128744,22540 1,51550 1,
4240001009574_240_00,2300128744,51550 1,71240 1,
4240001009574_240_00,2300128744,51540 1,71210 1,
4240001009574_240_00,2300128744,73470 1,71230 1,
4240001009574_240_00,2300128744,73410 1,71270 1,
4240001009574_240_00,2300128744,50020 7,70920 1,
4240001009574_240_00,2300128744,50050 1,71220 1,
4240001009574_240_00,2300128744,70920 1,73690 1,
4240001009574_240_00,550332996,73300 1,49015 1,
4240001009574_240_00,550332996,72030 1,70600 0,
4240001009574_240_00,2300128744,51055 5,51540 2,
4240001009574_240_00,2300128744,51055 5,71210 0,
4240001009574_240_00,2300128744,71270 0,70920 0,
4240001009574_240_00,2300128744,51540 0,70920 0,
4240001009574_240_00,2300128744,71010 0,51540 0,
4240001009574_240_00,2300128744,71690 0,51550 0,
4240001009574_240_00,2300128744,71690 0,51540 2,
4240001009574_240_00,2300128744,71720 0,51540 2,
4240001009574_240_00,1024075922,73810 0,51480 0,
4240001009574_240_00,1024075922,73810 0,52040 0,
4240001009574_240_00,1024075922,73850 0,72760 0,
4240001009574_240_00,1024075922,73850 0,50350 0,
4240001009574_240_00,1024075922,70670 0,72020 0,
4240001009574_240_00,1024075922,70670 0,52030 2,
4240001009574_240_00,1024075922,50320 0,51480 0,
4240001009574_240_00,1024075922,73250 0,50340 0,
4240001009574_240_00,1024075922,73840 0,73250 0,
4240001009574_240_00,1024075922,73840 0,72820 0,
4240001009574_240_00,1024075922,73840 0,73820 0,
4240001009574_240_00,1024075922,73840 0,50060 5,
4240001009574_240_00,1024075922,73800 0,50340 0,
4240001009574_240_00,1024075922,51480 0,50060 5,
4240001009574_240_00,1024075922,72020 0,56530 0,
4240001009574_240_00,1024075922,72020 0,73720 0,
4240001009574_240_00,1024075922,52040 0,73250 0,
4240001009574_240_00,1024075922,50340 0,50020 2,
4240001009574_240_00,1024075922,50340 0,72820 0,
4240001009574_240_00,1024075922,73830 0,51480 0,
4240001009574_240_00,1024075922,73830 0,72760 0,
4240001009574_240_00,1024075922,73830 0,72020 0,
4240001009574_240_00,1024075922,73890 0,73810 0,
4240001009574_240_00,1024075922,73890 0,56530 0,
4240001009574_240_00,1024075922,73890 0,50020 2,
4240001009574_240_00,1024075922,73890 0,73250 0,
4240001009574_240_00,1024075922,52030 2,72820 0,
4240001009574_240_00,1024075922,47014 0,73830 0,
4240001009574_240_00,3594359697,50030 7,73400 1,
4240001009574_240_00,3594359697,71370 1,25150 1,
4240001009574_240_00,3594359697,55210 1,50050 1,
4240001009574_240_00,3594359697,50020 4,73185 1,
4240001009574_240_00,3594359697,70350 1,47014 0,
4240001009574_240_00,3838942938,50020 2,71100 0,
4240001009574_240_00,3838942938,51990 0,50030 8,
4240001009574_240_00,3838942938,51600 0,74010 0,
4240001009574_240_00,3838942938,50950 0,74020 0,
4240001009574_240_00,3838942938,50910 0,51590 0,
4240001009574_240_00,3838942938,50920 0,50030 8,
4240001009574_240_00,3838942938,50940 0,74010 0,
4240001009574_240_00,3838942938,50930 0,51980 0,
4240001009574_240_00,3838942938,50930 0,75030 0,
4240001009574_240_00,3838942938,50930 0,51600 0,
4240001009574_240_00,3838942938,51590 0,51990 0,
4240001009574_240_00,3838942938,51590 0,75030 0,
4240001009574_240_00,3838942938,51590 0,51240 3,
4240001009574_240_00,3838942938,52000 0,74020 0,
4240001009574_240_00,3838942938,52000 0,72730 1,
4240001009574_240_00,1261976881,52130 1,52130 1,
4240001009574_240_00,103994292,71980 1,74340 1,
4240001009574_240_00,103994292,50030 7,74410 1,
4240001009574_240_00,103994292,50030 7,74360 1,
4240001009574_240_00,103994292,50020 4,50320 1,
4240001009574_240_00,103994292,74330 1,74400 1,
4240001009574_240_00,103994292,50040 1,71980 1,
4240001009574_240_00,103994292,73470 1,71350 1,
4240001009574_240_00,103994292,73410 1,74410 1,
4240001009574_240_00,103994292,73410 1,71320 1,
4240001009574_240_00,103994292,74410 1,71350 1,
4240001009574_240_00,103994292,74400 1,71350 1,
4240001009574_240_00,103994292,72870 1,74340 1,
4240001009574_240_00,103994292,50050 1,73410 1,
4240001009574_240_00,103994292,72530 1,71350 1,
4240001009574_240_00,103994292,72530 1,72870 1,
4240001009574_240_00,103994292,71980 0,50060 5,
4240001009574_240_00,103994292,74330 0,50050 0,
4240001009574_240_00,103994292,70940 0,72530 0,
4240001009574_240_00,103994292,73470 0,50050 0,
4240001009574_240_00,103994292,73470 0,50020 5,
4240001009574_240_00,103994292,74400 0,74330 0,
4240001009574_240_00,103994292,74400 0,50320 0,
4240001009574_240_00,103994292,74400 0,73470 0,
4240001009574_240_00,103994292,74400 0,72530 0,
4240001009574_240_00,103994292,74400 0,74360 0,
4240001009574_240_00,103994292,72530 0,50040 0,
4240001009574_240_00,103994292,74410 0,50320 0,
4240001009574_240_00,103994292,74410 0,72870 0,
4240001009574_240_00,103994292,74340 0,71320 0,
4240001009574_240_00,103994292,74340 0,72530 0,
4240001009574_240_00,103994292,74350 0,74330 0,
4240001009574_240_00,103994292,73780 0,74360 0,
4240001009574_240_00,3594359697,25150 0,74260 0,
4240001009574_240_00,3594359697,50350 0,55170 0,
4240001009574_240_00,3594359697,71460 0,25150 0,
4240001009574_240_00,3594359697,71460 0,73400 0,
4240001009574_240_00,3594359697,71460 0,50320 0,
4240001009574_240_00,3594359697,71460 0,47014 0,
4240001009574_240_00,3594359697,50340 0,70430 0,
4240001009574_240_00,3594359697,50020 5,55190 0,
4240001009574_240_00,3594359697,73990 0,50020 5,
4240001009574_240_00,3594359697,73990 0,50030 4,
4240001009574_240_00,542189229,52370 0,52380 0,
4240001009574_240_00,542189229,52370 0,50540 0,
4240001009574_240_00,835754522,70930 1,71740 1,
4240001009574_240_00,835754522,71620 1,70930 1,
4240001009574_240_00,2355023358,75041 0,50030 4,
4240001009574_240_00,2355023358,50040 0,55200 0,
4240001009574_240_00,2355023358,70430 0,55180 0,
4240001009574_240_00,2355023358,50050 0,70430 0,
4240001009574_240_00,2355023358,50050 0,55180 0,
4240001009574_240_00,2355023358,50060 10,55180 0,
4240001009574_240_00,2355023358,50030 4,55190 0,
4240001009574_240_00,201880385,46044 1,71440 1,
4240001009574_240_00,201880385,46044 1,50280 1,
4240001009574_240_00,201880385,46044 1,70520 1,
4240001009574_240_00,201880385,50040 0,70520 1,
4240001009574_240_00,201880385,72610 1,72560 1,
4240001009574_240_00,201880385,72610 1,73430 1,
4240001009574_240_00,201880385,50840 1,70540 1,
4240001009574_240_00,201880385,50830 1,72630 1,
4240001009574_240_00,201880385,70540 1,72560 1,
4240001009574_240_00,201880385,50030 11,46044 1,
4240001009574_240_00,201880385,50050 0,72630 1,
4240001009574_240_00,201880385,71440 1,72610 1,
4240001009574_240_00,201880385,71440 1,72470 1,
4240001009574_240_00,201880385,50850 1,72660 1,
4240001009574_240_00,201880385,70520 1,72470 1,
4240001009574_240_00,201880385,70520 1,73450 1,
4240001009574_240_00,201880385,50060 11,50850 1,
4240001009574_240_00,201880385,50020 3,72660 1,
4240001009574_240_00,201880385,24960 7,50280 1,
4240001009574_240_00,208731032,50540 1,51480 0,
4240001009574_240_00,208731032,51980 0,51480 0,
4240001009574_240_00,208731032,50940 1,72760 0,
4240001009574_240_00,208731032,50880 1,51980 0,
4240001009574_240_00,208731032,50880 1,51480 0,
4240001009574_240_00,208731032,50880 1,51610 1,
4240001009574_240_00,208731032,50880 1,52030 2,
4240001009574_240_00,208731032,52060 0,72820 0,
4240001009574_240_00,208731032,51990 0,50030 8,
4240001009574_240_00,208731032,52380 1,51990 0,
4240001009574_240_00,208731032,52380 1,72820 0,
4240001009574_240_00,208731032,52380 1,50950 2,
4240001009574_240_00,208731032,52380 1,72150 0,
4240001009574_240_00,208731032,73250 0,72760 0,
4240001009574_240_00,208731032,52390 2,72820 0,
4240001009574_240_00,208731032,52390 2,50030 8,
4240001009574_240_00,208731032,52390 2,52070 0,
4240001009574_240_00,208731032,52070 0,73250 0,
4240001009574_240_00,208731032,52070 0,52040 0,
4240001009574_240_00,208731032,50950 2,50030 8,
4240001009574_240_00,208731032,50950 2,73010 1,
4240001009574_240_00,208731032,51620 1,73010 1,
4240001009574_240_00,208731032,51610 1,52080 3,
4240001009574_240_00,208731032,52370 1,73250 0,
4240001009574_240_00,208731032,52370 1,52080 3,
4240001009574_240_00,208731032,75013 1,52000 0,
4240001009574_240_00,208731032,50060 6,51980 0,
4240001009574_240_00,208731032,52050 0,72150 0,
4240001009574_240_00,208731032,52050 0,52030 2,
4240001009574_240_00,208731032,52080 3,50030 8,
4240001009574_240_00,208731032,52040 0,72820 0,
4240001009574_240_00,208731032,72150 0,51980 0,
4240001009574_240_00,208731032,72150 0,50030 8,
4240001009574_240_00,208731032,52000 0,51480 0,
4240001009574_240_00,208731032,52030 2,51480 0,
4240001009574_240_00,208731032,50030 5,51480 0,
4240001009574_240_00,2300128744,51550 0,73470 0,
4240001009574_240_00,2300128744,51550 0,73410 0,
4240001009574_240_00,2300128744,51550 0,50060 5,
4240001009574_240_00,2300128744,51540 0,50020 5,
4240001009574_240_00,2300128744,73410 0,50040 0,
4240001009574_240_00,2300128744,71280 0,71210 0,
4240001009574_240_00,2300128744,71210 0,50060 5,
4240001009574_240_00,2300128744,71220 0,73470 0,
4240001009574_240_00,2300128744,71240 0,51540 0,
4240001009574_240_00,201880385,50830 0,50060 10,
4240001009574_240_00,201880385,50860 0,50840 0,
4240001009574_240_00,201880385,73430 0,70540 0,
4240001009574_240_00,201880385,72570 0,70540 0,
4240001009574_240_00,201880385,70520 0,50830 0,
4240001009574_240_00,201880385,72610 0,50850 0,
4240001009574_240_00,201880385,72610 0,46044 0,
4240001009574_240_00,201880385,71440 0,50830 0,
4240001009574_240_00,201880385,71440 0,46044 0,
4240001009574_240_00,201880385,71440 0,50280 0,
4240001009574_240_00,201880385,71440 0,50060 10,
4240001009574_240_00,201880385,50870 0,50030 1,
4240001009574_240_00,201880385,50850 0,50830 0,
4240001009574_240_00,201880385,72660 0,50830 0,
4240001009574_240_00,201880385,50280 0,46044 0,
4240001009574_240_00,201880385,72630 0,50830 0,
4240001009574_240_00,201880385,70540 0,50860 0,
4240001009574_240_00,3594359697,73280 1,47014 3,
4240001009574_240_00,3594359697,73710 0,47014 3,
4240001009574_240_00,103994292,74395 0,71320 0,
4240001009574_240_00,103994292,74395 0,74360 0,
4240001009574_240_00,103994292,74400 0,71980 0,
4240001009574_240_00,103994292,74400 0,50050 0,
4240001009574_240_00,103994292,72530 0,73410 0,
4240001009574_240_00,103994292,74410 0,71980 0,
4240001009574_240_00,103994292,72870 0,73470 0,
4240001009574_240_00,103994292,71350 0,74360 0,
4240001009574_240_00,103994292,71350 0,74410 0,
4240001009574_240_00,103994292,74390 0,71320 0,
4240001009574_240_00,103994292,74390 0,74410 0,
4240001009574_240_00,103994292,74390 0,74340 0,
4240001009574_240_00,2233809208,50940 1,52080 1,
4240001009574_240_00,2233809208,50940 1,75016 1,
4240001009574_240_00,2233809208,50880 1,52080 1,
4240001009574_240_00,2233809208,50880 1,50940 0,
4240001009574_240_00,2233809208,52080 1,75017 1,
4240001009574_240_00,2233809208,52380 1,75019 1,
4240001009574_240_00,2233809208,52380 1,73010 1,
4240001009574_240_00,2233809208,50950 2,73755 1,
4240001009574_240_00,2233809208,50950 2,75015 1,
4240001009574_240_00,2233809208,50940 0,70360 1,
4240001009574_240_00,2233809208,73010 1,75019 1,
4240001009574_240_00,2233809208,73010 1,75015 1,
4240001009574_240_00,3594359697,25150 0,73900 0,
4240001009574_240_00,3594359697,70347 0,55170 0,
4240001009574_240_00,3160249464,52080 0,73010 0,
4240001009574_240_00,3160249464,52080 0,50940 1,
4240001009574_240_00,3160249464,52380 0,52390 3,
4240001009574_240_00,3160249464,50880 0,50540 0,
4240001009574_240_00,3160249464,52370 0,52390 3,
4240001009574_240_00,3160249464,50940 0,50880 0,
4240001009574_240_00,3160249464,50940 0,52370 0,
4240001009574_240_00,3160249464,70360 0,75018 0,
4240001009574_240_00,3160249464,70360 0,75015 0,
4240001009574_240_00,3160249464,75017 0,50950 1,
4240001009574_240_00,3160249464,75019 0,50940 1,
4240001009574_240_00,3160249464,75019 0,50940 0,
4240001009574_240_00,3160249464,47014 0,50940 1,
4240001009574_240_00,3160249464,47014 0,73755 0,
4240001009574_240_00,3160249464,47014 0,75017 0,
4240001009574_240_00,3160249464,75015 0,52390 3,
4240001009574_240_00,3160249464,75015 0,72325 0,
4240001009574_240_00,1004470243,50060 1,50060 1,
4240001009574_240_00,1004470243,50320 1,50050 3,
4240001009574_240_00,1004470243,52960 0,52960 0,
4240001009574_240_00,1004470243,50050 3,50320 1,
4240001009574_240_00,3838942938,74010 0,75030 0,
4240001009574_240_00,3838942938,51980 0,74020 0,
4240001009574_240_00,3838942938,72730 0,51610 0,
4240001009574_240_00,3838942938,72730 0,51621 0,
4240001009574_240_00,3838942938,72730 0,50910 1,
4240001009574_240_00,3838942938,72730 0,51590 0,
4240001009574_240_00,3838942938,72730 0,52000 0,
4240001009574_240_00,3838942938,50940 1,51990 0,
4240001009574_240_00,3838942938,50030 9,50930 0,
4240001009574_240_00,3838942938,51980 1,51610 0,
4240001009574_240_00,3838942938,51980 1,50030 8,
4240001009574_240_00,3838942938,51980 1,51610 1,
4240001009574_240_00,3838942938,51600 1,51610 1,
4240001009574_240_00,3838942938,51600 1,51590 0,
4240001009574_240_00,3838942938,51600 1,52000 0,
4240001009574_240_00,3838942938,50950 3,52000 0,
4240001009574_240_00,3838942938,51600 0,51990 0,
4240001009574_240_00,3838942938,50920 0,74010 0,
4240001009574_240_00,3838942938,50920 0,51980 0,
4240001009574_240_00,3838942938,51620 1,51621 0,
4240001009574_240_00,3838942938,51610 1,51610 0,
4240001009574_240_00,3838942938,51610 1,50030 1,
4240001009574_240_00,3838942938,51610 1,51621 0,
4240001009574_240_00,3838942938,51610 1,51590 0,
4240001009574_240_00,3838942938,51590 1,75030 0,
4240001009574_240_00,3838942938,50920 1,71100 0,
4240001009574_240_00,3838942938,50920 1,74020 0,
4240001009574_240_00,3838942938,51621 0,50030 8,
4240001009574_240_00,3838942938,51621 0,50030 1,
4240001009574_240_00,3838942938,51621 0,50920 0,
4240001009574_240_00,3838942938,71510 0,50030 9,
4240001009574_240_00,3838942938,71510 0,50910 0,
4240001009574_240_00,3838942938,51580 0,71100 0,
4240001009574_240_00,3838942938,51580 0,50940 1,
4240001009574_240_00,3838942938,51580 0,74020 0,
4240001009574_240_00,3838942938,51580 0,72730 1,
4240001009574_240_00,3838942938,50940 0,75030 0,
4240001009574_240_00,3838942938,50930 0,50020 2,
4240001009574_240_00,3838942938,50930 0,50920 0,
4240001009574_240_00,3838942938,74010 1,71100 0,
4240001009574_240_00,3838942938,74010 1,51240 999,
4240001009574_240_00,3838942938,51590 0,50030 8,
4240001009574_240_00,3838942938,71100 1,71100 0,
4240001009574_240_00,3838942938,71100 1,72730 0,
4240001009574_240_00,3838942938,71100 1,50950 3,
4240001009574_240_00,3838942938,71100 1,74020 0,
4240001009574_240_00,3838942938,71100 1,52000 1,
4240001009574_240_00,3838942938,52000 1,74010 0,
4240001009574_240_00,3838942938,52000 1,50920 1,
4240001009574_240_00,3838942938,52000 1,51590 0,
4240001009574_240_00,3838942938,74020 1,50030 8,
4240001009574_240_00,3838942938,74020 1,50920 1,
4240001009574_240_00,3838942938,74020 1,52000 0,
4240001009574_240_00,3838942938,51990 1,50940 1,
4240001009574_240_00,3838942938,51990 1,51990 0,
4240001009574_240_00,3838942938,51990 1,50930 0,
4240001009574_240_00,3838942938,50020 3,74010 0,
4240001009574_240_00,3838942938,50020 3,51990 0,
4240001009574_240_00,3838942938,50020 3,50910 0,
4240001009574_240_00,3838942938,50020 3,51590 1,
4240001009574_240_00,3838942938,50020 3,51580 0,
4240001009574_240_00,3838942938,50020 3,72730 1,
4240001009574_240_00,3838942938,50020 3,51990 1,
4240001009574_240_00,3838942938,24960 7,50910 1,
4240001009574_240_00,3838942938,24960 7,52000 1,
4240001009574_240_00,1004470243,50030 7,50030 7,
4240001009574_240_00,1004470243,52130 0,50060 999,
4240001009574_240_00,1004470243,52130 0,52140 0,
4240001009574_240_00,1004470243,52130 0,50320 1,
4240001009574_240_00,1004470243,50320 1,50060 999,
4240001009574_240_00,1004470243,50320 1,52130 0,
4240001009574_240_00,1261976881,52130 1,52140 1,
4240001009574_240_00,1261976881,50320 0,52130 1,
4240001009574_240_00,1261976881,50320 0,50320 0,
4240001009574_240_00,1261976881,51991 0,51991 0,
4240001009574_240_00,1261976881,52140 1,52130 1,
4240001009574_240_00,1261976881,50030 4,50030 4,
4240001009574_240_00,3594359697,25150 0,74230 0,
4240001009574_240_00,3594359697,25150 0,51403 0,
4240001009574_240_00,3594359697,25150 0,70560 0,
4240001009574_240_00,3594359697,25150 0,51401 0,
4240001009574_240_00,3594359697,55200 0,51403 0,
4240001009574_240_00,3594359697,55200 0,70560 0,
4240001009574_240_00,3594359697,55200 0,71370 0,
4240001009574_240_00,3594359697,70347 0,25150 0,
4240001009574_240_00,3594359697,50050 0,55170 0,
4240001009574_240_00,3594359697,55170 0,55180 0,
4240001009574_240_00,3594359697,73280 0,55180 0,
4240001009574_240_00,2300128744,71410 1,73790 1,
4240001009574_240_00,2300128744,50030 7,51320 1,
4240001009574_240_00,2300128744,50030 7,51410 1,
4240001009574_240_00,2300128744,71220 1,51055 6,
4240001009574_240_00,2300128744,50020 0,71410 1,
4240001009574_240_00,2300128744,50040 1,51550 1,
4240001009574_240_00,2300128744,71190 0,71230 1,
4240001009574_240_00,2300128744,51540 1,71430 1,
4240001009574_240_00,2300128744,73290 1,51540 1,
4240001009574_240_00,2300128744,50060 3,71220 1,
4240001009574_240_00,2300128744,50060 3,50040 1,
4240001009574_240_00,2300128744,50060 3,51540 1,
4240001009574_240_00,2300128744,51320 1,71210 1,
4240001009574_240_00,2300128744,51320 1,71280 1,
4240001009574_240_00,2300128744,51340 1,51410 1,
4240001009574_240_00,2300128744,51340 1,73790 1,
4240001009574_240_00,2300128744,51410 1,71240 1,
4240001009574_240_00,2300128744,51410 1,71270 1,
4240001009574_240_00,2300128744,73790 1,71010 1,
4240001009574_240_00,2300128744,50020 7,51320 1,
4240001009574_240_00,2300128744,50020 7,51340 1,
4240001009574_240_00,2300128744,50050 1,71230 1,
4240001009574_240_00,835754522,74370 0,74380 0,
4240001009574_240_00,835754522,73250 0,50060 5,
4240001009574_240_00,835754522,51055 2,73190 0,
4240001009574_240_00,835754522,70380 0,73000 0,
4240001009574_240_00,835754522,70380 0,72150 0,
4240001009574_240_00,835754522,71060 0,70930 0,
4240001009574_240_00,835754522,51190 0,74370 0,
4240001009574_240_00,835754522,71620 0,52030 2,
4240001009574_240_00,835754522,73000 0,50060 5,
4240001009574_240_00,835754522,73000 0,72120 0,
4240001009574_240_00,835754522,74380 0,73000 0,
4240001009574_240_00,835754522,74380 0,72150 0,
4240001009574_240_00,835754522,73190 0,52130 0,
4240001009574_240_00,835754522,70930 0,52130 0,
4240001009574_240_00,835754522,70930 0,52030 2,
4240001009574_240_00,835754522,52030 2,72760 0,
4240001009574_240_00,3594359697,25150 0,70020 0,
4240001009574_240_00,3594359697,73400 0,50320 0,
4240001009574_240_00,3594359697,70347 0,70430 0,
4240001009574_240_00,3594359697,73185 0,25150 0,
4240001009574_240_00,3594359697,50340 0,55170 0,
4240001009574_240_00,3594359697,50060 10,70430 0,
4240001009574_240_00,3594359697,70350 0,55180 0,
4240001009574_240_00,3594359697,47014 0,50060 10,
4240001009574_240_00,3594359697,50040 1,47014 1,
4240001009574_240_00,3594359697,72090 1,47014 1,
4240001009574_240_00,3594359697,72090 1,73950 1,
4240001009574_240_00,3594359697,70347 1,47014 1,
4240001009574_240_00,3594359697,50060 3,74200 1,
4240001009574_240_00,3594359697,71760 1,73980 1,
4240001009574_240_00,2300128744,51550 0,50040 0,
4240001009574_240_00,2300128744,71710 0,71220 0,
4240001009574_240_00,2300128744,71270 0,73690 0,
4240001009574_240_00,2300128744,22540 0,50040 0,
4240001009574_240_00,2300128744,71040 0,51540 2,
4240001009574_240_00,2300128744,71740 0,71220 0,
4240001009574_240_00,2300128744,71230 0,73470 0,
4240001009574_240_00,2300128744,71280 0,73410 0,
4240001009574_240_00,2300128744,71690 0,71220 0,
4240001009574_240_00,2300128744,71220 0,51550 0,
4240001009574_240_00,550332996,74040 0,50100 0,
4240001009574_240_00,550332996,74040 0,50070 0,
4240001009574_240_00,550332996,50105 0,50030 3,
4240001009574_240_00,550332996,50060 4,51010 0,
4240001009574_240_00,3594359697,75042 0,50050 0,
4240001009574_240_00,3594359697,73400 0,50050 0,
4240001009574_240_00,3594359697,70350 0,50060 5,
4240001009574_240_00,1024075922,50330 0,47014 3,
4240001009574_240_00,1024075922,50340 1,72080 0,
4240001009574_240_00,1024075922,50340 1,73850 1,
4240001009574_240_00,1024075922,50030 7,50320 1,
4240001009574_240_00,1024075922,50030 7,73250 1,
4240001009574_240_00,1024075922,73820 1,73840 1,
4240001009574_240_00,1024075922,50040 1,70670 1,
4240001009574_240_00,1024075922,72020 1,73820 1,
4240001009574_240_00,1024075922,72020 1,70360 1,
4240001009574_240_00,1024075922,72020 1,73850 1,
4240001009574_240_00,1024075922,52040 1,52050 1,
4240001009574_240_00,1024075922,72080 0,72020 1,
4240001009574_240_00,1024075922,72080 0,52030 3,
4240001009574_240_00,1024075922,73840 1,70360 1,
4240001009574_240_00,1024075922,73810 1,73840 1,
4240001009574_240_00,1024075922,73850 1,70360 1,
4240001009574_240_00,1024075922,50060 3,50330 0,
4240001009574_240_00,1024075922,50060 3,50040 1,
4240001009574_240_00,1024075922,50060 3,72020 1,
4240001009574_240_00,1024075922,50320 1,52040 1,
4240001009574_240_00,1024075922,50320 1,73830 1,
4240001009574_240_00,1024075922,72760 1,73840 1,
4240001009574_240_00,1024075922,50050 1,52050 1,
4240001009574_240_00,1024075922,50050 1,73800 1,
4240001009574_240_00,1024075922,50050 1,50320 1,
4240001009574_240_00,103994292,71350 1,73780 1,
4240001009574_240_00,103994292,71350 1,74350 1,
4240001009574_240_00,103994292,50020 4,73470 1,
4240001009574_240_00,103994292,50040 1,71350 1,
4240001009574_240_00,103994292,73410 1,74350 1,
4240001009574_240_00,103994292,74410 1,74400 1,
4240001009574_240_00,103994292,50320 1,70940 1,
4240001009574_240_00,103994292,50050 1,74410 1,
4240001009574_240_00,103994292,71320 1,74330 1,
4240001009574_240_00,103994292,71320 1,74400 1,
4240001009574_240_00,103994292,74360 1,74330 1,
4240001009574_240_00,103994292,74360 1,74400 1,
4240001009574_240_00,103994292,74360 1,74340 1,
4240001009574_240_00,3594359697,73185 0,50340 0,
4240001009574_240_00,2122499709,72850 0,52000 1,
4240001009574_240_00,2122499709,50030 9,51610 1,
4240001009574_240_00,2122499709,51980 1,51600 1,
4240001009574_240_00,2122499709,51980 1,51990 1,
4240001009574_240_00,2122499709,51590 1,51621 0,
4240001009574_240_00,2122499709,51590 1,50910 1,
4240001009574_240_00,2122499709,51480 2,50030 9,
4240001009574_240_00,2122499709,51480 2,50930 1,
4240001009574_240_00,2122499709,51480 2,52000 1,
4240001009574_240_00,2122499709,50930 1,51621 0,
4240001009574_240_00,2122499709,52000 1,51621 0,
4240001009574_240_00,2122499709,51990 1,51610 1,
4240001009574_240_00,2122499709,51990 1,51621 0,
4240001009574_240_00,3594359697,73280 1,73940 1,
4240001009574_240_00,3594359697,73280 1,71760 1,
4240001009574_240_00,3594359697,50350 1,73950 1,
4240001009574_240_00,3594359697,50020 4,73940 1,
4240001009574_240_00,3594359697,50020 4,73990 1,
4240001009574_240_00,3594359697,70010 1,55200 1,
4240001009574_240_00,3594359697,25150 1,73980 1,
4240001009574_240_00,3594359697,73710 0,73940 1,
4240001009574_240_00,3594359697,73710 0,73990 1,
4240001009574_240_00,3594359697,50060 3,73980 1,
4240001009574_240_00,3594359697,50060 3,73990 1,
4240001009574_240_00,3594359697,50060 3,71760 1,
4240001009574_240_00,3594359697,50320 1,73980 1,
4240001009574_240_00,3594359697,51404 1,25150 1,
4240001009574_240_00,3594359697,55190 1,71460 1,
4240001009574_240_00,3594359697,55190 1,71760 1,
4240001009574_240_00,3594359697,71760 1,70350 1,
4240001009574_240_00,3884591149,50060 14,50950 1,
4240001009574_240_00,3884591149,50060 14,50880 0,
4240001009574_240_00,3884591149,50540 1,51610 0,
4240001009574_240_00,3884591149,50880 1,52380 1,
4240001009574_240_00,3884591149,50880 1,50540 0,
4240001009574_240_00,3884591149,50880 1,51610 1,
4240001009574_240_00,3884591149,52380 1,50060 999,
4240001009574_240_00,3884591149,52380 1,50880 0,
4240001009574_240_00,3884591149,51620 1,50950 1,
4240001009574_240_00,3884591149,51620 1,50880 0,
4240001009574_240_00,3884591149,51620 1,50940 0,
4240001009574_240_00,3884591149,51610 1,50880 0,
4240001009574_240_00,3884591149,51610 1,50940 0,
4240001009574_240_00,3884591149,52370 1,50940 1,
4240001009574_240_00,3884591149,51621 0,50060 999,
4240001009574_240_00,3884591149,50880 0,50540 0,
4240001009574_240_00,3884591149,52370 0,50880 0,
4240001009574_240_00,3884591149,50940 0,52370 0,
4240001009574_240_00,835754522,70380 0,51190 0,
4240001009574_240_00,835754522,70380 0,52030 4,
4240001009574_240_00,835754522,70930 0,74370 0,
4240001009574_240_00,550332996,50090 1,50270 1,
4240001009574_240_00,550332996,50090 1,50100 1,
4240001009574_240_00,550332996,50090 1,50102 1,
4240001009574_240_00,550332996,50840 1,50860 1,
4240001009574_240_00,550332996,72030 1,70610 2,
4240001009574_240_00,550332996,50100 1,50270 1,
4240001009574_240_00,550332996,50100 1,70810 1,
4240001009574_240_00,550332996,51010 1,50830 1,
4240001009574_240_00,550332996,50105 1,72800 1,
4240001009574_240_00,550332996,50830 1,50105 1,
4240001009574_240_00,550332996,50830 1,50080 1,
4240001009574_240_00,550332996,50101 1,74320 1,
4240001009574_240_00,550332996,50080 1,50103 1,
4240001009574_240_00,550332996,50280 1,50102 1,
4240001009574_240_00,550332996,50850 1,50105 1,
4240001009574_240_00,550332996,50060 11,50080 1,
4240001009574_240_00,206984685,52390 2,50950 3,
4240001009574_240_00,3013652431,50050 2,52130 1,
4240001009574_240_00,3013652431,50060 12,50350 1,
4240001009574_240_00,3013652431,50060 12,50050 2,
4240001009574_240_00,2355023358,55180 0,55200 0,
4240001009574_240_00,2355023358,50020 5,25150 0,
4240001009574_240_00,2355023358,50030 4,25150 0,
4240001009574_240_00,2355023358,50030 4,50060 10,
4240001009574_240_00,550332996,72720 0,71540 1,
4240001009574_240_00,550332996,72810 0,74040 0,
4240001009574_240_00,550332996,72500 0,72780 1,
4240001009574_240_00,550332996,50271 1,72810 1,
4240001009574_240_00,1261976881,51991 0,50320 0,
4240001009574_240_00,1261976881,52140 1,50020 5,
4240001009574_240_00,550332996,72610 1,70030 1,
4240001009574_240_00,550332996,72610 1,70810 1,
4240001009574_240_00,550332996,50840 1,72610 1,
4240001009574_240_00,550332996,51010 1,70540 1,
4240001009574_240_00,550332996,70150 1,71420 1,
4240001009574_240_00,550332996,50830 1,70520 1,
4240001009574_240_00,550332996,70540 1,70520 1,
4240001009574_240_00,550332996,72720 1,70610 2,
4240001009574_240_00,550332996,50860 1,50280 1,
4240001009574_240_00,550332996,50860 1,70520 1,
4240001009574_240_00,550332996,50850 1,70520 1,
4240001009574_240_00,550332996,70520 1,72610 1,
4240001009574_240_00,1261976881,50060 1,50060 999,
4240001009574_240_00,1261976881,50320 0,51991 0,
4240001009574_240_00,3594359697,73940 1,73950 1,
4240001009574_240_00,3594359697,50330 0,73980 1,
4240001009574_240_00,3594359697,73280 1,73950 1,
4240001009574_240_00,3594359697,50340 1,47014 1,
4240001009574_240_00,3594359697,50030 7,71460 1,
4240001009574_240_00,3594359697,55170 1,73990 1,
4240001009574_240_00,3594359697,70347 1,73940 1,
4240001009574_240_00,3594359697,70347 1,73390 1,
4240001009574_240_00,3594359697,47014 1,71460 1,
4240001009574_240_00,3594359697,50060 3,73710 0,
4240001009574_240_00,3594359697,70430 1,73710 0,
4240001009574_240_00,3594359697,70430 1,50060 3,
4240001009574_240_00,3594359697,73400 1,47014 1,
4240001009574_240_00,3594359697,50050 1,74200 1,
4240001009574_240_00,3594359697,55190 1,47014 1,
4240001009574_240_00,2355023358,55200 1,55170 1,
4240001009574_240_00,2355023358,25150 1,70430 1,
4240001009574_240_00,2355023358,74260 1,55200 1,
4240001009574_240_00,2355023358,50060 4,50040 1,
4240001009574_240_00,2355023358,51401 1,25150 1,
4240001009574_240_00,2355023358,55190 1,75041 1,
4240001009574_240_00,550332996,46059 0,71960 0,
4240001009574_240_00,835754522,72120 1,70930 1,
4240001009574_240_00,835754522,72120 1,71620 1,
4240001009574_240_00,835754522,52130 1,74370 1,
4240001009574_240_00,835754522,70930 1,71010 1,
4240001009574_240_00,835754522,52030 1,51190 1,
4240001009574_240_00,835754522,51190 1,70380 1,
4240001009574_240_00,835754522,72150 1,70380 1,
4240001009574_240_00,835754522,73190 1,70380 1,
4240001009574_240_00,835754522,73190 1,71060 1,
4240001009574_240_00,835754522,73250 1,71620 1,
4240001009574_240_00,835754522,72760 1,70380 1,
4240001009574_240_00,550332996,50860 0,72740 0,
4240001009574_240_00,550332996,73610 0,70540 0,
4240001009574_240_00,550332996,72630 2,50850 0,
4240001009574_240_00,550332996,72630 2,46044 0,
4240001009574_240_00,550332996,72630 2,72740 0,
4240001009574_240_00,550332996,71440 0,50870 0,
4240001009574_240_00,550332996,50870 0,50850 0,
4240001009574_240_00,550332996,70780 0,72610 0,
4240001009574_240_00,550332996,50840 0,50830 0,
4240001009574_240_00,550332996,50840 0,50060 10,
4240001009574_240_00,550332996,46044 0,50030 3,
4240001009574_240_00,550332996,72590 0,71440 0,
4240001009574_240_00,550332996,50280 0,50870 0,
4240001009574_240_00,409958912,50030 7,73680 1,
4240001009574_240_00,409958912,50020 0,73460 1,
4240001009574_240_00,409958912,73460 1,73660 1,
4240001009574_240_00,409958912,73460 1,71480 1,
4240001009574_240_00,409958912,50040 1,73670 1,
4240001009574_240_00,409958912,56410 1,73680 1,
4240001009574_240_00,409958912,71480 1,71990 1,
4240001009574_240_00,409958912,51340 1,56560 1,
4240001009574_240_00,409958912,51340 1,71480 1,
4240001009574_240_00,409958912,75040 1,73670 1,
4240001009574_240_00,409958912,50020 7,73680 1,
4240001009574_240_00,409958912,50020 7,75030 1,
4240001009574_240_00,409958912,50020 7,73650 1,
4240001009574_240_00,409958912,50050 1,56410 1,
4240001009574_240_00,409958912,50050 1,50020 7,
4240001009574_240_00,409958912,50050 1,73650 1,
4240001009574_240_00,409958912,50050 1,51320 3,
4240001009574_240_00,409958912,73650 1,71990 1,
4240001009574_240_00,3884591149,50540 1,51620 1,
4240001009574_240_00,3884591149,50880 1,50950 2,
4240001009574_240_00,3884591149,52380 0,50060 999,
4240001009574_240_00,3884591149,51610 1,51610 0,
4240001009574_240_00,3884591149,52370 1,52390 3,
4240001009574_240_00,3884591149,52370 1,51621 0,
4240001009574_240_00,409958912,56580 0,50050 0,
4240001009574_240_00,409958912,75040 0,73460 0,
4240001009574_240_00,409958912,75030 0,51320 0,
4240001009574_240_00,409958912,75030 0,50020 5,
4240001009574_240_00,409958912,75030 0,50030 4,
4240001009574_240_00,409958912,56570 0,50020 5,
4240001009574_240_00,409958912,24940 0,51320 0,
4240001009574_240_00,409958912,51320 2,50050 0,
4240001009574_240_00,409958912,56560 0,51320 2,
4240001009574_240_00,409958912,56560 0,51320 0,
4240001009574_240_00,409958912,73640 0,75040 0,
4240001009574_240_00,409958912,51330 0,50040 0,
4240001009574_240_00,409958912,51330 0,50030 4,
4240001009574_240_00,3175822612,52380 0,75030 0,
4240001009574_240_00,3175822612,52380 0,51240 3,
4240001009574_240_00,3175822612,50030 8,75030 0,
4240001009574_240_00,3175822612,50030 8,51240 3,
4240001009574_240_00,3175822612,50030 8,72730 1,
4240001009574_240_00,3175822612,50030 1,71100 0,
4240001009574_240_00,3175822612,50030 1,50020 2,
4240001009574_240_00,3175822612,50030 1,74020 0,
4240001009574_240_00,3175822612,52370 0,52380 0,
4240001009574_240_00,3175822612,52370 0,50030 8,
4240001009574_240_00,3175822612,52370 0,50030 1,
4240001009574_240_00,3175822612,74020 0,51240 3,
4240001009574_240_00,3175822612,51991 0,72730 1,
4240001009574_240_00,3175822612,72730 1,71100 0,
4240001009574_240_00,3175822612,72730 1,51240 3,
4240001009574_240_00,3594359697,50330 0,75042 1,
4240001009574_240_00,3594359697,70350 1,75042 1,
4240001009574_240_00,3175822612,51991 1,52370 1,
4240001009574_240_00,3175822612,51980 1,73015 1,
4240001009574_240_00,3175822612,51240 3,50950 3,
4240001009574_240_00,3175822612,52370 1,50940 1,
4240001009574_240_00,3175822612,71510 0,24960 7,
4240001009574_240_00,3175822612,73015 1,52380 1,
4240001009574_240_00,3175822612,74020 1,51991 1,
4240001009574_240_00,3175822612,74020 1,50950 3,
4240001009574_240_00,3175822612,24960 7,51991 1,
4240001009574_240_00,550332996,72390 0,70780 0,
4240001009574_240_00,550332996,70810 0,70540 0,
4240001009574_240_00,550332996,71580 0,70540 0,
4240001009574_240_00,550332996,72630 2,70540 0,
4240001009574_240_00,550332996,72610 0,50280 0,
4240001009574_240_00,550332996,72610 0,50060 10,
4240001009574_240_00,550332996,71440 0,72740 0,
4240001009574_240_00,550332996,50870 0,50860 0,
4240001009574_240_00,550332996,70780 0,70540 0,
4240001009574_240_00,550332996,70540 0,50870 0,
4240001009574_240_00,409958912,73460 0,50030 4,
4240001009574_240_00,409958912,73650 0,56560 0,
4240001009574_240_00,409958912,73650 0,73660 0,
4240001009574_240_00,409958912,56410 0,50020 5,
4240001009574_240_00,409958912,71990 0,56560 0,
4240001009574_240_00,409958912,51320 0,51330 0,
4240001009574_240_00,409958912,56560 0,50030 4,
4240001009574_240_00,409958912,73660 0,51320 2,
4240001009574_240_00,409958912,73660 0,51320 0,
4240001009574_240_00,409958912,73660 0,50030 4,
4240001009574_240_00,3594359697,73980 0,70347 0,
4240001009574_240_00,3594359697,73980 0,50350 0,
4240001009574_240_00,3594359697,74200 0,50320 0,
4240001009574_240_00,3594359697,74200 0,73990 0,
4240001009574_240_00,3594359697,50050 0,50060 5,
4240001009574_240_00,3594359697,73950 0,50320 0,
4240001009574_240_00,3594359697,73950 0,50350 0,
4240001009574_240_00,3594359697,73940 0,73990 0,
4240001009574_240_00,3594359697,50030 4,50060 5,
4240001009574_240_00,345268387,50540 1,52050 1,
4240001009574_240_00,345268387,50540 1,50940 0,
4240001009574_240_00,345268387,73010 0,72325 0,
4240001009574_240_00,345268387,52080 0,50060 999,
4240001009574_240_00,345268387,50940 1,50060 999,
4240001009574_240_00,345268387,50940 1,72325 0,
4240001009574_240_00,345268387,73755 0,50060 999,
4240001009574_240_00,345268387,50880 1,52050 1,
4240001009574_240_00,345268387,52060 1,73010 0,
4240001009574_240_00,345268387,52390 2,52370 1,
4240001009574_240_00,345268387,50950 2,73765 0,
4240001009574_240_00,345268387,50950 2,50540 0,
4240001009574_240_00,345268387,50950 2,73755 1,
4240001009574_240_00,345268387,50060 6,73010 0,
4240001009574_240_00,345268387,50060 6,52060 1,
4240001009574_240_00,345268387,52050 1,52060 1,
4240001009574_240_00,345268387,52070 1,73010 0,
4240001009574_240_00,345268387,52070 1,50060 999,
4240001009574_240_00,345268387,52070 1,72325 0,
4240001009574_240_00,345268387,50940 0,73755 0,
4240001009574_240_00,345268387,73695 0,52380 0,
4240001009574_240_00,2355023358,55200 1,25150 1,
4240001009574_240_00,2355023358,70010 1,55190 1,
4240001009574_240_00,2355023358,55170 1,75041 1,
4240001009574_240_00,2355023358,25150 1,55170 1,
4240001009574_240_00,2355023358,55220 1,55190 1,
4240001009574_240_00,409958912,24940 0,50060 5,
4240001009574_240_00,409958912,24940 0,50030 4,
4240001009574_240_00,409958912,51792 0,71510 0,
4240001009574_240_00,409958912,73640 0,72730 0,
4240001009574_240_00,409958912,50020 3,50030 4,
4240001009574_240_00,550332996,50105 0,50090 0,
4240001009574_240_00,550332996,50100 0,50080 0,
4240001009574_240_00,550332996,50070 0,50060 4,
4240001009574_240_00,550332996,50102 0,50090 0,
4240001009574_240_00,550332996,50102 0,50070 0,
4240001009574_240_00,550332996,74320 0,50100 0,
4240001009574_240_00,550332996,70800 0,50090 0,
4240001009574_240_00,3594359697,74230 1,55200 1,
4240001009574_240_00,3594359697,55200 1,70430 1,
4240001009574_240_00,3594359697,25150 1,50050 1,
4240001009574_240_00,3594359697,50040 0,25150 0,
4240001009574_240_00,3594359697,75042 0,50040 0,
4240001009574_240_00,3594359697,50050 0,70430 0,
4240001009574_240_00,3594359697,50050 0,55190 0,
4240001009574_240_00,2090219850,52080 0,50540 0,
4240001009574_240_00,2090219850,52080 0,50880 0,
4240001009574_240_00,2090219850,52380 0,52390 3,
4240001009574_240_00,2090219850,50030 9,50940 0,
4240001009574_240_00,2090219850,51980 1,72150 1,
4240001009574_240_00,2090219850,50860 2,50060 14,
4240001009574_240_00,2090219850,50860 2,50880 0,
4240001009574_240_00,2090219850,50860 2,52370 0,
4240001009574_240_00,2090219850,50860 2,50940 0,
4240001009574_240_00,2090219850,52060 1,50060 14,
4240001009574_240_00,2090219850,52060 1,51620 2,
4240001009574_240_00,2090219850,52060 1,52370 0,
4240001009574_240_00,2090219850,50950 1,50540 0,
4240001009574_240_00,2090219850,50950 1,50880 0,
4240001009574_240_00,2090219850,50950 1,50940 0,
4240001009574_240_00,2090219850,51480 1,52060 1,
4240001009574_240_00,2090219850,72150 1,52380 0,
4240001009574_240_00,2090219850,72150 1,51620 2,
4240001009574_240_00,2090219850,50940 0,50540 0,
4240001009574_240_00,2090219850,52030 3,52370 0,
4240001009574_240_00,2090219850,72760 1,52390 3,
4240001009574_240_00,2090219850,72760 1,50540 0,
4240001009574_240_00,2090219850,51990 1,50880 0,
4240001009574_240_00,2090219850,51990 1,52070 1,
4240001009574_240_00,2090219850,75013 0,52370 0,
4240001009574_240_00,2300128744,50030 7,71220 1,
4240001009574_240_00,2300128744,50030 7,50320 1,
4240001009574_240_00,2300128744,73690 1,71220 1,
4240001009574_240_00,2300128744,73690 1,51540 1,
4240001009574_240_00,2300128744,50040 1,71230 1,
4240001009574_240_00,2300128744,51550 1,71650 1,
4240001009574_240_00,2300128744,51540 1,71710 1,
4240001009574_240_00,2300128744,51540 1,71040 1,
4240001009574_240_00,2300128744,73470 1,73410 1,
4240001009574_240_00,2300128744,71210 1,71740 1,
4240001009574_240_00,2300128744,50020 7,71220 1,
4240001009574_240_00,2300128744,50020 7,51540 1,
4240001009574_240_00,2300128744,50020 7,73470 1,
4240001009574_240_00,2300128744,50050 1,73470 1,
4240001009574_240_00,2300128744,70920 1,51540 1,
4240001009574_240_00,3838942938,72730 0,51600 1,
4240001009574_240_00,3838942938,72730 0,74020 1,
4240001009574_240_00,3838942938,51600 1,50920 1,
4240001009574_240_00,3838942938,51240 3,50910 1,
4240001009574_240_00,3838942938,51240 3,74010 1,
4240001009574_240_00,3838942938,51590 1,50940 1,
4240001009574_240_00,3838942938,74010 1,51980 1,
4240001009574_240_00,3838942938,74010 1,50950 3,
4240001009574_240_00,3838942938,71100 1,50020 3,
4240001009574_240_00,3838942938,74020 1,24960 7,
4240001009574_240_00,3838942938,51990 1,51580 0,
4240001009574_240_00,3594359697,50330 0,71760 1,
4240001009574_240_00,3594359697,73280 1,47014 0,
4240001009574_240_00,3594359697,50340 1,73185 1,
4240001009574_240_00,3594359697,50340 1,47014 0,
4240001009574_240_00,3594359697,55190 1,47014 0,
4240001009574_240_00,919776449,73000 0,50050 3,
4240001009574_240_00,919776449,72120 0,52130 0,
4240001009574_240_00,2122499709,51610 0,51480 0,
4240001009574_240_00,2122499709,51610 0,50930 0,
4240001009574_240_00,2122499709,71630 0,51610 0,
4240001009574_240_00,2122499709,71630 0,51480 2,
4240001009574_240_00,2122499709,51980 1,50060 999,
4240001009574_240_00,2122499709,51980 1,51580 0,
4240001009574_240_00,2122499709,51600 1,51990 0,
4240001009574_240_00,2122499709,51600 1,50910 0,
4240001009574_240_00,2122499709,50910 0,51990 0,
4240001009574_240_00,2122499709,50030 8,50030 5,
4240001009574_240_00,2122499709,51620 1,51600 0,
4240001009574_240_00,2122499709,51590 1,51600 1,
4240001009574_240_00,2122499709,50920 1,51980 0,
4240001009574_240_00,2122499709,50920 1,51610 0,
4240001009574_240_00,2122499709,50920 1,50060 999,
4240001009574_240_00,2122499709,50920 1,50930 0,
4240001009574_240_00,2122499709,50920 1,52000 0,
4240001009574_240_00,2122499709,51480 2,50920 1,
4240001009574_240_00,2122499709,51480 2,51580 0,
4240001009574_240_00,2122499709,50910 1,50060 999,
4240001009574_240_00,2122499709,51580 0,51600 1,
4240001009574_240_00,2122499709,51580 0,50030 8,
4240001009574_240_00,2122499709,51580 0,51620 1,
4240001009574_240_00,2122499709,50930 0,50030 8,
4240001009574_240_00,2122499709,50930 0,52000 0,
4240001009574_240_00,2122499709,51590 0,51480 0,
4240001009574_240_00,2122499709,51590 0,50030 5,
4240001009574_240_00,2122499709,50930 1,51990 0,
4240001009574_240_00,2122499709,50930 1,50910 0,
4240001009574_240_00,2122499709,52000 1,51990 0,
4240001009574_240_00,2122499709,52000 1,50930 1,
4240001009574_240_00,2122499709,51990 1,51600 1,
4240001009574_240_00,2122499709,51990 1,72820 0,
4240001009574_240_00,2122499709,51990 1,50920 0,
4240001009574_240_00,2122499709,52000 0,50030 5,
4240001009574_240_00,2122499709,50060 0,50920 1,
4240001009574_240_00,550332996,72280 0,72810 1,
4240001009574_240_00,550332996,70780 0,72390 1,
4240001009574_240_00,550332996,70780 0,70580 1,
4240001009574_240_00,550332996,70800 0,71420 1,
4240001009574_240_00,2300128744,51550 0,71410 0,
4240001009574_240_00,2300128744,51540 2,50040 0,
4240001009574_240_00,2300128744,71270 0,71210 0,
4240001009574_240_00,2300128744,51540 0,51330 0,
4240001009574_240_00,2300128744,71410 0,50040 0,
4240001009574_240_00,2300128744,71060 0,51410 0,
4240001009574_240_00,2300128744,71230 0,51320 0,
4240001009574_240_00,2300128744,71230 0,71210 0,
4240001009574_240_00,2300128744,73290 0,73790 0,
4240001009574_240_00,2300128744,73290 0,71410 0,
4240001009574_240_00,2300128744,73290 0,50020 5,
4240001009574_240_00,2300128744,71210 0,51330 0,
4240001009574_240_00,2300128744,71220 0,50050 0,
4240001009574_240_00,2300128744,71430 0,51540 0,
4240001009574_240_00,2300128744,71430 0,71210 0,
4240001009574_240_00,3594359697,73980 0,70430 0,
4240001009574_240_00,3594359697,73980 0,73400 0,
4240001009574_240_00,3594359697,73980 0,71760 0,
4240001009574_240_00,3594359697,73950 0,74200 0,
4240001009574_240_00,3594359697,73950 0,47014 0,
4240001009574_240_00,3594359697,71460 0,50040 0,
4240001009574_240_00,3594359697,71460 0,50030 4,
4240001009574_240_00,3594359697,50060 10,55190 0,
4240001009574_240_00,3594359697,73990 0,73400 0,
4240001009574_240_00,3594359697,73990 0,50350 0,
4240001009574_240_00,3594359697,73990 0,50060 10,
4240001009574_240_00,3594359697,73990 0,47014 0,
4240001009574_240_00,3594359697,70350 0,50050 0,
4240001009574_240_00,2300128744,22540 1,71280 1,
4240001009574_240_00,2300128744,71210 1,70280 1,
4240001009574_240_00,2300128744,71210 1,71080 1,
4240001009574_240_00,2300128744,50060 3,22540 1,
4240001009574_240_00,2300128744,50060 3,70920 1,
4240001009574_240_00,2300128744,50320 1,73470 1,
4240001009574_240_00,2300128744,50020 7,22540 1,
4240001009574_240_00,2300128744,70920 1,22540 1,
4240001009574_240_00,2300128744,70920 1,51550 1,
4240001009574_240_00,550332996,72030 1,70740 1,
4240001009574_240_00,550332996,70590 1,46049 1,
4240001009574_240_00,2300128744,50320 0,50050 0,
4240001009574_240_00,2300128744,71740 0,71210 0,
4240001009574_240_00,2300128744,71080 0,71220 0,
4240001009574_240_00,2300128744,70280 0,71210 0,
4240001009574_240_00,2300128744,73410 0,50030 4,
4240001009574_240_00,2300128744,71210 0,73470 0,
4240001009574_240_00,2300128744,71210 0,73410 0,
4240001009574_240_00,2300128744,71690 0,71210 0,
4240001009574_240_00,2300128744,71240 0,22540 0,
4240001009574_240_00,2300128744,71240 0,71220 0,
4240001009574_240_00,1024075922,50020 2,51480 0,
4240001009574_240_00,1024075922,73850 0,73250 0,
4240001009574_240_00,1024075922,73850 0,73840 0,
4240001009574_240_00,1024075922,73850 0,52030 2,
4240001009574_240_00,1024075922,70670 0,50350 0,
4240001009574_240_00,1024075922,70670 0,73820 0,
4240001009574_240_00,1024075922,73250 0,51480 0,
4240001009574_240_00,1024075922,73250 0,73720 0,
4240001009574_240_00,1024075922,73840 0,73810 0,
4240001009574_240_00,1024075922,73840 0,50020 2,
4240001009574_240_00,1024075922,73840 0,50350 0,
4240001009574_240_00,1024075922,73840 0,52040 0,
4240001009574_240_00,1024075922,72760 0,50020 2,
4240001009574_240_00,1024075922,50350 0,50060 5,
4240001009574_240_00,1024075922,70360 0,50350 0,
4240001009574_240_00,1024075922,73820 0,50340 0,
4240001009574_240_00,1024075922,73820 0,50060 5,
4240001009574_240_00,1024075922,73890 0,52040 0,
4240001009574_240_00,1024075922,73890 0,73820 0,
4240001009574_240_00,1024075922,73720 0,72820 0,
4240001009574_240_00,1024075922,52030 2,73250 0,
4240001009574_240_00,3594359697,50020 4,47014 0,
4240001009574_240_00,3594359697,72090 1,73185 1,
4240001009574_240_00,3594359697,72090 1,70347 1,
4240001009574_240_00,3594359697,70355 0,73185 1,
4240001009574_240_00,3838942938,50950 0,51980 0,
4240001009574_240_00,3838942938,50950 0,51600 0,
4240001009574_240_00,3838942938,50950 0,51590 0,
4240001009574_240_00,3838942938,50910 0,71100 0,
4240001009574_240_00,3838942938,50910 0,51990 0,
4240001009574_240_00,3838942938,50920 0,71100 0,
4240001009574_240_00,3838942938,50920 0,51600 0,
4240001009574_240_00,3838942938,50940 0,51600 0,
4240001009574_240_00,3838942938,50930 0,51990 0,
4240001009574_240_00,3838942938,50930 0,52000 0,
4240001009574_240_00,1261976881,50050 2,50060 999,
4240001009574_240_00,1261976881,52960 1,52960 1,
4240001009574_240_00,1261976881,52960 1,50030 4,
4240001009574_240_00,1261976881,51991 0,52140 1,
4240001009574_240_00,1261976881,52140 1,50050 2,
4240001009574_240_00,1261976881,52140 1,51991 0,
4240001009574_240_00,1261976881,50030 4,52960 1,
4240001009574_240_00,103994292,50060 9,74330 1,
4240001009574_240_00,103994292,50060 9,74410 1,
4240001009574_240_00,103994292,50030 7,71980 1,
4240001009574_240_00,103994292,50030 7,50020 4,
4240001009574_240_00,103994292,50020 4,73410 1,
4240001009574_240_00,103994292,74330 1,74410 1,
4240001009574_240_00,103994292,50040 1,72530 1,
4240001009574_240_00,103994292,73470 1,74395 1,
4240001009574_240_00,103994292,73470 1,74360 1,
4240001009574_240_00,103994292,73470 1,74390 1,
4240001009574_240_00,103994292,73410 1,74400 1,
4240001009574_240_00,103994292,50320 1,73470 1,
4240001009574_240_00,103994292,50320 1,71320 1,
4240001009574_240_00,103994292,72870 1,71350 1,
4240001009574_240_00,103994292,72870 1,74400 1,
4240001009574_240_00,103994292,50050 1,50020 4,
4240001009574_240_00,103994292,74360 1,74390 1,
4240001009574_240_00,103994292,72530 1,74340 1,
4240001009574_240_00,103994292,71980 0,50020 5,
4240001009574_240_00,103994292,71980 0,50030 4,
4240001009574_240_00,103994292,70940 0,71980 0,
4240001009574_240_00,103994292,70940 0,50050 0,
4240001009574_240_00,103994292,70940 0,50020 5,
4240001009574_240_00,103994292,74400 0,50030 4,
4240001009574_240_00,103994292,74360 0,50040 0,
4240001009574_240_00,103994292,74340 0,50050 0,
4240001009574_240_00,103994292,73410 0,50320 0,
4240001009574_240_00,103994292,72870 0,72530 0,
4240001009574_240_00,103994292,72870 0,74360 0,
4240001009574_240_00,103994292,74350 0,74360 0,
4240001009574_240_00,103994292,73780 0,74340 0,
4240001009574_240_00,103994292,73780 0,50060 5,
4240001009574_240_00,103994292,71350 0,74400 0,
4240001009574_240_00,3594359697,73980 0,55170 0,
4240001009574_240_00,3594359697,73940 0,72090 0,
4240001009574_240_00,3594359697,73390 0,72090 0,
4240001009574_240_00,3594359697,73390 0,50350 0,
4240001009574_240_00,3594359697,73390 0,73940 0,
4240001009574_240_00,542189229,52380 0,50880 0,
4240001009574_240_00,542189229,50950 1,52390 3,
4240001009574_240_00,542189229,50950 1,50940 0,
4240001009574_240_00,542189229,52370 0,52390 3,
4240001009574_240_00,835754522,70930 1,71240 1,
4240001009574_240_00,835754522,74370 1,71240 1,
4240001009574_240_00,835754522,74370 1,71290 1,
4240001009574_240_00,835754522,51190 1,71080 1,
4240001009574_240_00,835754522,71620 1,73190 1,
4240001009574_240_00,835754522,70380 1,51055 7,
4240001009574_240_00,835754522,70380 1,71060 1,
4240001009574_240_00,2355023358,75041 0,50020 3,
4240001009574_240_00,2355023358,25150 0,71370 0,
4240001009574_240_00,2355023358,70430 0,55210 0,
4240001009574_240_00,2355023358,55170 0,55210 0,
4240001009574_240_00,201880385,46044 1,50840 1,
4240001009574_240_00,201880385,46044 1,70540 1,
4240001009574_240_00,201880385,46044 1,72630 1,
4240001009574_240_00,201880385,50840 1,72660 1,
4240001009574_240_00,201880385,50830 1,72600 1,
4240001009574_240_00,201880385,50830 1,50280 1,
4240001009574_240_00,201880385,50030 11,72610 1,
4240001009574_240_00,201880385,50050 0,72600 1,
4240001009574_240_00,201880385,50860 1,72630 1,
4240001009574_240_00,201880385,50850 1,70540 1,
4240001009574_240_00,201880385,70520 1,73430 1,
4240001009574_240_00,201880385,50060 11,50840 1,
4240001009574_240_00,201880385,50060 11,72660 1,
4240001009574_240_00,201880385,50060 11,71440 1,
4240001009574_240_00,201880385,50060 11,50860 1,
4240001009574_240_00,201880385,50020 3,72610 1,
4240001009574_240_00,201880385,50020 3,50850 1,
4240001009574_240_00,201880385,50020 3,70520 1,
4240001009574_240_00,201880385,24960 7,50830 1,
4240001009574_240_00,208731032,50540 1,50940 1,
4240001009574_240_00,208731032,50940 1,51980 0,
4240001009574_240_00,208731032,50940 1,52030 2,
4240001009574_240_00,208731032,50880 1,50940 1,
4240001009574_240_00,208731032,50880 1,72760 0,
4240001009574_240_00,208731032,51990 0,50860 4,
4240001009574_240_00,208731032,52380 1,52060 0,
4240001009574_240_00,208731032,52380 1,51610 1,
4240001009574_240_00,208731032,52380 1,52370 1,
4240001009574_240_00,208731032,52380 1,52000 0,
4240001009574_240_00,208731032,73250 0,72820 0,
4240001009574_240_00,208731032,73250 0,50030 8,
4240001009574_240_00,208731032,72820 0,50860 4,
4240001009574_240_00,208731032,50030 8,72820 0,
4240001009574_240_00,208731032,50030 8,50860 4,
4240001009574_240_00,208731032,52070 0,50860 4,
4240001009574_240_00,208731032,50950 2,52080 3,
4240001009574_240_00,208731032,51620 1,75013 1,
4240001009574_240_00,208731032,51620 1,52080 3,
4240001009574_240_00,208731032,52370 1,73010 1,
4240001009574_240_00,208731032,72760 0,51980 0,
4240001009574_240_00,208731032,72760 0,51480 0,
4240001009574_240_00,208731032,72760 0,50030 5,
4240001009574_240_00,208731032,50060 6,51480 0,
4240001009574_240_00,208731032,52080 3,51480 0,
4240001009574_240_00,208731032,52080 3,52050 0,
4240001009574_240_00,208731032,72150 0,72820 0,
4240001009574_240_00,208731032,73010 1,73250 0,
4240001009574_240_00,208731032,73010 1,72150 0,
4240001009574_240_00,208731032,52000 0,72820 0,
4240001009574_240_00,2300128744,51540 0,50320 0,
4240001009574_240_00,2300128744,73470 0,50020 5,
4240001009574_240_00,201880385,50830 0,50050 1,
4240001009574_240_00,201880385,51940 0,70540 0,
4240001009574_240_00,201880385,50860 0,50830 0,
4240001009574_240_00,201880385,50860 0,46044 0,
4240001009574_240_00,201880385,50860 0,50060 10,
4240001009574_240_00,201880385,50860 0,50050 1,
4240001009574_240_00,201880385,72600 0,50830 0,
4240001009574_240_00,201880385,72600 0,50030 1,
4240001009574_240_00,201880385,72600 0,46044 0,
4240001009574_240_00,201880385,70520 0,50860 0,
4240001009574_240_00,201880385,70520 0,50050 1,
4240001009574_240_00,201880385,72610 0,50830 0,
4240001009574_240_00,201880385,72610 0,50030 1,
4240001009574_240_00,201880385,72610 0,50060 10,
4240001009574_240_00,201880385,50840 0,50020 1,
4240001009574_240_00,201880385,72560 0,70520 0,
4240001009574_240_00,201880385,46044 0,50030 1,
4240001009574_240_00,201880385,72660 0,72610 0,
4240001009574_240_00,201880385,72660 0,50850 0,
4240001009574_240_00,201880385,72660 0,50050 1,
4240001009574_240_00,201880385,50280 0,50020 1,
4240001009574_240_00,201880385,72630 0,71440 0,
4240001009574_240_00,201880385,72630 0,50840 0,
4240001009574_240_00,201880385,70540 0,50870 0,
4240001009574_240_00,201880385,70540 0,72740 0,
4240001009574_240_00,3594359697,70430 1,47014 3,
4240001009574_240_00,103994292,74395 0,74410 0,
4240001009574_240_00,103994292,74395 0,73410 0,
4240001009574_240_00,103994292,74395 0,50030 4,
4240001009574_240_00,103994292,50050 0,50060 5,
4240001009574_240_00,103994292,74340 0,74360 0,
4240001009574_240_00,103994292,72870 0,50040 0,
4240001009574_240_00,103994292,71350 0,74330 0,
4240001009574_240_00,103994292,74390 0,73470 0,
4240001009574_240_00,103994292,50030 4,50050 0,
4240001009574_240_00,2233809208,50540 1,52390 2,
4240001009574_240_00,2233809208,50540 1,50950 2,
4240001009574_240_00,2233809208,50940 1,75019 1,
4240001009574_240_00,2233809208,50880 1,52390 2,
4240001009574_240_00,2233809208,50880 1,70360 1,
4240001009574_240_00,2233809208,52380 1,50940 1,
4240001009574_240_00,2233809208,52380 1,75018 1,
4240001009574_240_00,2233809208,52390 2,50940 0,
4240001009574_240_00,2233809208,50950 2,75019 1,
4240001009574_240_00,2233809208,50060 6,75016 1,
4240001009574_240_00,2233809208,72325 1,73010 1,
4240001009574_240_00,2233809208,73010 1,75018 1,
4240001009574_240_00,2233809208,75018 1,47014 3,
4240001009574_240_00,1004470243,50030 7,50060 1,
4240001009574_240_00,1004470243,50030 7,50020 4,
4240001009574_240_00,1004470243,50060 1,50030 7,
4240001009574_240_00,1004470243,52130 0,50050 3,
4240001009574_240_00,3160249464,75016 0,50940 1,
4240001009574_240_00,3160249464,75016 0,75018 0,
4240001009574_240_00,3160249464,75016 0,52370 0,
4240001009574_240_00,3160249464,75016 0,75017 0,
4240001009574_240_00,3160249464,73010 0,50940 0,
4240001009574_240_00,3160249464,50940 1,50060 6,
4240001009574_240_00,3160249464,50940 1,50940 0,
4240001009574_240_00,3160249464,73755 0,52380 0,
4240001009574_240_00,3160249464,75018 0,52370 0,
4240001009574_240_00,3160249464,75018 0,50940 0,
4240001009574_240_00,3160249464,50950 1,50540 0,
4240001009574_240_00,3160249464,52370 0,50880 0,
4240001009574_240_00,3160249464,70360 0,52370 0,
4240001009574_240_00,3160249464,70360 0,75019 0,
4240001009574_240_00,3160249464,75017 0,72325 0,
4240001009574_240_00,3160249464,75017 0,50880 0,
4240001009574_240_00,3160249464,75017 0,52370 0,
4240001009574_240_00,3160249464,75017 0,50940 0,
4240001009574_240_00,3160249464,75017 0,52080 2,
4240001009574_240_00,3160249464,52080 2,50940 0,
4240001009574_240_00,3160249464,75019 0,73755 0,
4240001009574_240_00,3160249464,47014 0,75015 0,
4240001009574_240_00,3160249464,75015 0,75017 0,
4240001009574_240_00,550332996,70600 0,46059 1,
4240001009574_240_00,1004470243,51991 1,50330 0,
4240001009574_240_00,1004470243,51991 1,50320 1,
4240001009574_240_00,1004470243,50320 1,51991 1,
4240001009574_240_00,3838942938,51980 0,51240 999,
4240001009574_240_00,3838942938,51610 0,74010 0,
4240001009574_240_00,3838942938,51610 0,50920 0,
4240001009574_240_00,3838942938,51610 0,50930 0,
4240001009574_240_00,3838942938,72730 0,51610 1,
4240001009574_240_00,3838942938,50940 1,51240 999,
4240001009574_240_00,3838942938,50030 9,50910 0,
4240001009574_240_00,3838942938,50030 9,51590 1,
4240001009574_240_00,3838942938,50030 9,74020 0,
4240001009574_240_00,3838942938,50030 9,50930 1,
4240001009574_240_00,3838942938,51980 1,51580 0,
4240001009574_240_00,3838942938,51600 1,51990 0,
4240001009574_240_00,3838942938,51600 1,50030 1,
4240001009574_240_00,3838942938,51600 1,50930 0,
4240001009574_240_00,3838942938,50950 3,74010 0,
4240001009574_240_00,3838942938,51240 3,51610 0,
4240001009574_240_00,3838942938,51240 3,51590 1,
4240001009574_240_00,3838942938,51240 3,51621 0,
4240001009574_240_00,3838942938,51240 3,50940 0,
4240001009574_240_00,3838942938,51600 0,50030 1,
4240001009574_240_00,3838942938,50030 8,71100 0,
4240001009574_240_00,3838942938,50920 0,50910 0,
4240001009574_240_00,3838942938,51620 1,75030 0,
4240001009574_240_00,3838942938,51620 1,50030 8,
4240001009574_240_00,3838942938,51620 1,51240 999,
4240001009574_240_00,3838942938,51610 1,51620 1,
4240001009574_240_00,3838942938,51590 1,50910 0,
4240001009574_240_00,3838942938,51590 1,50030 1,
4240001009574_240_00,3838942938,51590 1,72730 1,
4240001009574_240_00,3838942938,50920 1,51610 0,
4240001009574_240_00,3838942938,50920 1,50910 0,
4240001009574_240_00,3838942938,51621 0,51610 0,
4240001009574_240_00,3838942938,51621 0,74020 0,
4240001009574_240_00,3838942938,71510 0,50940 0,
4240001009574_240_00,3838942938,50910 1,75030 0,
4240001009574_240_00,3838942938,50910 1,51620 1,
4240001009574_240_00,3838942938,50910 1,51590 0,
4240001009574_240_00,3838942938,51580 0,75030 0,
4240001009574_240_00,3838942938,51580 0,51240 999,
4240001009574_240_00,3838942938,50940 0,50020 2,
4240001009574_240_00,3838942938,50940 0,50920 0,
4240001009574_240_00,3838942938,74010 1,75030 0,
4240001009574_240_00,3838942938,74010 1,51620 1,
4240001009574_240_00,3838942938,74010 1,51610 1,
4240001009574_240_00,3838942938,50930 1,74010 0,
4240001009574_240_00,3838942938,50930 1,50020 2,
4240001009574_240_00,3838942938,50930 1,51621 0,
4240001009574_240_00,3838942938,50930 1,51240 999,
4240001009574_240_00,3838942938,50930 1,72730 1,
4240001009574_240_00,3838942938,71100 1,51590 1,
4240001009574_240_00,3838942938,71100 1,51990 1,
4240001009574_240_00,3838942938,52000 1,50910 1,
4240001009574_240_00,3838942938,52000 1,52000 0,
4240001009574_240_00,3838942938,74020 1,71100 0,
4240001009574_240_00,3838942938,74020 1,51620 1,
4240001009574_240_00,3838942938,74020 1,51590 1,
4240001009574_240_00,3838942938,74020 1,51580 0,
4240001009574_240_00,3838942938,51990 1,50920 0,
4240001009574_240_00,3838942938,51990 1,51590 1,
4240001009574_240_00,3838942938,50020 3,75030 0,
4240001009574_240_00,3838942938,50020 3,51600 1,
4240001009574_240_00,3838942938,50020 3,51590 0,
4240001009574_240_00,3838942938,50020 3,52000 1,
4240001009574_240_00,3838942938,24960 7,51610 0,
4240001009574_240_00,3838942938,24960 7,50030 9,
4240001009574_240_00,3838942938,24960 7,50910 0,
4240001009574_240_00,3838942938,24960 7,50030 1,
4240001009574_240_00,3838942938,24960 7,50920 1,
4240001009574_240_00,3838942938,24960 7,74020 0,
4240001009574_240_00,3838942938,24960 7,51990 1,
4240001009574_240_00,1004470243,50330 0,50330 0,
4240001009574_240_00,1004470243,51991 1,52960 0,
4240001009574_240_00,1004470243,50030 7,50320 1,
4240001009574_240_00,1004470243,52140 0,52140 0,
4240001009574_240_00,1004470243,50320 1,50030 7,
4240001009574_240_00,1261976881,50060 1,52960 1,
4240001009574_240_00,1261976881,52960 1,50060 1,
4240001009574_240_00,3594359697,70430 0,55200 0,
4240001009574_240_00,3594359697,55190 0,70560 0,
4240001009574_240_00,2300128744,71410 1,71210 1,
4240001009574_240_00,2300128744,51330 1,51550 1,
4240001009574_240_00,2300128744,50020 0,51540 1,
4240001009574_240_00,2300128744,50040 1,51330 1,
4240001009574_240_00,2300128744,51550 1,71270 1,
4240001009574_240_00,2300128744,71190 0,71240 1,
4240001009574_240_00,2300128744,71210 1,71720 1,
4240001009574_240_00,2300128744,73290 1,71270 1,
4240001009574_240_00,2300128744,51320 1,51550 1,
4240001009574_240_00,2300128744,51320 1,73790 1,
4240001009574_240_00,2300128744,51340 1,71220 1,
4240001009574_240_00,2300128744,50020 7,51410 1,
4240001009574_240_00,2300128744,50050 1,73290 1,
4240001009574_240_00,2300128744,50050 1,51410 1,
4240001009574_240_00,835754522,71290 0,71620 0,
4240001009574_240_00,835754522,74370 0,72760 0,
4240001009574_240_00,835754522,71620 0,73250 0,
4240001009574_240_00,835754522,71620 0,73000 0,
4240001009574_240_00,835754522,70930 0,73250 0,
4240001009574_240_00,835754522,70930 0,51190 0,
4240001009574_240_00,835754522,70930 0,73000 0,
4240001009574_240_00,835754522,70930 0,72150 0,
4240001009574_240_00,835754522,52030 2,52130 0,
4240001009574_240_00,835754522,72120 0,50060 5,
4240001009574_240_00,3594359697,73185 0,50320 0,
4240001009574_240_00,3594359697,73185 0,55190 0,
4240001009574_240_00,3594359697,71760 0,70430 0,
4240001009574_240_00,3594359697,73280 0,55170 0,
4240001009574_240_00,3594359697,50330 0,73950 1,
4240001009574_240_00,3594359697,70355 0,71460 1,
4240001009574_240_00,3594359697,70355 0,47014 1,
4240001009574_240_00,3594359697,71460 1,74200 1,
4240001009574_240_00,3594359697,47014 1,74200 1,
4240001009574_240_00,3594359697,73400 1,73980 1,
4240001009574_240_00,3594359697,73990 1,73940 1,
4240001009574_240_00,3594359697,71760 1,73950 1,
4240001009574_240_00,2300128744,51550 0,50030 4,
4240001009574_240_00,2300128744,22540 0,50320 0,
4240001009574_240_00,2300128744,73690 0,50040 0,
4240001009574_240_00,2300128744,73690 0,73470 0,
4240001009574_240_00,2300128744,50050 0,50060 5,
4240001009574_240_00,550332996,50090 0,50060 4,
4240001009574_240_00,550332996,74040 0,50105 0,
4240001009574_240_00,550332996,50101 0,50100 0,
4240001009574_240_00,550332996,50101 0,50070 0,
4240001009574_240_00,550332996,50080 0,51010 0,
4240001009574_240_00,3594359697,70347 0,50040 0,
4240001009574_240_00,1024075922,50330 0,52040 1,
4240001009574_240_00,1024075922,50330 0,73890 1,
4240001009574_240_00,1024075922,50330 0,52030 3,
4240001009574_240_00,1024075922,50350 1,72020 1,
4240001009574_240_00,1024075922,50350 1,70670 1,
4240001009574_240_00,1024075922,50350 1,73830 1,
4240001009574_240_00,1024075922,50030 7,73720 1,
4240001009574_240_00,1024075922,50030 7,52040 1,
4240001009574_240_00,1024075922,50040 1,50330 0,
4240001009574_240_00,1024075922,50040 1,52040 1,
4240001009574_240_00,1024075922,50040 1,72080 0,
4240001009574_240_00,1024075922,73720 1,73250 1,
4240001009574_240_00,1024075922,70670 1,73890 1,
4240001009574_240_00,1024075922,70670 1,47014 3,
4240001009574_240_00,1024075922,52050 1,70670 1,
4240001009574_240_00,1024075922,72080 0,52040 1,
4240001009574_240_00,1024075922,72080 0,73890 1,
4240001009574_240_00,1024075922,73810 1,73830 1,
4240001009574_240_00,1024075922,73800 1,70670 1,
4240001009574_240_00,1024075922,73850 1,47014 3,
4240001009574_240_00,1024075922,50060 3,73820 1,
4240001009574_240_00,1024075922,50060 3,72080 0,
4240001009574_240_00,1024075922,50060 3,73810 1,
4240001009574_240_00,1024075922,50060 3,47014 3,
4240001009574_240_00,1024075922,50320 1,52030 3,
4240001009574_240_00,1024075922,73250 1,73800 1,
4240001009574_240_00,1024075922,52030 3,73890 1,
4240001009574_240_00,1024075922,52030 3,73800 1,
4240001009574_240_00,1024075922,72760 1,73850 1,
4240001009574_240_00,1024075922,72760 1,73250 1,
4240001009574_240_00,1024075922,50050 1,50030 7,
4240001009574_240_00,1024075922,50050 1,50040 1,
4240001009574_240_00,1024075922,50050 1,73890 1,
4240001009574_240_00,1024075922,50050 1,52030 3,
4240001009574_240_00,103994292,71980 1,73780 1,
4240001009574_240_00,103994292,71980 1,74350 1,
4240001009574_240_00,103994292,50020 4,74410 1,
4240001009574_240_00,103994292,73470 1,70940 1,
4240001009574_240_00,103994292,73410 1,71980 1,
4240001009574_240_00,103994292,74360 1,73780 1,
4240001009574_240_00,3594359697,73185 0,50050 0,
4240001009574_240_00,3594359697,71760 0,50060 5,
4240001009574_240_00,2122499709,72850 0,51600 1,
4240001009574_240_00,2122499709,51600 1,51610 1,
4240001009574_240_00,2122499709,51610 1,51620 1,
4240001009574_240_00,2122499709,50920 1,51621 0,
4240001009574_240_00,2122499709,51480 2,51590 1,
4240001009574_240_00,3594359697,50330 0,50340 1,
4240001009574_240_00,3594359697,50350 1,71460 1,
4240001009574_240_00,3594359697,50020 4,47014 1,
4240001009574_240_00,3594359697,25150 1,73940 1,
4240001009574_240_00,3594359697,70347 1,74200 1,
4240001009574_240_00,3594359697,70430 1,73990 1,
4240001009574_240_00,3594359697,55190 1,50350 1,
4240001009574_240_00,3884591149,50060 14,50060 999,
4240001009574_240_00,3884591149,50540 1,50950 2,
4240001009574_240_00,3884591149,50940 1,52380 0,
4240001009574_240_00,3884591149,50940 1,50950 1,
4240001009574_240_00,3884591149,50880 1,52390 2,
4240001009574_240_00,3884591149,52390 3,50880 0,
4240001009574_240_00,3884591149,52380 1,51610 0,
4240001009574_240_00,3884591149,52380 1,50540 0,
4240001009574_240_00,3884591149,50540 0,50060 999,
4240001009574_240_00,3884591149,52390 2,51610 0,
4240001009574_240_00,3884591149,52390 2,50940 1,
4240001009574_240_00,3884591149,52390 2,51621 0,
4240001009574_240_00,3884591149,50950 2,51620 1,
4240001009574_240_00,3884591149,50950 2,52370 0,
4240001009574_240_00,3884591149,52370 1,50540 0,
4240001009574_240_00,3884591149,51621 0,52380 0,
4240001009574_240_00,3884591149,51621 0,52390 3,
4240001009574_240_00,3884591149,51621 0,50950 1,
4240001009574_240_00,835754522,71290 0,70930 0,
4240001009574_240_00,835754522,51190 0,71620 0,
4240001009574_240_00,835754522,74380 0,52030 4,
4240001009574_240_00,835754522,71240 0,51190 0,
4240001009574_240_00,550332996,50090 1,72780 1,
4240001009574_240_00,550332996,50840 1,50090 1,
4240001009574_240_00,550332996,50100 1,74320 1,
4240001009574_240_00,550332996,51010 1,50100 1,
4240001009574_240_00,550332996,50030 2,46044 1,
4240001009574_240_00,550332996,50030 2,50830 1,
4240001009574_240_00,550332996,50030 2,50080 1,
4240001009574_240_00,550332996,50105 1,50104 1,
4240001009574_240_00,550332996,50860 1,50105 1,
4240001009574_240_00,550332996,50850 1,50090 1,
4240001009574_240_00,550332996,50850 1,50101 1,
4240001009574_240_00,550332996,50850 1,50860 1,
4240001009574_240_00,550332996,50060 11,50850 1,
4240001009574_240_00,206984685,50540 1,52380 1,
4240001009574_240_00,206984685,50540 1,52370 1,
4240001009574_240_00,3013652431,52130 1,50340 1,
4240001009574_240_00,3013652431,50050 2,52140 1,
4240001009574_240_00,3013652431,52140 1,52960 1,
4240001009574_240_00,2355023358,75041 0,55170 0,
4240001009574_240_00,2355023358,25150 0,70020 0,
4240001009574_240_00,2355023358,55200 0,55220 0,
4240001009574_240_00,2355023358,55200 0,70020 0,
4240001009574_240_00,2355023358,70430 0,55170 0,
4240001009574_240_00,2355023358,55190 0,71370 0,
4240001009574_240_00,2355023358,50020 5,50030 4,
4240001009574_240_00,2355023358,50060 10,55200 0,
4240001009574_240_00,2355023358,50020 3,55170 0,
4240001009574_240_00,550332996,70580 0,70150 1,
4240001009574_240_00,550332996,71420 0,70800 1,
4240001009574_240_00,550332996,50030 2,70540 1,
4240001009574_240_00,550332996,70540 1,72610 1,
4240001009574_240_00,550332996,70540 1,74320 1,
4240001009574_240_00,550332996,71440 1,70810 1,
4240001009574_240_00,550332996,70520 1,70800 1,
4240001009574_240_00,550332996,50060 11,72630 3,
4240001009574_240_00,1261976881,50030 4,51991 0,
4240001009574_240_00,3594359697,50330 0,71460 1,
4240001009574_240_00,3594359697,72090 1,71460 1,
4240001009574_240_00,3594359697,70430 1,73950 1,
4240001009574_240_00,3594359697,50050 1,73940 1,
4240001009574_240_00,3594359697,55190 1,73940 1,
4240001009574_240_00,3594359697,55190 1,73390 1,
4240001009574_240_00,2355023358,55210 1,55170 1,
4240001009574_240_00,2355023358,55210 1,50050 1,
4240001009574_240_00,2355023358,50040 1,50030 7,
4240001009574_240_00,2355023358,74250 1,55200 1,
4240001009574_240_00,2355023358,70430 1,75041 1,
4240001009574_240_00,2355023358,51404 1,55200 1,
4240001009574_240_00,550332996,46058 0,71960 0,
4240001009574_240_00,835754522,72120 1,74370 1,
4240001009574_240_00,835754522,72120 1,73250 1,
4240001009574_240_00,835754522,50060 9,72120 1,
4240001009574_240_00,835754522,50060 9,52030 1,
4240001009574_240_00,835754522,50060 9,73000 1,
4240001009574_240_00,835754522,50060 9,72150 1,
4240001009574_240_00,835754522,52130 1,52030 1,
4240001009574_240_00,835754522,52130 1,71620 1,
4240001009574_240_00,835754522,70930 1,71080 1,
4240001009574_240_00,835754522,50050 2,72150 1,
4240001009574_240_00,835754522,50050 2,71620 1,
4240001009574_240_00,835754522,52030 1,74370 1,
4240001009574_240_00,835754522,73000 1,74370 1,
4240001009574_240_00,835754522,73000 1,73250 1,
4240001009574_240_00,835754522,51190 1,71010 1,
4240001009574_240_00,835754522,72760 1,73250 1,
4240001009574_240_00,550332996,50830 0,51010 0,
4240001009574_240_00,550332996,70520 0,51010 0,
4240001009574_240_00,550332996,70520 0,72740 0,
4240001009574_240_00,550332996,70520 0,50280 0,
4240001009574_240_00,550332996,71440 0,50030 3,
4240001009574_240_00,550332996,50870 0,50830 0,
4240001009574_240_00,550332996,50870 0,50030 3,
4240001009574_240_00,550332996,50870 0,50060 10,
4240001009574_240_00,550332996,70030 0,70520 0,
4240001009574_240_00,550332996,70030 0,71440 0,
4240001009574_240_00,550332996,72740 0,50030 3,
4240001009574_240_00,550332996,50280 0,50850 0,
4240001009574_240_00,550332996,50280 0,50060 10,
4240001009574_240_00,550332996,70540 0,50860 2,
4240001009574_240_00,409958912,73460 1,73650 1,
4240001009574_240_00,409958912,56410 1,73460 1,
4240001009574_240_00,409958912,56410 1,73660 1,
4240001009574_240_00,409958912,56410 1,56560 1,
4240001009574_240_00,409958912,56410 1,73670 1,
4240001009574_240_00,409958912,56410 1,71480 1,
4240001009574_240_00,409958912,56410 1,71990 1,
4240001009574_240_00,409958912,56560 1,73650 1,
4240001009574_240_00,409958912,75030 1,73650 1,
4240001009574_240_00,409958912,51340 1,73660 1,
4240001009574_240_00,409958912,50060 13,50020 0,
4240001009574_240_00,409958912,50060 13,73680 1,
4240001009574_240_00,409958912,50060 13,50050 1,
4240001009574_240_00,409958912,50050 1,51330 1,
4240001009574_240_00,3884591149,51610 0,50060 999,
4240001009574_240_00,3884591149,51610 0,50540 0,
4240001009574_240_00,3884591149,50940 1,50540 0,
4240001009574_240_00,3884591149,50880 1,52390 3,
4240001009574_240_00,3884591149,52390 2,50950 2,
4240001009574_240_00,3884591149,50950 2,51610 1,
4240001009574_240_00,3884591149,52370 1,50880 0,
4240001009574_240_00,1004470243,50330 0,52130 0,
4240001009574_240_00,1004470243,50020 4,52960 0,
4240001009574_240_00,1004470243,52130 0,50330 0,
4240001009574_240_00,1004470243,52960 0,50020 4,
4240001009574_240_00,409958912,56580 0,75030 0,
4240001009574_240_00,409958912,56580 0,51320 0,
4240001009574_240_00,409958912,50040 0,50060 5,
4240001009574_240_00,409958912,73460 0,51320 2,
4240001009574_240_00,409958912,75040 0,50060 5,
4240001009574_240_00,409958912,75030 0,50040 0,
4240001009574_240_00,409958912,75030 0,75040 0,
4240001009574_240_00,409958912,75030 0,50050 0,
4240001009574_240_00,409958912,56570 0,75030 0,
4240001009574_240_00,409958912,24940 0,75030 0,
4240001009574_240_00,409958912,24940 0,51320 2,
4240001009574_240_00,409958912,51320 2,50040 0,
4240001009574_240_00,409958912,56560 0,50050 0,
4240001009574_240_00,409958912,73640 0,75030 0,
4240001009574_240_00,3175822612,50020 2,72730 1,
4240001009574_240_00,3175822612,50950 0,50020 2,
4240001009574_240_00,3175822612,50940 0,50020 2,
4240001009574_240_00,3175822612,74020 0,72730 1,
4240001009574_240_00,3175822612,52390 0,74010 0,
4240001009574_240_00,3175822612,52390 0,50020 2,
4240001009574_240_00,3175822612,52390 0,51240 3,
4240001009574_240_00,3175822612,50900 0,74020 0,
4240001009574_240_00,3594359697,50030 7,75042 1,
4240001009574_240_00,3594359697,70350 1,47014 1,
4240001009574_240_00,3594359697,71760 1,75042 1,
4240001009574_240_00,3175822612,72730 0,50940 1,
4240001009574_240_00,3175822612,72730 0,50900 1,
4240001009574_240_00,3175822612,51991 1,50900 1,
4240001009574_240_00,3175822612,50030 9,52370 1,
4240001009574_240_00,3175822612,51240 3,52380 1,
4240001009574_240_00,3175822612,71510 0,51980 1,
4240001009574_240_00,3175822612,71510 0,52380 1,
4240001009574_240_00,3175822612,74010 1,50030 9,
4240001009574_240_00,3175822612,71100 1,52380 1,
4240001009574_240_00,3175822612,71100 1,71510 0,
4240001009574_240_00,3175822612,71100 1,52390 1,
4240001009574_240_00,3175822612,74020 1,51980 1,
4240001009574_240_00,3175822612,74020 1,50020 3,
4240001009574_240_00,3175822612,50020 3,51980 1,
4240001009574_240_00,3175822612,24960 7,51980 1,
4240001009574_240_00,3175822612,24960 7,50900 1,
4240001009574_240_00,3175822612,24960 7,52390 1,
4240001009574_240_00,550332996,50860 0,50850 0,
4240001009574_240_00,550332996,72630 2,51010 0,
4240001009574_240_00,550332996,72630 2,50280 0,
4240001009574_240_00,550332996,70520 0,50850 0,
4240001009574_240_00,550332996,72610 0,50830 0,
4240001009574_240_00,550332996,72500 0,73610 0,
4240001009574_240_00,550332996,50850 0,46044 0,
4240001009574_240_00,550332996,70540 0,50030 3,
4240001009574_240_00,550332996,70540 0,46044 0,
4240001009574_240_00,409958912,73650 0,73460 0,
4240001009574_240_00,409958912,73650 0,56570 0,
4240001009574_240_00,409958912,56570 0,50030 4,
4240001009574_240_00,409958912,71990 0,73650 0,
4240001009574_240_00,409958912,51320 2,51320 0,
4240001009574_240_00,409958912,73670 0,50060 5,
4240001009574_240_00,409958912,73680 0,56570 0,
4240001009574_240_00,3594359697,73980 0,73280 0,
4240001009574_240_00,3594359697,74200 0,50060 5,
4240001009574_240_00,3594359697,73950 0,70350 0,
4240001009574_240_00,3594359697,73990 0,72090 0,
4240001009574_240_00,3594359697,73940 0,74200 0,
4240001009574_240_00,3594359697,73940 0,73400 0,
4240001009574_240_00,345268387,50540 1,52370 0,
4240001009574_240_00,345268387,73010 0,52380 0,
4240001009574_240_00,345268387,52080 0,73010 0,
4240001009574_240_00,345268387,50940 1,52080 0,
4240001009574_240_00,345268387,50940 1,52070 1,
4240001009574_240_00,345268387,50880 1,52080 0,
4240001009574_240_00,345268387,50880 1,52390 3,
4240001009574_240_00,345268387,50880 1,52370 1,
4240001009574_240_00,345268387,50880 1,72325 0,
4240001009574_240_00,345268387,52060 1,50540 0,
4240001009574_240_00,345268387,52380 1,50940 1,
4240001009574_240_00,345268387,52380 1,50940 0,
4240001009574_240_00,345268387,50540 0,50060 999,
4240001009574_240_00,345268387,52370 1,50940 1,
4240001009574_240_00,345268387,72325 0,52380 0,
4240001009574_240_00,345268387,50060 6,52390 3,
4240001009574_240_00,345268387,50060 6,52390 2,
4240001009574_240_00,345268387,50880 0,50060 999,
4240001009574_240_00,345268387,52370 0,52380 0,
4240001009574_240_00,345268387,52070 1,50880 0,
4240001009574_240_00,345268387,73695 0,73010 0,
4240001009574_240_00,345268387,73695 0,52370 0,
4240001009574_240_00,2355023358,50030 7,50020 2,
4240001009574_240_00,2355023358,25150 1,75041 1,
4240001009574_240_00,2355023358,51401 1,55190 1,
4240001009574_240_00,2355023358,55190 1,50030 7,
4240001009574_240_00,2355023358,55190 1,50040 1,
4240001009574_240_00,409958912,56580 0,50020 3,
4240001009574_240_00,409958912,73640 0,71510 0,
4240001009574_240_00,409958912,73640 0,50060 5,
4240001009574_240_00,550332996,50090 0,50070 0,
4240001009574_240_00,550332996,50260 0,50105 0,
4240001009574_240_00,550332996,50260 0,50080 0,
4240001009574_240_00,550332996,70810 0,50090 0,
4240001009574_240_00,550332996,72800 0,50105 0,
4240001009574_240_00,550332996,50101 0,50090 0,
4240001009574_240_00,550332996,72780 0,50105 0,
4240001009574_240_00,3594359697,25150 1,47014 3,
4240001009574_240_00,3594359697,55200 0,51404 0,
4240001009574_240_00,3594359697,55200 0,51401 0,
4240001009574_240_00,2090219850,52080 0,75020 1,
4240001009574_240_00,2090219850,52390 3,50060 14,
4240001009574_240_00,2090219850,50030 9,73010 0,
4240001009574_240_00,2090219850,51980 1,50060 14,
4240001009574_240_00,2090219850,51980 1,50540 0,
4240001009574_240_00,2090219850,51980 1,52070 1,
4240001009574_240_00,2090219850,50860 2,75020 1,
4240001009574_240_00,2090219850,50860 2,52050 1,
4240001009574_240_00,2090219850,50860 2,52040 1,
4240001009574_240_00,2090219850,51480 1,52390 3,
4240001009574_240_00,2090219850,51480 1,52050 1,
4240001009574_240_00,2090219850,51620 2,52380 0,
4240001009574_240_00,2090219850,51620 2,52390 3,
4240001009574_240_00,2090219850,51620 2,50950 1,
4240001009574_240_00,2090219850,52050 1,51620 2,
4240001009574_240_00,2090219850,52040 1,52390 3,
4240001009574_240_00,2090219850,52370 0,50060 14,
4240001009574_240_00,2090219850,52370 0,50880 0,
4240001009574_240_00,2090219850,52070 1,50950 1,
4240001009574_240_00,2090219850,72150 1,50540 0,
4240001009574_240_00,2090219850,72150 1,52040 1,
4240001009574_240_00,2090219850,50940 0,50880 0,
4240001009574_240_00,2090219850,73250 1,73010 0,
4240001009574_240_00,2090219850,73250 1,50880 0,
4240001009574_240_00,2090219850,73250 1,52370 0,
4240001009574_240_00,2090219850,52030 3,50950 1,
4240001009574_240_00,2090219850,72760 1,50060 14,
4240001009574_240_00,2090219850,72760 1,52070 1,
4240001009574_240_00,2090219850,51990 1,75013 0,
4240001009574_240_00,2300128744,73690 1,71230 1,
4240001009574_240_00,2300128744,51550 1,71690 1,
4240001009574_240_00,2300128744,51540 1,71240 1,
4240001009574_240_00,2300128744,71210 1,71220 1,
4240001009574_240_00,2300128744,71210 1,71060 1,
4240001009574_240_00,2300128744,73410 1,73690 1,
4240001009574_240_00,2300128744,50060 3,50320 1,
4240001009574_240_00,2300128744,50020 7,50320 1,
4240001009574_240_00,2300128744,50050 1,73690 1,
4240001009574_240_00,2300128744,70920 1,71280 1,
4240001009574_240_00,3838942938,51240 3,51580 0,
4240001009574_240_00,3838942938,51240 3,52000 1,
4240001009574_240_00,3838942938,51590 1,50930 1,
4240001009574_240_00,3838942938,50920 1,50930 1,
4240001009574_240_00,3838942938,71510 0,50940 1,
4240001009574_240_00,3838942938,74010 1,50910 1,
4240001009574_240_00,3838942938,74010 1,50020 3,
4240001009574_240_00,3838942938,71100 1,51580 0,
4240001009574_240_00,3594359697,50330 0,47014 0,
4240001009574_240_00,3594359697,25150 1,73185 1,
4240001009574_240_00,3594359697,70347 1,73185 1,
4240001009574_240_00,3594359697,70430 1,73280 1,
4240001009574_240_00,919776449,50350 1,72150 0,
4240001009574_240_00,919776449,51350 0,73000 0,
4240001009574_240_00,919776449,51350 0,50050 3,
4240001009574_240_00,919776449,72150 0,73000 0,
4240001009574_240_00,919776449,72120 0,50060 5,
4240001009574_240_00,919776449,72120 0,50050 3,
4240001009574_240_00,2122499709,51980 0,72820 0,
4240001009574_240_00,2122499709,72850 0,51610 1,
4240001009574_240_00,2122499709,51610 0,51600 0,
4240001009574_240_00,2122499709,71630 0,51600 1,
4240001009574_240_00,2122499709,71630 0,51590 0,
4240001009574_240_00,2122499709,50030 9,51600 0,
4240001009574_240_00,2122499709,50030 9,51620 1,
4240001009574_240_00,2122499709,51980 1,50030 8,
4240001009574_240_00,2122499709,51600 1,51621 0,
4240001009574_240_00,2122499709,50910 0,51480 0,
4240001009574_240_00,2122499709,51480 0,72820 0,
4240001009574_240_00,2122499709,51620 1,50910 0,
4240001009574_240_00,2122499709,51610 1,52000 0,
4240001009574_240_00,2122499709,51590 1,50930 1,
4240001009574_240_00,2122499709,50920 1,51600 0,
4240001009574_240_00,2122499709,50920 1,50930 1,
4240001009574_240_00,2122499709,50920 1,50030 5,
4240001009574_240_00,2122499709,51621 0,51980 0,
4240001009574_240_00,2122499709,50910 1,51990 0,
4240001009574_240_00,2122499709,50910 1,50030 8,
4240001009574_240_00,2122499709,50910 1,51610 1,
4240001009574_240_00,2122499709,50910 1,50030 5,
4240001009574_240_00,2122499709,51580 0,50920 0,
4240001009574_240_00,2122499709,50930 0,51480 0,
4240001009574_240_00,2122499709,51990 1,50910 0,
4240001009574_240_00,2122499709,50060 0,50060 999,
4240001009574_240_00,2122499709,50060 0,50910 0,
4240001009574_240_00,550332996,71540 0,72720 1,
4240001009574_240_00,550332996,71560 0,72390 1,
4240001009574_240_00,2300128744,51550 0,51330 0,
4240001009574_240_00,2300128744,73790 0,51410 0,
4240001009574_240_00,2300128744,71010 0,51410 0,
4240001009574_240_00,2300128744,51320 0,50050 0,
4240001009574_240_00,2300128744,73290 0,51330 0,
4240001009574_240_00,2300128744,71280 0,73290 0,
4240001009574_240_00,2300128744,71210 0,73290 0,
4240001009574_240_00,2300128744,71220 0,73790 0,
4240001009574_240_00,2300128744,51330 0,50060 5,
4240001009574_240_00,3594359697,74200 0,50350 0,
4240001009574_240_00,3594359697,73940 0,50340 0,
4240001009574_240_00,3594359697,73390 0,70430 0,
4240001009574_240_00,3594359697,73390 0,73950 0,
4240001009574_240_00,2300128744,22540 1,71270 1,
4240001009574_240_00,2300128744,51550 1,71710 1,
4240001009574_240_00,2300128744,51540 1,71010 1,
4240001009574_240_00,3594359697,72090 1,47014 3,
4240001009574_240_00,3594359697,70350 1,47014 3,
4240001009574_240_00,3594359697,73710 0,70355 0,
4240001009574_240_00,2300128744,51540 2,73470 0,
4240001009574_240_00,2300128744,51055 5,71220 0,
4240001009574_240_00,2300128744,71710 0,51540 2,
4240001009574_240_00,2300128744,51540 0,50030 4,
4240001009574_240_00,2300128744,71740 0,51540 2,
4240001009574_240_00,2300128744,71230 0,70920 0,
4240001009574_240_00,2300128744,73410 0,50060 5,
4240001009574_240_00,2300128744,50030 4,50060 5,
4240001009574_240_00,1024075922,73810 0,72820 0,
4240001009574_240_00,1024075922,50020 2,72820 0,
4240001009574_240_00,1024075922,70670 0,73810 0,
4240001009574_240_00,1024075922,70670 0,73250 0,
4240001009574_240_00,1024075922,73250 0,50320 0,
4240001009574_240_00,1024075922,73250 0,72820 0,
4240001009574_240_00,1024075922,73250 0,50350 0,
4240001009574_240_00,1024075922,73800 0,50320 0,
4240001009574_240_00,1024075922,73800 0,73720 0,
4240001009574_240_00,1024075922,72760 0,50340 0,
4240001009574_240_00,1024075922,50350 0,56530 0,
4240001009574_240_00,1024075922,52040 0,51480 0,
4240001009574_240_00,1024075922,52040 0,52030 2,
4240001009574_240_00,1024075922,70360 0,73250 0,
4240001009574_240_00,1024075922,70360 0,52040 0,
4240001009574_240_00,1024075922,73820 0,73810 0,
4240001009574_240_00,1024075922,73830 0,72820 0,
4240001009574_240_00,1024075922,73830 0,73800 0,
4240001009574_240_00,1024075922,73830 0,73820 0,
4240001009574_240_00,1024075922,73720 0,56530 0,
4240001009574_240_00,1024075922,52030 2,50340 0,
4240001009574_240_00,1024075922,47014 0,73850 0,
4240001009574_240_00,1024075922,47014 0,51480 0,
4240001009574_240_00,1024075922,47014 0,72020 0,
4240001009574_240_00,3594359697,70570 1,55200 1,
4240001009574_240_00,3594359697,25150 1,50340 1,
4240001009574_240_00,3594359697,50320 1,73185 1,
4240001009574_240_00,3594359697,70430 1,47014 0,
4240001009574_240_00,3838942938,51990 0,74020 0,
4240001009574_240_00,3838942938,51600 0,74020 0,
4240001009574_240_00,3838942938,50950 0,52000 0,
4240001009574_240_00,3838942938,50910 0,51600 0,
4240001009574_240_00,3838942938,50910 0,72730 1,
4240001009574_240_00,3838942938,50030 1,74010 0,
4240001009574_240_00,3838942938,50920 0,75030 0,
4240001009574_240_00,3838942938,50940 0,51990 0,
4240001009574_240_00,3838942938,50940 0,74020 0,
4240001009574_240_00,3838942938,50930 0,50030 1,
4240001009574_240_00,3838942938,72730 1,75030 0,
4240001009574_240_00,103994292,71350 1,74395 1,
4240001009574_240_00,103994292,50020 4,71980 1,
4240001009574_240_00,103994292,73470 1,74340 1,
4240001009574_240_00,103994292,74340 1,74410 1,
4240001009574_240_00,103994292,74340 1,74400 1,
4240001009574_240_00,103994292,50050 1,74390 1,
4240001009574_240_00,103994292,50050 1,72530 1,
4240001009574_240_00,103994292,74330 0,73470 0,
4240001009574_240_00,103994292,74330 0,73410 0,
4240001009574_240_00,103994292,74400 0,74410 0,
4240001009574_240_00,103994292,72530 0,73470 0,
4240001009574_240_00,103994292,74360 0,73470 0,
4240001009574_240_00,103994292,74340 0,50030 4,
4240001009574_240_00,103994292,72870 0,73410 0,
4240001009574_240_00,103994292,73780 0,70940 0,
4240001009574_240_00,103994292,73780 0,50050 0,
4240001009574_240_00,3594359697,74200 0,70430 0,
4240001009574_240_00,3594359697,74200 0,55180 0,
4240001009574_240_00,3594359697,74200 0,70347 0,
4240001009574_240_00,3594359697,55190 0,74230 0,
4240001009574_240_00,3594359697,55190 0,51403 0,
4240001009574_240_00,3594359697,73990 0,50320 0,
4240001009574_240_00,3594359697,73390 0,55190 0,
4240001009574_240_00,542189229,52370 0,50880 0,
4240001009574_240_00,835754522,70930 1,51055 7,
4240001009574_240_00,835754522,52030 1,71290 1,
4240001009574_240_00,835754522,52030 1,70380 1,
4240001009574_240_00,835754522,74370 1,51190 1,
4240001009574_240_00,835754522,73190 1,71010 1,
4240001009574_240_00,835754522,71620 1,70380 1,
4240001009574_240_00,2355023358,75041 0,70430 0,
4240001009574_240_00,2355023358,75041 0,50050 0,
4240001009574_240_00,2355023358,55200 0,51401 0,
4240001009574_240_00,2355023358,50040 0,55210 0,
4240001009574_240_00,2355023358,50020 5,50040 0,
4240001009574_240_00,201880385,46044 1,72660 1,
4240001009574_240_00,201880385,46044 1,50850 1,
4240001009574_240_00,201880385,50040 0,72610 1,
4240001009574_240_00,201880385,50040 0,50850 1,
4240001009574_240_00,201880385,72610 1,72040 1,
4240001009574_240_00,201880385,50840 1,72600 1,
4240001009574_240_00,201880385,50840 1,71440 1,
4240001009574_240_00,201880385,50840 1,72630 1,
4240001009574_240_00,201880385,70540 1,72040 1,
4240001009574_240_00,201880385,50050 0,50860 1,
4240001009574_240_00,201880385,50860 1,72610 1,
4240001009574_240_00,201880385,70520 1,72560 1,
4240001009574_240_00,201880385,50020 3,24960 7,
4240001009574_240_00,201880385,24960 7,50060 11,
4240001009574_240_00,208731032,50540 1,52380 1,
4240001009574_240_00,208731032,50540 1,50030 8,
4240001009574_240_00,208731032,50540 1,51610 1,
4240001009574_240_00,208731032,50540 1,72760 0,
4240001009574_240_00,208731032,50940 1,52040 0,
4240001009574_240_00,208731032,50880 1,52040 0,
4240001009574_240_00,208731032,50880 1,50860 4,
4240001009574_240_00,208731032,50880 1,73010 1,
4240001009574_240_00,208731032,52060 0,72760 0,
4240001009574_240_00,208731032,52060 0,52050 0,
4240001009574_240_00,208731032,52380 1,51480 0,
4240001009574_240_00,208731032,52380 1,52050 0,
4240001009574_240_00,208731032,73250 0,51990 0,
4240001009574_240_00,208731032,73250 0,72150 0,
4240001009574_240_00,208731032,51480 0,50860 4,
4240001009574_240_00,208731032,52390 2,50940 1,
4240001009574_240_00,208731032,52390 2,51990 0,
4240001009574_240_00,208731032,52390 2,73250 0,
4240001009574_240_00,208731032,52390 2,75013 1,
4240001009574_240_00,208731032,52390 2,52080 3,
4240001009574_240_00,208731032,52070 0,50030 8,
4240001009574_240_00,208731032,52070 0,52050 0,
4240001009574_240_00,208731032,52070 0,52000 0,
4240001009574_240_00,208731032,51620 1,51480 0,
4240001009574_240_00,208731032,51620 1,50030 5,
4240001009574_240_00,208731032,51610 1,72760 0,
4240001009574_240_00,208731032,51610 1,52050 0,
4240001009574_240_00,208731032,52370 1,50030 8,
4240001009574_240_00,208731032,52370 1,51610 1,
4240001009574_240_00,208731032,52370 1,52000 0,
4240001009574_240_00,208731032,52370 1,50030 5,
4240001009574_240_00,208731032,75013 1,51990 0,
4240001009574_240_00,208731032,72760 0,50860 4,
4240001009574_240_00,208731032,72760 0,52000 0,
4240001009574_240_00,208731032,50060 6,52080 3,
4240001009574_240_00,208731032,52080 3,51990 0,
4240001009574_240_00,208731032,52080 3,73250 0,
4240001009574_240_00,208731032,52080 3,52040 0,
4240001009574_240_00,208731032,52040 0,73250 0,
4240001009574_240_00,2300128744,73410 0,50320 0,
4240001009574_240_00,2300128744,71210 0,51550 0,
4240001009574_240_00,2300128744,71220 0,50040 0,
4240001009574_240_00,2300128744,71260 0,51540 0,
4240001009574_240_00,201880385,51940 0,71440 0,
4240001009574_240_00,201880385,72600 0,50040 1,
4240001009574_240_00,201880385,72600 0,50280 0,
4240001009574_240_00,201880385,73430 0,70520 0,
4240001009574_240_00,201880385,70520 0,72740 0,
4240001009574_240_00,201880385,70520 0,50060 10,
4240001009574_240_00,201880385,72610 0,50860 0,
4240001009574_240_00,201880385,72610 0,50840 0,
4240001009574_240_00,201880385,50870 0,46044 0,
4240001009574_240_00,201880385,50840 0,50050 1,
4240001009574_240_00,201880385,46044 0,50020 1,
4240001009574_240_00,201880385,72740 0,50030 1,
4240001009574_240_00,201880385,72740 0,50060 10,
4240001009574_240_00,201880385,72660 0,72740 0,
4240001009574_240_00,201880385,72630 0,50030 1,
4240001009574_240_00,201880385,70540 0,50850 0,
4240001009574_240_00,201880385,70540 0,50050 1,
4240001009574_240_00,201880385,50060 10,50030 1,
4240001009574_240_00,3594359697,71370 1,55200 1,
4240001009574_240_00,3594359697,55170 1,70430 1,
4240001009574_240_00,3594359697,70347 1,47014 3,
4240001009574_240_00,3594359697,55190 1,73400 1,
4240001009574_240_00,103994292,74395 0,71980 0,
4240001009574_240_00,103994292,73470 0,50040 0,
4240001009574_240_00,103994292,74400 0,72870 0,
4240001009574_240_00,103994292,71320 0,50050 0,
4240001009574_240_00,103994292,72530 0,50020 5,
4240001009574_240_00,103994292,74360 0,50050 0,
4240001009574_240_00,103994292,74360 0,71320 0,
4240001009574_240_00,103994292,74360 0,50030 4,
4240001009574_240_00,103994292,73410 0,50020 5,
4240001009574_240_00,2233809208,50540 1,75015 1,
4240001009574_240_00,2233809208,50940 1,73755 1,
4240001009574_240_00,2233809208,50880 1,73755 1,
4240001009574_240_00,2233809208,50880 1,72325 1,
4240001009574_240_00,2233809208,52380 1,52080 1,
4240001009574_240_00,2233809208,52380 1,75016 1,
4240001009574_240_00,2233809208,52370 1,47014 3,
4240001009574_240_00,2233809208,50060 6,73755 1,
4240001009574_240_00,2233809208,50060 6,52390 2,
4240001009574_240_00,2233809208,75017 1,75015 1,
4240001009574_240_00,2233809208,50940 0,75015 1,
4240001009574_240_00,2233809208,50940 0,72325 1,
4240001009574_240_00,2233809208,50940 0,73010 1,
4240001009574_240_00,2233809208,73010 1,52080 1,
4240001009574_240_00,2233809208,73010 1,75017 1,
4240001009574_240_00,3160249464,75016 0,50540 0,
4240001009574_240_00,3160249464,73755 0,72325 0,
4240001009574_240_00,3160249464,75018 0,73010 0,
4240001009574_240_00,3160249464,75018 0,52080 0,
4240001009574_240_00,3160249464,52380 0,50540 0,
4240001009574_240_00,3160249464,52390 3,50880 0,
4240001009574_240_00,3160249464,50950 1,52390 3,
4240001009574_240_00,3160249464,72325 0,50940 0,
4240001009574_240_00,3160249464,52370 0,52380 0,
4240001009574_240_00,3160249464,70360 0,50880 0,
4240001009574_240_00,3160249464,75017 0,52390 3,
4240001009574_240_00,3160249464,52080 2,52080 0,
4240001009574_240_00,3160249464,75019 0,52380 0,
4240001009574_240_00,3160249464,47014 0,75016 0,
4240001009574_240_00,3160249464,47014 0,75018 0,
4240001009574_240_00,3160249464,75015 0,50940 0,
4240001009574_240_00,550332996,70600 0,46058 1,
4240001009574_240_00,1004470243,50020 4,50030 7,
4240001009574_240_00,3838942938,71100 0,75030 0,
4240001009574_240_00,3838942938,71100 0,51240 999,
4240001009574_240_00,3838942938,51610 0,51600 0,
4240001009574_240_00,3838942938,72730 0,51990 0,
4240001009574_240_00,3838942938,72730 0,75030 0,
4240001009574_240_00,3838942938,72730 0,51240 999,
4240001009574_240_00,3838942938,72730 0,72730 1,
4240001009574_240_00,3838942938,51600 1,75030 0,
4240001009574_240_00,3838942938,51600 1,50950 3,
4240001009574_240_00,3838942938,51600 1,50920 0,
4240001009574_240_00,3838942938,51600 1,72730 1,
4240001009574_240_00,3838942938,50950 3,50030 1,
4240001009574_240_00,3838942938,50950 3,74020 0,
4240001009574_240_00,3838942938,51240 3,71100 0,
4240001009574_240_00,3838942938,51240 3,51990 0,
4240001009574_240_00,3838942938,51240 3,50920 0,
4240001009574_240_00,3838942938,51240 3,51620 1,
4240001009574_240_00,3838942938,51240 3,51240 999,
4240001009574_240_00,3838942938,51240 3,72730 1,
4240001009574_240_00,3838942938,51600 0,52000 0,
4240001009574_240_00,3838942938,50910 0,50030 1,
4240001009574_240_00,3838942938,51620 1,71100 0,
4240001009574_240_00,3838942938,51620 1,50020 2,
4240001009574_240_00,3838942938,51620 1,50940 1,
4240001009574_240_00,3838942938,51620 1,50910 0,
4240001009574_240_00,3838942938,51620 1,74020 0,
4240001009574_240_00,3838942938,51610 1,51600 0,
4240001009574_240_00,3838942938,51590 1,50030 8,
4240001009574_240_00,3838942938,51590 1,51610 1,
4240001009574_240_00,3838942938,51590 1,51621 0,
4240001009574_240_00,3838942938,51590 1,50910 1,
4240001009574_240_00,3838942938,51590 1,52000 0,
4240001009574_240_00,3838942938,50920 1,51980 0,
4240001009574_240_00,3838942938,50920 1,51600 0,
4240001009574_240_00,3838942938,71510 0,51610 0,
4240001009574_240_00,3838942938,50910 1,50940 1,
4240001009574_240_00,3838942938,50910 1,50910 0,
4240001009574_240_00,3838942938,51580 0,51621 0,
4240001009574_240_00,3838942938,51580 0,50930 0,
4240001009574_240_00,3838942938,50940 0,51980 0,
4240001009574_240_00,3838942938,50940 0,50030 8,
4240001009574_240_00,3838942938,50940 0,51590 0,
4240001009574_240_00,3838942938,50930 0,74010 0,
4240001009574_240_00,3838942938,74010 1,74010 0,
4240001009574_240_00,3838942938,74010 1,50940 1,
4240001009574_240_00,3838942938,74010 1,51580 0,
4240001009574_240_00,3838942938,50930 1,50920 0,
4240001009574_240_00,3838942938,50930 1,51610 1,
4240001009574_240_00,3838942938,71100 1,51980 0,
4240001009574_240_00,3838942938,52000 1,71100 0,
4240001009574_240_00,3838942938,52000 1,50030 1,
4240001009574_240_00,3838942938,74020 1,50020 2,
4240001009574_240_00,3838942938,74020 1,50910 0,
4240001009574_240_00,3838942938,51990 1,50910 1,
4240001009574_240_00,3838942938,50020 3,50030 8,
4240001009574_240_00,3838942938,50020 3,51621 0,
4240001009574_240_00,3838942938,24960 7,50930 0,
4240001009574_240_00,2300128744,50030 7,51330 1,
4240001009574_240_00,2300128744,71220 1,71080 1,
4240001009574_240_00,2300128744,50040 1,71190 0,
4240001009574_240_00,2300128744,51550 1,71210 1,
4240001009574_240_00,2300128744,71210 1,71430 1,
4240001009574_240_00,2300128744,50060 3,73790 1,
4240001009574_240_00,2300128744,51320 1,71410 1,
4240001009574_240_00,2300128744,51340 1,71410 1,
4240001009574_240_00,2300128744,51340 1,51330 1,
4240001009574_240_00,2300128744,50020 7,51330 1,
4240001009574_240_00,2300128744,50020 7,73790 1,
4240001009574_240_00,2300128744,50050 1,71410 1,
4240001009574_240_00,835754522,74370 0,71620 0,
4240001009574_240_00,835754522,73250 0,72150 0,
4240001009574_240_00,835754522,71010 0,74370 0,
4240001009574_240_00,835754522,71010 0,74380 0,
4240001009574_240_00,835754522,71740 0,73190 0,
4240001009574_240_00,835754522,70380 0,50060 5,
4240001009574_240_00,835754522,70380 0,70930 0,
4240001009574_240_00,835754522,72760 0,50060 5,
4240001009574_240_00,835754522,71060 0,74370 0,
4240001009574_240_00,835754522,71060 0,74380 0,
4240001009574_240_00,835754522,73000 0,52130 0,
4240001009574_240_00,835754522,71240 0,73190 0,
4240001009574_240_00,835754522,73190 0,50060 5,
4240001009574_240_00,835754522,70930 0,74380 0,
4240001009574_240_00,835754522,72150 0,73000 0,
4240001009574_240_00,835754522,52030 2,73000 0,
4240001009574_240_00,3594359697,73185 0,55180 0,
4240001009574_240_00,3594359697,73185 0,72090 0,
4240001009574_240_00,3594359697,50340 1,73950 1,
4240001009574_240_00,3594359697,74200 1,73940 1,
4240001009574_240_00,2300128744,22540 0,73690 0,
4240001009574_240_00,2300128744,51540 0,50060 5,
4240001009574_240_00,2300128744,71080 0,51550 0,
4240001009574_240_00,2300128744,70280 0,51540 0,
4240001009574_240_00,2300128744,71230 0,71220 0,
4240001009574_240_00,2300128744,71220 0,73410 0,
4240001009574_240_00,550332996,50090 0,51010 0,
4240001009574_240_00,550332996,72280 0,50105 0,
4240001009574_240_00,550332996,72280 0,50080 0,
4240001009574_240_00,550332996,70370 0,72280 0,
4240001009574_240_00,550332996,50080 0,50070 0,
4240001009574_240_00,3594359697,75042 0,73400 0,
4240001009574_240_00,3594359697,75042 0,50350 0,
4240001009574_240_00,3594359697,73280 0,50060 5,
4240001009574_240_00,1024075922,50330 0,73720 1,
4240001009574_240_00,1024075922,50330 0,73830 1,
4240001009574_240_00,1024075922,50330 0,73250 1,
4240001009574_240_00,1024075922,50340 1,52040 1,
4240001009574_240_00,1024075922,50350 1,73820 1,
4240001009574_240_00,1024075922,50350 1,52040 1,
4240001009574_240_00,1024075922,50030 7,50350 1,
4240001009574_240_00,1024075922,50030 7,50020 4,
4240001009574_240_00,1024075922,50030 7,70360 1,
4240001009574_240_00,1024075922,50030 7,73850 1,
4240001009574_240_00,1024075922,50030 7,52030 3,
4240001009574_240_00,1024075922,50030 7,72760 1,
4240001009574_240_00,1024075922,50020 4,70360 1,
4240001009574_240_00,1024075922,50040 1,73800 1,
4240001009574_240_00,1024075922,50040 1,73250 1,
4240001009574_240_00,1024075922,73720 1,72020 1,
4240001009574_240_00,1024075922,73720 1,47014 3,
4240001009574_240_00,1024075922,72020 1,73890 1,
4240001009574_240_00,1024075922,72020 1,73800 1,
4240001009574_240_00,1024075922,52050 1,73820 1,
4240001009574_240_00,1024075922,52050 1,73810 1,
4240001009574_240_00,1024075922,52040 1,73820 1,
4240001009574_240_00,1024075922,52040 1,70670 1,
4240001009574_240_00,1024075922,52040 1,73810 1,
4240001009574_240_00,1024075922,52040 1,73850 1,
4240001009574_240_00,1024075922,72080 0,73720 1,
4240001009574_240_00,1024075922,72080 0,73800 1,
4240001009574_240_00,1024075922,73830 1,73850 1,
4240001009574_240_00,1024075922,73830 1,47014 3,
4240001009574_240_00,1024075922,73890 1,47014 3,
4240001009574_240_00,1024075922,50060 3,50020 4,
4240001009574_240_00,1024075922,50060 3,52030 3,
4240001009574_240_00,1024075922,50060 3,72760 1,
4240001009574_240_00,1024075922,50320 1,72020 1,
4240001009574_240_00,1024075922,50320 1,70360 1,
4240001009574_240_00,1024075922,72760 1,73820 1,
4240001009574_240_00,1024075922,72760 1,73890 1,
4240001009574_240_00,1024075922,72760 1,52030 3,
4240001009574_240_00,1024075922,50050 1,73820 1,
4240001009574_240_00,1024075922,50050 1,70360 1,
4240001009574_240_00,1024075922,50050 1,72760 1,
4240001009574_240_00,1024075922,50050 1,47014 3,
4240001009574_240_00,103994292,71980 1,70940 1,
4240001009574_240_00,103994292,50060 9,50040 1,
4240001009574_240_00,103994292,50030 7,71350 1,
4240001009574_240_00,103994292,50020 4,71350 1,
4240001009574_240_00,103994292,73780 1,74350 1,
4240001009574_240_00,103994292,73470 1,74350 1,
4240001009574_240_00,103994292,74410 1,73780 1,
4240001009574_240_00,103994292,74410 1,74350 1,
4240001009574_240_00,103994292,74400 1,74350 1,
4240001009574_240_00,103994292,72870 1,70940 1,
4240001009574_240_00,103994292,50050 1,71980 1,
4240001009574_240_00,103994292,50050 1,72870 1,
4240001009574_240_00,103994292,71320 1,72870 1,
4240001009574_240_00,103994292,71320 1,74340 1,
4240001009574_240_00,103994292,74360 1,74350 1,
4240001009574_240_00,103994292,72530 1,74360 1,
4240001009574_240_00,2122499709,72850 0,71630 0,
4240001009574_240_00,2122499709,71630 0,51980 1,
4240001009574_240_00,2122499709,50030 9,51580 0,
4240001009574_240_00,2122499709,50030 9,51990 1,
4240001009574_240_00,2122499709,51610 1,51621 0,
4240001009574_240_00,2122499709,51480 2,50910 1,
4240001009574_240_00,2122499709,50060 0,51980 1,
4240001009574_240_00,2122499709,50060 0,51621 0,
4240001009574_240_00,3594359697,50040 1,73950 1,
4240001009574_240_00,3594359697,72090 1,73990 1,
4240001009574_240_00,3594359697,25150 1,73390 1,
4240001009574_240_00,3594359697,70350 1,73980 1,
4240001009574_240_00,3594359697,51404 1,55190 1,
4240001009574_240_00,3594359697,55190 1,50030 7,
4240001009574_240_00,3594359697,71760 1,73990 1,
4240001009574_240_00,3884591149,50060 14,50540 1,
4240001009574_240_00,3884591149,50540 1,50940 0,
4240001009574_240_00,3884591149,51610 0,52370 0,
4240001009574_240_00,3884591149,50880 1,50880 0,
4240001009574_240_00,3884591149,50950 2,51621 0,
4240001009574_240_00,3884591149,51620 1,52390 3,
4240001009574_240_00,3884591149,51610 1,52370 0,
4240001009574_240_00,3884591149,51621 0,52370 0,
4240001009574_240_00,3884591149,50880 0,50060 999,
4240001009574_240_00,835754522,71240 0,74370 0,
4240001009574_240_00,550332996,50100 1,72780 1,
4240001009574_240_00,550332996,51010 1,50840 1,
4240001009574_240_00,550332996,51010 1,50101 1,
4240001009574_240_00,550332996,51010 1,50080 1,
4240001009574_240_00,550332996,50030 2,50101 1,
4240001009574_240_00,550332996,50105 1,72780 1,
4240001009574_240_00,550332996,50105 1,71600 0,
4240001009574_240_00,550332996,50830 1,50860 1,
4240001009574_240_00,550332996,50080 1,50090 1,
4240001009574_240_00,550332996,50080 1,70030 1,
4240001009574_240_00,550332996,50080 1,50260 1,
4240001009574_240_00,550332996,50280 1,50105 1,
4240001009574_240_00,550332996,50280 1,50080 1,
4240001009574_240_00,550332996,50850 1,50102 1,
4240001009574_240_00,206984685,50540 1,52390 2,
4240001009574_240_00,206984685,50060 6,50880 1,
4240001009574_240_00,3013652431,52130 1,52140 1,
4240001009574_240_00,3013652431,50050 2,50340 1,
4240001009574_240_00,3013652431,50050 2,50350 1,
4240001009574_240_00,3013652431,50050 2,51991 0,
4240001009574_240_00,3013652431,52960 1,50340 1,
4240001009574_240_00,2355023358,25150 0,74230 0,
4240001009574_240_00,2355023358,25150 0,51404 0,
4240001009574_240_00,2355023358,25150 0,70560 0,
4240001009574_240_00,2355023358,55200 0,51403 0,
4240001009574_240_00,2355023358,50020 5,50050 0,
4240001009574_240_00,550332996,72500 0,50270 1,
4240001009574_240_00,550332996,72720 1,70610 999,
4240001009574_240_00,550332996,50271 0,72810 1,
4240001009574_240_00,1261976881,50050 2,50020 5,
4240001009574_240_00,550332996,72610 1,72800 1,
4240001009574_240_00,550332996,50840 1,71440 1,
4240001009574_240_00,550332996,51010 1,71440 1,
4240001009574_240_00,550332996,50830 1,50850 1,
4240001009574_240_00,550332996,70540 1,71580 1,
4240001009574_240_00,550332996,70800 1,72400 1,
4240001009574_240_00,550332996,71440 1,70800 1,
4240001009574_240_00,550332996,71440 1,72790 1,
4240001009574_240_00,550332996,71440 1,70520 1,
4240001009574_240_00,550332996,71440 1,71600 0,
4240001009574_240_00,550332996,50850 1,72610 1,
4240001009574_240_00,550332996,50060 11,70540 1,
4240001009574_240_00,550332996,73610 1,72810 1,
4240001009574_240_00,1261976881,50050 2,50030 4,
4240001009574_240_00,1261976881,50030 4,50050 2,
4240001009574_240_00,3594359697,73400 1,74200 1,
4240001009574_240_00,3594359697,51401 1,55200 1,
4240001009574_240_00,2355023358,70570 1,55200 1,
4240001009574_240_00,2355023358,55170 1,50030 7,
4240001009574_240_00,2355023358,55170 1,70430 1,
4240001009574_240_00,2355023358,74250 1,55190 1,
4240001009574_240_00,2355023358,70430 1,50040 1,
4240001009574_240_00,2355023358,50050 1,75041 1,
4240001009574_240_00,550332996,46048 1,70610 2,
4240001009574_240_00,835754522,50060 9,73190 1,
4240001009574_240_00,835754522,50060 9,72760 1,
4240001009574_240_00,835754522,52130 1,73190 1,
4240001009574_240_00,835754522,50050 2,52130 1,
4240001009574_240_00,835754522,72150 1,70930 1,
4240001009574_240_00,835754522,72150 1,73250 1,
4240001009574_240_00,835754522,73190 1,70930 1,
4240001009574_240_00,835754522,73250 1,70380 1,
4240001009574_240_00,835754522,70380 1,71010 1,
4240001009574_240_00,550332996,50830 0,72740 0,
4240001009574_240_00,550332996,50860 2,50060 10,
4240001009574_240_00,550332996,73610 0,70520 0,
4240001009574_240_00,550332996,70520 0,50830 0,
4240001009574_240_00,550332996,70520 0,50030 3,
4240001009574_240_00,550332996,71440 0,50860 2,
4240001009574_240_00,550332996,71440 0,46044 0,
4240001009574_240_00,550332996,46044 0,50060 10,
4240001009574_240_00,550332996,70540 0,50060 10,
4240001009574_240_00,409958912,51330 1,73680 1,
4240001009574_240_00,409958912,50020 0,56560 1,
4240001009574_240_00,409958912,73460 1,75040 1,
4240001009574_240_00,409958912,50040 1,50030 7,
4240001009574_240_00,409958912,50040 1,51340 1,
4240001009574_240_00,409958912,56560 1,73670 1,
4240001009574_240_00,409958912,51340 1,71990 1,
4240001009574_240_00,409958912,75040 1,71990 1,
4240001009574_240_00,409958912,50060 13,50030 7,
4240001009574_240_00,409958912,50060 13,51320 3,
4240001009574_240_00,409958912,50020 7,71480 1,
4240001009574_240_00,409958912,50050 1,50040 1,
4240001009574_240_00,409958912,50050 1,73670 1,
4240001009574_240_00,409958912,73650 1,73670 1,
4240001009574_240_00,409958912,73650 1,71480 1,
4240001009574_240_00,409958912,51320 3,73670 1,
4240001009574_240_00,409958912,51320 3,73650 1,
4240001009574_240_00,3884591149,50060 14,52380 0,
4240001009574_240_00,3884591149,50880 1,50060 999,
4240001009574_240_00,3884591149,52380 1,50950 2,
4240001009574_240_00,3884591149,52380 1,51620 1,
4240001009574_240_00,3884591149,51621 0,50880 0,
4240001009574_240_00,1004470243,50030 7,50050 3,
4240001009574_240_00,1004470243,52140 0,50060 999,
4240001009574_240_00,1004470243,50050 3,50030 7,
4240001009574_240_00,409958912,56580 0,73640 0,
4240001009574_240_00,409958912,50020 5,50030 4,
4240001009574_240_00,3175822612,74010 0,72730 1,
4240001009574_240_00,3175822612,51980 0,51240 3,
4240001009574_240_00,3175822612,51980 0,50030 1,
4240001009574_240_00,3175822612,52380 0,51980 0,
4240001009574_240_00,3175822612,50950 0,52370 0,
4240001009574_240_00,3175822612,50940 0,75030 0,
4240001009574_240_00,3175822612,51991 0,50030 8,
4240001009574_240_00,3175822612,52390 0,72730 1,
4240001009574_240_00,3175822612,72730 0,52390 1,
4240001009574_240_00,3175822612,72730 0,24960 7,
4240001009574_240_00,3175822612,51991 1,73015 1,
4240001009574_240_00,3175822612,50030 9,52390 1,
4240001009574_240_00,3175822612,51240 3,52390 1,
4240001009574_240_00,3175822612,50900 1,50950 3,
4240001009574_240_00,3175822612,50900 1,52380 1,
4240001009574_240_00,3175822612,71510 0,50020 3,
4240001009574_240_00,3175822612,74010 1,52370 1,
4240001009574_240_00,3175822612,74010 1,24960 7,
4240001009574_240_00,3175822612,52390 1,50950 3,
4240001009574_240_00,3175822612,24960 7,50950 3,
4240001009574_240_00,3175822612,24960 7,52370 1,
4240001009574_240_00,550332996,50830 0,46044 0,
4240001009574_240_00,550332996,72800 0,72610 0,
4240001009574_240_00,550332996,72800 0,71440 0,
4240001009574_240_00,550332996,71580 0,72610 0,
4240001009574_240_00,550332996,73610 0,72610 0,
4240001009574_240_00,550332996,72630 2,71440 0,
4240001009574_240_00,550332996,70520 0,50860 0,
4240001009574_240_00,550332996,72610 0,50870 0,
4240001009574_240_00,550332996,71440 0,50840 0,
4240001009574_240_00,550332996,72500 0,72790 0,
4240001009574_240_00,550332996,72590 0,72610 0,
4240001009574_240_00,550332996,70540 0,50830 0,
4240001009574_240_00,550332996,70540 0,50850 0,
4240001009574_240_00,550332996,70540 0,50280 0,
4240001009574_240_00,409958912,75040 0,50050 0,
4240001009574_240_00,409958912,75040 0,51330 0,
4240001009574_240_00,409958912,73650 0,51320 2,
4240001009574_240_00,409958912,71990 0,50060 5,
4240001009574_240_00,409958912,73670 0,51320 2,
4240001009574_240_00,409958912,73670 0,50030 4,
4240001009574_240_00,409958912,56560 0,73460 0,
4240001009574_240_00,409958912,71480 0,56410 0,
4240001009574_240_00,409958912,73680 0,73460 0,
4240001009574_240_00,409958912,73680 0,56410 0,
4240001009574_240_00,409958912,73680 0,50060 5,
4240001009574_240_00,409958912,73660 0,73680 0,
4240001009574_240_00,409958912,51330 0,50060 5,
4240001009574_240_00,409958912,50030 4,50040 0,
4240001009574_240_00,3594359697,73980 0,50050 0,
4240001009574_240_00,3594359697,71460 0,50060 5,
4240001009574_240_00,345268387,50540 1,52390 3,
4240001009574_240_00,345268387,52080 0,50880 0,
4240001009574_240_00,345268387,73765 0,52070 1,
4240001009574_240_00,345268387,50940 1,50880 0,
4240001009574_240_00,345268387,50940 1,73695 0,
4240001009574_240_00,345268387,50880 1,73765 0,
4240001009574_240_00,345268387,50880 1,73755 1,
4240001009574_240_00,345268387,52380 1,50060 999,
4240001009574_240_00,345268387,73755 1,73755 0,
4240001009574_240_00,345268387,73755 1,52060 1,
4240001009574_240_00,345268387,73755 1,50060 999,
4240001009574_240_00,345268387,73755 1,72325 0,
4240001009574_240_00,345268387,52390 2,50880 0,
4240001009574_240_00,345268387,52370 1,52390 3,
4240001009574_240_00,345268387,52370 1,52060 1,
4240001009574_240_00,345268387,72325 0,52370 0,
4240001009574_240_00,345268387,50060 6,50950 2,
4240001009574_240_00,345268387,52050 1,50540 0,
4240001009574_240_00,345268387,52370 0,50060 999,
4240001009574_240_00,345268387,52070 1,52370 0,
4240001009574_240_00,345268387,50940 0,50540 0,
4240001009574_240_00,345268387,72325 1,50880 0,
4240001009574_240_00,345268387,72325 1,73695 0,
4240001009574_240_00,2355023358,55200 1,50040 1,
4240001009574_240_00,2355023358,55200 1,55190 1,
4240001009574_240_00,2355023358,71370 1,25150 1,
4240001009574_240_00,2355023358,55210 1,70430 1,
4240001009574_240_00,2355023358,73900 1,55200 1,
4240001009574_240_00,2355023358,55190 1,55170 1,
4240001009574_240_00,409958912,56580 0,46037 0,
4240001009574_240_00,409958912,72730 0,50030 4,
4240001009574_240_00,409958912,46037 0,71510 0,
4240001009574_240_00,409958912,46037 0,51792 0,
4240001009574_240_00,550332996,50090 0,50030 3,
4240001009574_240_00,550332996,50260 0,50100 0,
4240001009574_240_00,550332996,72800 0,50080 0,
4240001009574_240_00,550332996,50105 0,51010 0,
4240001009574_240_00,550332996,50103 0,50080 0,
4240001009574_240_00,550332996,70030 0,50090 0,
4240001009574_240_00,550332996,70030 0,50101 0,
4240001009574_240_00,550332996,50102 0,50105 0,
4240001009574_240_00,550332996,71590 0,50101 0,
4240001009574_240_00,550332996,70580 0,70810 0,
4240001009574_240_00,550332996,50101 0,50030 3,
4240001009574_240_00,550332996,50060 4,50030 3,
4240001009574_240_00,550332996,70800 0,50080 0,
4240001009574_240_00,550332996,50270 0,50100 0,
4240001009574_240_00,3594359697,50020 4,47014 3,
4240001009574_240_00,3594359697,55190 0,74240 0,
4240001009574_240_00,2090219850,52390 3,50880 0,
4240001009574_240_00,2090219850,50030 9,52380 0,
4240001009574_240_00,2090219850,50030 9,51620 2,
4240001009574_240_00,2090219850,50860 2,51480 1,
4240001009574_240_00,2090219850,52060 1,73010 0,
4240001009574_240_00,2090219850,51480 1,52080 0,
4240001009574_240_00,2090219850,52050 1,52060 1,
4240001009574_240_00,2090219850,52050 1,52070 1,
4240001009574_240_00,2090219850,52040 1,73010 0,
4240001009574_240_00,2090219850,52040 1,75020 1,
4240001009574_240_00,2090219850,52040 1,52070 1,
4240001009574_240_00,2090219850,72150 1,50950 1,
4240001009574_240_00,2090219850,72150 1,75013 0,
4240001009574_240_00,2090219850,50940 0,52390 3,
4240001009574_240_00,2090219850,51610 2,50060 14,
4240001009574_240_00,2090219850,51610 2,50880 0,
4240001009574_240_00,2090219850,73250 1,52390 3,
4240001009574_240_00,2090219850,52030 3,73010 0,
4240001009574_240_00,2090219850,52030 3,75020 1,
4240001009574_240_00,2090219850,52030 3,50880 0,
4240001009574_240_00,2090219850,52030 3,52050 1,
4240001009574_240_00,2090219850,52030 3,52070 1,
4240001009574_240_00,2090219850,72760 1,50950 1,
4240001009574_240_00,2090219850,51990 1,52060 1,
4240001009574_240_00,2090219850,51990 1,51610 2,
4240001009574_240_00,2090219850,75013 0,50940 0,
4240001009574_240_00,2300128744,51550 1,71230 1,
4240001009574_240_00,2300128744,71210 1,71670 0,
4240001009574_240_00,2300128744,73410 1,71210 1,
4240001009574_240_00,2300128744,73410 1,71280 1,
4240001009574_240_00,2300128744,73410 1,70920 1,
4240001009574_240_00,2300128744,50060 3,73410 1,
4240001009574_240_00,2300128744,50020 7,73410 1,
4240001009574_240_00,2300128744,50020 7,71230 1,
4240001009574_240_00,2300128744,70920 1,71230 1,
4240001009574_240_00,3838942938,50940 1,50950 3,
4240001009574_240_00,3838942938,50030 9,52000 1,
4240001009574_240_00,3838942938,74010 1,51590 1,
4240001009574_240_00,3838942938,71100 1,50910 1,
4240001009574_240_00,3838942938,52000 1,51590 1,
4240001009574_240_00,3838942938,74020 1,50940 1,
4240001009574_240_00,3838942938,50020 3,51980 1,
4240001009574_240_00,919776449,50350 1,52130 0,
4240001009574_240_00,919776449,51350 0,52130 0,
4240001009574_240_00,919776449,73000 0,72120 0,
4240001009574_240_00,2122499709,72850 0,50030 8,
4240001009574_240_00,2122499709,72850 0,50910 1,
4240001009574_240_00,2122499709,51610 0,50920 0,
4240001009574_240_00,2122499709,51990 0,50060 999,
4240001009574_240_00,2122499709,51990 0,51480 0,
4240001009574_240_00,2122499709,51990 0,50030 5,
4240001009574_240_00,2122499709,51980 1,50910 0,
4240001009574_240_00,2122499709,51980 1,51620 1,
4240001009574_240_00,2122499709,51600 1,51620 1,
4240001009574_240_00,2122499709,50910 0,50030 8,
4240001009574_240_00,2122499709,50920 0,50060 999,
4240001009574_240_00,2122499709,50920 0,51480 0,
4240001009574_240_00,2122499709,51620 1,51610 0,
4240001009574_240_00,2122499709,51620 1,50030 8,
4240001009574_240_00,2122499709,51620 1,51590 0,
4240001009574_240_00,2122499709,51590 1,51480 0,
4240001009574_240_00,2122499709,50920 1,50920 0,
4240001009574_240_00,2122499709,51621 0,51990 0,
4240001009574_240_00,2122499709,51621 0,72820 0,
4240001009574_240_00,2122499709,51480 2,50910 0,
4240001009574_240_00,2122499709,50910 1,50920 0,
4240001009574_240_00,2122499709,51580 0,51980 0,
4240001009574_240_00,2122499709,51580 0,50060 999,
4240001009574_240_00,2122499709,51580 0,51590 1,
4240001009574_240_00,2122499709,50930 0,51980 0,
4240001009574_240_00,2122499709,50930 1,51980 0,
4240001009574_240_00,2122499709,50930 1,50060 999,
4240001009574_240_00,2122499709,52000 1,51610 1,
4240001009574_240_00,2122499709,52000 1,50910 1,
4240001009574_240_00,2122499709,51990 1,51980 0,
4240001009574_240_00,2122499709,51990 1,50920 1,
4240001009574_240_00,2122499709,51990 1,50030 5,
4240001009574_240_00,2122499709,52000 0,51990 0,
4240001009574_240_00,2122499709,50030 5,72820 0,
4240001009574_240_00,2122499709,50060 0,50920 0,
4240001009574_240_00,2122499709,50060 0,50930 1,
4240001009574_240_00,550332996,74040 0,72500 1,
4240001009574_240_00,550332996,72500 0,50271 0,
4240001009574_240_00,550332996,70580 0,70150 0,
4240001009574_240_00,2300128744,51550 0,51320 0,
4240001009574_240_00,2300128744,71270 0,51410 0,
4240001009574_240_00,2300128744,51055 1,51550 0,
4240001009574_240_00,2300128744,71230 0,51330 0,
4240001009574_240_00,2300128744,71230 0,51410 0,
4240001009574_240_00,2300128744,71240 0,51540 2,
4240001009574_240_00,2300128744,51410 0,51330 0,
4240001009574_240_00,3594359697,74200 0,72090 0,
4240001009574_240_00,3594359697,73950 0,50040 0,
4240001009574_240_00,3594359697,71460 0,73980 0,
4240001009574_240_00,3594359697,71460 0,70347 0,
4240001009574_240_00,3594359697,71460 0,50350 0,
4240001009574_240_00,3594359697,73390 0,25150 0,
4240001009574_240_00,2300128744,73690 1,71210 1,
4240001009574_240_00,2300128744,73690 1,71270 1,
4240001009574_240_00,2300128744,51550 1,71740 1,
4240001009574_240_00,2300128744,50320 1,73410 1,
4240001009574_240_00,2300128744,50320 1,71230 1,
4240001009574_240_00,2300128744,50320 1,70920 1,
4240001009574_240_00,550332996,70600 0,46049 1,
4240001009574_240_00,2300128744,51550 0,22540 0,
4240001009574_240_00,2300128744,51550 0,51540 0,
4240001009574_240_00,2300128744,51550 0,70920 0,
4240001009574_240_00,2300128744,51540 2,50060 5,
4240001009574_240_00,2300128744,22540 0,50030 4,
4240001009574_240_00,2300128744,71060 0,71220 0,
4240001009574_240_00,2300128744,71230 0,73410 0,
4240001009574_240_00,2300128744,71210 0,50320 0,
4240001009574_240_00,2300128744,71220 0,51540 0,
4240001009574_240_00,1024075922,70670 0,51480 0,
4240001009574_240_00,1024075922,70670 0,73720 0,
4240001009574_240_00,1024075922,73840 0,51480 0,
4240001009574_240_00,1024075922,73800 0,72760 0,
4240001009574_240_00,1024075922,50350 0,50020 2,
4240001009574_240_00,1024075922,50350 0,50320 0,
4240001009574_240_00,1024075922,72020 0,50060 5,
4240001009574_240_00,1024075922,52040 0,50320 0,
4240001009574_240_00,1024075922,52040 0,50350 0,
4240001009574_240_00,1024075922,50340 0,50060 5,
4240001009574_240_00,1024075922,70360 0,70670 0,
4240001009574_240_00,1024075922,70360 0,73840 0,
4240001009574_240_00,1024075922,73820 0,73250 0,
4240001009574_240_00,1024075922,73890 0,50060 5,
4240001009574_240_00,1024075922,52030 2,72760 0,
4240001009574_240_00,3594359697,74250 1,55200 1,
4240001009574_240_00,3594359697,73710 0,73185 1,
4240001009574_240_00,3594359697,74260 1,55190 1,
4240001009574_240_00,3838942938,74010 0,51240 3,
4240001009574_240_00,3838942938,51600 0,75030 0,
4240001009574_240_00,3838942938,50950 0,51240 3,
4240001009574_240_00,3838942938,50950 0,50030 1,
4240001009574_240_00,3838942938,50950 0,50930 0,
4240001009574_240_00,3838942938,50910 0,51240 3,
4240001009574_240_00,3838942938,50920 0,74020 0,
4240001009574_240_00,3838942938,50930 0,51240 3,
4240001009574_240_00,3838942938,50930 0,50910 0,
4240001009574_240_00,3838942938,51590 0,71100 0,
4240001009574_240_00,3838942938,72730 1,51240 3,
4240001009574_240_00,3838942938,52000 0,75030 0,
4240001009574_240_00,103994292,71980 1,74400 1,
4240001009574_240_00,103994292,50060 9,50030 7,
4240001009574_240_00,103994292,50060 9,74360 1,
4240001009574_240_00,103994292,50060 9,74390 1,
4240001009574_240_00,103994292,50030 7,74395 1,
4240001009574_240_00,103994292,50020 4,72530 1,
4240001009574_240_00,103994292,73470 1,74330 1,
4240001009574_240_00,103994292,50320 1,73410 1,
4240001009574_240_00,103994292,50320 1,74400 1,
4240001009574_240_00,103994292,50050 1,50040 1,
4240001009574_240_00,103994292,74360 1,74410 1,
4240001009574_240_00,103994292,71980 0,71320 0,
4240001009574_240_00,103994292,71980 0,72530 0,
4240001009574_240_00,103994292,74330 0,72870 0,
4240001009574_240_00,103994292,74330 0,50060 5,
4240001009574_240_00,103994292,50320 0,50040 0,
4240001009574_240_00,103994292,70940 0,74360 0,
4240001009574_240_00,103994292,70940 0,74410 0,
4240001009574_240_00,103994292,74410 0,74330 0,
4240001009574_240_00,103994292,72870 0,71980 0,
4240001009574_240_00,103994292,72870 0,50020 5,
4240001009574_240_00,103994292,74350 0,71980 0,
4240001009574_240_00,103994292,74350 0,50020 5,
4240001009574_240_00,103994292,73780 0,50320 0,
4240001009574_240_00,103994292,73780 0,73470 0,
4240001009574_240_00,103994292,71350 0,72530 0,
4240001009574_240_00,103994292,71350 0,72870 0,
4240001009574_240_00,3594359697,74200 0,50060 10,
4240001009574_240_00,3594359697,73950 0,70430 0,
4240001009574_240_00,3594359697,71460 0,55180 0,
4240001009574_240_00,3594359697,73390 0,73400 0,
4240001009574_240_00,3594359697,47014 0,25150 0,
4240001009574_240_00,542189229,50950 1,50540 0,
4240001009574_240_00,835754522,74370 1,70380 1,
4240001009574_240_00,835754522,70380 1,71290 1,
4240001009574_240_00,2355023358,50050 0,55200 0,
4240001009574_240_00,2355023358,50020 5,55190 0,
4240001009574_240_00,201880385,46044 1,50830 1,
4240001009574_240_00,201880385,50040 0,72660 1,
4240001009574_240_00,201880385,50040 0,72630 1,
4240001009574_240_00,201880385,70540 1,72600 1,
4240001009574_240_00,201880385,50030 11,72600 1,
4240001009574_240_00,201880385,50030 11,50050 0,
4240001009574_240_00,201880385,50050 0,50840 1,
4240001009574_240_00,201880385,50050 0,50850 1,
4240001009574_240_00,201880385,50050 0,50060 11,
4240001009574_240_00,201880385,71440 1,72040 1,
4240001009574_240_00,201880385,71440 1,72570 1,
4240001009574_240_00,201880385,50280 1,70540 1,
4240001009574_240_00,201880385,50280 1,70520 1,
4240001009574_240_00,201880385,24960 7,70540 1,
4240001009574_240_00,201880385,24960 7,72630 1,
4240001009574_240_00,201880385,24960 7,50860 1,
4240001009574_240_00,208731032,50540 1,52060 0,
4240001009574_240_00,208731032,50940 1,50030 8,
4240001009574_240_00,208731032,50880 1,51990 0,
4240001009574_240_00,208731032,50880 1,73250 0,
4240001009574_240_00,208731032,50880 1,72820 0,
4240001009574_240_00,208731032,50880 1,52390 2,
4240001009574_240_00,208731032,50880 1,72150 0,
4240001009574_240_00,208731032,52060 0,51480 0,
4240001009574_240_00,208731032,51990 0,51980 0,
4240001009574_240_00,208731032,51990 0,51480 0,
4240001009574_240_00,208731032,51990 0,50030 5,
4240001009574_240_00,208731032,52380 1,75013 1,
4240001009574_240_00,208731032,52380 1,52080 3,
4240001009574_240_00,208731032,73250 0,51480 0,
4240001009574_240_00,208731032,50030 8,50030 5,
4240001009574_240_00,208731032,52390 2,51610 1,
4240001009574_240_00,208731032,52390 2,52040 0,
4240001009574_240_00,208731032,52070 0,72760 0,
4240001009574_240_00,208731032,52070 0,52030 2,
4240001009574_240_00,208731032,50950 2,52060 0,
4240001009574_240_00,208731032,50950 2,52050 0,
4240001009574_240_00,208731032,50950 2,50860 4,
4240001009574_240_00,208731032,50950 2,72150 0,
4240001009574_240_00,208731032,51620 1,50030 8,
4240001009574_240_00,208731032,51620 1,50860 4,
4240001009574_240_00,208731032,51610 1,51980 0,
4240001009574_240_00,208731032,51610 1,51990 0,
4240001009574_240_00,208731032,51610 1,52030 2,
4240001009574_240_00,208731032,52370 1,51980 0,
4240001009574_240_00,208731032,52370 1,50950 2,
4240001009574_240_00,208731032,52370 1,51620 1,
4240001009574_240_00,208731032,52370 1,52030 2,
4240001009574_240_00,208731032,72760 0,72150 0,
4240001009574_240_00,208731032,50060 6,52060 0,
4240001009574_240_00,208731032,50060 6,52380 1,
4240001009574_240_00,208731032,52050 0,51480 0,
4240001009574_240_00,208731032,52050 0,52040 0,
4240001009574_240_00,208731032,52050 0,52000 0,
4240001009574_240_00,208731032,52080 3,72820 0,
4240001009574_240_00,208731032,52040 0,51990 0,
4240001009574_240_00,208731032,52040 0,72150 0,
4240001009574_240_00,208731032,73010 1,52030 2,
4240001009574_240_00,208731032,52000 0,50030 5,
4240001009574_240_00,208731032,52030 2,50030 8,
4240001009574_240_00,208731032,52030 2,50860 4,
4240001009574_240_00,2300128744,73410 0,50020 5,
4240001009574_240_00,201880385,73450 0,71440 0,
4240001009574_240_00,201880385,72600 0,71440 0,
4240001009574_240_00,201880385,70520 0,50840 0,
4240001009574_240_00,201880385,70520 0,50280 0,
4240001009574_240_00,201880385,72610 0,70540 0,
4240001009574_240_00,201880385,71440 0,50860 0,
4240001009574_240_00,201880385,50870 0,50840 0,
4240001009574_240_00,201880385,50870 0,72740 0,
4240001009574_240_00,201880385,50850 0,50020 1,
4240001009574_240_00,201880385,72660 0,50040 1,
4240001009574_240_00,201880385,50280 0,50030 1,
4240001009574_240_00,201880385,50280 0,50850 0,
4240001009574_240_00,201880385,72630 0,46044 0,
4240001009574_240_00,3594359697,70430 1,70347 1,
4240001009574_240_00,103994292,74360 0,73410 0,
4240001009574_240_00,103994292,74410 0,73410 0,
4240001009574_240_00,103994292,74410 0,50060 5,
4240001009574_240_00,103994292,74390 0,74330 0,
4240001009574_240_00,103994292,74390 0,50030 4,
4240001009574_240_00,2233809208,50540 1,73755 1,
4240001009574_240_00,2233809208,52080 1,47014 3,
4240001009574_240_00,2233809208,52380 1,52370 1,
4240001009574_240_00,2233809208,52390 2,75015 1,
4240001009574_240_00,2233809208,52390 2,72325 1,
4240001009574_240_00,2233809208,75019 1,75015 1,
4240001009574_240_00,2233809208,75019 1,75016 1,
4240001009574_240_00,2233809208,52370 1,52080 1,
4240001009574_240_00,2233809208,52370 1,73755 1,
4240001009574_240_00,2233809208,50060 6,72325 1,
4240001009574_240_00,2233809208,73010 1,70360 1,
4240001009574_240_00,3160249464,75016 0,52080 0,
4240001009574_240_00,3160249464,75016 0,73755 0,
4240001009574_240_00,3160249464,73010 0,52380 0,
4240001009574_240_00,3160249464,52080 0,72325 0,
4240001009574_240_00,3160249464,52080 0,50940 0,
4240001009574_240_00,3160249464,50940 1,52380 0,
4240001009574_240_00,3160249464,50940 1,50540 0,
4240001009574_240_00,3160249464,73755 0,50880 0,
4240001009574_240_00,3160249464,75018 0,73755 0,
4240001009574_240_00,3160249464,52380 0,50060 6,
4240001009574_240_00,3160249464,75017 0,50540 0,
4240001009574_240_00,3160249464,52080 2,52380 0,
4240001009574_240_00,3160249464,75019 0,52080 0,
4240001009574_240_00,3160249464,47014 0,50950 1,
4240001009574_240_00,3160249464,47014 0,75019 0,
4240001009574_240_00,3838942938,74010 0,74020 0,
4240001009574_240_00,3838942938,51980 0,71100 0,
4240001009574_240_00,3838942938,51610 0,71100 0,
4240001009574_240_00,3838942938,51610 0,51590 0,
4240001009574_240_00,3838942938,72730 0,50950 3,
4240001009574_240_00,3838942938,72730 0,51600 0,
4240001009574_240_00,3838942938,72730 0,51620 1,
4240001009574_240_00,3838942938,72730 0,51580 0,
4240001009574_240_00,3838942938,72730 0,50940 0,
4240001009574_240_00,3838942938,72730 0,52000 1,
4240001009574_240_00,3838942938,50940 1,71100 0,
4240001009574_240_00,3838942938,50940 1,51600 0,
4240001009574_240_00,3838942938,50030 9,74010 0,
4240001009574_240_00,3838942938,50030 9,50030 8,
4240001009574_240_00,3838942938,51980 1,74010 0,
4240001009574_240_00,3838942938,51980 1,50030 1,
4240001009574_240_00,3838942938,51980 1,50920 0,
4240001009574_240_00,3838942938,51600 1,71100 0,
4240001009574_240_00,3838942938,51600 1,51620 1,
4240001009574_240_00,3838942938,51600 1,50940 0,
4240001009574_240_00,3838942938,50950 3,50940 0,
4240001009574_240_00,3838942938,51240 3,50030 8,
4240001009574_240_00,3838942938,50910 0,75030 0,
4240001009574_240_00,3838942938,50910 0,50030 8,
4240001009574_240_00,3838942938,50030 8,74020 0,
4240001009574_240_00,3838942938,51620 1,50940 0,
4240001009574_240_00,3838942938,51610 1,74010 0,
4240001009574_240_00,3838942938,51610 1,50920 0,
4240001009574_240_00,3838942938,51590 1,51990 0,
4240001009574_240_00,3838942938,51590 1,51620 1,
4240001009574_240_00,3838942938,50920 1,51620 1,
4240001009574_240_00,3838942938,71510 0,50030 8,
4240001009574_240_00,3838942938,71510 0,50930 0,
4240001009574_240_00,3838942938,50910 1,50020 2,
4240001009574_240_00,3838942938,50910 1,50030 1,
4240001009574_240_00,3838942938,50910 1,74020 0,
4240001009574_240_00,3838942938,51580 0,51620 1,
4240001009574_240_00,3838942938,51580 0,50940 0,
4240001009574_240_00,3838942938,50930 0,50030 8,
4240001009574_240_00,3838942938,74010 1,50920 0,
4240001009574_240_00,3838942938,74010 1,50920 1,
4240001009574_240_00,3838942938,74010 1,51621 0,
4240001009574_240_00,3838942938,51590 0,51240 999,
4240001009574_240_00,3838942938,50930 1,71100 0,
4240001009574_240_00,3838942938,50930 1,52000 0,
4240001009574_240_00,3838942938,71100 1,75030 0,
4240001009574_240_00,3838942938,71100 1,50030 1,
4240001009574_240_00,3838942938,71100 1,71510 0,
4240001009574_240_00,3838942938,52000 1,51610 0,
4240001009574_240_00,3838942938,52000 1,51600 0,
4240001009574_240_00,3838942938,52000 1,51621 0,
4240001009574_240_00,3838942938,74020 1,50030 1,
4240001009574_240_00,3838942938,74020 1,50930 0,
4240001009574_240_00,3838942938,74020 1,74010 1,
4240001009574_240_00,3838942938,51990 1,51980 0,
4240001009574_240_00,3838942938,51990 1,51620 1,
4240001009574_240_00,3838942938,51990 1,52000 0,
4240001009574_240_00,3838942938,50020 3,50030 1,
4240001009574_240_00,3838942938,52000 0,74010 0,
4240001009574_240_00,3838942938,24960 7,51980 1,
4240001009574_240_00,3838942938,24960 7,51600 1,
4240001009574_240_00,3838942938,24960 7,51610 1,
4240001009574_240_00,3838942938,24960 7,51590 0,
4240001009574_240_00,3838942938,24960 7,52000 0,
4240001009574_240_00,1261976881,50050 2,50050 2,
4240001009574_240_00,1261976881,52140 1,50060 999,
4240001009574_240_00,1261976881,52140 1,52140 1,
4240001009574_240_00,2300128744,71410 1,51540 1,
4240001009574_240_00,2300128744,51330 1,51540 1,
4240001009574_240_00,2300128744,71220 1,71270 1,
4240001009574_240_00,2300128744,50020 0,71210 1,
4240001009574_240_00,2300128744,50020 0,51320 1,
4240001009574_240_00,2300128744,71190 0,71010 1,
4240001009574_240_00,2300128744,51340 1,73290 1,
4240001009574_240_00,2300128744,73790 1,51540 1,
4240001009574_240_00,2300128744,50050 1,51320 1,
4240001009574_240_00,835754522,74370 0,73000 0,
4240001009574_240_00,835754522,74370 0,50060 5,
4240001009574_240_00,835754522,74370 0,50050 3,
4240001009574_240_00,835754522,71010 0,70380 0,
4240001009574_240_00,835754522,74380 0,72120 0,
4240001009574_240_00,835754522,71240 0,70380 0,
4240001009574_240_00,835754522,73190 0,73250 0,
4240001009574_240_00,835754522,73190 0,52030 2,
4240001009574_240_00,835754522,70930 0,72760 0,
4240001009574_240_00,3594359697,73280 1,73390 1,
4240001009574_240_00,3594359697,70355 0,74200 1,
4240001009574_240_00,2300128744,71230 0,51540 0,
4240001009574_240_00,550332996,50100 0,50090 0,
4240001009574_240_00,550332996,50080 0,50030 3,
4240001009574_240_00,3594359697,75042 0,50060 5,
4240001009574_240_00,1024075922,50330 0,72020 1,
4240001009574_240_00,1024075922,50340 1,73720 1,
4240001009574_240_00,1024075922,50340 1,73810 1,
4240001009574_240_00,1024075922,50340 1,73800 1,
4240001009574_240_00,1024075922,50340 1,72760 1,
4240001009574_240_00,1024075922,50340 1,47014 3,
4240001009574_240_00,1024075922,50350 1,73720 1,
4240001009574_240_00,1024075922,50350 1,52050 1,
4240001009574_240_00,1024075922,50350 1,72760 1,
4240001009574_240_00,1024075922,50350 1,47014 3,
4240001009574_240_00,1024075922,50030 7,73840 1,
4240001009574_240_00,1024075922,50020 4,50330 0,
4240001009574_240_00,1024075922,50020 4,72080 0,
4240001009574_240_00,1024075922,50040 1,50350 1,
4240001009574_240_00,1024075922,50040 1,72020 1,
4240001009574_240_00,1024075922,52050 1,73800 1,
4240001009574_240_00,1024075922,52040 1,73840 1,
4240001009574_240_00,1024075922,73810 1,73820 1,
4240001009574_240_00,1024075922,73810 1,47014 3,
4240001009574_240_00,1024075922,73830 1,70670 1,
4240001009574_240_00,1024075922,73800 1,73820 1,
4240001009574_240_00,1024075922,50320 1,73840 1,
4240001009574_240_00,1024075922,50320 1,73810 1,
4240001009574_240_00,1024075922,50320 1,72760 1,
4240001009574_240_00,1024075922,72760 1,73800 1,
4240001009574_240_00,1024075922,50050 1,50350 1,
4240001009574_240_00,103994292,50030 7,74400 1,
4240001009574_240_00,103994292,70940 1,73780 1,
4240001009574_240_00,103994292,50040 1,70940 1,
4240001009574_240_00,103994292,50040 1,74330 1,
4240001009574_240_00,103994292,50040 1,74400 1,
4240001009574_240_00,103994292,73410 1,70940 1,
4240001009574_240_00,103994292,74400 1,73780 1,
4240001009574_240_00,103994292,72870 1,73780 1,
4240001009574_240_00,103994292,72870 1,74350 1,
4240001009574_240_00,103994292,74340 1,70940 1,
4240001009574_240_00,103994292,50050 1,74330 1,
4240001009574_240_00,2122499709,71630 0,51580 0,
4240001009574_240_00,2122499709,50030 9,52000 1,
4240001009574_240_00,2122499709,51980 1,51610 1,
4240001009574_240_00,2122499709,51600 1,50920 1,
4240001009574_240_00,2122499709,50930 1,51620 1,
4240001009574_240_00,2122499709,51990 1,52000 1,
4240001009574_240_00,550332996,49015 0,71400 0,
4240001009574_240_00,550332996,46058 0,70610 0,
4240001009574_240_00,550332996,46058 0,70590 0,
4240001009574_240_00,3594359697,50030 7,73390 1,
4240001009574_240_00,3594359697,50060 3,73940 1,
4240001009574_240_00,3594359697,70430 1,50350 1,
4240001009574_240_00,3594359697,50050 1,73990 1,
4240001009574_240_00,3594359697,55190 1,73990 1,
4240001009574_240_00,3884591149,50540 1,52380 0,
4240001009574_240_00,3884591149,51610 0,50880 0,
4240001009574_240_00,3884591149,52380 1,50950 1,
4240001009574_240_00,3884591149,52390 2,50950 1,
4240001009574_240_00,3884591149,51620 1,50060 999,
4240001009574_240_00,3884591149,51620 1,50540 0,
4240001009574_240_00,3884591149,52370 1,52380 0,
4240001009574_240_00,3884591149,51621 0,50940 0,
4240001009574_240_00,3884591149,52370 0,50060 999,
4240001009574_240_00,835754522,74370 0,52030 4,
4240001009574_240_00,835754522,71240 0,70930 0,
4240001009574_240_00,550332996,50090 1,70800 1,
4240001009574_240_00,550332996,50090 1,50103 1,
4240001009574_240_00,550332996,50090 1,71600 0,
4240001009574_240_00,550332996,46044 1,50080 1,
4240001009574_240_00,550332996,50100 1,70030 1,
4240001009574_240_00,550332996,50100 1,50104 1,
4240001009574_240_00,550332996,50105 1,50270 1,
4240001009574_240_00,550332996,50830 1,50102 1,
4240001009574_240_00,550332996,50101 1,70800 1,
4240001009574_240_00,550332996,50101 1,50103 1,
4240001009574_240_00,550332996,50080 1,50100 1,
4240001009574_240_00,550332996,50280 1,50101 1,
4240001009574_240_00,206984685,50540 1,50880 1,
4240001009574_240_00,206984685,50540 1,50940 0,
4240001009574_240_00,206984685,50880 1,52390 2,
4240001009574_240_00,206984685,50060 6,52370 1,
4240001009574_240_00,206984685,50940 0,50950 3,
4240001009574_240_00,2355023358,55190 0,70560 0,
4240001009574_240_00,2355023358,55190 0,70570 0,
4240001009574_240_00,2355023358,50030 4,70430 0,
4240001009574_240_00,550332996,72390 0,70810 1,
4240001009574_240_00,550332996,72400 0,70780 0,
4240001009574_240_00,550332996,70580 0,70800 1,
4240001009574_240_00,550332996,70580 0,71560 1,
4240001009574_240_00,550332996,72780 0,72500 1,
4240001009574_240_00,550332996,70800 0,72400 1,
4240001009574_240_00,550332996,46044 1,70540 1,
4240001009574_240_00,550332996,46044 1,71440 1,
4240001009574_240_00,550332996,72610 1,73610 1,
4240001009574_240_00,550332996,70540 1,73610 1,
4240001009574_240_00,550332996,71440 1,72800 1,
4240001009574_240_00,550332996,72590 1,72500 1,
4240001009574_240_00,550332996,50280 1,72630 3,
4240001009574_240_00,550332996,50850 1,71440 1,
4240001009574_240_00,550332996,70520 1,72590 1,
4240001009574_240_00,550332996,73610 1,72500 1,
4240001009574_240_00,3594359697,70430 1,71460 1,
4240001009574_240_00,2355023358,70020 1,55190 1,
4240001009574_240_00,2355023358,71370 1,55200 1,
4240001009574_240_00,2355023358,70560 1,55190 1,
4240001009574_240_00,2355023358,25150 1,50040 1,
4240001009574_240_00,2355023358,70430 1,50050 1,
4240001009574_240_00,550332996,46014 0,70590 0,
4240001009574_240_00,835754522,70930 1,70380 1,
4240001009574_240_00,835754522,50050 2,70930 1,
4240001009574_240_00,835754522,51190 1,71240 1,
4240001009574_240_00,835754522,51190 1,71290 1,
4240001009574_240_00,835754522,72760 1,71620 1,
4240001009574_240_00,550332996,50860 2,50830 0,
4240001009574_240_00,550332996,50860 2,46044 0,
4240001009574_240_00,550332996,71580 0,70520 0,
4240001009574_240_00,550332996,72610 0,50860 0,
4240001009574_240_00,550332996,72590 0,70520 0,
4240001009574_240_00,550332996,74320 0,72610 0,
4240001009574_240_00,550332996,74320 0,70540 0,
4240001009574_240_00,409958912,51330 1,73670 1,
4240001009574_240_00,409958912,50030 7,56560 1,
4240001009574_240_00,409958912,50030 7,73670 1,
4240001009574_240_00,409958912,50030 7,71480 1,
4240001009574_240_00,409958912,50030 7,51340 1,
4240001009574_240_00,409958912,50020 0,73650 1,
4240001009574_240_00,409958912,73460 1,56560 1,
4240001009574_240_00,409958912,73460 1,73680 1,
4240001009574_240_00,409958912,50040 1,71480 1,
4240001009574_240_00,409958912,73680 1,71990 1,
4240001009574_240_00,409958912,75040 1,73660 1,
4240001009574_240_00,409958912,50050 1,56560 1,
4240001009574_240_00,409958912,51320 3,56560 1,
4240001009574_240_00,3884591149,50940 1,52370 0,
4240001009574_240_00,1004470243,50350 0,51991 1,
4240001009574_240_00,1004470243,50060 1,50020 4,
4240001009574_240_00,1004470243,50020 4,50060 1,
4240001009574_240_00,409958912,56580 0,50020 5,
4240001009574_240_00,409958912,56580 0,50030 4,
4240001009574_240_00,409958912,56570 0,73460 0,
4240001009574_240_00,409958912,56570 0,50050 0,
4240001009574_240_00,409958912,24940 0,75040 0,
4240001009574_240_00,409958912,24940 0,56410 0,
4240001009574_240_00,409958912,24940 0,50050 0,
4240001009574_240_00,3175822612,51980 0,50020 2,
4240001009574_240_00,3175822612,51980 0,74020 0,
4240001009574_240_00,3175822612,51980 0,72730 1,
4240001009574_240_00,3175822612,52380 0,74010 0,
4240001009574_240_00,3175822612,52380 0,50020 2,
4240001009574_240_00,3175822612,52380 0,50900 0,
4240001009574_240_00,3175822612,75030 0,51240 3,
4240001009574_240_00,3175822612,50950 0,51980 0,
4240001009574_240_00,3175822612,50030 8,74010 0,
4240001009574_240_00,3175822612,50030 1,75030 0,
4240001009574_240_00,3175822612,52370 0,51991 0,
4240001009574_240_00,3175822612,52370 0,72730 1,
4240001009574_240_00,3175822612,52370 0,52390 0,
4240001009574_240_00,3175822612,50940 0,72730 1,
4240001009574_240_00,3175822612,51991 0,75030 0,
4240001009574_240_00,3175822612,72730 0,74020 1,
4240001009574_240_00,3175822612,51991 1,52380 1,
4240001009574_240_00,3175822612,50030 9,50940 1,
4240001009574_240_00,3175822612,51980 1,52390 1,
4240001009574_240_00,3175822612,51240 3,50940 1,
4240001009574_240_00,3175822612,71510 0,51991 1,
4240001009574_240_00,3175822612,71510 0,50900 1,
4240001009574_240_00,3175822612,73015 1,52390 1,
4240001009574_240_00,3175822612,71100 1,50900 1,
4240001009574_240_00,3175822612,74020 1,24960 7,
4240001009574_240_00,3175822612,50020 3,50950 3,
4240001009574_240_00,550332996,50860 0,50840 0,
4240001009574_240_00,550332996,70810 0,70520 0,
4240001009574_240_00,550332996,72630 2,50030 3,
4240001009574_240_00,550332996,50870 0,46044 0,
4240001009574_240_00,550332996,70780 0,71440 0,
4240001009574_240_00,550332996,50840 0,50030 3,
4240001009574_240_00,550332996,50850 0,51010 0,
4240001009574_240_00,550332996,50280 0,50830 0,
4240001009574_240_00,550332996,74320 0,70520 0,
4240001009574_240_00,409958912,50040 0,50050 0,
4240001009574_240_00,409958912,73460 0,50050 0,
4240001009574_240_00,409958912,75040 0,56410 0,
4240001009574_240_00,409958912,56410 0,50050 0,
4240001009574_240_00,409958912,71990 0,73460 0,
4240001009574_240_00,409958912,73670 0,75040 0,
4240001009574_240_00,409958912,73670 0,56570 0,
4240001009574_240_00,409958912,73670 0,50050 0,
4240001009574_240_00,409958912,73670 0,71990 0,
4240001009574_240_00,409958912,73670 0,73680 0,
4240001009574_240_00,409958912,56560 0,50020 5,
4240001009574_240_00,409958912,71480 0,73680 0,
4240001009574_240_00,409958912,71480 0,50020 5,
4240001009574_240_00,409958912,71480 0,51330 0,
4240001009574_240_00,409958912,73680 0,56560 0,
4240001009574_240_00,3594359697,73980 0,50320 0,
4240001009574_240_00,3594359697,71460 0,50340 0,
4240001009574_240_00,345268387,50540 1,73765 0,
4240001009574_240_00,345268387,50540 1,72325 1,
4240001009574_240_00,345268387,73010 0,50880 0,
4240001009574_240_00,345268387,52080 0,50540 0,
4240001009574_240_00,345268387,73765 0,52380 0,
4240001009574_240_00,345268387,73765 0,52390 3,
4240001009574_240_00,345268387,50940 1,73010 0,
4240001009574_240_00,345268387,50940 1,50950 2,
4240001009574_240_00,345268387,50880 1,72325 1,
4240001009574_240_00,345268387,52060 1,52380 0,
4240001009574_240_00,345268387,52060 1,52390 3,
4240001009574_240_00,345268387,52380 1,52080 0,
4240001009574_240_00,345268387,52380 1,73755 1,
4240001009574_240_00,345268387,52380 1,52370 1,
4240001009574_240_00,345268387,52380 1,52070 1,
4240001009574_240_00,345268387,73755 1,52080 0,
4240001009574_240_00,345268387,73755 1,52390 3,
4240001009574_240_00,345268387,52390 2,73765 0,
4240001009574_240_00,345268387,52390 2,52060 1,
4240001009574_240_00,345268387,52390 2,52050 1,
4240001009574_240_00,345268387,50950 2,50940 0,
4240001009574_240_00,345268387,50950 2,72325 1,
4240001009574_240_00,345268387,52370 1,52070 1,
4240001009574_240_00,345268387,72325 0,50540 0,
4240001009574_240_00,345268387,72325 0,50880 0,
4240001009574_240_00,345268387,52050 1,52080 0,
4240001009574_240_00,345268387,52050 1,73755 0,
4240001009574_240_00,345268387,52050 1,52380 0,
4240001009574_240_00,345268387,52370 0,50880 0,
4240001009574_240_00,345268387,52070 1,52080 0,
4240001009574_240_00,2355023358,50040 1,75041 1,
4240001009574_240_00,2355023358,73900 1,25150 1,
4240001009574_240_00,2355023358,50060 4,50030 7,
4240001009574_240_00,2355023358,50060 4,50050 1,
4240001009574_240_00,2355023358,55190 1,25150 1,
4240001009574_240_00,409958912,24940 0,72730 0,
4240001009574_240_00,409958912,51792 0,72730 0,
4240001009574_240_00,409958912,50020 3,50060 5,
4240001009574_240_00,550332996,72800 0,50100 0,
4240001009574_240_00,550332996,72800 0,50101 0,
4240001009574_240_00,550332996,70800 0,50100 0,
4240001009574_240_00,550332996,70800 0,50101 0,
4240001009574_240_00,550332996,50104 0,50100 0,
4240001009574_240_00,3594359697,51403 1,55200 1,
4240001009574_240_00,3594359697,25150 0,70570 0,
4240001009574_240_00,3594359697,75042 0,55190 0,
4240001009574_240_00,3594359697,75042 0,50020 5,
4240001009574_240_00,2090219850,73010 0,75020 1,
4240001009574_240_00,2090219850,52080 0,75013 0,
4240001009574_240_00,2090219850,50030 9,52070 1,
4240001009574_240_00,2090219850,50030 9,52030 3,
4240001009574_240_00,2090219850,50030 9,51990 1,
4240001009574_240_00,2090219850,51980 1,75013 0,
4240001009574_240_00,2090219850,50860 2,73010 0,
4240001009574_240_00,2090219850,50950 1,52370 0,
4240001009574_240_00,2090219850,51620 2,50940 0,
4240001009574_240_00,2090219850,51620 2,51610 2,
4240001009574_240_00,2090219850,50880 0,50060 14,
4240001009574_240_00,2090219850,52040 1,50540 0,
4240001009574_240_00,2090219850,52070 1,50880 0,
4240001009574_240_00,2090219850,52070 1,50940 0,
4240001009574_240_00,2090219850,52070 1,51610 2,
4240001009574_240_00,2090219850,50940 0,52380 0,
4240001009574_240_00,2090219850,73250 1,52070 1,
4240001009574_240_00,2090219850,52030 3,50540 0,
4240001009574_240_00,2090219850,51990 1,52380 0,
4240001009574_240_00,2090219850,51990 1,52040 1,
4240001009574_240_00,2090219850,75013 0,51620 2,
4240001009574_240_00,2300128744,73470 1,71220 1,
4240001009574_240_00,2300128744,73410 1,22540 1,
4240001009574_240_00,3838942938,51980 1,50920 1,
4240001009574_240_00,3838942938,51980 1,50930 1,
4240001009574_240_00,3838942938,51240 3,50020 3,
4240001009574_240_00,3838942938,50020 3,50940 1,
4240001009574_240_00,919776449,72150 0,50050 3,
4240001009574_240_00,2122499709,51980 0,51480 0,
4240001009574_240_00,2122499709,72850 0,50060 999,
4240001009574_240_00,2122499709,72850 0,50910 0,
4240001009574_240_00,2122499709,72850 0,50920 0,
4240001009574_240_00,2122499709,50030 9,51980 1,
4240001009574_240_00,2122499709,50030 9,50060 999,
4240001009574_240_00,2122499709,51600 1,51600 0,
4240001009574_240_00,2122499709,51600 1,52000 0,
4240001009574_240_00,2122499709,72820 0,50060 999,
4240001009574_240_00,2122499709,51600 0,51590 0,
4240001009574_240_00,2122499709,51600 0,50030 5,
4240001009574_240_00,2122499709,51590 1,51590 0,
4240001009574_240_00,2122499709,50920 1,50030 8,
4240001009574_240_00,2122499709,51621 0,50030 8,
4240001009574_240_00,2122499709,51480 2,51600 0,
4240001009574_240_00,2122499709,50910 1,51610 0,
4240001009574_240_00,2122499709,50910 1,72820 0,
4240001009574_240_00,2122499709,50910 1,50930 1,
4240001009574_240_00,2122499709,51580 0,51480 0,
4240001009574_240_00,2122499709,51580 0,52000 0,
4240001009574_240_00,2122499709,50930 1,50030 8,
4240001009574_240_00,2122499709,52000 1,51980 0,
4240001009574_240_00,2122499709,51990 1,51990 0,
4240001009574_240_00,2122499709,50060 0,51600 0,
4240001009574_240_00,2122499709,50060 0,51480 0,
4240001009574_240_00,550332996,70810 0,71420 1,
4240001009574_240_00,550332996,70150 0,72400 1,
4240001009574_240_00,550332996,70780 0,72400 1,
4240001009574_240_00,2300128744,51540 2,71410 0,
4240001009574_240_00,2300128744,73790 0,50040 0,
4240001009574_240_00,2300128744,73790 0,71410 0,
4240001009574_240_00,2300128744,51540 0,73290 0,
4240001009574_240_00,2300128744,71280 0,73790 0,
4240001009574_240_00,2300128744,71280 0,51410 0,
4240001009574_240_00,2300128744,71210 0,71410 0,
4240001009574_240_00,2300128744,51410 0,50050 0,
4240001009574_240_00,2300128744,51410 0,50020 5,
4240001009574_240_00,3594359697,74200 0,73400 0,
4240001009574_240_00,3594359697,73990 0,50340 0,
4240001009574_240_00,3594359697,73940 0,50060 10,
4240001009574_240_00,3594359697,73280 0,50060 10,
4240001009574_240_00,2300128744,50030 7,73470 1,
4240001009574_240_00,2300128744,50040 1,73470 1,
4240001009574_240_00,2300128744,50040 1,70920 1,
4240001009574_240_00,2300128744,73410 1,51540 1,
4240001009574_240_00,2300128744,50050 1,50320 1,
4240001009574_240_00,550332996,72390 1,49015 1,
4240001009574_240_00,550332996,72720 1,70600 0,
4240001009574_240_00,550332996,70600 0,46014 1,
4240001009574_240_00,2300128744,22540 0,50050 0,
4240001009574_240_00,2300128744,71280 0,71220 0,
4240001009574_240_00,2300128744,71720 0,71220 0,
4240001009574_240_00,1024075922,73810 0,72020 0,
4240001009574_240_00,1024075922,56530 0,51480 0,
4240001009574_240_00,1024075922,73850 0,50320 0,
4240001009574_240_00,1024075922,73850 0,73820 0,
4240001009574_240_00,1024075922,70670 0,50340 0,
4240001009574_240_00,1024075922,51480 0,72820 0,
4240001009574_240_00,1024075922,72760 0,50320 0,
4240001009574_240_00,1024075922,52040 0,56530 0,
4240001009574_240_00,1024075922,52040 0,73720 0,
4240001009574_240_00,1024075922,70360 0,73850 0,
4240001009574_240_00,1024075922,70360 0,50320 0,
4240001009574_240_00,1024075922,70360 0,51480 0,
4240001009574_240_00,1024075922,70360 0,72020 0,
4240001009574_240_00,1024075922,73820 0,52030 2,
4240001009574_240_00,1024075922,73890 0,72820 0,
4240001009574_240_00,1024075922,73890 0,73800 0,
4240001009574_240_00,1024075922,73890 0,73830 0,
4240001009574_240_00,1024075922,52030 2,50020 2,
4240001009574_240_00,1024075922,52030 2,50320 0,
4240001009574_240_00,1024075922,47014 0,50020 2,
4240001009574_240_00,1024075922,47014 0,73720 0,
4240001009574_240_00,3594359697,50350 1,73185 1,
4240001009574_240_00,3594359697,70347 1,47014 0,
4240001009574_240_00,3594359697,70350 1,73185 1,
4240001009574_240_00,3594359697,73710 0,47014 0,
4240001009574_240_00,3594359697,50060 3,47014 0,
4240001009574_240_00,3594359697,47014 0,73185 1,
4240001009574_240_00,3838942938,51600 0,51980 0,
4240001009574_240_00,3838942938,50950 0,51990 0,
4240001009574_240_00,3838942938,50950 0,50910 0,
4240001009574_240_00,3838942938,50910 0,52000 0,
4240001009574_240_00,3838942938,50030 8,51240 3,
4240001009574_240_00,1261976881,50020 5,50050 2,
4240001009574_240_00,103994292,50060 9,71350 1,
4240001009574_240_00,103994292,50060 9,74395 1,
4240001009574_240_00,103994292,50030 7,50320 1,
4240001009574_240_00,103994292,50030 7,71320 1,
4240001009574_240_00,103994292,50040 1,50020 4,
4240001009574_240_00,103994292,50040 1,73410 1,
4240001009574_240_00,103994292,50040 1,74390 1,
4240001009574_240_00,103994292,73470 1,73410 1,
4240001009574_240_00,103994292,50050 1,50320 1,
4240001009574_240_00,103994292,50050 1,71320 1,
4240001009574_240_00,103994292,71320 1,71350 1,
4240001009574_240_00,103994292,74330 0,50040 0,
4240001009574_240_00,103994292,70940 0,73470 0,
4240001009574_240_00,103994292,70940 0,73410 0,
4240001009574_240_00,103994292,73410 0,50040 0,
4240001009574_240_00,103994292,74350 0,73470 0,
4240001009574_240_00,103994292,74350 0,72530 0,
4240001009574_240_00,103994292,74350 0,73410 0,
4240001009574_240_00,103994292,73780 0,71320 0,
4240001009574_240_00,103994292,73780 0,72870 0,
4240001009574_240_00,3594359697,55200 0,74260 0,
4240001009574_240_00,3594359697,73980 0,50020 5,
4240001009574_240_00,542189229,52390 3,50060 6,
4240001009574_240_00,542189229,50940 0,52390 3,
4240001009574_240_00,835754522,52030 1,70930 1,
4240001009574_240_00,835754522,51190 1,71060 1,
4240001009574_240_00,835754522,73190 1,71040 1,
4240001009574_240_00,835754522,73190 1,71290 1,
4240001009574_240_00,2355023358,75041 0,50020 5,
4240001009574_240_00,2355023358,25150 0,55210 0,
4240001009574_240_00,2355023358,55200 0,55210 0,
4240001009574_240_00,2355023358,55200 0,73900 0,
4240001009574_240_00,2355023358,50040 0,70430 0,
4240001009574_240_00,2355023358,50050 0,55190 0,
4240001009574_240_00,2355023358,50050 0,55170 0,
4240001009574_240_00,2355023358,55170 0,55190 0,
4240001009574_240_00,2355023358,50060 10,55170 0,
4240001009574_240_00,2355023358,50020 3,50050 0,
4240001009574_240_00,201880385,46044 1,72600 1,
4240001009574_240_00,201880385,50040 0,50280 1,
4240001009574_240_00,201880385,72610 1,51940 1,
4240001009574_240_00,201880385,50840 1,72610 1,
4240001009574_240_00,201880385,50830 1,71440 1,
4240001009574_240_00,201880385,70540 1,51940 1,
4240001009574_240_00,201880385,70540 1,72660 1,
4240001009574_240_00,201880385,50030 11,50040 0,
4240001009574_240_00,201880385,24960 7,50030 11,
4240001009574_240_00,208731032,50540 1,72150 0,
4240001009574_240_00,208731032,50540 1,52030 2,
4240001009574_240_00,208731032,50880 1,50030 5,
4240001009574_240_00,208731032,52060 0,73250 0,
4240001009574_240_00,208731032,52060 0,72150 0,
4240001009574_240_00,208731032,51990 0,72820 0,
4240001009574_240_00,208731032,52380 1,52040 0,
4240001009574_240_00,208731032,52390 2,52060 0,
4240001009574_240_00,208731032,52390 2,52380 1,
4240001009574_240_00,208731032,52390 2,51620 1,
4240001009574_240_00,208731032,52390 2,52370 1,
4240001009574_240_00,208731032,50950 2,72820 0,
4240001009574_240_00,208731032,52370 1,50940 1,
4240001009574_240_00,208731032,52370 1,75013 1,
4240001009574_240_00,208731032,52370 1,52040 0,
4240001009574_240_00,208731032,75013 1,52060 0,
4240001009574_240_00,208731032,50060 6,52000 0,
4240001009574_240_00,208731032,52050 0,51980 0,
4240001009574_240_00,208731032,52080 3,52070 0,
4240001009574_240_00,208731032,52080 3,72760 0,
4240001009574_240_00,208731032,52040 0,50860 4,
4240001009574_240_00,208731032,72150 0,52000 0,
4240001009574_240_00,208731032,72150 0,50030 5,
4240001009574_240_00,208731032,52030 2,72760 0,
4240001009574_240_00,208731032,52030 2,52000 0,
4240001009574_240_00,208731032,52030 2,50030 5,
4240001009574_240_00,2300128744,73470 0,50040 0,
4240001009574_240_00,201880385,73450 0,70520 0,
4240001009574_240_00,201880385,72600 0,50870 0,
4240001009574_240_00,201880385,72600 0,70540 0,
4240001009574_240_00,201880385,50030 1,50020 1,
4240001009574_240_00,201880385,50040 1,50020 1,
4240001009574_240_00,201880385,70520 0,46044 0,
4240001009574_240_00,201880385,70520 0,70540 0,
4240001009574_240_00,201880385,70520 0,50020 1,
4240001009574_240_00,201880385,72610 0,50280 0,
4240001009574_240_00,201880385,71440 0,50850 0,
4240001009574_240_00,201880385,50870 0,50860 0,
4240001009574_240_00,201880385,50840 0,50040 1,
4240001009574_240_00,201880385,46044 0,50040 1,
4240001009574_240_00,201880385,72740 0,46044 0,
4240001009574_240_00,201880385,72740 0,50050 1,
4240001009574_240_00,201880385,72740 0,50020 1,
4240001009574_240_00,201880385,72470 0,72610 0,
4240001009574_240_00,201880385,72470 0,71440 0,
4240001009574_240_00,201880385,72660 0,46044 0,
4240001009574_240_00,201880385,72660 0,70540 0,
4240001009574_240_00,201880385,72660 0,50020 1,
4240001009574_240_00,201880385,50280 0,50830 0,
4240001009574_240_00,201880385,50280 0,72740 0,
4240001009574_240_00,201880385,72630 0,50050 1,
4240001009574_240_00,201880385,72630 0,50020 1,
4240001009574_240_00,201880385,70540 0,50030 1,
4240001009574_240_00,201880385,70540 0,50060 10,
4240001009574_240_00,201880385,50060 10,50050 1,
4240001009574_240_00,103994292,71320 0,50060 5,
4240001009574_240_00,103994292,74340 0,50060 5,
4240001009574_240_00,103994292,72870 0,50060 5,
4240001009574_240_00,103994292,74390 0,74360 0,
4240001009574_240_00,103994292,74390 0,72870 0,
4240001009574_240_00,2233809208,50540 1,50880 1,
4240001009574_240_00,2233809208,50540 1,75016 1,
4240001009574_240_00,2233809208,50880 1,50940 1,
4240001009574_240_00,2233809208,50880 1,75016 1,
4240001009574_240_00,2233809208,52380 1,73755 1,
4240001009574_240_00,2233809208,52380 1,75015 1,
4240001009574_240_00,2233809208,73755 1,73010 1,
4240001009574_240_00,2233809208,52390 2,73755 1,
4240001009574_240_00,2233809208,52390 2,52370 1,
4240001009574_240_00,2233809208,52390 2,47014 3,
4240001009574_240_00,2233809208,52390 2,75018 1,
4240001009574_240_00,2233809208,50950 2,75018 1,
4240001009574_240_00,2233809208,52370 1,50950 2,
4240001009574_240_00,2233809208,50940 0,75017 1,
4240001009574_240_00,2233809208,72325 1,75019 1,
4240001009574_240_00,2233809208,72325 1,75018 1,
4240001009574_240_00,3160249464,75016 0,52390 3,
4240001009574_240_00,3160249464,73010 0,50540 0,
4240001009574_240_00,3160249464,52080 0,50950 1,
4240001009574_240_00,3160249464,52080 0,50060 6,
4240001009574_240_00,3160249464,50940 1,52370 0,
4240001009574_240_00,3160249464,73755 0,50540 0,
4240001009574_240_00,3160249464,73755 0,52370 0,
4240001009574_240_00,3160249464,50540 0,50060 6,
4240001009574_240_00,3160249464,70360 0,52380 0,
4240001009574_240_00,3160249464,75017 0,75019 0,
4240001009574_240_00,3160249464,52080 2,50940 1,
4240001009574_240_00,3160249464,75019 0,50950 1,
4240001009574_240_00,3160249464,75019 0,50880 0,
4240001009574_240_00,3160249464,47014 0,52080 0,
4240001009574_240_00,3838942938,74010 0,51240 999,
4240001009574_240_00,3838942938,51610 0,50950 3,
4240001009574_240_00,3838942938,51610 0,50030 8,
4240001009574_240_00,3838942938,72730 0,50920 1,
4240001009574_240_00,3838942938,72730 0,71510 0,
4240001009574_240_00,3838942938,72730 0,50930 0,
4240001009574_240_00,3838942938,50940 1,50910 0,
4240001009574_240_00,3838942938,50940 1,50940 0,
4240001009574_240_00,3838942938,50030 9,51980 0,
4240001009574_240_00,3838942938,50030 9,51600 0,
4240001009574_240_00,3838942938,50030 9,50920 1,
4240001009574_240_00,3838942938,50030 9,51590 0,
4240001009574_240_00,3838942938,51980 1,52000 0,
4240001009574_240_00,3838942938,51600 1,51610 0,
4240001009574_240_00,3838942938,51600 1,51600 0,
4240001009574_240_00,3838942938,50950 3,51980 0,
4240001009574_240_00,3838942938,51600 0,72730 1,
4240001009574_240_00,3838942938,50910 0,74010 0,
4240001009574_240_00,3838942938,51620 1,51610 0,
4240001009574_240_00,3838942938,51610 1,50950 3,
4240001009574_240_00,3838942938,51610 1,50030 8,
4240001009574_240_00,3838942938,51610 1,52000 0,
4240001009574_240_00,3838942938,51590 1,50940 0,
4240001009574_240_00,3838942938,50920 1,50030 8,
4240001009574_240_00,3838942938,50920 1,51240 999,
4240001009574_240_00,3838942938,51621 0,50950 3,
4240001009574_240_00,3838942938,51621 0,51590 0,
4240001009574_240_00,3838942938,71510 0,52000 1,
4240001009574_240_00,3838942938,50930 0,74020 0,
4240001009574_240_00,3838942938,74010 1,50030 8,
4240001009574_240_00,3838942938,50930 1,50940 1,
4240001009574_240_00,3838942938,50930 1,75030 0,
4240001009574_240_00,3838942938,50930 1,51600 0,
4240001009574_240_00,3838942938,50930 1,50940 0,
4240001009574_240_00,3838942938,71100 1,50910 0,
4240001009574_240_00,3838942938,71100 1,50930 1,
4240001009574_240_00,3838942938,52000 1,50930 0,
4240001009574_240_00,3838942938,74020 1,51610 0,
4240001009574_240_00,3838942938,74020 1,51610 1,
4240001009574_240_00,3838942938,74020 1,51590 0,
4240001009574_240_00,3838942938,51990 1,51600 0,
4240001009574_240_00,3838942938,51990 1,50940 0,
4240001009574_240_00,3838942938,52000 0,51240 999,
4240001009574_240_00,3838942938,24960 7,50030 8,
4240001009574_240_00,3838942938,24960 7,51240 999,
4240001009574_240_00,1004470243,50050 3,52130 0,
4240001009574_240_00,2300128744,71410 1,73290 1,
4240001009574_240_00,2300128744,51330 1,71410 1,
4240001009574_240_00,2300128744,51330 1,73290 1,
4240001009574_240_00,2300128744,50030 7,71190 0,
4240001009574_240_00,2300128744,51550 1,71430 1,
4240001009574_240_00,2300128744,71190 0,71210 1,
4240001009574_240_00,2300128744,51540 1,71280 1,
4240001009574_240_00,2300128744,51540 1,71060 1,
4240001009574_240_00,2300128744,71210 1,71240 1,
4240001009574_240_00,2300128744,73290 1,71010 1,
4240001009574_240_00,2300128744,50060 3,50050 1,
4240001009574_240_00,2300128744,51320 1,71230 1,
4240001009574_240_00,835754522,74370 0,72120 0,
4240001009574_240_00,835754522,70380 0,52130 0,
4240001009574_240_00,835754522,72760 0,52130 0,
4240001009574_240_00,835754522,72760 0,72150 0,
4240001009574_240_00,835754522,72760 0,50050 3,
4240001009574_240_00,835754522,52130 0,50060 5,
4240001009574_240_00,835754522,73190 0,73000 0,
4240001009574_240_00,835754522,73190 0,72150 0,
4240001009574_240_00,835754522,73190 0,50050 3,
4240001009574_240_00,3594359697,73185 0,50350 0,
4240001009574_240_00,3594359697,73980 1,73390 1,
4240001009574_240_00,3594359697,50040 1,73980 1,
4240001009574_240_00,3594359697,50050 1,73390 1,
4240001009574_240_00,2300128744,51540 2,70920 0,
4240001009574_240_00,2300128744,51540 0,51540 2,
4240001009574_240_00,2300128744,50030 4,50040 0,
4240001009574_240_00,550332996,70370 0,74040 0,
4240001009574_240_00,550332996,50070 0,50030 3,
4240001009574_240_00,1024075922,50330 0,50340 1,
4240001009574_240_00,1024075922,50330 0,73820 1,
4240001009574_240_00,1024075922,50330 0,70670 1,
4240001009574_240_00,1024075922,50330 0,70360 1,
4240001009574_240_00,1024075922,50330 0,73810 1,
4240001009574_240_00,1024075922,50350 1,73250 1,
4240001009574_240_00,1024075922,50040 1,50020 4,
4240001009574_240_00,1024075922,50040 1,70360 1,
4240001009574_240_00,1024075922,50040 1,73850 1,
4240001009574_240_00,1024075922,50040 1,47014 3,
4240001009574_240_00,1024075922,73720 1,52050 1,
4240001009574_240_00,1024075922,73720 1,52040 1,
4240001009574_240_00,1024075922,73720 1,73800 1,
4240001009574_240_00,1024075922,72020 1,73810 1,
4240001009574_240_00,1024075922,72020 1,47014 3,
4240001009574_240_00,1024075922,73840 1,70670 1,
4240001009574_240_00,1024075922,73840 1,73850 1,
4240001009574_240_00,1024075922,73250 1,52040 1,
4240001009574_240_00,1024075922,50050 1,73830 1,
4240001009574_240_00,103994292,50060 9,70940 1,
4240001009574_240_00,103994292,50030 7,73470 1,
4240001009574_240_00,103994292,50020 4,74350 1,
4240001009574_240_00,103994292,50020 4,74340 1,
4240001009574_240_00,103994292,74330 1,73780 1,
4240001009574_240_00,103994292,73410 1,73780 1,
4240001009574_240_00,103994292,73410 1,72530 1,
4240001009574_240_00,103994292,50320 1,74360 1,
4240001009574_240_00,103994292,50050 1,73780 1,
4240001009574_240_00,103994292,71320 1,70940 1,
4240001009574_240_00,103994292,71320 1,74410 1,
4240001009574_240_00,2122499709,51980 1,52000 1,
4240001009574_240_00,550332996,46059 0,70610 0,
4240001009574_240_00,550332996,46059 0,70590 0,
4240001009574_240_00,3594359697,50040 1,74200 1,
4240001009574_240_00,3594359697,70430 1,73980 1,
4240001009574_240_00,3884591149,50060 14,52390 2,
4240001009574_240_00,3884591149,50060 14,50940 0,
4240001009574_240_00,3884591149,50540 1,50880 1,
4240001009574_240_00,3884591149,50940 1,50950 2,
4240001009574_240_00,3884591149,50940 1,51620 1,
4240001009574_240_00,3884591149,50880 1,52380 0,
4240001009574_240_00,3884591149,50950 1,50540 0,
4240001009574_240_00,3884591149,50950 1,52370 0,
4240001009574_240_00,3884591149,50950 2,50940 0,
4240001009574_240_00,3884591149,51610 1,50060 999,
4240001009574_240_00,3884591149,52370 1,50060 999,
4240001009574_240_00,3884591149,50940 0,52380 0,
4240001009574_240_00,835754522,71040 0,51190 0,
4240001009574_240_00,835754522,73190 0,51190 0,
4240001009574_240_00,835754522,73190 0,74380 0,
4240001009574_240_00,550332996,50090 1,50104 1,
4240001009574_240_00,550332996,46044 1,50100 1,
4240001009574_240_00,550332996,50100 1,70800 1,
4240001009574_240_00,550332996,50030 2,50850 1,
4240001009574_240_00,550332996,50030 2,50060 11,
4240001009574_240_00,550332996,50101 1,50104 1,
4240001009574_240_00,550332996,50080 1,72800 1,
4240001009574_240_00,550332996,50060 11,50840 1,
4240001009574_240_00,206984685,52370 1,50940 0,
4240001009574_240_00,206984685,50060 6,50950 3,
4240001009574_240_00,3013652431,52130 1,50350 1,
4240001009574_240_00,3013652431,52130 1,51991 0,
4240001009574_240_00,3013652431,50060 12,50340 1,
4240001009574_240_00,3013652431,52140 1,50350 1,
4240001009574_240_00,2355023358,75041 0,50040 0,
4240001009574_240_00,2355023358,50040 0,50060 10,
4240001009574_240_00,2355023358,55180 0,25150 0,
4240001009574_240_00,2355023358,55190 0,51404 0,
4240001009574_240_00,550332996,70810 0,72390 1,
4240001009574_240_00,550332996,70810 0,72400 1,
4240001009574_240_00,550332996,70610 1,72030 1,
4240001009574_240_00,550332996,72500 0,72280 0,
4240001009574_240_00,550332996,70800 0,70580 1,
4240001009574_240_00,550332996,72610 1,70800 1,
4240001009574_240_00,550332996,50840 1,70540 1,
4240001009574_240_00,550332996,51010 1,50860 1,
4240001009574_240_00,550332996,51010 1,50060 11,
4240001009574_240_00,550332996,70540 1,72790 1,
4240001009574_240_00,550332996,70540 1,70810 1,
4240001009574_240_00,550332996,70540 1,71600 0,
4240001009574_240_00,550332996,71440 1,72610 1,
4240001009574_240_00,550332996,71440 1,74320 1,
4240001009574_240_00,550332996,71440 1,71580 1,
4240001009574_240_00,550332996,50280 1,72610 1,
4240001009574_240_00,550332996,50280 1,70540 1,
4240001009574_240_00,550332996,70520 1,74320 1,
4240001009574_240_00,550332996,70520 1,72800 1,
4240001009574_240_00,550332996,50060 11,71440 1,
4240001009574_240_00,2355023358,55210 1,55190 1,
4240001009574_240_00,2355023358,74260 1,55190 1,
4240001009574_240_00,835754522,72120 1,52030 1,
4240001009574_240_00,835754522,50060 9,74370 1,
4240001009574_240_00,835754522,50060 9,73250 1,
4240001009574_240_00,835754522,52130 1,70930 1,
4240001009574_240_00,835754522,52130 1,73250 1,
4240001009574_240_00,835754522,50050 2,70380 1,
4240001009574_240_00,835754522,74370 1,71010 1,
4240001009574_240_00,835754522,72150 1,52030 1,
4240001009574_240_00,835754522,71620 1,51190 1,
4240001009574_240_00,835754522,72760 1,73190 1,
4240001009574_240_00,550332996,50830 0,50030 3,
4240001009574_240_00,550332996,50860 0,50060 10,
4240001009574_240_00,550332996,72810 0,72630 2,
4240001009574_240_00,550332996,70520 0,50840 0,
4240001009574_240_00,550332996,50870 0,50860 2,
4240001009574_240_00,550332996,70030 0,70540 0,
4240001009574_240_00,409958912,50030 7,75040 1,
4240001009574_240_00,409958912,50030 7,73650 1,
4240001009574_240_00,409958912,73460 1,73670 1,
4240001009574_240_00,409958912,75030 1,71990 1,
4240001009574_240_00,409958912,51340 1,75030 1,
4240001009574_240_00,409958912,50060 13,50040 1,
4240001009574_240_00,409958912,50060 13,73660 1,
4240001009574_240_00,409958912,50060 13,71990 1,
4240001009574_240_00,409958912,50050 1,50030 7,
4240001009574_240_00,409958912,51320 3,71990 1,
4240001009574_240_00,3884591149,50060 14,50880 1,
4240001009574_240_00,3884591149,50540 1,52390 3,
4240001009574_240_00,3884591149,50540 1,52380 1,
4240001009574_240_00,3884591149,50540 1,51610 1,
4240001009574_240_00,3884591149,50880 1,52370 0,
4240001009574_240_00,3884591149,51610 1,52390 3,
4240001009574_240_00,1004470243,50350 0,52130 0,
4240001009574_240_00,1004470243,50350 0,52140 0,
4240001009574_240_00,409958912,24940 0,50020 5,
4240001009574_240_00,409958912,51320 2,51330 0,
4240001009574_240_00,409958912,51320 0,50050 0,
4240001009574_240_00,409958912,56560 0,50040 0,
4240001009574_240_00,3175822612,50020 2,51240 3,
4240001009574_240_00,3175822612,52380 0,50030 1,
4240001009574_240_00,3175822612,50950 0,75030 0,
4240001009574_240_00,3175822612,50030 8,50030 1,
4240001009574_240_00,3175822612,50030 1,51240 3,
4240001009574_240_00,3175822612,52370 0,50020 2,
4240001009574_240_00,3175822612,52370 0,74020 0,
4240001009574_240_00,3175822612,50940 0,51980 0,
4240001009574_240_00,3175822612,50940 0,51991 0,
4240001009574_240_00,3175822612,74020 0,71100 0,
4240001009574_240_00,3175822612,51991 0,74010 0,
4240001009574_240_00,3175822612,52390 0,51991 0,
4240001009574_240_00,3594359697,50340 1,75042 1,
4240001009574_240_00,3175822612,72730 0,71510 0,
4240001009574_240_00,3175822612,72730 0,73015 1,
4240001009574_240_00,3175822612,72730 0,50020 3,
4240001009574_240_00,3175822612,50030 9,50950 3,
4240001009574_240_00,3175822612,51980 1,50940 1,
4240001009574_240_00,3175822612,51980 1,51991 1,
4240001009574_240_00,3175822612,51240 3,72730 0,
4240001009574_240_00,3175822612,51240 3,50030 9,
4240001009574_240_00,3175822612,50900 1,52390 1,
4240001009574_240_00,3175822612,73015 1,50950 3,
4240001009574_240_00,3175822612,74010 1,50940 1,
4240001009574_240_00,3175822612,74010 1,51991 1,
4240001009574_240_00,3175822612,74010 1,71510 0,
4240001009574_240_00,3175822612,74010 1,50020 3,
4240001009574_240_00,3175822612,74020 1,50940 1,
4240001009574_240_00,3175822612,74020 1,73015 1,
4240001009574_240_00,550332996,72630 2,50870 0,
4240001009574_240_00,550332996,72630 2,50840 0,
4240001009574_240_00,550332996,70520 0,46044 0,
4240001009574_240_00,550332996,71440 0,50060 10,
4240001009574_240_00,550332996,50870 0,50840 0,
4240001009574_240_00,550332996,72790 0,72610 0,
4240001009574_240_00,550332996,72740 0,46044 0,
4240001009574_240_00,409958912,73650 0,51330 0,
4240001009574_240_00,409958912,56570 0,56560 0,
4240001009574_240_00,409958912,56410 0,50030 4,
4240001009574_240_00,409958912,71990 0,75030 0,
4240001009574_240_00,409958912,71990 0,56570 0,
4240001009574_240_00,409958912,71990 0,50050 0,
4240001009574_240_00,409958912,71990 0,71480 0,
4240001009574_240_00,409958912,73670 0,75030 0,
4240001009574_240_00,409958912,73670 0,56410 0,
4240001009574_240_00,409958912,73670 0,73660 0,
4240001009574_240_00,409958912,71480 0,50040 0,
4240001009574_240_00,409958912,71480 0,73650 0,
4240001009574_240_00,409958912,71480 0,50050 0,
4240001009574_240_00,409958912,73680 0,50050 0,
4240001009574_240_00,409958912,73680 0,51320 2,
4240001009574_240_00,409958912,73680 0,51320 0,
4240001009574_240_00,409958912,73660 0,50040 0,
4240001009574_240_00,3594359697,74200 0,71760 0,
4240001009574_240_00,3594359697,73950 0,73980 0,
4240001009574_240_00,3594359697,73940 0,50050 0,
4240001009574_240_00,3594359697,73940 0,71760 0,
4240001009574_240_00,345268387,50540 1,52080 0,
4240001009574_240_00,345268387,50540 1,73755 0,
4240001009574_240_00,345268387,73010 0,50060 999,
4240001009574_240_00,345268387,52080 0,52380 0,
4240001009574_240_00,345268387,52080 0,72325 0,
4240001009574_240_00,345268387,73765 0,50540 0,
4240001009574_240_00,345268387,50940 1,52390 3,
4240001009574_240_00,345268387,73755 0,72325 0,
4240001009574_240_00,345268387,73755 0,50880 0,
4240001009574_240_00,345268387,50880 1,73010 0,
4240001009574_240_00,345268387,50880 1,50940 1,
4240001009574_240_00,345268387,50880 1,52060 1,
4240001009574_240_00,345268387,50880 1,52070 1,
4240001009574_240_00,345268387,52380 0,50540 0,
4240001009574_240_00,345268387,52060 1,73755 0,
4240001009574_240_00,345268387,52060 1,50060 999,
4240001009574_240_00,345268387,52060 1,52070 1,
4240001009574_240_00,345268387,52380 1,50540 0,
4240001009574_240_00,345268387,52380 1,72325 1,
4240001009574_240_00,345268387,73755 1,73765 0,
4240001009574_240_00,345268387,73755 1,52370 0,
4240001009574_240_00,345268387,52390 2,52380 1,
4240001009574_240_00,345268387,50950 2,52370 0,
4240001009574_240_00,345268387,52370 1,50540 0,
4240001009574_240_00,345268387,52370 1,50880 0,
4240001009574_240_00,345268387,52370 1,52370 0,
4240001009574_240_00,345268387,52370 1,73695 0,
4240001009574_240_00,345268387,52370 1,72325 1,
4240001009574_240_00,345268387,50060 6,73755 0,
4240001009574_240_00,345268387,50060 6,72325 0,
4240001009574_240_00,345268387,52050 1,72325 0,
4240001009574_240_00,345268387,52070 1,73755 0,
4240001009574_240_00,345268387,73695 0,52390 3,
4240001009574_240_00,345268387,72325 1,52380 0,
4240001009574_240_00,345268387,72325 1,52390 3,
4240001009574_240_00,2355023358,70430 1,50020 2,
4240001009574_240_00,2355023358,50060 4,75041 1,
4240001009574_240_00,2355023358,50050 1,50030 7,
4240001009574_240_00,2355023358,55190 1,70430 1,
4240001009574_240_00,409958912,71510 0,50030 4,
4240001009574_240_00,409958912,46037 0,50060 5,
4240001009574_240_00,409958912,51792 0,50030 4,
4240001009574_240_00,409958912,73640 0,46037 0,
4240001009574_240_00,550332996,50103 0,50090 0,
4240001009574_240_00,550332996,72500 0,50260 0,
4240001009574_240_00,550332996,72500 0,50270 0,
4240001009574_240_00,550332996,50102 0,50100 0,
4240001009574_240_00,550332996,72780 0,50101 0,
4240001009574_240_00,550332996,50104 0,50090 0,
4240001009574_240_00,3594359697,51403 1,55190 1,
4240001009574_240_00,3594359697,75042 0,70430 0,
4240001009574_240_00,2090219850,73010 0,50060 14,
4240001009574_240_00,2090219850,73010 0,50540 0,
4240001009574_240_00,2090219850,73010 0,51620 2,
4240001009574_240_00,2090219850,73010 0,52370 0,
4240001009574_240_00,2090219850,75020 1,50060 14,
4240001009574_240_00,2090219850,75020 1,50950 1,
4240001009574_240_00,2090219850,75020 1,52370 0,
4240001009574_240_00,2090219850,52080 0,50060 14,
4240001009574_240_00,2090219850,52080 0,50950 1,
4240001009574_240_00,2090219850,52080 0,50940 0,
4240001009574_240_00,2090219850,50030 9,50880 0,
4240001009574_240_00,2090219850,50030 9,75013 0,
4240001009574_240_00,2090219850,51980 1,52060 1,
4240001009574_240_00,2090219850,51980 1,52050 1,
4240001009574_240_00,2090219850,51980 1,51610 2,
4240001009574_240_00,2090219850,51980 1,52030 3,
4240001009574_240_00,2090219850,51980 1,72760 1,
4240001009574_240_00,2090219850,51480 1,73010 0,
4240001009574_240_00,2090219850,52050 1,50540 0,
4240001009574_240_00,2090219850,52050 1,52370 0,
4240001009574_240_00,2090219850,52040 1,51620 2,
4240001009574_240_00,2090219850,52070 1,51620 2,
4240001009574_240_00,2090219850,52070 1,52370 0,
4240001009574_240_00,2090219850,72150 1,51610 2,
4240001009574_240_00,2090219850,51610 2,52380 0,
4240001009574_240_00,2090219850,51610 2,52390 3,
4240001009574_240_00,2090219850,73250 1,52080 0,
4240001009574_240_00,2090219850,52030 3,52380 0,
4240001009574_240_00,2090219850,72760 1,51610 2,
4240001009574_240_00,2090219850,75013 0,52380 0,
4240001009574_240_00,2300128744,71220 1,71670 0,
4240001009574_240_00,2300128744,51540 1,71670 0,
4240001009574_240_00,2300128744,73410 1,71220 1,
4240001009574_240_00,3838942938,72730 0,24960 7,
4240001009574_240_00,3838942938,51240 3,51980 1,
4240001009574_240_00,3838942938,71510 0,50930 1,
4240001009574_240_00,3838942938,51580 0,51590 1,
4240001009574_240_00,3594359697,73400 1,47014 0,
4240001009574_240_00,2122499709,72850 0,51990 0,
4240001009574_240_00,2122499709,72850 0,51600 0,
4240001009574_240_00,2122499709,72850 0,50930 0,
4240001009574_240_00,2122499709,51610 0,50030 5,
4240001009574_240_00,2122499709,71630 0,50030 8,
4240001009574_240_00,2122499709,71630 0,51610 1,
4240001009574_240_00,2122499709,71630 0,51621 0,
4240001009574_240_00,2122499709,71630 0,50030 5,
4240001009574_240_00,2122499709,50030 9,51990 0,
4240001009574_240_00,2122499709,50030 9,72820 0,
4240001009574_240_00,2122499709,50030 9,50910 0,
4240001009574_240_00,2122499709,51980 1,50930 0,
4240001009574_240_00,2122499709,51600 1,50930 0,
4240001009574_240_00,2122499709,51620 1,50060 999,
4240001009574_240_00,2122499709,51620 1,51480 0,
4240001009574_240_00,2122499709,51610 1,51480 0,
4240001009574_240_00,2122499709,51610 1,50930 0,
4240001009574_240_00,2122499709,51610 1,50030 5,
4240001009574_240_00,2122499709,50920 1,51590 0,
4240001009574_240_00,2122499709,51621 0,52000 0,
4240001009574_240_00,2122499709,51621 0,50030 5,
4240001009574_240_00,2122499709,51480 2,50060 999,
4240001009574_240_00,2122499709,51480 2,51480 0,
4240001009574_240_00,2122499709,51480 2,50930 0,
4240001009574_240_00,2122499709,51480 2,50030 5,
4240001009574_240_00,2122499709,50910 1,51980 0,
4240001009574_240_00,2122499709,50910 1,51600 0,
4240001009574_240_00,2122499709,50910 1,51480 0,
4240001009574_240_00,2122499709,50910 1,50930 0,
4240001009574_240_00,2122499709,50910 1,51590 0,
4240001009574_240_00,2122499709,50910 1,52000 0,
4240001009574_240_00,2122499709,51580 0,51610 0,
4240001009574_240_00,2122499709,51580 0,51590 0,
4240001009574_240_00,2122499709,51590 0,51980 0,
4240001009574_240_00,2122499709,50930 1,72820 0,
4240001009574_240_00,2122499709,50930 1,50920 0,
4240001009574_240_00,2122499709,52000 1,51600 0,
4240001009574_240_00,2122499709,52000 1,50910 0,
4240001009574_240_00,2122499709,50060 0,50030 8,
4240001009574_240_00,2122499709,50060 0,51590 0,
4240001009574_240_00,550332996,70610 1,72720 0,
4240001009574_240_00,550332996,72780 0,72810 1,
4240001009574_240_00,2300128744,51540 2,73790 0,
4240001009574_240_00,2300128744,51540 2,50030 4,
4240001009574_240_00,2300128744,71270 0,73790 0,
4240001009574_240_00,2300128744,71270 0,51320 0,
4240001009574_240_00,2300128744,73790 0,50050 0,
4240001009574_240_00,2300128744,71410 0,50050 0,
4240001009574_240_00,2300128744,51320 0,51330 0,
4240001009574_240_00,2300128744,73290 0,50050 0,
4240001009574_240_00,2300128744,71220 0,73290 0,
4240001009574_240_00,2300128744,51410 0,50040 0,
4240001009574_240_00,3594359697,74200 0,73980 0,
4240001009574_240_00,3594359697,71460 0,55170 0,
4240001009574_240_00,3594359697,73990 0,73980 0,
4240001009574_240_00,2300128744,71220 1,71740 1,
4240001009574_240_00,2300128744,22540 1,71230 1,
4240001009574_240_00,2300128744,50040 1,73690 1,
4240001009574_240_00,2300128744,51550 1,71060 1,
4240001009574_240_00,2300128744,73470 1,73690 1,
4240001009574_240_00,550332996,70590 1,46048 1,
4240001009574_240_00,2300128744,51540 2,50050 0,
4240001009574_240_00,2300128744,51055 5,51540 0,
4240001009574_240_00,2300128744,22540 0,73470 0,
4240001009574_240_00,2300128744,70920 0,73470 0,
4240001009574_240_00,1024075922,73810 0,72760 0,
4240001009574_240_00,1024075922,73850 0,50340 0,
4240001009574_240_00,1024075922,70670 0,56530 0,
4240001009574_240_00,1024075922,73250 0,56530 0,
4240001009574_240_00,1024075922,72820 0,50060 5,
4240001009574_240_00,1024075922,73840 0,50320 0,
4240001009574_240_00,1024075922,73800 0,56530 0,
4240001009574_240_00,1024075922,73800 0,73250 0,
4240001009574_240_00,1024075922,72760 0,72820 0,
4240001009574_240_00,1024075922,50350 0,50340 0,
4240001009574_240_00,1024075922,72020 0,73250 0,
4240001009574_240_00,1024075922,50340 0,50320 0,
4240001009574_240_00,1024075922,70360 0,73820 0,
4240001009574_240_00,1024075922,73820 0,72760 0,
4240001009574_240_00,1024075922,73890 0,73850 0,
4240001009574_240_00,1024075922,73890 0,50350 0,
4240001009574_240_00,1024075922,52030 2,56530 0,
4240001009574_240_00,1024075922,47014 0,70670 0,
4240001009574_240_00,1024075922,47014 0,72760 0,
4240001009574_240_00,1024075922,47014 0,70360 0,
4240001009574_240_00,1024075922,47014 0,73890 0,
4240001009574_240_00,3594359697,51404 1,55200 1,
4240001009574_240_00,3594359697,71760 1,73185 1,
4240001009574_240_00,3838942938,50020 2,74020 0,
4240001009574_240_00,3838942938,50910 0,74020 0,
4240001009574_240_00,3838942938,50920 0,50020 2,
4240001009574_240_00,3838942938,50930 0,72730 1,
4240001009574_240_00,3838942938,52000 0,51980 0,
4240001009574_240_00,103994292,71980 1,71350 1,
4240001009574_240_00,103994292,50060 9,73470 1,
4240001009574_240_00,103994292,50060 9,74340 1,
4240001009574_240_00,103994292,73470 1,74400 1,
4240001009574_240_00,103994292,74410 1,74390 1,
4240001009574_240_00,103994292,74400 1,74390 1,
4240001009574_240_00,103994292,50320 1,74410 1,
4240001009574_240_00,103994292,50320 1,74395 1,
4240001009574_240_00,103994292,72870 1,74390 1,
4240001009574_240_00,103994292,74340 1,74390 1,
4240001009574_240_00,103994292,50050 1,74395 1,
4240001009574_240_00,103994292,71320 1,74395 1,
4240001009574_240_00,103994292,74360 1,74395 1,
4240001009574_240_00,103994292,74330 0,74360 0,
4240001009574_240_00,103994292,70940 0,72870 0,
4240001009574_240_00,103994292,71320 0,50020 5,
4240001009574_240_00,103994292,74360 0,71980 0,
4240001009574_240_00,103994292,74360 0,50020 5,
4240001009574_240_00,103994292,74350 0,50320 0,
4240001009574_240_00,103994292,74350 0,71350 0,
4240001009574_240_00,103994292,71350 0,50050 0,
4240001009574_240_00,3594359697,55190 0,51404 0,
4240001009574_240_00,3594359697,71460 0,55190 0,
4240001009574_240_00,3594359697,71460 0,50020 5,
4240001009574_240_00,542189229,52380 0,52390 3,
4240001009574_240_00,542189229,52380 0,50540 0,
4240001009574_240_00,542189229,50880 0,50060 6,
4240001009574_240_00,542189229,50940 0,50060 6,
4240001009574_240_00,2355023358,25150 0,55190 0,
4240001009574_240_00,2355023358,55190 0,55210 0,
4240001009574_240_00,2355023358,55190 0,51401 0,
4240001009574_240_00,2355023358,55190 0,73900 0,
4240001009574_240_00,2355023358,50060 10,55210 0,
4240001009574_240_00,2355023358,50030 4,50040 0,
4240001009574_240_00,201880385,50040 0,50840 1,
4240001009574_240_00,201880385,50040 0,50860 1,
4240001009574_240_00,201880385,72610 1,72570 1,
4240001009574_240_00,201880385,50840 1,50280 1,
4240001009574_240_00,201880385,50050 0,72660 1,
4240001009574_240_00,201880385,71440 1,72600 1,
4240001009574_240_00,201880385,50280 1,72630 1,
4240001009574_240_00,201880385,50860 1,72600 1,
4240001009574_240_00,201880385,50860 1,50280 1,
4240001009574_240_00,201880385,50060 11,50830 1,
4240001009574_240_00,201880385,50020 3,72600 1,
4240001009574_240_00,201880385,24960 7,72610 1,
4240001009574_240_00,201880385,24960 7,71440 1,
4240001009574_240_00,201880385,24960 7,70520 1,
4240001009574_240_00,208731032,50540 1,52370 1,
4240001009574_240_00,208731032,50540 1,52040 0,
4240001009574_240_00,208731032,50540 1,52000 0,
4240001009574_240_00,208731032,50540 1,50030 5,
4240001009574_240_00,208731032,51980 0,50030 8,
4240001009574_240_00,208731032,51980 0,50030 5,
4240001009574_240_00,208731032,50940 1,50860 4,
4240001009574_240_00,208731032,50880 1,52060 0,
4240001009574_240_00,208731032,50880 1,52380 1,
4240001009574_240_00,208731032,50880 1,50030 8,
4240001009574_240_00,208731032,50880 1,52070 0,
4240001009574_240_00,208731032,52060 0,51980 0,
4240001009574_240_00,208731032,52060 0,52030 2,
4240001009574_240_00,208731032,52380 1,51980 0,
4240001009574_240_00,208731032,52380 1,50940 1,
4240001009574_240_00,208731032,52380 1,52030 2,
4240001009574_240_00,208731032,73250 0,50030 5,
4240001009574_240_00,208731032,50030 8,51480 0,
4240001009574_240_00,208731032,52390 2,52050 0,
4240001009574_240_00,208731032,52390 2,52030 2,
4240001009574_240_00,208731032,52390 2,50030 5,
4240001009574_240_00,208731032,52070 0,51980 0,
4240001009574_240_00,208731032,52070 0,51480 0,
4240001009574_240_00,208731032,50950 2,52040 0,
4240001009574_240_00,208731032,51620 1,52060 0,
4240001009574_240_00,208731032,51620 1,51990 0,
4240001009574_240_00,208731032,51620 1,73250 0,
4240001009574_240_00,208731032,51620 1,52070 0,
4240001009574_240_00,208731032,51620 1,52040 0,
4240001009574_240_00,208731032,51610 1,52000 0,
4240001009574_240_00,208731032,51610 1,50030 5,
4240001009574_240_00,208731032,52370 1,52050 0,
4240001009574_240_00,208731032,75013 1,50860 4,
4240001009574_240_00,208731032,75013 1,73010 1,
4240001009574_240_00,208731032,50060 6,52070 0,
4240001009574_240_00,208731032,50060 6,52370 1,
4240001009574_240_00,208731032,50060 6,73010 1,
4240001009574_240_00,208731032,52040 0,51480 0,
4240001009574_240_00,208731032,52040 0,52000 0,
4240001009574_240_00,208731032,72150 0,51480 0,
4240001009574_240_00,208731032,52000 0,51990 0,
4240001009574_240_00,208731032,52030 2,72150 0,
4240001009574_240_00,2300128744,51540 0,73470 0,
4240001009574_240_00,2300128744,71260 0,71220 0,
4240001009574_240_00,201880385,50860 0,50020 1,
4240001009574_240_00,201880385,72600 0,50020 1,
4240001009574_240_00,201880385,71440 0,50840 0,
4240001009574_240_00,201880385,50870 0,50060 10,
4240001009574_240_00,201880385,50840 0,50030 1,
4240001009574_240_00,201880385,72740 0,50040 1,
4240001009574_240_00,201880385,72660 0,50840 0,
4240001009574_240_00,201880385,72660 0,50280 0,
4240001009574_240_00,201880385,50280 0,50860 0,
4240001009574_240_00,201880385,50280 0,50040 1,
4240001009574_240_00,201880385,50280 0,50870 0,
4240001009574_240_00,201880385,72630 0,50860 0,
4240001009574_240_00,201880385,70540 0,46044 0,
4240001009574_240_00,201880385,70540 0,50020 1,
4240001009574_240_00,201880385,72040 0,71440 0,
4240001009574_240_00,103994292,74395 0,73470 0,
4240001009574_240_00,103994292,74395 0,50050 0,
4240001009574_240_00,103994292,74395 0,72530 0,
4240001009574_240_00,103994292,50320 0,50060 5,
4240001009574_240_00,103994292,74410 0,50030 4,
4240001009574_240_00,103994292,74390 0,71980 0,
4240001009574_240_00,103994292,74390 0,74400 0,
4240001009574_240_00,2233809208,50940 1,72325 1,
4240001009574_240_00,2233809208,50880 1,75018 1,
4240001009574_240_00,2233809208,52080 1,75019 1,
4240001009574_240_00,2233809208,52080 1,70360 1,
4240001009574_240_00,2233809208,73755 1,52080 1,
4240001009574_240_00,2233809208,73755 1,75019 1,
4240001009574_240_00,2233809208,73755 1,75017 1,
4240001009574_240_00,2233809208,73755 1,70360 1,
4240001009574_240_00,2233809208,73755 1,75016 1,
4240001009574_240_00,2233809208,50950 2,52080 1,
4240001009574_240_00,2233809208,52370 1,75019 1,
4240001009574_240_00,2233809208,52370 1,70360 1,
4240001009574_240_00,2233809208,52370 1,75015 1,
4240001009574_240_00,2233809208,52370 1,73010 1,
4240001009574_240_00,2233809208,52370 1,75016 1,
4240001009574_240_00,2233809208,50060 6,50940 0,
4240001009574_240_00,2233809208,73010 1,47014 3,
4240001009574_240_00,2233809208,75016 1,70360 1,
4240001009574_240_00,2233809208,75016 1,47014 3,
4240001009574_240_00,3160249464,75016 0,52380 0,
4240001009574_240_00,3160249464,52080 0,52390 3,
4240001009574_240_00,3160249464,52080 0,50880 0,
4240001009574_240_00,3160249464,52080 0,52370 0,
4240001009574_240_00,3160249464,50940 1,52390 3,
4240001009574_240_00,3160249464,73755 0,50940 1,
4240001009574_240_00,3160249464,50950 1,52370 0,
4240001009574_240_00,3160249464,72325 0,52390 3,
4240001009574_240_00,3160249464,50940 0,52380 0,
4240001009574_240_00,3160249464,52080 2,52390 3,
4240001009574_240_00,3160249464,75019 0,72325 0,
4240001009574_240_00,3160249464,75019 0,50060 6,
4240001009574_240_00,3160249464,75019 0,52370 0,
4240001009574_240_00,3160249464,47014 0,72325 0,
4240001009574_240_00,550332996,70590 1,46058 1,
4240001009574_240_00,1004470243,50330 0,50320 1,
4240001009574_240_00,1004470243,51991 1,51991 1,
4240001009574_240_00,1004470243,50320 1,50330 0,
4240001009574_240_00,3838942938,51610 0,52000 0,
4240001009574_240_00,3838942938,72730 0,51980 0,
4240001009574_240_00,3838942938,72730 0,50930 1,
4240001009574_240_00,3838942938,50030 9,51990 0,
4240001009574_240_00,3838942938,50030 9,51610 1,
4240001009574_240_00,3838942938,51980 1,50020 2,
4240001009574_240_00,3838942938,51980 1,50910 0,
4240001009574_240_00,3838942938,51980 1,50910 1,
4240001009574_240_00,3838942938,51980 1,51240 999,
4240001009574_240_00,3838942938,51980 1,50930 0,
4240001009574_240_00,3838942938,50950 3,51600 0,
4240001009574_240_00,3838942938,50950 3,50910 0,
4240001009574_240_00,3838942938,50950 3,72730 1,
4240001009574_240_00,3838942938,51240 3,75030 0,
4240001009574_240_00,3838942938,51240 3,51590 0,
4240001009574_240_00,3838942938,50910 0,51980 0,
4240001009574_240_00,3838942938,50920 0,50030 1,
4240001009574_240_00,3838942938,51610 1,50020 2,
4240001009574_240_00,3838942938,51610 1,51240 999,
4240001009574_240_00,3838942938,50920 1,51990 0,
4240001009574_240_00,3838942938,50920 1,75030 0,
4240001009574_240_00,3838942938,51621 0,51990 0,
4240001009574_240_00,3838942938,51621 0,75030 0,
4240001009574_240_00,3838942938,71510 0,75030 0,
4240001009574_240_00,3838942938,71510 0,51610 1,
4240001009574_240_00,3838942938,71510 0,51240 999,
4240001009574_240_00,3838942938,51580 0,51980 0,
4240001009574_240_00,3838942938,74010 1,50030 1,
4240001009574_240_00,3838942938,50930 1,51990 0,
4240001009574_240_00,3838942938,71100 1,50030 8,
4240001009574_240_00,3838942938,71100 1,51590 0,
4240001009574_240_00,3838942938,52000 1,74020 0,
4240001009574_240_00,3838942938,74020 1,51980 1,
4240001009574_240_00,3838942938,51990 1,75030 0,
4240001009574_240_00,3838942938,51990 1,51610 1,
4240001009574_240_00,3838942938,51990 1,51590 0,
4240001009574_240_00,3838942938,50020 3,50020 2,
4240001009574_240_00,3838942938,50020 3,51610 0,
4240001009574_240_00,3838942938,50020 3,74020 0,
4240001009574_240_00,3838942938,24960 7,51980 0,
4240001009574_240_00,3838942938,24960 7,51620 1,
4240001009574_240_00,1004470243,51991 1,50030 7,
4240001009574_240_00,1004470243,50030 7,51991 1,
4240001009574_240_00,1004470243,50050 3,52140 0,
4240001009574_240_00,1261976881,50020 5,52140 1,
4240001009574_240_00,2300128744,71410 1,71270 1,
4240001009574_240_00,2300128744,50040 1,50020 0,
4240001009574_240_00,2300128744,71190 0,71060 1,
4240001009574_240_00,2300128744,73290 1,71240 1,
4240001009574_240_00,2300128744,73290 1,51550 1,
4240001009574_240_00,2300128744,51320 1,51540 1,
4240001009574_240_00,2300128744,51410 1,73790 1,
4240001009574_240_00,2300128744,73790 1,51550 1,
4240001009574_240_00,2300128744,73790 1,73290 1,
4240001009574_240_00,835754522,71040 0,73190 0,
4240001009574_240_00,835754522,74370 0,52130 0,
4240001009574_240_00,835754522,74370 0,72150 0,
4240001009574_240_00,835754522,70380 0,74380 0,
4240001009574_240_00,835754522,72760 0,73000 0,
4240001009574_240_00,835754522,71080 0,70380 0,
4240001009574_240_00,835754522,52130 0,50050 3,
4240001009574_240_00,835754522,51190 0,52130 0,
4240001009574_240_00,835754522,51190 0,50060 5,
4240001009574_240_00,835754522,51190 0,72150 0,
4240001009574_240_00,835754522,71620 0,72760 0,
4240001009574_240_00,835754522,72150 0,52130 0,
4240001009574_240_00,3594359697,73185 0,70430 0,
4240001009574_240_00,3594359697,73185 0,55170 0,
4240001009574_240_00,3594359697,50340 1,71460 1,
4240001009574_240_00,3594359697,71460 1,73390 1,
4240001009574_240_00,2300128744,71040 0,71220 0,
4240001009574_240_00,2300128744,71060 0,51550 0,
4240001009574_240_00,2300128744,71210 0,70920 0,
4240001009574_240_00,550332996,50101 0,50060 4,
4240001009574_240_00,1024075922,50330 0,73840 1,
4240001009574_240_00,1024075922,50350 1,73810 1,
4240001009574_240_00,1024075922,50350 1,73890 1,
4240001009574_240_00,1024075922,50350 1,73800 1,
4240001009574_240_00,1024075922,50030 7,73830 1,
4240001009574_240_00,1024075922,50020 4,52050 1,
4240001009574_240_00,1024075922,50020 4,50320 1,
4240001009574_240_00,1024075922,50020 4,47014 3,
4240001009574_240_00,1024075922,73820 1,73890 1,
4240001009574_240_00,1024075922,73720 1,70360 1,
4240001009574_240_00,1024075922,73720 1,72760 1,
4240001009574_240_00,1024075922,52050 1,72020 1,
4240001009574_240_00,1024075922,52050 1,73840 1,
4240001009574_240_00,1024075922,52050 1,47014 3,
4240001009574_240_00,1024075922,72080 0,73840 1,
4240001009574_240_00,1024075922,73840 1,73890 1,
4240001009574_240_00,1024075922,73810 1,70360 1,
4240001009574_240_00,1024075922,73830 1,73890 1,
4240001009574_240_00,1024075922,73800 1,73810 1,
4240001009574_240_00,1024075922,73800 1,47014 3,
4240001009574_240_00,1024075922,73850 1,70670 1,
4240001009574_240_00,1024075922,50060 3,70670 1,
4240001009574_240_00,1024075922,50060 3,73830 1,
4240001009574_240_00,1024075922,50060 3,73850 1,
4240001009574_240_00,1024075922,50060 3,73250 1,
4240001009574_240_00,1024075922,50320 1,50350 1,
4240001009574_240_00,1024075922,50320 1,73820 1,
4240001009574_240_00,1024075922,73250 1,70670 1,
4240001009574_240_00,1024075922,52030 3,72020 1,
4240001009574_240_00,1024075922,52030 3,70670 1,
4240001009574_240_00,1024075922,52030 3,73840 1,
4240001009574_240_00,1024075922,52030 3,73830 1,
4240001009574_240_00,1024075922,52030 3,73850 1,
4240001009574_240_00,103994292,50060 9,73410 1,
4240001009574_240_00,103994292,50030 7,70940 1,
4240001009574_240_00,103994292,70940 1,74350 1,
4240001009574_240_00,103994292,74330 1,74350 1,
4240001009574_240_00,103994292,50050 1,70940 1,
4240001009574_240_00,2122499709,72850 0,51480 2,
4240001009574_240_00,2122499709,71630 0,51620 1,
4240001009574_240_00,2122499709,51600 1,50930 1,
4240001009574_240_00,2122499709,51990 1,51620 1,
4240001009574_240_00,550332996,46014 0,70610 0,
4240001009574_240_00,550332996,49015 0,70580 0,
4240001009574_240_00,3594359697,55170 1,47014 1,
4240001009574_240_00,3884591149,51610 0,50940 0,
4240001009574_240_00,3884591149,50940 1,51610 0,
4240001009574_240_00,3884591149,50880 1,52370 1,
4240001009574_240_00,3884591149,50950 1,52390 3,
4240001009574_240_00,3884591149,52390 2,52370 1,
4240001009574_240_00,3884591149,51610 1,50950 1,
4240001009574_240_00,3884591149,52370 0,50540 0,
4240001009574_240_00,550332996,50090 1,70030 1,
4240001009574_240_00,550332996,46044 1,50102 1,
4240001009574_240_00,550332996,50100 1,50102 1,
4240001009574_240_00,550332996,51010 1,50280 1,
4240001009574_240_00,550332996,50030 2,50105 1,
4240001009574_240_00,550332996,50105 1,74320 1,
4240001009574_240_00,550332996,50830 1,50090 1,
4240001009574_240_00,550332996,50101 1,72780 1,
4240001009574_240_00,550332996,50101 1,71600 0,
4240001009574_240_00,550332996,50280 1,50090 1,
4240001009574_240_00,206984685,50540 1,50950 3,
4240001009574_240_00,206984685,50880 1,50950 3,
4240001009574_240_00,206984685,52390 2,50940 0,
4240001009574_240_00,206984685,50060 6,50540 1,
4240001009574_240_00,206984685,50060 6,52390 2,
4240001009574_240_00,3013652431,50340 1,50350 1,
4240001009574_240_00,3013652431,52960 1,50350 1,
4240001009574_240_00,3013652431,50060 12,52140 1,
4240001009574_240_00,2355023358,25150 0,70570 0,
4240001009574_240_00,2355023358,50040 0,55190 0,
4240001009574_240_00,2355023358,55190 0,51403 0,
4240001009574_240_00,2355023358,50020 5,70430 0,
4240001009574_240_00,550332996,70150 0,72390 1,
4240001009574_240_00,550332996,46044 1,72610 1,
4240001009574_240_00,550332996,50840 1,50850 1,
4240001009574_240_00,550332996,51010 1,46044 1,
4240001009574_240_00,3594359697,55170 1,73980 1,
4240001009574_240_00,3594359697,72090 1,74200 1,
4240001009574_240_00,3594359697,70347 1,73990 1,
4240001009574_240_00,3594359697,70347 1,73950 1,
4240001009574_240_00,3594359697,73990 1,74200 1,
4240001009574_240_00,2355023358,70570 1,25150 1,
4240001009574_240_00,2355023358,55190 1,50060 4,
4240001009574_240_00,550332996,46014 0,70610 2,
4240001009574_240_00,550332996,46058 0,70610 2,
4240001009574_240_00,835754522,72120 1,72760 1,
4240001009574_240_00,835754522,52130 1,51190 1,
4240001009574_240_00,835754522,52130 1,70380 1,
4240001009574_240_00,835754522,50050 2,73250 1,
4240001009574_240_00,835754522,72760 1,52030 1,
4240001009574_240_00,550332996,50860 2,50030 3,
4240001009574_240_00,550332996,72610 0,50860 2,
4240001009574_240_00,550332996,72610 0,50840 0,
4240001009574_240_00,550332996,70540 0,72740 0,
4240001009574_240_00,409958912,51330 1,73460 1,
4240001009574_240_00,409958912,51330 1,71990 1,
4240001009574_240_00,409958912,50030 7,56410 1,
4240001009574_240_00,409958912,50030 7,71990 1,
4240001009574_240_00,409958912,50030 7,50020 7,
4240001009574_240_00,409958912,50020 0,73670 1,
4240001009574_240_00,409958912,50040 1,51330 1,
4240001009574_240_00,409958912,50040 1,56560 1,
4240001009574_240_00,409958912,50040 1,73680 1,
4240001009574_240_00,409958912,73680 1,73660 1,
4240001009574_240_00,409958912,75030 1,56560 1,
4240001009574_240_00,409958912,51340 1,51330 1,
4240001009574_240_00,409958912,50060 13,73670 1,
4240001009574_240_00,409958912,50060 13,71480 1,
4240001009574_240_00,409958912,50050 1,71480 1,
4240001009574_240_00,409958912,50050 1,51340 1,
4240001009574_240_00,3884591149,50540 1,50540 0,
4240001009574_240_00,3884591149,50880 1,50940 1,
4240001009574_240_00,3884591149,52380 1,51610 1,
4240001009574_240_00,409958912,56580 0,56570 0,
4240001009574_240_00,409958912,56580 0,24940 0,
4240001009574_240_00,409958912,56580 0,51330 0,
4240001009574_240_00,409958912,75030 0,50060 5,
4240001009574_240_00,409958912,73640 0,56570 0,
4240001009574_240_00,3175822612,50030 8,74020 0,
4240001009574_240_00,3175822612,52370 0,51240 3,
4240001009574_240_00,3175822612,50940 0,52390 0,
4240001009574_240_00,3175822612,74020 0,75030 0,
4240001009574_240_00,3175822612,51991 0,51980 0,
4240001009574_240_00,3175822612,72730 1,75030 0,
4240001009574_240_00,3175822612,50900 0,50030 8,
4240001009574_240_00,3594359697,70355 0,75042 1,
4240001009574_240_00,3175822612,51240 3,51991 1,
4240001009574_240_00,3175822612,51240 3,50900 1,
4240001009574_240_00,3175822612,51240 3,24960 7,
4240001009574_240_00,3175822612,50900 1,52370 1,
4240001009574_240_00,3175822612,52380 1,50950 3,
4240001009574_240_00,3175822612,52370 1,50950 3,
4240001009574_240_00,3175822612,71510 0,50950 3,
4240001009574_240_00,3175822612,73015 1,52370 1,
4240001009574_240_00,3175822612,74010 1,73015 1,
4240001009574_240_00,3175822612,71100 1,51991 1,
4240001009574_240_00,3175822612,74020 1,50900 1,
4240001009574_240_00,3175822612,74020 1,52390 1,
4240001009574_240_00,3175822612,50020 3,50900 1,
4240001009574_240_00,3175822612,50020 3,52390 1,
4240001009574_240_00,3175822612,24960 7,50030 9,
4240001009574_240_00,550332996,72630 2,50830 0,
4240001009574_240_00,550332996,70520 0,71440 0,
4240001009574_240_00,550332996,71440 0,50830 0,
4240001009574_240_00,550332996,50840 0,46044 0,
4240001009574_240_00,550332996,70800 0,72610 0,
4240001009574_240_00,409958912,73670 0,50020 5,
4240001009574_240_00,409958912,73670 0,51330 0,
4240001009574_240_00,409958912,56560 0,51330 0,
4240001009574_240_00,409958912,73660 0,50060 5,
4240001009574_240_00,3594359697,74200 0,71460 0,
4240001009574_240_00,345268387,50540 1,50540 0,
4240001009574_240_00,345268387,50880 1,50880 0,
4240001009574_240_00,345268387,52380 0,50060 999,
4240001009574_240_00,345268387,52390 3,50060 999,
4240001009574_240_00,345268387,52390 3,50540 0,
4240001009574_240_00,345268387,52060 1,52080 0,
4240001009574_240_00,345268387,52380 1,73765 0,
4240001009574_240_00,345268387,73755 1,52380 0,
4240001009574_240_00,345268387,73755 1,52050 1,
4240001009574_240_00,345268387,52390 2,73755 0,
4240001009574_240_00,345268387,52390 2,50540 0,
4240001009574_240_00,345268387,52370 1,73765 0,
4240001009574_240_00,345268387,52370 1,52050 1,
4240001009574_240_00,345268387,50060 6,50880 0,
4240001009574_240_00,345268387,52070 1,52380 0,
4240001009574_240_00,345268387,52070 1,52390 3,
4240001009574_240_00,345268387,50940 0,50880 0,
4240001009574_240_00,345268387,73695 0,52060 1,
4240001009574_240_00,345268387,73695 0,52070 1,
4240001009574_240_00,345268387,72325 1,72325 0,
4240001009574_240_00,345268387,72325 1,52370 0,
4240001009574_240_00,2355023358,55170 1,50040 1,
4240001009574_240_00,409958912,56580 0,72730 0,
4240001009574_240_00,409958912,24940 0,51792 0,
4240001009574_240_00,409958912,46037 0,50030 4,
4240001009574_240_00,550332996,70780 0,50090 0,
4240001009574_240_00,550332996,70780 0,50080 0,
4240001009574_240_00,550332996,50104 0,50101 0,
4240001009574_240_00,3594359697,75042 0,25150 0,
4240001009574_240_00,3594359697,75042 0,50320 0,
4240001009574_240_00,2090219850,73010 0,52380 0,
4240001009574_240_00,2090219850,73010 0,50950 1,
4240001009574_240_00,2090219850,75020 1,50880 0,
4240001009574_240_00,2090219850,75020 1,50940 0,
4240001009574_240_00,2090219850,75020 1,51610 2,
4240001009574_240_00,2090219850,52080 0,73010 0,
4240001009574_240_00,2090219850,52080 0,52370 0,
4240001009574_240_00,2090219850,50030 9,50060 14,
4240001009574_240_00,2090219850,50030 9,52060 1,
4240001009574_240_00,2090219850,51980 1,73250 1,
4240001009574_240_00,2090219850,50860 2,51610 2,
4240001009574_240_00,2090219850,50860 2,72760 1,
4240001009574_240_00,2090219850,52060 1,50540 0,
4240001009574_240_00,2090219850,52060 1,50940 0,
4240001009574_240_00,2090219850,52060 1,51610 2,
4240001009574_240_00,2090219850,50540 0,50060 14,
4240001009574_240_00,2090219850,51480 1,73250 1,
4240001009574_240_00,2090219850,51480 1,75013 0,
4240001009574_240_00,2090219850,50880 0,50540 0,
4240001009574_240_00,2090219850,52050 1,50880 0,
4240001009574_240_00,2090219850,52050 1,50940 0,
4240001009574_240_00,2090219850,52040 1,50060 14,
4240001009574_240_00,2090219850,52040 1,50880 0,
4240001009574_240_00,2090219850,52040 1,50940 0,
4240001009574_240_00,2090219850,52370 0,52380 0,
4240001009574_240_00,2090219850,72150 1,52390 3,
4240001009574_240_00,2090219850,72150 1,52370 0,
4240001009574_240_00,2090219850,73250 1,50060 14,
4240001009574_240_00,2090219850,73250 1,52060 1,
4240001009574_240_00,2090219850,73250 1,50540 0,
4240001009574_240_00,2090219850,73250 1,52030 3,
4240001009574_240_00,2090219850,72760 1,52370 0,
4240001009574_240_00,2090219850,51990 1,50950 1,
4240001009574_240_00,2090219850,51990 1,50540 0,
4240001009574_240_00,2090219850,51990 1,51620 2,
4240001009574_240_00,2090219850,51990 1,52050 1,
4240001009574_240_00,2090219850,75013 0,50950 1,
4240001009574_240_00,2300128744,71220 1,71650 1,
4240001009574_240_00,3838942938,51240 3,50030 9,
4240001009574_240_00,3838942938,74010 1,51990 1,
4240001009574_240_00,3838942938,74010 1,24960 7,
4240001009574_240_00,3594359697,50330 0,73185 1,
4240001009574_240_00,3594359697,73280 1,73185 1,
4240001009574_240_00,919776449,52130 0,50060 5,
4240001009574_240_00,2122499709,51980 0,50030 5,
4240001009574_240_00,2122499709,72850 0,50030 9,
4240001009574_240_00,2122499709,72850 0,50920 1,
4240001009574_240_00,2122499709,51610 0,50030 8,
4240001009574_240_00,2122499709,71630 0,50060 999,
4240001009574_240_00,2122499709,71630 0,50920 1,
4240001009574_240_00,2122499709,71630 0,50930 0,
4240001009574_240_00,2122499709,50030 9,50930 0,
4240001009574_240_00,2122499709,51980 1,50920 1,
4240001009574_240_00,2122499709,51600 1,51980 0,
4240001009574_240_00,2122499709,51600 0,51480 0,
4240001009574_240_00,2122499709,50910 0,72820 0,
4240001009574_240_00,2122499709,50920 0,72820 0,
4240001009574_240_00,2122499709,50920 0,50030 8,
4240001009574_240_00,2122499709,51620 1,52000 0,
4240001009574_240_00,2122499709,51590 1,50030 8,
4240001009574_240_00,2122499709,51590 1,52000 0,
4240001009574_240_00,2122499709,50920 1,72820 0,
4240001009574_240_00,2122499709,51621 0,50060 999,
4240001009574_240_00,2122499709,51621 0,51590 0,
4240001009574_240_00,2122499709,51480 2,51610 0,
4240001009574_240_00,2122499709,51580 0,51990 0,
4240001009574_240_00,2122499709,51580 0,50030 5,
4240001009574_240_00,2122499709,50930 0,50060 999,
4240001009574_240_00,2122499709,50930 0,72820 0,
4240001009574_240_00,2122499709,50930 1,51590 0,
4240001009574_240_00,2122499709,52000 1,51480 0,
4240001009574_240_00,2122499709,51990 1,50030 8,
4240001009574_240_00,2122499709,51990 1,50910 1,
4240001009574_240_00,2122499709,52000 0,51980 0,
4240001009574_240_00,550332996,72030 0,70610 999,
4240001009574_240_00,550332996,72030 0,71540 1,
4240001009574_240_00,550332996,72720 0,70610 999,
4240001009574_240_00,2300128744,71410 0,50020 5,
4240001009574_240_00,2300128744,51320 0,50060 5,
4240001009574_240_00,2300128744,73290 0,51320 0,
4240001009574_240_00,2300128744,51410 0,71410 0,
4240001009574_240_00,3594359697,73980 0,55180 0,
4240001009574_240_00,3594359697,74200 0,55170 0,
4240001009574_240_00,3594359697,73990 0,71760 0,
4240001009574_240_00,3594359697,73390 0,50060 10,
4240001009574_240_00,2300128744,50040 1,50320 1,
4240001009574_240_00,2300128744,73470 1,71210 1,
4240001009574_240_00,2300128744,50060 3,73470 1,
4240001009574_240_00,2300128744,50320 1,73690 1,
4240001009574_240_00,2300128744,50320 1,71220 1,
4240001009574_240_00,2300128744,51540 2,22540 0,
4240001009574_240_00,2300128744,51540 2,73410 0,
4240001009574_240_00,2300128744,22540 0,50020 5,
4240001009574_240_00,1024075922,56530 0,50060 5,
4240001009574_240_00,1024075922,73850 0,73720 0,
4240001009574_240_00,1024075922,73840 0,56530 0,
4240001009574_240_00,1024075922,73800 0,51480 0,
4240001009574_240_00,1024075922,73800 0,52040 0,
4240001009574_240_00,1024075922,73800 0,52030 2,
4240001009574_240_00,1024075922,72760 0,73720 0,
4240001009574_240_00,1024075922,50350 0,51480 0,
4240001009574_240_00,1024075922,72020 0,50020 2,
4240001009574_240_00,1024075922,72020 0,50320 0,
4240001009574_240_00,1024075922,72020 0,72820 0,
4240001009574_240_00,1024075922,72020 0,50350 0,
4240001009574_240_00,1024075922,52040 0,50060 5,
4240001009574_240_00,1024075922,70360 0,72760 0,
4240001009574_240_00,1024075922,73820 0,51480 0,
4240001009574_240_00,1024075922,73820 0,72020 0,
4240001009574_240_00,1024075922,73830 0,52040 0,
4240001009574_240_00,1024075922,73830 0,52030 2,
4240001009574_240_00,1024075922,73890 0,73720 0,
4240001009574_240_00,1024075922,73720 0,51480 0,
4240001009574_240_00,1024075922,52030 2,50350 0,
4240001009574_240_00,1024075922,52030 2,73720 0,
4240001009574_240_00,1024075922,47014 0,73810 0,
4240001009574_240_00,1024075922,47014 0,56530 0,
4240001009574_240_00,1024075922,47014 0,73250 0,
4240001009574_240_00,1024075922,47014 0,73800 0,
4240001009574_240_00,3594359697,70560 1,55200 1,
4240001009574_240_00,3594359697,72090 1,47014 0,
4240001009574_240_00,3594359697,70430 1,73185 1,
4240001009574_240_00,3838942938,51980 0,74010 0,
4240001009574_240_00,3838942938,50950 0,74010 0,
4240001009574_240_00,3838942938,50950 0,50020 2,
4240001009574_240_00,3838942938,50950 0,72730 1,
4240001009574_240_00,3838942938,50030 1,51240 3,
4240001009574_240_00,3838942938,52000 0,51240 3,
4240001009574_240_00,1261976881,50030 4,50020 5,
4240001009574_240_00,103994292,50060 9,71980 1,
4240001009574_240_00,103994292,50060 9,50020 4,
4240001009574_240_00,103994292,50040 1,74395 1,
4240001009574_240_00,103994292,74410 1,74395 1,
4240001009574_240_00,103994292,72530 1,74390 1,
4240001009574_240_00,103994292,50320 0,50050 0,
4240001009574_240_00,103994292,70940 0,74330 0,
4240001009574_240_00,103994292,70940 0,50320 0,
4240001009574_240_00,103994292,70940 0,50060 5,
4240001009574_240_00,103994292,73470 0,50030 4,
4240001009574_240_00,103994292,72530 0,50030 4,
4240001009574_240_00,103994292,73410 0,50030 4,
4240001009574_240_00,103994292,74350 0,50060 5,
4240001009574_240_00,103994292,73780 0,74330 0,
4240001009574_240_00,103994292,73780 0,72530 0,
4240001009574_240_00,542189229,52390 3,50880 0,
4240001009574_240_00,835754522,73190 1,51055 7,
4240001009574_240_00,2355023358,25150 0,73900 0,
4240001009574_240_00,2355023358,50020 3,50040 0,
4240001009574_240_00,201880385,50040 0,72600 1,
4240001009574_240_00,201880385,50840 1,50860 1,
4240001009574_240_00,201880385,50830 1,50840 1,
4240001009574_240_00,201880385,71440 1,70540 1,
4240001009574_240_00,201880385,71440 1,73450 1,
4240001009574_240_00,201880385,50860 1,71440 1,
4240001009574_240_00,201880385,70520 1,72040 1,
4240001009574_240_00,201880385,50020 3,50060 11,
4240001009574_240_00,201880385,24960 7,46044 1,
4240001009574_240_00,208731032,50540 1,51980 0,
4240001009574_240_00,208731032,50540 1,50880 1,
4240001009574_240_00,208731032,50540 1,73250 0,
4240001009574_240_00,208731032,50540 1,75013 1,
4240001009574_240_00,208731032,50940 1,52060 0,
4240001009574_240_00,208731032,50940 1,52070 0,
4240001009574_240_00,208731032,50940 1,52050 0,
4240001009574_240_00,208731032,50940 1,50030 5,
4240001009574_240_00,208731032,50880 1,52050 0,
4240001009574_240_00,208731032,50880 1,52000 0,
4240001009574_240_00,208731032,52060 0,51990 0,
4240001009574_240_00,208731032,52060 0,52040 0,
4240001009574_240_00,208731032,52380 1,51620 1,
4240001009574_240_00,208731032,52390 2,50950 2,
4240001009574_240_00,208731032,52390 2,72760 0,
4240001009574_240_00,208731032,52390 2,50860 4,
4240001009574_240_00,208731032,52070 0,51990 0,
4240001009574_240_00,208731032,52070 0,72820 0,
4240001009574_240_00,208731032,51620 1,72820 0,
4240001009574_240_00,208731032,51610 1,73250 0,
4240001009574_240_00,208731032,51610 1,51480 0,
4240001009574_240_00,208731032,51610 1,52040 0,
4240001009574_240_00,208731032,51610 1,72150 0,
4240001009574_240_00,208731032,52370 1,51990 0,
4240001009574_240_00,208731032,52370 1,72820 0,
4240001009574_240_00,208731032,75013 1,52050 0,
4240001009574_240_00,208731032,75013 1,50030 5,
4240001009574_240_00,208731032,72760 0,51990 0,
4240001009574_240_00,208731032,50060 6,50540 1,
4240001009574_240_00,208731032,50060 6,50030 8,
4240001009574_240_00,208731032,50060 6,51610 1,
4240001009574_240_00,208731032,50060 6,52050 0,
4240001009574_240_00,208731032,50060 6,50030 5,
4240001009574_240_00,208731032,52050 0,73250 0,
4240001009574_240_00,208731032,52080 3,52060 0,
4240001009574_240_00,208731032,52040 0,50030 8,
4240001009574_240_00,208731032,73010 1,72820 0,
4240001009574_240_00,208731032,73010 1,52040 0,
4240001009574_240_00,208731032,52030 2,51980 0,
4240001009574_240_00,2300128744,73470 0,50030 4,
4240001009574_240_00,2300128744,71230 0,50320 0,
4240001009574_240_00,201880385,50830 0,72740 0,
4240001009574_240_00,201880385,72600 0,50860 0,
4240001009574_240_00,201880385,72600 0,50840 0,
4240001009574_240_00,201880385,72610 0,50050 1,
4240001009574_240_00,201880385,71440 0,72740 0,
4240001009574_240_00,201880385,71440 0,50050 1,
4240001009574_240_00,201880385,50850 0,46044 0,
4240001009574_240_00,201880385,50850 0,72740 0,
4240001009574_240_00,201880385,72560 0,70540 0,
4240001009574_240_00,201880385,46044 0,50060 10,
4240001009574_240_00,201880385,72470 0,70520 0,
4240001009574_240_00,201880385,72630 0,50870 0,
4240001009574_240_00,201880385,72630 0,50850 0,
4240001009574_240_00,201880385,72630 0,50280 0,
4240001009574_240_00,201880385,70540 0,50040 1,
4240001009574_240_00,201880385,50060 10,50020 1,
4240001009574_240_00,201880385,50050 1,50030 1,
4240001009574_240_00,103994292,71980 0,50050 0,
4240001009574_240_00,103994292,74395 0,50320 0,
4240001009574_240_00,103994292,74395 0,72870 0,
4240001009574_240_00,103994292,73470 0,50320 0,
4240001009574_240_00,103994292,74340 0,71980 0,
4240001009574_240_00,103994292,50020 5,50050 0,
4240001009574_240_00,103994292,74390 0,50320 0,
4240001009574_240_00,103994292,74390 0,50050 0,
4240001009574_240_00,103994292,50030 4,50040 0,
4240001009574_240_00,2233809208,50540 1,50940 1,
4240001009574_240_00,2233809208,50540 1,52080 1,
4240001009574_240_00,2233809208,50540 1,50940 0,
4240001009574_240_00,2233809208,50540 1,72325 1,
4240001009574_240_00,2233809208,50940 1,75017 1,
4240001009574_240_00,2233809208,50880 1,75017 1,
4240001009574_240_00,2233809208,52380 1,50950 2,
4240001009574_240_00,2233809208,52390 2,70360 1,
4240001009574_240_00,2233809208,50950 2,47014 3,
4240001009574_240_00,2233809208,50950 2,73010 1,
4240001009574_240_00,2233809208,50060 6,50940 1,
4240001009574_240_00,2233809208,50060 6,50880 1,
4240001009574_240_00,2233809208,50060 6,47014 3,
4240001009574_240_00,2233809208,75017 1,75016 1,
4240001009574_240_00,2233809208,50940 0,52080 1,
4240001009574_240_00,2233809208,50940 0,75016 1,
4240001009574_240_00,2233809208,72325 1,70360 1,
4240001009574_240_00,2233809208,72325 1,75015 1,
4240001009574_240_00,3160249464,75016 0,72325 0,
4240001009574_240_00,3160249464,73010 0,50950 1,
4240001009574_240_00,3160249464,50950 1,50060 6,
4240001009574_240_00,3160249464,50950 1,50880 0,
4240001009574_240_00,3160249464,50950 1,50940 0,
4240001009574_240_00,3160249464,72325 0,52380 0,
4240001009574_240_00,3160249464,72325 0,50540 0,
4240001009574_240_00,3160249464,50940 0,50540 0,
4240001009574_240_00,3160249464,70360 0,52390 3,
4240001009574_240_00,3160249464,75017 0,52080 0,
4240001009574_240_00,3160249464,75017 0,50940 1,
4240001009574_240_00,3160249464,52080 2,73755 0,
4240001009574_240_00,3160249464,47014 0,73010 0,
4240001009574_240_00,3160249464,47014 0,50060 6,
4240001009574_240_00,550332996,70600 0,46048 1,
4240001009574_240_00,3838942938,51980 0,50030 1,
4240001009574_240_00,3838942938,51610 0,50030 1,
4240001009574_240_00,3838942938,50940 1,75030 0,
4240001009574_240_00,3838942938,50940 1,50920 0,
4240001009574_240_00,3838942938,50030 9,50940 0,
4240001009574_240_00,3838942938,51990 0,74010 0,
4240001009574_240_00,3838942938,51980 1,51621 0,
4240001009574_240_00,3838942938,51980 1,51590 0,
4240001009574_240_00,3838942938,51600 1,51980 0,
4240001009574_240_00,3838942938,51600 1,51621 0,
4240001009574_240_00,3838942938,50950 3,51590 0,
4240001009574_240_00,3838942938,51240 3,74010 0,
4240001009574_240_00,3838942938,51240 3,50930 0,
4240001009574_240_00,3838942938,50920 0,52000 0,
4240001009574_240_00,3838942938,51620 1,74010 0,
4240001009574_240_00,3838942938,51620 1,51980 0,
4240001009574_240_00,3838942938,51620 1,52000 0,
4240001009574_240_00,3838942938,51590 1,51980 0,
4240001009574_240_00,3838942938,51590 1,51600 0,
4240001009574_240_00,3838942938,50920 1,50020 2,
4240001009574_240_00,3838942938,50920 1,50950 3,
4240001009574_240_00,3838942938,51621 0,71100 0,
4240001009574_240_00,3838942938,51621 0,51240 999,
4240001009574_240_00,3838942938,71510 0,71100 0,
4240001009574_240_00,3838942938,71510 0,50020 2,
4240001009574_240_00,3838942938,71510 0,51990 0,
4240001009574_240_00,3838942938,71510 0,74020 0,
4240001009574_240_00,3838942938,71510 0,72730 1,
4240001009574_240_00,3838942938,71510 0,51990 1,
4240001009574_240_00,3838942938,71510 0,50020 3,
4240001009574_240_00,3838942938,50910 1,71100 0,
4240001009574_240_00,3838942938,50910 1,50030 8,
4240001009574_240_00,3838942938,50910 1,51621 0,
4240001009574_240_00,3838942938,51580 0,50020 2,
4240001009574_240_00,3838942938,51580 0,51990 0,
4240001009574_240_00,3838942938,51580 0,50910 0,
4240001009574_240_00,3838942938,51580 0,50930 1,
4240001009574_240_00,3838942938,50940 0,72730 1,
4240001009574_240_00,3838942938,50930 0,71100 0,
4240001009574_240_00,3838942938,50930 0,51240 999,
4240001009574_240_00,3838942938,51590 0,50020 2,
4240001009574_240_00,3838942938,51590 0,50030 1,
4240001009574_240_00,3838942938,50930 1,51980 0,
4240001009574_240_00,3838942938,71100 1,50020 2,
4240001009574_240_00,3838942938,71100 1,51990 0,
4240001009574_240_00,3838942938,71100 1,50920 0,
4240001009574_240_00,3838942938,71100 1,51240 999,
4240001009574_240_00,3838942938,71100 1,72730 1,
4240001009574_240_00,3838942938,52000 1,51980 0,
4240001009574_240_00,3838942938,74020 1,51621 0,
4240001009574_240_00,3838942938,51990 1,74010 0,
4240001009574_240_00,3838942938,51990 1,72730 1,
4240001009574_240_00,3838942938,51990 1,50930 1,
4240001009574_240_00,3838942938,24960 7,71100 0,
4240001009574_240_00,3838942938,24960 7,50020 2,
4240001009574_240_00,2300128744,51330 1,73790 1,
4240001009574_240_00,2300128744,50020 0,51330 1,
4240001009574_240_00,2300128744,50020 0,51340 1,
4240001009574_240_00,2300128744,50040 1,73290 1,
4240001009574_240_00,2300128744,71190 0,71220 1,
4240001009574_240_00,2300128744,71190 0,71270 1,
4240001009574_240_00,2300128744,71190 0,71280 1,
4240001009574_240_00,2300128744,50060 3,71190 0,
4240001009574_240_00,2300128744,50060 3,51320 1,
4240001009574_240_00,2300128744,50060 3,51340 1,
4240001009574_240_00,2300128744,51340 1,71210 1,
4240001009574_240_00,2300128744,51410 1,71220 1,
4240001009574_240_00,2300128744,73790 1,71240 1,
4240001009574_240_00,2300128744,50050 1,50030 7,
4240001009574_240_00,2300128744,50050 1,71190 0,
4240001009574_240_00,835754522,71290 0,70380 0,
4240001009574_240_00,835754522,73250 0,72760 0,
4240001009574_240_00,835754522,70380 0,50050 3,
4240001009574_240_00,835754522,51190 0,73250 0,
4240001009574_240_00,835754522,51190 0,73000 0,
4240001009574_240_00,835754522,72150 0,50060 5,
4240001009574_240_00,835754522,50050 3,50060 5,
4240001009574_240_00,3594359697,73185 0,50060 10,
4240001009574_240_00,2300128744,51540 0,22540 0,
4240001009574_240_00,2300128744,71060 0,51540 2,
4240001009574_240_00,2300128744,71230 0,73690 0,
4240001009574_240_00,550332996,74040 0,50101 0,
4240001009574_240_00,1024075922,50330 0,72760 1,
4240001009574_240_00,1024075922,50340 1,72020 1,
4240001009574_240_00,1024075922,50340 1,73840 1,
4240001009574_240_00,1024075922,50350 1,72080 0,
4240001009574_240_00,1024075922,50030 7,52050 1,
4240001009574_240_00,1024075922,50030 7,73800 1,
4240001009574_240_00,1024075922,50020 4,73830 1,
4240001009574_240_00,1024075922,50020 4,73250 1,
4240001009574_240_00,1024075922,73820 1,73850 1,
4240001009574_240_00,1024075922,50040 1,73820 1,
4240001009574_240_00,1024075922,50040 1,73810 1,
4240001009574_240_00,1024075922,50040 1,72760 1,
4240001009574_240_00,1024075922,73720 1,73830 1,
4240001009574_240_00,1024075922,73720 1,73890 1,
4240001009574_240_00,1024075922,72020 1,70670 1,
4240001009574_240_00,1024075922,52050 1,73830 1,
4240001009574_240_00,1024075922,52050 1,73890 1,
4240001009574_240_00,1024075922,52040 1,73800 1,
4240001009574_240_00,1024075922,72080 0,70360 1,
4240001009574_240_00,1024075922,72080 0,73850 1,
4240001009574_240_00,1024075922,72080 0,47014 3,
4240001009574_240_00,1024075922,73840 1,47014 3,
4240001009574_240_00,1024075922,73810 1,73850 1,
4240001009574_240_00,1024075922,73800 1,73830 1,
4240001009574_240_00,1024075922,73800 1,73890 1,
4240001009574_240_00,1024075922,50320 1,52050 1,
4240001009574_240_00,1024075922,50320 1,73890 1,
4240001009574_240_00,1024075922,50320 1,73250 1,
4240001009574_240_00,1024075922,73250 1,52050 1,
4240001009574_240_00,1024075922,73250 1,52030 3,
4240001009574_240_00,1024075922,50050 1,73720 1,
4240001009574_240_00,103994292,50030 7,73780 1,
4240001009574_240_00,103994292,50030 7,74350 1,
4240001009574_240_00,103994292,73470 1,71320 1,
4240001009574_240_00,103994292,74400 1,70940 1,
4240001009574_240_00,103994292,74360 1,70940 1,
4240001009574_240_00,3594359697,73185 0,50060 5,
4240001009574_240_00,2122499709,72850 0,51620 1,
4240001009574_240_00,2300128744,50340 1,50350 1,
4240001009574_240_00,550332996,49015 0,73300 0,
4240001009574_240_00,3594359697,74250 1,55190 1,
4240001009574_240_00,3594359697,25150 1,73950 1,
4240001009574_240_00,3594359697,55190 1,74200 1,
4240001009574_240_00,3884591149,50540 1,50060 999,
4240001009574_240_00,3884591149,52380 1,50940 0,
4240001009574_240_00,3884591149,50950 2,50950 1,
4240001009574_240_00,3884591149,50940 0,50540 0,
4240001009574_240_00,835754522,51190 0,52030 4,
4240001009574_240_00,835754522,74380 0,71620 0,
4240001009574_240_00,550332996,50090 1,74320 1,
4240001009574_240_00,550332996,46044 1,50090 1,
4240001009574_240_00,550332996,50840 1,50102 1,
4240001009574_240_00,550332996,50100 1,50260 1,
4240001009574_240_00,550332996,50100 1,71600 0,
4240001009574_240_00,550332996,50030 2,50860 1,
4240001009574_240_00,550332996,50105 1,50103 1,
4240001009574_240_00,550332996,50830 1,50840 1,
4240001009574_240_00,550332996,50830 1,50101 1,
4240001009574_240_00,550332996,50101 1,50102 1,
4240001009574_240_00,550332996,50280 1,50100 1,
4240001009574_240_00,550332996,50860 1,50101 1,
4240001009574_240_00,550332996,50850 1,50080 1,
4240001009574_240_00,550332996,50060 11,50105 1,
4240001009574_240_00,206984685,50880 1,52370 1,
4240001009574_240_00,206984685,52380 1,50940 0,
4240001009574_240_00,206984685,50060 6,52380 1,
4240001009574_240_00,3013652431,50060 12,51991 0,
4240001009574_240_00,3013652431,51991 0,52140 1,
4240001009574_240_00,3013652431,52140 1,50340 1,
4240001009574_240_00,2355023358,25150 0,74240 0,
4240001009574_240_00,2355023358,55200 0,74240 0,
4240001009574_240_00,550332996,72500 0,50271 1,
4240001009574_240_00,550332996,71420 0,70150 1,
4240001009574_240_00,550332996,71420 0,71560 1,
4240001009574_240_00,550332996,71560 0,72400 1,
4240001009574_240_00,550332996,72610 1,72790 1,
4240001009574_240_00,550332996,72610 1,71600 0,
4240001009574_240_00,550332996,72630 3,72500 1,
4240001009574_240_00,550332996,51010 1,72610 1,
4240001009574_240_00,550332996,50030 2,72630 3,
4240001009574_240_00,550332996,50830 1,71440 1,
4240001009574_240_00,550332996,70540 1,70030 1,
4240001009574_240_00,550332996,70540 1,70800 1,
4240001009574_240_00,550332996,71440 1,70540 1,
4240001009574_240_00,550332996,50860 1,71440 1,
4240001009574_240_00,3594359697,55170 1,74200 1,
4240001009574_240_00,3594359697,50320 1,71460 1,
4240001009574_240_00,2355023358,74230 1,55200 1,
4240001009574_240_00,2355023358,74230 1,25150 1,
4240001009574_240_00,2355023358,70020 1,25150 1,
4240001009574_240_00,2355023358,70560 1,25150 1,
4240001009574_240_00,2355023358,74250 1,25150 1,
4240001009574_240_00,2355023358,51403 1,55200 1,
4240001009574_240_00,835754522,50060 9,52130 1,
4240001009574_240_00,835754522,52130 1,72120 1,
4240001009574_240_00,835754522,50050 2,73190 1,
4240001009574_240_00,835754522,50050 2,72760 1,
4240001009574_240_00,835754522,73000 1,51190 1,
4240001009574_240_00,835754522,72150 1,71620 1,
4240001009574_240_00,835754522,73250 1,70930 1,
4240001009574_240_00,835754522,73250 1,52030 1,
4240001009574_240_00,550332996,50860 2,51010 0,
4240001009574_240_00,550332996,72630 2,50860 2,
4240001009574_240_00,550332996,72810 0,73610 0,
4240001009574_240_00,550332996,70030 0,72610 0,
4240001009574_240_00,550332996,50850 0,50030 3,
4240001009574_240_00,550332996,50280 0,50030 3,
4240001009574_240_00,409958912,51330 1,71480 1,
4240001009574_240_00,409958912,50030 7,75030 1,
4240001009574_240_00,409958912,50020 0,51340 1,
4240001009574_240_00,409958912,50020 0,71990 1,
4240001009574_240_00,409958912,50040 1,73660 1,
4240001009574_240_00,409958912,50040 1,51320 3,
4240001009574_240_00,409958912,56410 1,75030 1,
4240001009574_240_00,409958912,56410 1,73650 1,
4240001009574_240_00,409958912,56560 1,73680 1,
4240001009574_240_00,409958912,73680 1,73650 1,
4240001009574_240_00,409958912,75030 1,73680 1,
4240001009574_240_00,409958912,51340 1,73650 1,
4240001009574_240_00,409958912,71990 1,73670 1,
4240001009574_240_00,409958912,75040 1,56560 1,
4240001009574_240_00,409958912,50060 13,73460 1,
4240001009574_240_00,409958912,50020 7,56410 1,
4240001009574_240_00,409958912,50020 7,75040 1,
4240001009574_240_00,409958912,50050 1,75030 1,
4240001009574_240_00,409958912,51320 3,73460 1,
4240001009574_240_00,409958912,51320 3,75040 1,
4240001009574_240_00,3884591149,50880 1,51620 1,
4240001009574_240_00,3884591149,51620 1,51621 0,
4240001009574_240_00,1004470243,50350 0,50050 3,
4240001009574_240_00,409958912,73460 0,50020 5,
4240001009574_240_00,409958912,50030 4,50050 0,
4240001009574_240_00,3175822612,51980 0,74010 0,
4240001009574_240_00,3175822612,71100 0,51240 3,
4240001009574_240_00,3175822612,50020 2,71100 0,
4240001009574_240_00,3175822612,52380 0,74020 0,
4240001009574_240_00,3175822612,50950 0,50940 0,
4240001009574_240_00,3175822612,52370 0,71100 0,
4240001009574_240_00,3175822612,52370 0,50900 0,
4240001009574_240_00,3175822612,51991 0,74020 0,
4240001009574_240_00,3175822612,50900 0,71100 0,
4240001009574_240_00,3175822612,50900 0,51240 3,
4240001009574_240_00,3175822612,50900 0,50030 1,
4240001009574_240_00,3594359697,73280 1,75042 1,
4240001009574_240_00,3594359697,73400 1,75042 1,
4240001009574_240_00,3175822612,51991 1,52390 1,
4240001009574_240_00,3175822612,50030 9,73015 1,
4240001009574_240_00,3175822612,71510 0,52370 1,
4240001009574_240_00,3175822612,71510 0,52390 1,
4240001009574_240_00,3175822612,52390 1,50940 1,
4240001009574_240_00,3175822612,74020 1,50030 9,
4240001009574_240_00,3175822612,50020 3,52370 1,
4240001009574_240_00,3175822612,50020 3,24960 7,
4240001009574_240_00,3175822612,24960 7,50940 1,
4240001009574_240_00,550332996,50860 0,50030 3,
4240001009574_240_00,550332996,72610 0,72740 0,
4240001009574_240_00,550332996,50840 0,51010 0,
4240001009574_240_00,550332996,50850 0,72740 0,
4240001009574_240_00,550332996,70540 0,51010 0,
4240001009574_240_00,409958912,73650 0,75030 0,
4240001009574_240_00,409958912,73650 0,73680 0,
4240001009574_240_00,409958912,73670 0,73460 0,
4240001009574_240_00,409958912,71480 0,56570 0,
4240001009574_240_00,409958912,71480 0,51320 0,
4240001009574_240_00,409958912,71480 0,50030 4,
4240001009574_240_00,409958912,73680 0,50040 0,
4240001009574_240_00,409958912,73680 0,50030 4,
4240001009574_240_00,409958912,73660 0,50050 0,
4240001009574_240_00,409958912,73660 0,50020 5,
4240001009574_240_00,3594359697,73950 0,50060 5,
4240001009574_240_00,3594359697,73390 0,73990 0,
4240001009574_240_00,345268387,50540 1,73010 0,
4240001009574_240_00,345268387,50540 1,50940 1,
4240001009574_240_00,345268387,50540 1,52390 2,
4240001009574_240_00,345268387,50540 1,50880 0,
4240001009574_240_00,345268387,73010 0,73755 0,
4240001009574_240_00,345268387,52080 0,52390 3,
4240001009574_240_00,345268387,73765 0,52370 0,
4240001009574_240_00,345268387,50880 1,73755 0,
4240001009574_240_00,345268387,52390 3,50880 0,
4240001009574_240_00,345268387,52060 1,72325 0,
4240001009574_240_00,345268387,52380 1,52380 0,
4240001009574_240_00,345268387,52380 1,52370 0,
4240001009574_240_00,345268387,52380 1,73695 0,
4240001009574_240_00,345268387,73755 1,50540 0,
4240001009574_240_00,345268387,52390 2,52380 0,
4240001009574_240_00,345268387,52390 2,52390 3,
4240001009574_240_00,345268387,50060 6,50540 1,
4240001009574_240_00,345268387,50060 6,50880 1,
4240001009574_240_00,345268387,50060 6,50060 999,
4240001009574_240_00,345268387,50060 6,52070 1,
4240001009574_240_00,345268387,52050 1,50060 999,
4240001009574_240_00,345268387,52050 1,52070 1,
4240001009574_240_00,345268387,50940 0,52390 3,
4240001009574_240_00,2355023358,55200 1,50050 1,
4240001009574_240_00,409958912,56580 0,51792 0,
4240001009574_240_00,550332996,72780 0,50100 0,
4240001009574_240_00,550332996,50080 0,50060 4,
4240001009574_240_00,550332996,74320 0,50101 0,
4240001009574_240_00,2090219850,75020 1,52380 0,
4240001009574_240_00,2090219850,75020 1,50540 0,
4240001009574_240_00,2090219850,50030 9,75020 1,
4240001009574_240_00,2090219850,50030 9,52080 0,
4240001009574_240_00,2090219850,50030 9,50950 1,
4240001009574_240_00,2090219850,50030 9,52050 1,
4240001009574_240_00,2090219850,50030 9,52040 1,
4240001009574_240_00,2090219850,51980 1,52390 3,
4240001009574_240_00,2090219850,50860 2,52080 0,
4240001009574_240_00,2090219850,50860 2,50950 1,
4240001009574_240_00,2090219850,50860 2,73250 1,
4240001009574_240_00,2090219850,50860 2,51990 1,
4240001009574_240_00,2090219850,51480 1,52070 1,
4240001009574_240_00,2090219850,51480 1,72150 1,
4240001009574_240_00,2090219850,51480 1,51610 2,
4240001009574_240_00,2090219850,51480 1,52030 3,
4240001009574_240_00,2090219850,51480 1,72760 1,
4240001009574_240_00,2090219850,52050 1,50060 14,
4240001009574_240_00,2090219850,52040 1,52370 0,
4240001009574_240_00,2090219850,52070 1,50060 14,
4240001009574_240_00,2090219850,52070 1,50540 0,
4240001009574_240_00,2090219850,73250 1,50950 1,
4240001009574_240_00,2090219850,73250 1,52050 1,
4240001009574_240_00,2090219850,52030 3,51620 2,
4240001009574_240_00,2090219850,72760 1,52380 0,
4240001009574_240_00,2090219850,51990 1,73010 0,
4240001009574_240_00,2090219850,51990 1,52080 0,
4240001009574_240_00,2090219850,51990 1,73250 1,
4240001009574_240_00,2090219850,75013 0,50060 14,
4240001009574_240_00,2090219850,75013 0,50540 0,
4240001009574_240_00,3838942938,71510 0,51580 0,
4240001009574_240_00,3838942938,51990 1,50920 1,
4240001009574_240_00,3594359697,50060 3,73185 1,
4240001009574_240_00,919776449,50350 1,72120 0,
4240001009574_240_00,919776449,51350 0,72120 0,
4240001009574_240_00,2122499709,72850 0,51580 0,
4240001009574_240_00,2122499709,51610 0,50060 999,
4240001009574_240_00,2122499709,71630 0,52000 0,
4240001009574_240_00,2122499709,51990 0,72820 0,
4240001009574_240_00,2122499709,51980 1,51980 0,
4240001009574_240_00,2122499709,51980 1,51480 0,
4240001009574_240_00,2122499709,51600 0,72820 0,
4240001009574_240_00,2122499709,51600 0,50030 8,
4240001009574_240_00,2122499709,50920 0,51990 0,
4240001009574_240_00,2122499709,50920 0,50910 0,
4240001009574_240_00,2122499709,51610 1,51980 0,
4240001009574_240_00,2122499709,51610 1,50060 999,
4240001009574_240_00,2122499709,51590 1,72820 0,
4240001009574_240_00,2122499709,51590 1,50910 0,
4240001009574_240_00,2122499709,51590 1,50920 0,
4240001009574_240_00,2122499709,50920 1,51480 0,
4240001009574_240_00,2122499709,51621 0,50930 0,
4240001009574_240_00,2122499709,51580 0,50910 1,
4240001009574_240_00,2122499709,50930 0,51590 0,
4240001009574_240_00,2122499709,51590 0,50060 999,
4240001009574_240_00,2122499709,52000 1,72820 0,
4240001009574_240_00,2122499709,50060 0,51980 0,
4240001009574_240_00,2122499709,50060 0,51610 0,
4240001009574_240_00,2122499709,50060 0,52000 0,
4240001009574_240_00,2122499709,50060 0,50030 5,
4240001009574_240_00,2300128744,51550 0,73290 0,
4240001009574_240_00,2300128744,51540 2,51320 0,
4240001009574_240_00,2300128744,51540 2,73290 0,
4240001009574_240_00,2300128744,73790 0,51330 0,
4240001009574_240_00,2300128744,51540 0,51410 0,
4240001009574_240_00,2300128744,73290 0,50040 0,
4240001009574_240_00,2300128744,73290 0,50030 4,
4240001009574_240_00,2300128744,71210 0,51410 0,
4240001009574_240_00,2300128744,71220 0,71410 0,
4240001009574_240_00,2300128744,51330 0,50040 0,
4240001009574_240_00,2300128744,51330 0,50050 0,
4240001009574_240_00,2300128744,51330 0,50020 5,
4240001009574_240_00,2300128744,51330 0,50030 4,
4240001009574_240_00,2300128744,51410 0,51320 0,
4240001009574_240_00,2300128744,51410 0,50060 5,
4240001009574_240_00,2300128744,51410 0,50030 4,
4240001009574_240_00,3594359697,73950 0,50060 10,
4240001009574_240_00,2300128744,51055 5,51550 0,
4240001009574_240_00,2300128744,71280 0,70920 0,
4240001009574_240_00,1024075922,73810 0,50340 0,
4240001009574_240_00,1024075922,73810 0,50060 5,
4240001009574_240_00,1024075922,50020 2,50060 5,
4240001009574_240_00,1024075922,73850 0,73800 0,
4240001009574_240_00,1024075922,73850 0,51480 0,
4240001009574_240_00,1024075922,73850 0,72020 0,
4240001009574_240_00,1024075922,73850 0,73830 0,
4240001009574_240_00,1024075922,70670 0,73850 0,
4240001009574_240_00,1024075922,70670 0,50320 0,
4240001009574_240_00,1024075922,70670 0,52040 0,
4240001009574_240_00,1024075922,73800 0,72020 0,
4240001009574_240_00,1024075922,72760 0,50350 0,
4240001009574_240_00,1024075922,52040 0,50340 0,
4240001009574_240_00,1024075922,50340 0,56530 0,
4240001009574_240_00,1024075922,70360 0,50020 2,
4240001009574_240_00,1024075922,70360 0,72820 0,
4240001009574_240_00,1024075922,73830 0,73250 0,
4240001009574_240_00,1024075922,73890 0,50320 0,
4240001009574_240_00,1024075922,73720 0,50020 2,
4240001009574_240_00,1024075922,73720 0,50320 0,
4240001009574_240_00,1024075922,47014 0,50340 0,
4240001009574_240_00,1024075922,47014 0,50060 5,
4240001009574_240_00,103994292,71980 1,74360 1,
4240001009574_240_00,103994292,71980 1,74390 1,
4240001009574_240_00,103994292,50020 4,74390 1,
4240001009574_240_00,103994292,73410 1,74330 1,
4240001009574_240_00,103994292,50320 1,74390 1,
4240001009574_240_00,103994292,72870 1,74330 1,
4240001009574_240_00,103994292,72870 1,74410 1,
4240001009574_240_00,103994292,72530 1,74395 1,
4240001009574_240_00,103994292,70940 0,71350 0,
4240001009574_240_00,103994292,72530 0,71320 0,
4240001009574_240_00,103994292,74410 0,50050 0,
4240001009574_240_00,103994292,74410 0,72530 0,
4240001009574_240_00,103994292,74350 0,72870 0,
4240001009574_240_00,103994292,73780 0,73410 0,
4240001009574_240_00,103994292,71350 0,71980 0,
4240001009574_240_00,103994292,71350 0,50030 4,
4240001009574_240_00,3594359697,73950 0,55180 0,
4240001009574_240_00,542189229,50940 0,50540 0,
4240001009574_240_00,2355023358,25150 0,55200 0,
4240001009574_240_00,2355023358,50040 0,55170 0,
4240001009574_240_00,201880385,46044 1,72610 1,
4240001009574_240_00,201880385,46044 1,50860 1,
4240001009574_240_00,201880385,50040 0,50830 1,
4240001009574_240_00,201880385,50040 0,50050 0,
4240001009574_240_00,201880385,72610 1,72470 1,
4240001009574_240_00,201880385,72610 1,72630 1,
4240001009574_240_00,201880385,72610 1,73450 1,
4240001009574_240_00,201880385,50840 1,50850 1,
4240001009574_240_00,201880385,70540 1,73430 1,
4240001009574_240_00,201880385,50030 11,50840 1,
4240001009574_240_00,201880385,50030 11,70540 1,
4240001009574_240_00,201880385,50030 11,50860 1,
4240001009574_240_00,201880385,50030 11,70520 1,
4240001009574_240_00,201880385,50050 0,50830 1,
4240001009574_240_00,201880385,71440 1,72560 1,
4240001009574_240_00,201880385,71440 1,73430 1,
4240001009574_240_00,201880385,71440 1,70520 1,
4240001009574_240_00,201880385,50280 1,72600 1,
4240001009574_240_00,201880385,50860 1,70540 1,
4240001009574_240_00,201880385,50860 1,70520 1,
4240001009574_240_00,201880385,50850 1,72610 1,
4240001009574_240_00,201880385,50850 1,71440 1,
4240001009574_240_00,201880385,50850 1,50860 1,
4240001009574_240_00,201880385,50850 1,70520 1,
4240001009574_240_00,201880385,70520 1,72610 1,
4240001009574_240_00,201880385,70520 1,72630 1,
4240001009574_240_00,201880385,50060 11,70540 1,
4240001009574_240_00,201880385,50060 11,72630 1,
4240001009574_240_00,201880385,50060 11,70520 1,
4240001009574_240_00,208731032,50540 1,72820 0,
4240001009574_240_00,208731032,50540 1,52080 3,
4240001009574_240_00,208731032,50940 1,51480 0,
4240001009574_240_00,208731032,50940 1,51620 1,
4240001009574_240_00,208731032,50940 1,52000 0,
4240001009574_240_00,208731032,50880 1,75013 1,
4240001009574_240_00,208731032,52380 1,52070 0,
4240001009574_240_00,208731032,52380 1,73010 1,
4240001009574_240_00,208731032,52390 2,73010 1,
4240001009574_240_00,208731032,52070 0,72150 0,
4240001009574_240_00,208731032,50950 2,51620 1,
4240001009574_240_00,208731032,50950 2,75013 1,
4240001009574_240_00,208731032,50950 2,72760 0,
4240001009574_240_00,208731032,51610 1,52060 0,
4240001009574_240_00,208731032,51610 1,72820 0,
4240001009574_240_00,208731032,51610 1,73010 1,
4240001009574_240_00,208731032,52370 1,72150 0,
4240001009574_240_00,208731032,75013 1,51980 0,
4240001009574_240_00,208731032,75013 1,72760 0,
4240001009574_240_00,208731032,75013 1,52030 2,
4240001009574_240_00,208731032,50060 6,50880 1,
4240001009574_240_00,208731032,50060 6,50950 2,
4240001009574_240_00,208731032,50060 6,75013 1,
4240001009574_240_00,208731032,52080 3,51980 0,
4240001009574_240_00,208731032,52080 3,52030 2,
4240001009574_240_00,208731032,52040 0,72760 0,
4240001009574_240_00,208731032,72150 0,50860 4,
4240001009574_240_00,208731032,73010 1,52060 0,
4240001009574_240_00,208731032,73010 1,50030 8,
4240001009574_240_00,208731032,73010 1,52070 0,
4240001009574_240_00,208731032,73010 1,50860 4,
4240001009574_240_00,201880385,73450 0,72610 0,
4240001009574_240_00,201880385,50860 0,50030 1,
4240001009574_240_00,201880385,50860 0,50850 0,
4240001009574_240_00,201880385,50860 0,72740 0,
4240001009574_240_00,201880385,72600 0,50060 10,
4240001009574_240_00,201880385,72600 0,50050 1,
4240001009574_240_00,201880385,72610 0,70520 0,
4240001009574_240_00,201880385,72610 0,50870 0,
4240001009574_240_00,201880385,50850 0,50040 1,
4240001009574_240_00,201880385,46044 0,50050 1,
4240001009574_240_00,201880385,72660 0,50860 0,
4240001009574_240_00,201880385,72630 0,72740 0,
4240001009574_240_00,201880385,72040 0,72610 0,
4240001009574_240_00,103994292,74395 0,74400 0,
4240001009574_240_00,103994292,74410 0,50040 0,
4240001009574_240_00,103994292,74390 0,50040 0,
4240001009574_240_00,103994292,74390 0,72530 0,
4240001009574_240_00,2233809208,50940 1,75015 1,
4240001009574_240_00,2233809208,50880 1,47014 3,
4240001009574_240_00,2233809208,52080 1,75018 1,
4240001009574_240_00,2233809208,52380 1,72325 1,
4240001009574_240_00,2233809208,73755 1,75018 1,
4240001009574_240_00,2233809208,50950 2,75017 1,
4240001009574_240_00,2233809208,50950 2,70360 1,
4240001009574_240_00,2233809208,52370 1,72325 1,
4240001009574_240_00,2233809208,52370 1,75018 1,
4240001009574_240_00,2233809208,50060 6,50540 1,
4240001009574_240_00,2233809208,50060 6,75019 1,
4240001009574_240_00,2233809208,50060 6,75017 1,
4240001009574_240_00,2233809208,50060 6,70360 1,
4240001009574_240_00,2233809208,50060 6,75015 1,
4240001009574_240_00,2233809208,75017 1,70360 1,
4240001009574_240_00,2233809208,50940 0,73755 1,
4240001009574_240_00,2233809208,50940 0,47014 3,
4240001009574_240_00,2233809208,75018 1,75015 1,
4240001009574_240_00,2233809208,75018 1,75016 1,
4240001009574_240_00,3160249464,75016 0,50060 6,
4240001009574_240_00,3160249464,73010 0,50880 0,
4240001009574_240_00,3160249464,73010 0,52370 0,
4240001009574_240_00,3160249464,52080 0,50540 0,
4240001009574_240_00,3160249464,73755 0,50950 1,
4240001009574_240_00,3160249464,75018 0,72325 0,
4240001009574_240_00,3160249464,75018 0,50880 0,
4240001009574_240_00,3160249464,75018 0,52080 2,
4240001009574_240_00,3160249464,52390 3,50540 0,
4240001009574_240_00,3160249464,52370 0,50060 6,
4240001009574_240_00,3160249464,70360 0,75016 0,
4240001009574_240_00,3160249464,70360 0,50060 6,
4240001009574_240_00,3160249464,75017 0,73010 0,
4240001009574_240_00,3160249464,52080 2,52370 0,
4240001009574_240_00,3160249464,47014 0,50540 0,
4240001009574_240_00,3160249464,47014 0,50940 0,
4240001009574_240_00,3160249464,75015 0,50940 1,
4240001009574_240_00,3160249464,75015 0,50060 6,
4240001009574_240_00,3838942938,51980 0,50030 8,
4240001009574_240_00,3838942938,51610 0,74020 0,
4240001009574_240_00,3838942938,51610 0,72730 1,
4240001009574_240_00,3838942938,72730 0,74010 0,
4240001009574_240_00,3838942938,72730 0,50020 2,
4240001009574_240_00,3838942938,72730 0,50030 1,
4240001009574_240_00,3838942938,72730 0,74020 0,
4240001009574_240_00,3838942938,50940 1,74010 0,
4240001009574_240_00,3838942938,50940 1,50930 0,
4240001009574_240_00,3838942938,50030 9,51610 0,
4240001009574_240_00,3838942938,50030 9,51621 0,
4240001009574_240_00,3838942938,50030 9,72730 1,
4240001009574_240_00,3838942938,50030 9,51990 1,
4240001009574_240_00,3838942938,51980 1,50950 3,
4240001009574_240_00,3838942938,50950 3,50030 8,
4240001009574_240_00,3838942938,51240 3,51600 0,
4240001009574_240_00,3838942938,51240 3,50930 1,
4240001009574_240_00,3838942938,51620 1,50920 0,
4240001009574_240_00,3838942938,51610 1,71100 0,
4240001009574_240_00,3838942938,51610 1,51990 0,
4240001009574_240_00,3838942938,51590 1,50920 0,
4240001009574_240_00,3838942938,51590 1,50920 1,
4240001009574_240_00,3838942938,51590 1,50930 0,
4240001009574_240_00,3838942938,50920 1,50030 1,
4240001009574_240_00,3838942938,50920 1,72730 1,
4240001009574_240_00,3838942938,51621 0,50020 2,
4240001009574_240_00,3838942938,51621 0,50910 0,
4240001009574_240_00,3838942938,51621 0,72730 1,
4240001009574_240_00,3838942938,71510 0,51600 0,
4240001009574_240_00,3838942938,71510 0,51620 1,
4240001009574_240_00,3838942938,50910 1,51610 1,
4240001009574_240_00,3838942938,50910 1,52000 0,
4240001009574_240_00,3838942938,51580 0,50030 8,
4240001009574_240_00,3838942938,51580 0,50030 1,
4240001009574_240_00,3838942938,51580 0,51610 1,
4240001009574_240_00,3838942938,74010 1,51980 0,
4240001009574_240_00,3838942938,74010 1,51600 0,
4240001009574_240_00,3838942938,74010 1,50940 0,
4240001009574_240_00,3838942938,74010 1,51590 0,
4240001009574_240_00,3838942938,74010 1,52000 0,
4240001009574_240_00,3838942938,50930 1,50930 0,
4240001009574_240_00,3838942938,71100 1,51620 1,
4240001009574_240_00,3838942938,71100 1,50940 0,
4240001009574_240_00,3838942938,52000 1,50030 8,
4240001009574_240_00,3838942938,74020 1,50940 0,
4240001009574_240_00,3838942938,51990 1,51610 0,
4240001009574_240_00,3838942938,51990 1,50910 0,
4240001009574_240_00,3838942938,51990 1,50030 1,
4240001009574_240_00,3838942938,50020 3,51610 1,
4240001009574_240_00,3838942938,50020 3,52000 0,
4240001009574_240_00,3838942938,24960 7,50920 0,
4240001009574_240_00,2300128744,71410 1,51550 1,
4240001009574_240_00,2300128744,71410 1,71280 1,
4240001009574_240_00,2300128744,71410 1,51410 1,
4240001009574_240_00,2300128744,51330 1,71210 1,
4240001009574_240_00,2300128744,50020 0,51410 1,
4240001009574_240_00,2300128744,50040 1,71410 1,
4240001009574_240_00,2300128744,50040 1,73790 1,
4240001009574_240_00,2300128744,73290 1,71220 1,
4240001009574_240_00,2300128744,73290 1,71060 1,
4240001009574_240_00,2300128744,51320 1,51410 1,
4240001009574_240_00,2300128744,51340 1,71190 0,
4240001009574_240_00,2300128744,51410 1,71210 1,
4240001009574_240_00,2300128744,73790 1,71220 1,
4240001009574_240_00,2300128744,73790 1,71190 0,
4240001009574_240_00,2300128744,73790 1,71210 1,
4240001009574_240_00,2300128744,73790 1,71270 1,
4240001009574_240_00,2300128744,73790 1,71060 1,
4240001009574_240_00,2300128744,50020 7,71410 1,
4240001009574_240_00,2300128744,50050 1,51340 1,
4240001009574_240_00,2300128744,50050 1,73790 1,
4240001009574_240_00,835754522,73250 0,72120 0,
4240001009574_240_00,835754522,70380 0,73250 0,
4240001009574_240_00,835754522,51190 0,52030 2,
4240001009574_240_00,835754522,51190 0,72120 0,
4240001009574_240_00,835754522,71620 0,52130 0,
4240001009574_240_00,835754522,71620 0,50060 5,
4240001009574_240_00,835754522,71620 0,50050 3,
4240001009574_240_00,835754522,74380 0,73250 0,
4240001009574_240_00,835754522,74380 0,50060 5,
4240001009574_240_00,835754522,70930 0,50050 3,
4240001009574_240_00,835754522,72150 0,72120 0,
4240001009574_240_00,835754522,52030 2,50060 5,
4240001009574_240_00,2300128744,70920 0,50040 0,
4240001009574_240_00,550332996,74040 0,50090 0,
4240001009574_240_00,550332996,74040 0,50080 0,
4240001009574_240_00,550332996,72280 0,50100 0,
4240001009574_240_00,1024075922,50330 0,52050 1,
4240001009574_240_00,1024075922,50330 0,72080 0,
4240001009574_240_00,1024075922,50340 1,70670 1,
4240001009574_240_00,1024075922,50340 1,73830 1,
4240001009574_240_00,1024075922,50030 7,50330 0,
4240001009574_240_00,1024075922,50030 7,73890 1,
4240001009574_240_00,1024075922,50020 4,72020 1,
4240001009574_240_00,1024075922,50020 4,73850 1,
4240001009574_240_00,1024075922,73820 1,73830 1,
4240001009574_240_00,1024075922,50040 1,50030 7,
4240001009574_240_00,1024075922,50040 1,52050 1,
4240001009574_240_00,1024075922,50040 1,52030 3,
4240001009574_240_00,1024075922,73720 1,70670 1,
4240001009574_240_00,1024075922,72020 1,73840 1,
4240001009574_240_00,1024075922,72080 0,70670 1,
4240001009574_240_00,1024075922,50060 3,73720 1,
4240001009574_240_00,1024075922,50060 3,52040 1,
4240001009574_240_00,1024075922,50320 1,50330 0,
4240001009574_240_00,1024075922,50320 1,70670 1,
4240001009574_240_00,1024075922,73250 1,73820 1,
4240001009574_240_00,1024075922,73250 1,73890 1,
4240001009574_240_00,1024075922,52030 3,73810 1,
4240001009574_240_00,1024075922,50050 1,52040 1,
4240001009574_240_00,1024075922,50050 1,72080 0,
4240001009574_240_00,1024075922,50050 1,73250 1,
4240001009574_240_00,103994292,50020 4,73780 1,
4240001009574_240_00,103994292,74330 1,70940 1,
4240001009574_240_00,103994292,71320 1,73780 1,
4240001009574_240_00,550332996,70590 0,72030 0,
4240001009574_240_00,3884591149,51610 0,52380 0,
4240001009574_240_00,3884591149,51610 0,50950 1,
4240001009574_240_00,3884591149,52390 2,50940 0,
4240001009574_240_00,3884591149,52370 1,50940 0,
4240001009574_240_00,835754522,71290 0,52030 4,
4240001009574_240_00,835754522,70930 0,52030 4,
4240001009574_240_00,550332996,50090 1,50105 1,
4240001009574_240_00,550332996,50090 1,72800 1,
4240001009574_240_00,550332996,46044 1,50101 1,
4240001009574_240_00,550332996,50100 1,50101 1,
4240001009574_240_00,550332996,51010 1,50090 1,
4240001009574_240_00,550332996,50030 2,50100 1,
4240001009574_240_00,550332996,50080 1,50105 1,
4240001009574_240_00,550332996,50860 1,50100 1,
4240001009574_240_00,550332996,50860 1,50102 1,
4240001009574_240_00,550332996,50060 11,50100 1,
4240001009574_240_00,206984685,50880 1,52380 1,
4240001009574_240_00,206984685,52380 1,50950 3,
4240001009574_240_00,206984685,52390 2,52370 1,
4240001009574_240_00,3013652431,52130 1,52960 1,
4240001009574_240_00,3013652431,50050 2,52960 1,
4240001009574_240_00,3013652431,51991 0,52960 1,
4240001009574_240_00,2355023358,75041 0,55190 0,
4240001009574_240_00,2355023358,55200 0,51404 0,
4240001009574_240_00,2355023358,55190 0,74230 0,
4240001009574_240_00,550332996,70150 0,71420 1,
4240001009574_240_00,550332996,50030 2,72610 1,
4240001009574_240_00,550332996,70540 1,72630 3,
4240001009574_240_00,550332996,50860 1,70540 1,
4240001009574_240_00,550332996,50850 1,72630 3,
4240001009574_240_00,2355023358,70560 1,55200 1,
4240001009574_240_00,2355023358,51403 1,25150 1,
4240001009574_240_00,2355023358,51401 1,55200 1,
4240001009574_240_00,2355023358,51404 1,55190 1,
4240001009574_240_00,835754522,72120 1,73000 1,
4240001009574_240_00,835754522,72120 1,73190 1,
4240001009574_240_00,835754522,50060 9,71620 1,
4240001009574_240_00,835754522,50050 2,73000 1,
4240001009574_240_00,835754522,73000 1,70930 1,
4240001009574_240_00,835754522,73000 1,73190 1,
4240001009574_240_00,835754522,72150 1,73190 1,
4240001009574_240_00,835754522,73250 1,74370 1,
4240001009574_240_00,835754522,72760 1,51190 1,
4240001009574_240_00,550332996,50870 0,72740 0,
4240001009574_240_00,409958912,50030 7,50020 0,
4240001009574_240_00,409958912,50020 0,75030 1,
4240001009574_240_00,409958912,50040 1,73650 1,
4240001009574_240_00,409958912,73660 1,71990 1,
4240001009574_240_00,409958912,56560 1,73660 1,
4240001009574_240_00,409958912,71480 1,73670 1,
4240001009574_240_00,409958912,51340 1,56410 1,
4240001009574_240_00,409958912,51340 1,73670 1,
4240001009574_240_00,409958912,75040 1,73680 1,
4240001009574_240_00,409958912,50060 13,75040 1,
4240001009574_240_00,409958912,50050 1,50020 0,
4240001009574_240_00,409958912,50050 1,73680 1,
4240001009574_240_00,409958912,51320 3,73660 1,
4240001009574_240_00,409958912,51320 3,56410 1,
4240001009574_240_00,409958912,51320 3,71480 1,
4240001009574_240_00,1004470243,50350 0,50060 1,
4240001009574_240_00,409958912,56580 0,73460 0,
4240001009574_240_00,409958912,56580 0,51320 2,
4240001009574_240_00,409958912,56580 0,56560 0,
4240001009574_240_00,409958912,75030 0,73460 0,
4240001009574_240_00,409958912,73640 0,73460 0,
4240001009574_240_00,409958912,73640 0,51320 0,
4240001009574_240_00,3175822612,51980 0,50030 8,
4240001009574_240_00,3175822612,50020 2,74020 0,
4240001009574_240_00,3175822612,50950 0,74010 0,
4240001009574_240_00,3175822612,50950 0,51240 3,
4240001009574_240_00,3175822612,50950 0,74020 0,
4240001009574_240_00,3175822612,50030 8,71100 0,
4240001009574_240_00,3175822612,50940 0,74010 0,
4240001009574_240_00,3175822612,50940 0,52380 0,
4240001009574_240_00,3175822612,51991 0,51240 3,
4240001009574_240_00,3175822612,51991 0,50030 1,
4240001009574_240_00,3175822612,52390 0,50030 8,
4240001009574_240_00,3175822612,52390 0,74020 0,
4240001009574_240_00,3175822612,52390 0,50900 0,
4240001009574_240_00,3594359697,50040 1,75042 1,
4240001009574_240_00,3594359697,50060 3,75042 1,
4240001009574_240_00,3594359697,50050 1,75042 1,
4240001009574_240_00,3175822612,51991 1,50940 1,
4240001009574_240_00,3175822612,50030 9,51980 1,
4240001009574_240_00,3175822612,50030 9,52380 1,
4240001009574_240_00,3175822612,51240 3,51980 1,
4240001009574_240_00,3175822612,51240 3,71510 0,
4240001009574_240_00,3175822612,50900 1,50940 1,
4240001009574_240_00,3175822612,71100 1,51980 1,
4240001009574_240_00,3175822612,71100 1,73015 1,
4240001009574_240_00,3175822612,74020 1,52380 1,
4240001009574_240_00,3175822612,50020 3,50030 9,
4240001009574_240_00,3175822612,50020 3,52380 1,
4240001009574_240_00,3175822612,24960 7,73015 1,
4240001009574_240_00,550332996,72790 0,71440 0,
4240001009574_240_00,409958912,73650 0,50040 0,
4240001009574_240_00,409958912,71990 0,73680 0,
4240001009574_240_00,409958912,71990 0,51330 0,
4240001009574_240_00,409958912,73670 0,56560 0,
4240001009574_240_00,409958912,73670 0,71480 0,
4240001009574_240_00,409958912,71480 0,51320 2,
4240001009574_240_00,409958912,71480 0,56560 0,
4240001009574_240_00,409958912,73680 0,50020 5,
4240001009574_240_00,409958912,73660 0,75040 0,
4240001009574_240_00,409958912,73660 0,56410 0,
4240001009574_240_00,345268387,50540 1,50880 1,
4240001009574_240_00,345268387,50540 1,50950 2,
4240001009574_240_00,345268387,50540 1,72325 0,
4240001009574_240_00,345268387,50540 1,73695 0,
4240001009574_240_00,345268387,52080 0,52370 0,
4240001009574_240_00,345268387,50940 1,73765 0,
4240001009574_240_00,345268387,50940 1,52380 0,
4240001009574_240_00,345268387,50940 1,52060 1,
4240001009574_240_00,345268387,52380 0,50880 0,
4240001009574_240_00,345268387,52380 1,73010 0,
4240001009574_240_00,345268387,52380 1,50950 2,
4240001009574_240_00,345268387,52380 1,50880 0,
4240001009574_240_00,345268387,52390 2,50950 2,
4240001009574_240_00,345268387,52390 2,72325 0,
4240001009574_240_00,345268387,50950 2,52080 0,
4240001009574_240_00,345268387,50950 2,73695 0,
4240001009574_240_00,345268387,52370 1,73010 0,
4240001009574_240_00,345268387,52370 1,50950 2,
4240001009574_240_00,345268387,72325 0,52390 3,
4240001009574_240_00,345268387,50060 6,52380 0,
4240001009574_240_00,345268387,50060 6,52370 1,
4240001009574_240_00,345268387,52370 0,52390 3,
4240001009574_240_00,345268387,50940 0,73755 1,
4240001009574_240_00,345268387,50940 0,52050 1,
4240001009574_240_00,345268387,50940 0,52070 1,
4240001009574_240_00,345268387,73695 0,72325 0,
4240001009574_240_00,345268387,72325 1,50060 999,
4240001009574_240_00,345268387,72325 1,50540 0,
4240001009574_240_00,345268387,72325 1,52070 1,
4240001009574_240_00,409958912,56580 0,71510 0,
4240001009574_240_00,409958912,72730 0,50020 3,
4240001009574_240_00,409958912,24940 0,71510 0,
4240001009574_240_00,409958912,24940 0,50020 3,
4240001009574_240_00,409958912,51792 0,50020 3,
4240001009574_240_00,409958912,73640 0,50020 3,
4240001009574_240_00,550332996,70810 0,50105 0,
4240001009574_240_00,550332996,72800 0,50090 0,
4240001009574_240_00,550332996,50103 0,50101 0,
4240001009574_240_00,550332996,72810 0,50260 0,
4240001009574_240_00,550332996,70030 0,50080 0,
4240001009574_240_00,550332996,72780 0,50090 0,
4240001009574_240_00,550332996,72780 0,50080 0,
4240001009574_240_00,3594359697,75042 0,70347 0,
4240001009574_240_00,3594359697,75042 0,55170 0,
4240001009574_240_00,3594359697,75042 0,47014 0,
4240001009574_240_00,2090219850,73010 0,50940 0,
4240001009574_240_00,2090219850,75020 1,51620 2,
4240001009574_240_00,2090219850,52390 3,50540 0,
4240001009574_240_00,2090219850,50030 9,52370 0,
4240001009574_240_00,2090219850,50030 9,72150 1,
4240001009574_240_00,2090219850,51980 1,75020 1,
4240001009574_240_00,2090219850,51980 1,52040 1,
4240001009574_240_00,2090219850,50860 2,50030 9,
4240001009574_240_00,2090219850,50860 2,50540 0,
4240001009574_240_00,2090219850,50860 2,51620 2,
4240001009574_240_00,2090219850,52060 1,50950 1,
4240001009574_240_00,2090219850,50950 1,50060 14,
4240001009574_240_00,2090219850,51480 1,50060 14,
4240001009574_240_00,2090219850,51480 1,75020 1,
4240001009574_240_00,2090219850,51480 1,50540 0,
4240001009574_240_00,2090219850,52050 1,52380 0,
4240001009574_240_00,2090219850,52050 1,52390 3,
4240001009574_240_00,2090219850,52050 1,50950 1,
4240001009574_240_00,2090219850,52040 1,52080 0,
4240001009574_240_00,2090219850,52040 1,50950 1,
4240001009574_240_00,2090219850,52070 1,52080 0,
4240001009574_240_00,2090219850,52070 1,52390 3,
4240001009574_240_00,2090219850,72150 1,50060 14,
4240001009574_240_00,2090219850,73250 1,50940 0,
4240001009574_240_00,2090219850,52030 3,52390 3,
4240001009574_240_00,2090219850,52030 3,75013 0,
4240001009574_240_00,2090219850,72760 1,52060 1,
4240001009574_240_00,2090219850,72760 1,51620 2,
4240001009574_240_00,2090219850,72760 1,52030 3,
4240001009574_240_00,2090219850,51990 1,52370 0,
4240001009574_240_00,2090219850,51990 1,50940 0,
4240001009574_240_00,3838942938,72730 0,51990 1,
4240001009574_240_00,3838942938,50030 9,51600 1,
4240001009574_240_00,3838942938,51240 3,50950 3,
4240001009574_240_00,3594359697,71760 1,47014 0,
4240001009574_240_00,919776449,50350 1,50050 3,
4240001009574_240_00,2122499709,72850 0,51980 0,
4240001009574_240_00,2122499709,72850 0,51480 0,
4240001009574_240_00,2122499709,51610 0,51980 0,
4240001009574_240_00,2122499709,50030 9,51480 0,
4240001009574_240_00,2122499709,51980 1,52000 0,
4240001009574_240_00,2122499709,51980 1,50030 5,
4240001009574_240_00,2122499709,51600 1,50060 999,
4240001009574_240_00,2122499709,51600 1,50920 0,
4240001009574_240_00,2122499709,51600 0,50060 999,
4240001009574_240_00,2122499709,50910 0,51600 0,
4240001009574_240_00,2122499709,50920 0,51980 0,
4240001009574_240_00,2122499709,50920 0,51600 0,
4240001009574_240_00,2122499709,51620 1,72820 0,
4240001009574_240_00,2122499709,51620 1,50930 0,
4240001009574_240_00,2122499709,51621 0,51600 0,
4240001009574_240_00,2122499709,51621 0,51480 0,
4240001009574_240_00,2122499709,51480 2,51590 0,
4240001009574_240_00,2122499709,51580 0,50910 0,
4240001009574_240_00,2122499709,51590 0,52000 0,
4240001009574_240_00,2122499709,50930 1,51600 0,
4240001009574_240_00,2122499709,52000 1,50920 0,
4240001009574_240_00,2122499709,52000 0,50060 999,
4240001009574_240_00,2122499709,50060 0,72820 0,
4240001009574_240_00,2122499709,50060 0,50930 0,
4240001009574_240_00,2300128744,51550 0,73790 0,
4240001009574_240_00,2300128744,73790 0,50060 5,
4240001009574_240_00,2300128744,51540 0,71410 0,
4240001009574_240_00,2300128744,71230 0,73290 0,
4240001009574_240_00,2300128744,73290 0,51410 0,
4240001009574_240_00,2300128744,71280 0,51320 0,
4240001009574_240_00,2300128744,71210 0,51320 0,
4240001009574_240_00,2300128744,71220 0,51410 0,
4240001009574_240_00,3594359697,73980 0,50060 10,
4240001009574_240_00,3594359697,73390 0,55170 0,
4240001009574_240_00,2300128744,50030 7,73410 1,
4240001009574_240_00,550332996,72030 1,70590 1,
4240001009574_240_00,550332996,71400 1,49015 1,
4240001009574_240_00,550332996,70580 1,49015 1,
4240001009574_240_00,2300128744,73690 0,50030 4,
4240001009574_240_00,1024075922,73810 0,50020 2,
4240001009574_240_00,1024075922,73810 0,50350 0,
4240001009574_240_00,1024075922,73850 0,52040 0,
4240001009574_240_00,1024075922,73850 0,50060 5,
4240001009574_240_00,1024075922,70670 0,50020 2,
4240001009574_240_00,1024075922,70670 0,72820 0,
4240001009574_240_00,1024075922,50320 0,56530 0,
4240001009574_240_00,1024075922,50320 0,50060 5,
4240001009574_240_00,1024075922,73250 0,72760 0,
4240001009574_240_00,1024075922,73800 0,72820 0,
4240001009574_240_00,1024075922,73800 0,50350 0,
4240001009574_240_00,1024075922,72760 0,56530 0,
4240001009574_240_00,1024075922,72760 0,51480 0,
4240001009574_240_00,1024075922,72020 0,51480 0,
4240001009574_240_00,1024075922,72020 0,52030 2,
4240001009574_240_00,1024075922,52040 0,72760 0,
4240001009574_240_00,1024075922,70360 0,56530 0,
4240001009574_240_00,1024075922,73820 0,56530 0,
4240001009574_240_00,1024075922,73820 0,72820 0,
4240001009574_240_00,1024075922,73820 0,73800 0,
4240001009574_240_00,1024075922,73820 0,73720 0,
4240001009574_240_00,1024075922,73830 0,50020 2,
4240001009574_240_00,1024075922,73830 0,50320 0,
4240001009574_240_00,1024075922,73830 0,50060 5,
4240001009574_240_00,1024075922,73830 0,73720 0,
4240001009574_240_00,1024075922,73890 0,73840 0,
4240001009574_240_00,1024075922,73890 0,51480 0,
4240001009574_240_00,1024075922,73890 0,72020 0,
4240001009574_240_00,1024075922,73720 0,50350 0,
4240001009574_240_00,1024075922,73720 0,50060 5,
4240001009574_240_00,1024075922,52030 2,51480 0,
4240001009574_240_00,3838942938,75030 0,51240 3,
4240001009574_240_00,3838942938,50950 0,71100 0,
4240001009574_240_00,3838942938,50950 0,50030 8,
4240001009574_240_00,103994292,71980 1,74395 1,
4240001009574_240_00,103994292,50030 7,72870 1,
4240001009574_240_00,103994292,50030 7,74390 1,
4240001009574_240_00,103994292,74330 1,74390 1,
4240001009574_240_00,103994292,50320 1,74340 1,
4240001009574_240_00,103994292,72870 1,74395 1,
4240001009574_240_00,103994292,71320 1,72530 1,
4240001009574_240_00,103994292,74350 0,50040 0,
4240001009574_240_00,103994292,74350 0,70940 0,
4240001009574_240_00,103994292,74350 0,50050 0,
4240001009574_240_00,103994292,74350 0,74410 0,
4240001009574_240_00,103994292,74350 0,74340 0,
4240001009574_240_00,103994292,74350 0,73780 0,
4240001009574_240_00,103994292,73780 0,74410 0,
4240001009574_240_00,103994292,73780 0,71350 0,
4240001009574_240_00,542189229,50950 1,50060 6,
4240001009574_240_00,542189229,50540 0,50060 6,
4240001009574_240_00,542189229,50940 0,52370 0,
4240001009574_240_00,835754522,70380 1,71080 1,
4240001009574_240_00,201880385,50040 0,46044 1,
4240001009574_240_00,201880385,50830 1,50860 1,
4240001009574_240_00,201880385,70540 1,73450 1,
4240001009574_240_00,201880385,50030 11,72660 1,
4240001009574_240_00,201880385,50030 11,50060 11,
4240001009574_240_00,201880385,50050 0,70540 1,
4240001009574_240_00,201880385,71440 1,51940 1,
4240001009574_240_00,201880385,50850 1,50280 1,
4240001009574_240_00,201880385,70520 1,51940 1,
4240001009574_240_00,201880385,50060 11,46044 1,
4240001009574_240_00,201880385,50060 11,72600 1,
4240001009574_240_00,201880385,24960 7,50040 0,
4240001009574_240_00,208731032,50540 1,52070 0,
4240001009574_240_00,208731032,50540 1,51620 1,
4240001009574_240_00,208731032,50540 1,52050 0,
4240001009574_240_00,208731032,50540 1,73010 1,
4240001009574_240_00,208731032,51980 0,72820 0,
4240001009574_240_00,208731032,50940 1,51990 0,
4240001009574_240_00,208731032,50940 1,75013 1,
4240001009574_240_00,208731032,50940 1,52080 3,
4240001009574_240_00,208731032,50940 1,72150 0,
4240001009574_240_00,208731032,52060 0,52000 0,
4240001009574_240_00,208731032,52380 1,72760 0,
4240001009574_240_00,208731032,52390 2,72150 0,
4240001009574_240_00,208731032,52070 0,50030 5,
4240001009574_240_00,208731032,50950 2,51980 0,
4240001009574_240_00,208731032,50950 2,73250 0,
4240001009574_240_00,208731032,50950 2,51480 0,
4240001009574_240_00,208731032,50950 2,52030 2,
4240001009574_240_00,208731032,51620 1,51980 0,
4240001009574_240_00,208731032,51620 1,52050 0,
4240001009574_240_00,208731032,51620 1,52030 2,
4240001009574_240_00,208731032,51610 1,50030 8,
4240001009574_240_00,208731032,51610 1,52070 0,
4240001009574_240_00,208731032,51610 1,50860 4,
4240001009574_240_00,208731032,75013 1,52080 3,
4240001009574_240_00,208731032,75013 1,52040 0,
4240001009574_240_00,208731032,50060 6,73250 0,
4240001009574_240_00,208731032,50060 6,72820 0,
4240001009574_240_00,208731032,52050 0,50030 8,
4240001009574_240_00,208731032,52050 0,50860 4,
4240001009574_240_00,208731032,52080 3,72150 0,
4240001009574_240_00,208731032,52040 0,50030 5,
4240001009574_240_00,208731032,72150 0,51990 0,
4240001009574_240_00,208731032,73010 1,51480 0,
4240001009574_240_00,208731032,73010 1,52050 0,
4240001009574_240_00,208731032,73010 1,50030 5,
4240001009574_240_00,2300128744,71260 0,51550 0,
4240001009574_240_00,201880385,51940 0,72610 0,
4240001009574_240_00,201880385,50040 1,50030 1,
4240001009574_240_00,201880385,70520 0,50040 1,
4240001009574_240_00,201880385,71440 0,50030 1,
4240001009574_240_00,201880385,71440 0,50870 0,
4240001009574_240_00,201880385,71440 0,50020 1,
4240001009574_240_00,201880385,50870 0,50830 0,
4240001009574_240_00,201880385,50870 0,50050 1,
4240001009574_240_00,201880385,50840 0,46044 0,
4240001009574_240_00,201880385,50850 0,50840 0,
4240001009574_240_00,201880385,72560 0,71440 0,
4240001009574_240_00,201880385,50280 0,50840 0,
4240001009574_240_00,201880385,70540 0,50280 0,
4240001009574_240_00,201880385,72040 0,70520 0,
4240001009574_240_00,103994292,74395 0,50020 5,
4240001009574_240_00,103994292,74395 0,71350 0,
4240001009574_240_00,103994292,74390 0,74395 0,
4240001009574_240_00,103994292,74390 0,50060 5,
4240001009574_240_00,103994292,74390 0,71350 0,
4240001009574_240_00,2233809208,50540 1,47014 3,
4240001009574_240_00,2233809208,50540 1,75018 1,
4240001009574_240_00,2233809208,50940 1,50950 2,
4240001009574_240_00,2233809208,50880 1,52380 1,
4240001009574_240_00,2233809208,50880 1,75015 1,
4240001009574_240_00,2233809208,52080 1,75015 1,
4240001009574_240_00,2233809208,52380 1,75017 1,
4240001009574_240_00,2233809208,52390 2,50950 2,
4240001009574_240_00,2233809208,50950 2,50940 0,
4240001009574_240_00,2233809208,50950 2,75016 1,
4240001009574_240_00,2233809208,52370 1,75017 1,
4240001009574_240_00,2233809208,50060 6,52380 1,
4240001009574_240_00,2233809208,50060 6,50950 2,
4240001009574_240_00,2233809208,50060 6,73010 1,
4240001009574_240_00,2233809208,50940 0,75019 1,
4240001009574_240_00,2233809208,72325 1,52080 1,
4240001009574_240_00,2233809208,73010 1,75016 1,
4240001009574_240_00,2233809208,75018 1,75017 1,
4240001009574_240_00,3160249464,75016 0,50950 1,
4240001009574_240_00,3160249464,75016 0,75019 0,
4240001009574_240_00,3160249464,73010 0,73755 0,
4240001009574_240_00,3160249464,73010 0,52390 3,
4240001009574_240_00,3160249464,73010 0,72325 0,
4240001009574_240_00,3160249464,73755 0,50060 6,
4240001009574_240_00,3160249464,75018 0,50060 6,
4240001009574_240_00,3160249464,52390 3,50060 6,
4240001009574_240_00,3160249464,72325 0,50060 6,
4240001009574_240_00,3160249464,70360 0,50940 1,
4240001009574_240_00,3160249464,70360 0,50950 1,
4240001009574_240_00,3160249464,70360 0,50940 0,
4240001009574_240_00,3160249464,52080 2,50540 0,
4240001009574_240_00,3160249464,47014 0,52370 0,
4240001009574_240_00,3160249464,75015 0,50540 0,
4240001009574_240_00,3160249464,75015 0,75019 0,
4240001009574_240_00,3838942938,50020 2,51240 999,
4240001009574_240_00,3838942938,51610 0,51980 0,
4240001009574_240_00,3838942938,72730 0,50910 0,
4240001009574_240_00,3838942938,50940 1,50030 1,
4240001009574_240_00,3838942938,50030 9,75030 0,
4240001009574_240_00,3838942938,50030 9,50030 1,
4240001009574_240_00,3838942938,50030 9,51620 1,
4240001009574_240_00,3838942938,50030 9,51240 999,
4240001009574_240_00,3838942938,51990 0,51240 999,
4240001009574_240_00,3838942938,51980 1,50940 0,
4240001009574_240_00,3838942938,51980 1,74020 0,
4240001009574_240_00,3838942938,51980 1,72730 1,
4240001009574_240_00,3838942938,51600 1,50020 2,
4240001009574_240_00,3838942938,51600 1,74020 0,
4240001009574_240_00,3838942938,50950 3,50020 2,
4240001009574_240_00,3838942938,50950 3,75030 0,
4240001009574_240_00,3838942938,50950 3,50920 0,
4240001009574_240_00,3838942938,51240 3,74020 0,
4240001009574_240_00,3838942938,51620 1,51990 0,
4240001009574_240_00,3838942938,51620 1,50950 3,
4240001009574_240_00,3838942938,51610 1,51980 0,
4240001009574_240_00,3838942938,51610 1,50940 1,
4240001009574_240_00,3838942938,51610 1,50940 0,
4240001009574_240_00,3838942938,51590 1,51590 0,
4240001009574_240_00,3838942938,50920 1,74010 0,
4240001009574_240_00,3838942938,50920 1,50940 0,
4240001009574_240_00,3838942938,51621 0,74010 0,
4240001009574_240_00,3838942938,71510 0,51590 0,
4240001009574_240_00,3838942938,71510 0,52000 0,
4240001009574_240_00,3838942938,50910 1,51600 0,
4240001009574_240_00,3838942938,50910 1,50940 0,
4240001009574_240_00,3838942938,51580 0,74010 0,
4240001009574_240_00,3838942938,51580 0,51610 0,
4240001009574_240_00,3838942938,51580 0,51590 0,
4240001009574_240_00,3838942938,74010 1,51990 0,
4240001009574_240_00,3838942938,74010 1,50910 0,
4240001009574_240_00,3838942938,74010 1,50930 0,
4240001009574_240_00,3838942938,72730 1,51240 999,
4240001009574_240_00,3838942938,50930 1,51610 0,
4240001009574_240_00,3838942938,50930 1,50030 8,
4240001009574_240_00,3838942938,50930 1,50030 1,
4240001009574_240_00,3838942938,50930 1,51590 0,
4240001009574_240_00,3838942938,71100 1,74010 0,
4240001009574_240_00,3838942938,52000 1,50020 2,
4240001009574_240_00,3838942938,52000 1,75030 0,
4240001009574_240_00,3838942938,52000 1,50920 0,
4240001009574_240_00,3838942938,52000 1,51620 1,
4240001009574_240_00,3838942938,74020 1,74020 0,
4240001009574_240_00,3838942938,51990 1,50020 2,
4240001009574_240_00,3838942938,24960 7,51600 0,
4240001009574_240_00,3838942938,24960 7,72730 1,
4240001009574_240_00,2300128744,51330 1,71230 1,
4240001009574_240_00,2300128744,51330 1,51320 1,
4240001009574_240_00,2300128744,50030 7,73790 1,
4240001009574_240_00,2300128744,50040 1,51340 1,
4240001009574_240_00,2300128744,71190 0,51550 1,
4240001009574_240_00,2300128744,73290 1,71230 1,
4240001009574_240_00,2300128744,50060 3,73290 1,
4240001009574_240_00,2300128744,50060 3,51410 1,
4240001009574_240_00,2300128744,51340 1,51540 1,
4240001009574_240_00,2300128744,51410 1,73290 1,
4240001009574_240_00,2300128744,50020 7,50020 0,
4240001009574_240_00,2300128744,50020 7,73290 1,
4240001009574_240_00,835754522,71290 0,52030 2,
4240001009574_240_00,835754522,70380 0,72760 0,
4240001009574_240_00,835754522,74380 0,72760 0,
4240001009574_240_00,835754522,70930 0,50060 5,
4240001009574_240_00,835754522,70930 0,72120 0,
4240001009574_240_00,835754522,72150 0,50050 3,
4240001009574_240_00,835754522,52030 2,50050 3,
4240001009574_240_00,550332996,50105 0,50080 0,
4240001009574_240_00,550332996,70370 0,50101 0,
4240001009574_240_00,1024075922,50340 1,50350 1,
4240001009574_240_00,1024075922,50340 1,52050 1,
4240001009574_240_00,1024075922,50030 7,47014 3,
4240001009574_240_00,1024075922,50020 4,50350 1,
4240001009574_240_00,1024075922,50020 4,70670 1,
4240001009574_240_00,1024075922,50020 4,52040 1,
4240001009574_240_00,1024075922,50020 4,73810 1,
4240001009574_240_00,1024075922,50020 4,73890 1,
4240001009574_240_00,1024075922,50020 4,52030 3,
4240001009574_240_00,1024075922,50020 4,72760 1,
4240001009574_240_00,1024075922,73820 1,70670 1,
4240001009574_240_00,1024075922,73720 1,73840 1,
4240001009574_240_00,1024075922,73720 1,73810 1,
4240001009574_240_00,1024075922,73720 1,73850 1,
4240001009574_240_00,1024075922,52050 1,70360 1,
4240001009574_240_00,1024075922,52050 1,73850 1,
4240001009574_240_00,1024075922,52040 1,70360 1,
4240001009574_240_00,1024075922,52040 1,47014 3,
4240001009574_240_00,1024075922,72080 0,52050 1,
4240001009574_240_00,1024075922,72080 0,73250 1,
4240001009574_240_00,1024075922,73810 1,70670 1,
4240001009574_240_00,1024075922,73800 1,73840 1,
4240001009574_240_00,1024075922,50060 3,50350 1,
4240001009574_240_00,1024075922,50320 1,50340 1,
4240001009574_240_00,1024075922,50320 1,72080 0,
4240001009574_240_00,1024075922,73250 1,72020 1,
4240001009574_240_00,1024075922,73250 1,73840 1,
4240001009574_240_00,1024075922,52030 3,73820 1,
4240001009574_240_00,1024075922,52030 3,70360 1,
4240001009574_240_00,1024075922,52030 3,52040 1,
4240001009574_240_00,1024075922,72760 1,73830 1,
4240001009574_240_00,1024075922,50050 1,73840 1,
4240001009574_240_00,1024075922,50050 1,73850 1,
4240001009574_240_00,103994292,50020 4,70940 1,
4240001009574_240_00,103994292,50040 1,73780 1,
4240001009574_240_00,103994292,50320 1,74350 1,
4240001009574_240_00,103994292,74340 1,74350 1,
4240001009574_240_00,103994292,72530 1,74350 1,
4240001009574_240_00,2122499709,71630 0,50030 9,
4240001009574_240_00,2300128744,51540 2,50340 1,
4240001009574_240_00,550332996,70590 0,72720 0,
4240001009574_240_00,3884591149,50880 1,50950 1,
4240001009574_240_00,3884591149,50880 1,50940 0,
4240001009574_240_00,3884591149,50950 1,50060 999,
4240001009574_240_00,3884591149,50940 0,50880 0,
4240001009574_240_00,550332996,50840 1,50105 1,
4240001009574_240_00,550332996,50840 1,50101 1,
4240001009574_240_00,550332996,50100 1,72800 1,
4240001009574_240_00,550332996,51010 1,50105 1,
4240001009574_240_00,550332996,50030 2,50090 1,
4240001009574_240_00,550332996,50105 1,70030 1,
4240001009574_240_00,550332996,50105 1,70810 1,
4240001009574_240_00,550332996,50101 1,50105 1,
4240001009574_240_00,550332996,50101 1,70030 1,
4240001009574_240_00,550332996,50080 1,70800 1,
4240001009574_240_00,550332996,50850 1,50100 1,
4240001009574_240_00,550332996,50060 11,50860 1,
4240001009574_240_00,206984685,50880 1,50940 0,
4240001009574_240_00,206984685,50060 6,50940 0,
4240001009574_240_00,3013652431,50060 12,52130 1,
4240001009574_240_00,2355023358,25150 0,51403 0,
4240001009574_240_00,2355023358,25150 0,74260 0,
4240001009574_240_00,2355023358,55190 0,74240 0,
4240001009574_240_00,550332996,46044 1,72630 3,
4240001009574_240_00,550332996,72610 1,72630 3,
4240001009574_240_00,550332996,72610 1,71580 1,
4240001009574_240_00,550332996,72630 3,72810 1,
4240001009574_240_00,550332996,50030 2,70520 1,
4240001009574_240_00,550332996,70540 1,72800 1,
4240001009574_240_00,550332996,72790 1,72810 1,
4240001009574_240_00,550332996,50850 1,70540 1,
4240001009574_240_00,2355023358,74240 1,55190 1,
4240001009574_240_00,2355023358,70570 1,55190 1,
4240001009574_240_00,2355023358,51403 1,55190 1,
4240001009574_240_00,550332996,46059 0,70610 2,
4240001009574_240_00,835754522,50060 9,70380 1,
4240001009574_240_00,835754522,52130 1,72150 1,
4240001009574_240_00,835754522,52130 1,72760 1,
4240001009574_240_00,835754522,73000 1,52030 1,
4240001009574_240_00,835754522,73000 1,70380 1,
4240001009574_240_00,835754522,72760 1,74370 1,
4240001009574_240_00,550332996,50860 2,50850 0,
4240001009574_240_00,550332996,50860 2,72740 0,
4240001009574_240_00,409958912,51330 1,56410 1,
4240001009574_240_00,409958912,51330 1,56560 1,
4240001009574_240_00,409958912,51330 1,75030 1,
4240001009574_240_00,409958912,50030 7,51330 1,
4240001009574_240_00,409958912,50040 1,71990 1,
4240001009574_240_00,409958912,56560 1,71480 1,
4240001009574_240_00,409958912,73680 1,71480 1,
4240001009574_240_00,409958912,75030 1,73660 1,
4240001009574_240_00,409958912,75030 1,73670 1,
4240001009574_240_00,409958912,50060 13,56410 1,
4240001009574_240_00,409958912,50060 13,50020 7,
4240001009574_240_00,409958912,50060 13,73650 1,
4240001009574_240_00,409958912,50020 7,73660 1,
4240001009574_240_00,1004470243,50350 0,52960 0,
4240001009574_240_00,409958912,24940 0,56560 0,
4240001009574_240_00,409958912,24940 0,51330 0,
4240001009574_240_00,409958912,73640 0,56560 0,
4240001009574_240_00,3175822612,74010 0,71100 0,
4240001009574_240_00,3175822612,74010 0,51240 3,
4240001009574_240_00,3175822612,74010 0,74020 0,
4240001009574_240_00,3175822612,52380 0,51991 0,
4240001009574_240_00,3175822612,50030 1,74010 0,
4240001009574_240_00,3175822612,50940 0,52370 0,
4240001009574_240_00,3175822612,50940 0,74020 0,
4240001009574_240_00,3175822612,50900 0,51991 0,
4240001009574_240_00,3594359697,70347 1,75042 1,
4240001009574_240_00,3175822612,50030 9,50900 1,
4240001009574_240_00,3175822612,51980 1,50950 3,
4240001009574_240_00,3175822612,51980 1,52370 1,
4240001009574_240_00,3175822612,51240 3,71100 1,
4240001009574_240_00,3175822612,71510 0,73015 1,
4240001009574_240_00,3175822612,73015 1,50940 1,
4240001009574_240_00,3175822612,74010 1,52380 1,
4240001009574_240_00,3175822612,71100 1,50030 9,
4240001009574_240_00,3175822612,50020 3,50940 1,
4240001009574_240_00,3175822612,50020 3,51991 1,
4240001009574_240_00,3175822612,24960 7,52380 1,
4240001009574_240_00,409958912,73650 0,51320 0,
4240001009574_240_00,409958912,73650 0,50020 5,
4240001009574_240_00,409958912,71990 0,50020 5,
4240001009574_240_00,409958912,71990 0,50030 4,
4240001009574_240_00,409958912,73670 0,50040 0,
4240001009574_240_00,409958912,73670 0,73650 0,
4240001009574_240_00,409958912,73670 0,51320 0,
4240001009574_240_00,409958912,71480 0,75040 0,
4240001009574_240_00,409958912,71480 0,50060 5,
4240001009574_240_00,409958912,73680 0,75030 0,
4240001009574_240_00,409958912,73660 0,56560 0,
4240001009574_240_00,3594359697,73940 0,50060 5,
4240001009574_240_00,345268387,50540 1,52380 1,
4240001009574_240_00,345268387,50540 1,73755 1,
4240001009574_240_00,345268387,50540 1,52370 1,
4240001009574_240_00,345268387,73765 0,73010 0,
4240001009574_240_00,345268387,50940 1,50540 0,
4240001009574_240_00,345268387,50940 1,50940 0,
4240001009574_240_00,345268387,50940 1,72325 1,
4240001009574_240_00,345268387,73755 0,50540 0,
4240001009574_240_00,345268387,73755 0,52370 0,
4240001009574_240_00,345268387,52380 0,52390 3,
4240001009574_240_00,345268387,52060 1,52370 0,
4240001009574_240_00,345268387,52380 1,72325 0,
4240001009574_240_00,345268387,52390 2,50940 1,
4240001009574_240_00,345268387,52390 2,50060 999,
4240001009574_240_00,345268387,52390 2,50940 0,
4240001009574_240_00,345268387,50950 2,50060 999,
4240001009574_240_00,345268387,50950 2,52050 1,
4240001009574_240_00,345268387,52370 1,50060 999,
4240001009574_240_00,345268387,50060 6,73765 0,
4240001009574_240_00,345268387,50060 6,50540 0,
4240001009574_240_00,345268387,52050 1,52370 0,
4240001009574_240_00,345268387,50940 0,52080 0,
4240001009574_240_00,345268387,73695 0,52080 0,
4240001009574_240_00,345268387,73695 0,50880 0,
4240001009574_240_00,345268387,72325 1,73755 0,
4240001009574_240_00,2355023358,73900 1,55190 1,
4240001009574_240_00,550332996,70810 0,50101 0,
4240001009574_240_00,550332996,50103 0,50105 0,
4240001009574_240_00,550332996,70780 0,50105 0,
4240001009574_240_00,550332996,70030 0,50100 0,
4240001009574_240_00,550332996,50270 0,50101 0,
4240001009574_240_00,550332996,50104 0,50105 0,
4240001009574_240_00,550332996,50104 0,50080 0,
4240001009574_240_00,2090219850,75020 1,52390 3,
4240001009574_240_00,2090219850,52080 0,52390 3,
4240001009574_240_00,2090219850,52380 0,50540 0,
4240001009574_240_00,2090219850,50030 9,52390 3,
4240001009574_240_00,2090219850,50030 9,51980 1,
4240001009574_240_00,2090219850,50030 9,51610 2,
4240001009574_240_00,2090219850,51980 1,50950 1,
4240001009574_240_00,2090219850,51980 1,51990 1,
4240001009574_240_00,2090219850,50860 2,51980 1,
4240001009574_240_00,2090219850,50860 2,72150 1,
4240001009574_240_00,2090219850,50860 2,52030 3,
4240001009574_240_00,2090219850,50950 1,52390 3,
4240001009574_240_00,2090219850,51480 1,50030 9,
4240001009574_240_00,2090219850,51480 1,51990 1,
4240001009574_240_00,2090219850,51620 2,50540 0,
4240001009574_240_00,2090219850,52040 1,52060 1,
4240001009574_240_00,2090219850,52040 1,52050 1,
4240001009574_240_00,2090219850,52040 1,75013 0,
4240001009574_240_00,2090219850,52070 1,73010 0,
4240001009574_240_00,2090219850,72150 1,73010 0,
4240001009574_240_00,2090219850,72150 1,75020 1,
4240001009574_240_00,2090219850,72150 1,52080 0,
4240001009574_240_00,2090219850,51610 2,50940 0,
4240001009574_240_00,2090219850,73250 1,51620 2,
4240001009574_240_00,2090219850,73250 1,51610 2,
4240001009574_240_00,2090219850,72760 1,75020 1,
4240001009574_240_00,2090219850,72760 1,52080 0,
4240001009574_240_00,2090219850,72760 1,52040 1,
4240001009574_240_00,2090219850,72760 1,73250 1,
4240001009574_240_00,2090219850,51990 1,52390 3,
4240001009574_240_00,2090219850,75013 0,75020 1,
4240001009574_240_00,2122499709,72850 0,72820 0,
4240001009574_240_00,2122499709,51610 0,51990 0,
4240001009574_240_00,2122499709,51610 0,72820 0,
4240001009574_240_00,2122499709,71630 0,51990 0,
4240001009574_240_00,2122499709,50030 9,51610 0,
4240001009574_240_00,2122499709,50030 9,50030 8,
4240001009574_240_00,2122499709,50030 9,52000 0,
4240001009574_240_00,2122499709,51600 1,51590 0,
4240001009574_240_00,2122499709,50910 0,51980 0,
4240001009574_240_00,2122499709,50910 0,50060 999,
4240001009574_240_00,2122499709,50910 0,51590 0,
4240001009574_240_00,2122499709,50910 0,52000 0,
4240001009574_240_00,2122499709,50920 0,52000 0,
4240001009574_240_00,2122499709,51610 1,51990 0,
4240001009574_240_00,2122499709,51610 1,50910 0,
4240001009574_240_00,2122499709,51610 1,50920 0,
4240001009574_240_00,2122499709,51590 1,50060 999,
4240001009574_240_00,2122499709,51590 1,50930 0,
4240001009574_240_00,2122499709,51480 2,51990 0,
4240001009574_240_00,2122499709,51480 2,72820 0,
4240001009574_240_00,2122499709,51580 0,51600 0,
4240001009574_240_00,2122499709,50930 0,51600 0,
4240001009574_240_00,2122499709,51590 0,51990 0,
4240001009574_240_00,2122499709,51590 0,72820 0,
4240001009574_240_00,2122499709,50930 1,50930 0,
4240001009574_240_00,2122499709,52000 1,50030 8,
4240001009574_240_00,2122499709,52000 1,50030 5,
4240001009574_240_00,2122499709,51990 1,51610 0,
4240001009574_240_00,2122499709,51990 1,51590 0,
4240001009574_240_00,2300128744,71270 0,73290 0,
4240001009574_240_00,2300128744,73790 0,51320 0,
4240001009574_240_00,2300128744,73790 0,50020 5,
4240001009574_240_00,2300128744,73790 0,50030 4,
4240001009574_240_00,2300128744,51540 0,73790 0,
4240001009574_240_00,2300128744,51540 0,51320 0,
4240001009574_240_00,2300128744,71010 0,73790 0,
4240001009574_240_00,2300128744,51320 0,50020 5,
4240001009574_240_00,2300128744,51320 0,50030 4,
4240001009574_240_00,2300128744,71240 0,73290 0,
4240001009574_240_00,1024075922,73810 0,73800 0,
4240001009574_240_00,1024075922,50020 2,56530 0,
4240001009574_240_00,1024075922,73850 0,73810 0,
4240001009574_240_00,1024075922,73850 0,50020 2,
4240001009574_240_00,1024075922,73850 0,72820 0,
4240001009574_240_00,1024075922,70670 0,73840 0,
4240001009574_240_00,1024075922,70670 0,50060 5,
4240001009574_240_00,1024075922,50320 0,50020 2,
4240001009574_240_00,1024075922,73840 0,73800 0,
4240001009574_240_00,1024075922,73840 0,50340 0,
4240001009574_240_00,1024075922,73840 0,73830 0,
4240001009574_240_00,1024075922,73840 0,73720 0,
4240001009574_240_00,1024075922,73800 0,50060 5,
4240001009574_240_00,1024075922,70360 0,50340 0,
4240001009574_240_00,1024075922,70360 0,73830 0,
4240001009574_240_00,1024075922,70360 0,73890 0,
4240001009574_240_00,1024075922,73820 0,52040 0,
4240001009574_240_00,1024075922,73890 0,70670 0,
4240001009574_240_00,1024075922,73890 0,72760 0,
4240001009574_240_00,1024075922,73890 0,50340 0,
4240001009574_240_00,1024075922,47014 0,72820 0,
4240001009574_240_00,1024075922,47014 0,52040 0,
4240001009574_240_00,1024075922,47014 0,73820 0,
4240001009574_250_00,835754522,74370 1,71080 1,
4240001009574_250_00,201880385,46044 1,72570 1,
4240001009574_250_00,550332996,49013 0,72390 0,
4240001009574_250_00,550332996,49014 0,71400 0,
4240001009574_250_00,550332996,71400 0,72800 0,
4240001009574_250_00,550332996,70180 0,71420 0,
4240001009574_250_00,835754522,71040 0,74370 0,
4240001009574_250_00,550332996,73270 0,71590 0,
4240001009574_250_00,550332996,72810 0,50103 1,
4240001009574_250_00,550332996,70970 0,72800 0,
4240001009574_250_00,550332996,71580 1,70970 1,
4240001009574_250_00,550332996,71600 0,71400 1,
4240001009574_250_00,550332996,72810 0,50102 0,
4240001009574_250_00,550332996,72500 0,50104 0,
4240001009574_250_00,550332996,72800 1,73300 1,
4240001009574_250_00,550332996,72800 1,71400 1,
4240001009574_250_00,2300128744,22540 1,71040 1,
4240001009574_250_00,550332996,73270 1,71960 1,
4240001009574_250_00,550332996,72500 1,71960 1,
4240001009574_250_00,550332996,71600 0,73300 1,
4240001009574_250_00,201880385,50280 1,72560 1,
4240001009574_250_00,201880385,72570 0,50830 0,
4240001009574_250_00,2300128744,73790 1,71080 1,
4240001009574_250_00,550332996,71970 0,72500 0,
4240001009574_250_00,550332996,73300 0,71590 0,
4240001009574_250_00,550332996,72800 0,70970 1,
4240001009574_250_00,550332996,72800 1,73270 1,
4240001009574_250_00,550332996,71400 0,71600 0,
4240001009574_250_00,550332996,70970 0,72800 1,
4240001009574_250_00,550332996,71580 1,73270 1,
4240001009574_250_00,550332996,72800 0,71400 1,
4240001009574_250_00,2300128744,71040 0,73290 0,
4240001009574_250_00,550332996,73300 1,49013 1,
4240001009574_250_00,550332996,72810 1,71960 1,
4240001009574_250_00,550332996,72810 1,71970 1,
4240001009574_250_00,550332996,72500 1,49016 1,
4240001009574_250_00,550332996,70740 1,46012 1,
4240001009574_250_00,550332996,71400 1,49014 1,
4240001009574_250_00,550332996,70580 1,49014 1,
4240001009574_250_00,2300128744,71080 0,22540 0,
4240001009574_250_00,835754522,74370 1,71040 1,
4240001009574_250_00,201880385,72570 0,46044 0,
4240001009574_250_00,201880385,72560 0,46044 0,
4240001009574_250_00,2300128744,71190 0,71080 1,
4240001009574_250_00,2300128744,73790 1,71040 1,
4240001009574_250_00,550332996,73300 0,72800 0,
4240001009574_250_00,550332996,50103 1,72810 1,
4240001009574_250_00,550332996,73270 0,72800 1,
4240001009574_250_00,550332996,50104 1,72810 1,
4240001009574_250_00,550332996,71590 0,73300 1,
4240001009574_250_00,550332996,71590 0,73270 1,
4240001009574_250_00,550332996,71590 0,71400 1,
4240001009574_250_00,550332996,71600 0,73270 1,
4240001009574_250_00,2300128744,71080 0,73290 0,
4240001009574_250_00,550332996,72390 1,49014 1,
4240001009574_250_00,550332996,70970 1,49016 1,
4240001009574_250_00,550332996,72500 1,71970 1,
4240001009574_250_00,201880385,50280 1,72570 1,
4240001009574_250_00,550332996,46012 0,70740 0,
4240001009574_250_00,550332996,49016 0,73270 0,
4240001009574_250_00,550332996,46013 0,71420 0,
4240001009574_250_00,550332996,50102 1,72810 1,
4240001009574_250_00,550332996,73300 0,72800 1,
4240001009574_250_00,550332996,72800 0,73300 1,
4240001009574_250_00,550332996,71400 0,72800 1,
4240001009574_250_00,550332996,72810 0,50104 0,
4240001009574_250_00,550332996,50104 1,72500 1,
4240001009574_250_00,550332996,50102 1,72500 1,
4240001009574_250_00,550332996,71420 1,46013 1,
4240001009574_250_00,550332996,70740 1,70180 1,
4240001009574_250_00,550332996,71600 0,70970 1,
4240001009574_250_00,2300128744,71040 0,22540 0,
4240001009574_250_00,201880385,50850 1,72570 1,
4240001009574_250_00,201880385,72570 0,72740 0,
4240001009574_250_00,201880385,72560 0,50830 0,
4240001009574_250_00,201880385,72560 0,50280 0,
4240001009574_250_00,2300128744,73290 1,71040 1,
4240001009574_250_00,550332996,49016 0,70970 0,
4240001009574_250_00,550332996,46013 0,70740 0,
4240001009574_250_00,550332996,71580 1,71400 1,
4240001009574_250_00,550332996,71400 0,71580 0,
4240001009574_250_00,550332996,73300 0,71580 0,
4240001009574_250_00,550332996,72500 0,50102 1,
4240001009574_250_00,2300128744,71040 0,73790 0,
4240001009574_250_00,550332996,71420 1,46012 1,
4240001009574_250_00,550332996,71420 1,70180 1,
4240001009574_250_00,550332996,73270 1,71970 1,
4240001009574_250_00,201880385,50840 1,72560 1,
4240001009574_250_00,201880385,50850 1,72560 1,
4240001009574_250_00,201880385,72570 0,50280 0,
4240001009574_250_00,201880385,72560 0,50870 0,
4240001009574_250_00,201880385,72560 0,50060 10,
4240001009574_250_00,2300128744,51410 1,71040 1,
4240001009574_250_00,835754522,71040 0,74380 0,
4240001009574_250_00,550332996,71970 0,70970 0,
4240001009574_250_00,550332996,46012 0,71420 0,
4240001009574_250_00,550332996,71960 0,73270 0,
4240001009574_250_00,550332996,46013 0,72400 0,
4240001009574_250_00,550332996,72810 0,50102 1,
4240001009574_250_00,550332996,72500 0,50104 1,
4240001009574_250_00,550332996,73270 0,71580 0,
4240001009574_250_00,550332996,71400 0,71590 0,
4240001009574_250_00,550332996,70970 0,71600 0,
4240001009574_250_00,550332996,73270 1,49016 1,
4240001009574_250_00,550332996,70740 1,46013 1,
4240001009574_250_00,550332996,72400 1,46012 1,
4240001009574_250_00,201880385,46044 1,72560 1,
4240001009574_250_00,201880385,50830 1,72560 1,
4240001009574_250_00,201880385,50860 1,72560 1,
4240001009574_250_00,201880385,72570 0,50840 0,
4240001009574_250_00,2300128744,73290 1,71080 1,
4240001009574_250_00,550332996,71960 0,72810 0,
4240001009574_250_00,550332996,50103 1,72500 1,
4240001009574_250_00,550332996,72500 0,50103 1,
4240001009574_250_00,550332996,70970 0,71590 0,
4240001009574_250_00,2300128744,22540 1,71080 1,
4240001009574_250_00,550332996,73270 0,71600 0,
4240001009574_250_00,550332996,72810 0,50104 1,
4240001009574_250_00,2300128744,71040 0,51410 0,
4240001009574_250_00,201880385,50840 1,72570 1,
4240001009574_250_00,201880385,72570 0,50870 0,
4240001009574_250_00,2300128744,51410 1,71080 1,
4240001009574_250_00,835754522,71080 0,74380 0,
4240001009574_250_00,550332996,71970 0,73270 0,
4240001009574_250_00,550332996,49013 0,70580 0,
4240001009574_250_00,550332996,73270 0,72800 0,
4240001009574_250_00,550332996,71960 0,70970 0,
4240001009574_250_00,550332996,46013 0,71540 0,
4240001009574_250_00,550332996,70180 0,70740 0,
4240001009574_250_00,550332996,73300 0,71600 0,
4240001009574_250_00,550332996,71590 0,70970 1,
4240001009574_250_00,550332996,72500 0,50103 0,
4240001009574_250_00,2300128744,71080 0,73790 0,
4240001009574_250_00,550332996,72390 1,49013 1,
4240001009574_250_00,550332996,72400 1,70180 1,
4240001009574_250_00,550332996,72800 1,70970 1,
4240001009574_250_00,550332996,71540 1,70180 1,
4240001009574_250_00,201880385,72560 0,50850 0,
4240001009574_250_00,201880385,72560 0,72740 0,
4240001009574_250_00,550332996,46012 0,72400 0,
4240001009574_250_00,550332996,70180 0,72400 0,
4240001009574_250_00,835754522,71080 0,74370 0,
4240001009574_250_00,550332996,71580 1,73300 1,
4240001009574_250_00,550332996,72800 0,73270 1,
4240001009574_250_00,550332996,72810 1,49016 1,
4240001009574_250_00,550332996,70970 1,71970 1,
4240001009574_250_00,550332996,71400 1,49013 1,
4240001009574_250_00,550332996,71540 1,46012 1,
4240001009574_250_00,550332996,71540 1,46013 1,
4240001009574_250_00,201880385,50830 1,72570 1,
4240001009574_250_00,201880385,50060 11,72560 1,
4240001009574_250_00,201880385,72560 0,50860 0,
4240001009574_250_00,2300128744,71190 0,71040 1,
4240001009574_250_00,550332996,71960 0,72500 0,
4240001009574_250_00,550332996,49014 0,73300 0,
4240001009574_250_00,550332996,49014 0,72390 0,
4240001009574_250_00,550332996,49014 0,70580 0,
4240001009574_250_00,550332996,73300 1,49014 1,
4240001009574_250_00,550332996,70970 1,71960 1,
4240001009574_250_00,550332996,70580 1,49013 1,
4240001009574_250_00,201880385,72570 0,50860 0,
4240001009574_250_00,201880385,72560 0,50840 0,
4240001009574_250_00,550332996,71970 0,72810 0,
4240001009574_250_00,550332996,49016 0,72500 0,
4240001009574_250_00,550332996,70180 0,71540 0,
4240001009574_250_00,550332996,70970 0,71580 0,
4240001009574_250_00,201880385,50860 1,72570 1,
4240001009574_250_00,201880385,50060 11,72570 1,
4240001009574_250_00,201880385,72570 0,50850 0,
4240001009574_250_00,201880385,72570 0,50060 10,
4240001009574_250_00,550332996,49013 0,73300 0,
4240001009574_250_00,550332996,49013 0,71400 0,
4240001009574_250_00,550332996,46012 0,71540 0,
4240001009574_250_00,550332996,49016 0,72810 0,
4240001009574_250_00,550332996,72810 0,50103 0,
4240001009574_250_00,550332996,72500 0,50102 0,
4240001009574_250_00,2300128744,71080 0,51410 0,
4240001009574_250_00,550332996,72400 1,46013 1,
4240001009574_260_00,3594359697,50020 5,55200 0,
4240001009574_260_00,2355023358,75041 0,55200 0,
4240001009574_260_00,3594359697,55200 1,50030 7,
4240001009574_260_00,3594359697,70350 0,55200 0,
4240001009574_260_00,3594359697,70350 0,55210 0,
4240001009574_260_00,3594359697,71760 0,55210 0,
4240001009574_260_00,3594359697,50030 4,55200 0,
4240001009574_260_00,3594359697,47014 0,55210 0,
4240001009574_260_00,550332996,74040 0,50030 3,
4240001009574_260_00,3594359697,55200 1,70355 0,
4240001009574_260_00,3594359697,55210 1,73280 1,
4240001009574_260_00,3594359697,55210 1,50030 7,
4240001009574_260_00,3594359697,55210 1,50320 1,
4240001009574_260_00,3594359697,55210 1,73400 1,
4240001009574_260_00,550332996,46044 1,50260 1,
4240001009574_260_00,550332996,50030 2,50102 1,
4240001009574_260_00,550332996,50280 1,50260 1,
4240001009574_260_00,2355023358,50020 5,55210 0,
4240001009574_260_00,550332996,50830 1,73610 1,
4240001009574_260_00,3594359697,55200 1,50330 0,
4240001009574_260_00,3594359697,55200 1,71760 1,
4240001009574_260_00,550332996,73610 0,50840 0,
4240001009574_260_00,550332996,73610 0,50830 0,
4240001009574_260_00,550332996,72590 0,46044 0,
4240001009574_260_00,3594359697,55200 1,73710 0,
4240001009574_260_00,3594359697,55210 1,70350 1,
4240001009574_260_00,3594359697,55210 1,73710 0,
4240001009574_260_00,3594359697,50030 4,55210 0,
4240001009574_260_00,3594359697,55210 1,50340 1,
4240001009574_260_00,3594359697,73400 0,55200 0,
4240001009574_260_00,3594359697,70347 0,55200 0,
4240001009574_260_00,3594359697,50340 0,55200 0,
4240001009574_260_00,3594359697,47014 0,55200 0,
4240001009574_260_00,3594359697,55210 1,47014 0,
4240001009574_260_00,3594359697,72090 0,55210 0,
4240001009574_260_00,3594359697,73280 0,55200 0,
4240001009574_260_00,2355023358,50020 3,55200 0,
4240001009574_260_00,2355023358,50030 4,55210 0,
4240001009574_260_00,3594359697,55200 1,47014 3,
4240001009574_260_00,3594359697,55210 1,47014 3,
4240001009574_260_00,3594359697,50340 0,55210 0,
4240001009574_260_00,3594359697,73400 0,55210 0,
4240001009574_260_00,550332996,72280 0,50060 4,
4240001009574_260_00,3594359697,55200 1,72090 1,
4240001009574_260_00,3594359697,55200 1,50320 1,
4240001009574_260_00,3594359697,55210 1,50330 0,
4240001009574_260_00,550332996,50860 1,50104 1,
4240001009574_260_00,550332996,50850 1,50260 1,
4240001009574_260_00,550332996,50060 11,50104 1,
4240001009574_260_00,550332996,50060 11,50260 1,
4240001009574_260_00,550332996,50060 11,50102 1,
4240001009574_260_00,3594359697,55210 1,50020 4,
4240001009574_260_00,550332996,73610 0,72740 0,
4240001009574_260_00,550332996,72590 0,50860 0,
4240001009574_260_00,2355023358,55210 1,50020 2,
4240001009574_260_00,550332996,50104 0,50070 0,
4240001009574_260_00,3594359697,55210 1,70347 1,
4240001009574_260_00,3594359697,50320 0,55200 0,
4240001009574_260_00,3594359697,55200 1,50350 1,
4240001009574_260_00,3594359697,50320 0,55210 0,
4240001009574_260_00,3594359697,50350 0,55210 0,
4240001009574_260_00,550332996,46044 1,50104 1,
4240001009574_260_00,550332996,50840 1,73610 1,
4240001009574_260_00,550332996,50860 1,72590 1,
4240001009574_260_00,2355023358,55200 1,75041 1,
4240001009574_260_00,550332996,73610 0,50860 2,
4240001009574_260_00,550332996,73610 0,50850 0,
4240001009574_260_00,550332996,73610 0,46044 0,
4240001009574_260_00,550332996,72590 0,50870 0,
4240001009574_260_00,550332996,72590 0,50840 0,
4240001009574_260_00,550332996,50103 0,50060 4,
4240001009574_260_00,3594359697,55200 1,50020 4,
4240001009574_260_00,3594359697,70347 0,55210 0,
4240001009574_260_00,3594359697,50350 0,55200 0,
4240001009574_260_00,3594359697,55200 1,73280 1,
4240001009574_260_00,3594359697,55200 1,73400 1,
4240001009574_260_00,2355023358,75041 0,55210 0,
4240001009574_260_00,3594359697,55200 1,70347 1,
4240001009574_260_00,3594359697,72090 0,55200 0,
4240001009574_260_00,3594359697,73280 0,55210 0,
4240001009574_260_00,3594359697,73185 0,55200 0,
4240001009574_260_00,3594359697,55200 1,70350 1,
4240001009574_260_00,3594359697,55210 1,50350 1,
4240001009574_260_00,550332996,50280 1,50270 1,
4240001009574_260_00,550332996,50850 1,50103 1,
4240001009574_260_00,550332996,50060 11,50103 1,
4240001009574_260_00,2355023358,50020 5,55200 0,
4240001009574_260_00,550332996,50850 1,73610 1,
4240001009574_260_00,550332996,50060 11,72590 1,
4240001009574_260_00,3594359697,55210 1,71760 1,
4240001009574_260_00,550332996,73610 0,50870 0,
4240001009574_260_00,550332996,72590 0,50830 0,
4240001009574_260_00,550332996,72590 0,50850 0,
4240001009574_260_00,2355023358,55210 1,75041 1,
4240001009574_260_00,3594359697,55200 1,50340 1,
4240001009574_260_00,3594359697,71760 0,55200 0,
4240001009574_260_00,3594359697,55210 1,72090 1,
4240001009574_260_00,2355023358,50030 4,55200 0,
4240001009574_260_00,3594359697,50020 5,55210 0,
4240001009574_260_00,3594359697,55210 1,47014 1,
4240001009574_260_00,550332996,46044 1,50270 1,
4240001009574_260_00,550332996,46044 1,50103 1,
4240001009574_260_00,550332996,50840 1,50104 1,
4240001009574_260_00,550332996,50060 11,50270 1,
4240001009574_260_00,550332996,46044 1,72590 1,
4240001009574_260_00,550332996,50830 1,72590 1,
4240001009574_260_00,550332996,73610 0,50860 0,
4240001009574_260_00,550332996,72590 0,50060 10,
4240001009574_260_00,2355023358,55210 1,50030 7,
4240001009574_260_00,550332996,50103 0,50070 0,
4240001009574_260_00,550332996,50102 0,51010 0,
4240001009574_260_00,3594359697,55210 1,70355 0,
4240001009574_260_00,550332996,50830 1,50270 1,
4240001009574_260_00,550332996,50830 1,50260 1,
4240001009574_260_00,550332996,46044 1,73610 1,
4240001009574_260_00,550332996,50280 1,73610 1,
4240001009574_260_00,550332996,73610 0,50280 0,
4240001009574_260_00,550332996,73610 0,50060 10,
4240001009574_260_00,550332996,72590 0,50280 0,
4240001009574_260_00,550332996,50270 0,50070 0,
4240001009574_260_00,550332996,50104 0,50060 4,
4240001009574_260_00,3594359697,75042 0,55200 0,
4240001009574_260_00,3594359697,75042 0,55210 0,
4240001009574_260_00,3594359697,55200 1,47014 0,
4240001009574_260_00,550332996,50840 1,50103 1,
4240001009574_260_00,2355023358,50020 3,55210 0,
4240001009574_260_00,550332996,50860 1,73610 1,
4240001009574_260_00,550332996,50260 0,50060 4,
4240001009574_260_00,550332996,50270 0,50060 4,
4240001009574_260_00,3594359697,55210 1,73185 1,
4240001009574_260_00,550332996,50860 1,50103 1,
4240001009574_260_00,550332996,50850 1,72590 1,
4240001009574_260_00,550332996,50060 11,73610 1,
4240001009574_260_00,550332996,72590 0,50860 2,
4240001009574_260_00,550332996,74040 0,50060 4,
4240001009574_260_00,550332996,50840 1,50260 1,
4240001009574_260_00,550332996,50830 1,50104 1,
4240001009574_260_00,550332996,72590 0,72740 0,
4240001009574_260_00,3594359697,55200 1,73185 1,
4240001009574_260_00,550332996,50840 1,50270 1,
4240001009574_260_00,550332996,51010 1,50102 1,
4240001009574_260_00,550332996,50830 1,50103 1,
4240001009574_260_00,550332996,50280 1,50104 1,
4240001009574_260_00,550332996,50102 0,50030 3,
4240001009574_260_00,3594359697,73185 0,55210 0,
4240001009574_260_00,550332996,74040 0,51010 0,
4240001009574_260_00,550332996,72280 0,50070 0,
4240001009574_260_00,550332996,50280 1,50103 1,
4240001009574_260_00,3594359697,55200 1,47014 1,
4240001009574_260_00,2355023358,55200 1,50020 2,
4240001009574_260_00,2355023358,55200 1,50030 7,
4240001009574_260_00,550332996,50260 0,50070 0,
4240001009574_260_00,550332996,50860 1,50270 1,
4240001009574_260_00,550332996,50860 1,50260 1,
4240001009574_260_00,550332996,50850 1,50270 1,
4240001009574_260_00,550332996,50850 1,50104 1,
4240001009574_260_00,550332996,50840 1,72590 1,
4240001009574_260_00,550332996,50280 1,72590 1,
4240001009574_260_00,550332996,50102 0,50060 4,
4240001009574_270_00,2300128744,71270 0,50040 0,
4240001009574_270_00,2300128744,71280 0,50020 5,
4240001009574_270_00,2300128744,71280 0,50060 5,
4240001009574_270_00,2300128744,50060 3,71280 1,
4240001009574_270_00,835754522,71290 0,72120 0,
4240001009574_270_00,835754522,71240 0,52030 2,
4240001009574_270_00,2300128744,71270 0,73470 0,
4240001009574_270_00,2300128744,71280 0,50050 0,
4240001009574_270_00,550332996,72400 0,74320 0,
4240001009574_270_00,550332996,70580 0,70030 0,
4240001009574_270_00,550332996,74320 1,72400 1,
4240001009574_270_00,550332996,70580 0,70030 1,
4240001009574_270_00,550332996,74320 1,71420 1,
4240001009574_270_00,550332996,74320 1,70580 1,
4240001009574_270_00,550332996,71420 0,70030 0,
4240001009574_270_00,2300128744,73470 1,71280 1,
4240001009574_270_00,2300128744,70920 1,71010 1,
4240001009574_270_00,550332996,70030 1,70580 1,
4240001009574_270_00,550332996,71420 0,74320 1,
4240001009574_270_00,550332996,74320 0,71420 1,
4240001009574_270_00,550332996,74320 0,70580 1,
4240001009574_270_00,2300128744,71060 0,71410 0,
4240001009574_270_00,2300128744,50030 7,71270 1,
4240001009574_270_00,2300128744,73690 1,71010 1,
4240001009574_270_00,2300128744,50040 1,71280 1,
4240001009574_270_00,2300128744,50320 1,71270 1,
4240001009574_270_00,2300128744,71270 0,50020 5,
4240001009574_270_00,835754522,52030 1,71010 1,
4240001009574_270_00,2300128744,71270 0,50060 5,
4240001009574_270_00,2300128744,51330 1,71270 1,
4240001009574_270_00,2300128744,50050 1,71270 1,
4240001009574_270_00,835754522,71240 0,71620 0,
4240001009574_270_00,2300128744,71270 0,50050 0,
4240001009574_270_00,2300128744,71280 0,50040 0,
4240001009574_270_00,2300128744,71280 0,73470 0,
4240001009574_270_00,550332996,70030 1,71420 1,
4240001009574_270_00,550332996,70030 1,72400 1,
4240001009574_270_00,550332996,74320 1,72390 1,
4240001009574_270_00,835754522,52130 1,71290 1,
4240001009574_270_00,835754522,52030 1,71060 1,
4240001009574_270_00,2300128744,73410 1,71010 1,
4240001009574_270_00,2300128744,71270 0,50030 4,
4240001009574_270_00,2300128744,50060 3,71270 1,
4240001009574_270_00,2300128744,70920 1,71240 1,
4240001009574_270_00,2300128744,71240 0,73410 0,
4240001009574_270_00,2300128744,71410 1,71060 1,
4240001009574_270_00,2300128744,51340 1,71270 1,
4240001009574_270_00,2300128744,71240 0,70920 0,
4240001009574_270_00,550332996,70030 0,71420 1,
4240001009574_270_00,550332996,70030 0,70580 1,
4240001009574_270_00,835754522,71620 1,71010 1,
4240001009574_270_00,2300128744,50040 1,71270 1,
4240001009574_270_00,2300128744,50020 7,71280 1,
4240001009574_270_00,2300128744,70920 1,71060 1,
4240001009574_270_00,550332996,72390 0,74320 0,
4240001009574_270_00,2300128744,71060 0,51320 0,
4240001009574_270_00,2300128744,71240 0,51320 0,
4240001009574_270_00,835754522,52030 1,71240 1,
4240001009574_270_00,2300128744,51320 1,71240 1,
4240001009574_270_00,835754522,71290 0,73000 0,
4240001009574_270_00,550332996,72400 0,70030 0,
4240001009574_270_00,835754522,71060 0,52030 4,
4240001009574_270_00,550332996,70580 0,74320 1,
4240001009574_270_00,550332996,70580 0,74320 0,
4240001009574_270_00,2300128744,73690 1,71240 1,
4240001009574_270_00,550332996,74320 0,72390 1,
4240001009574_270_00,550332996,74320 0,72400 1,
4240001009574_270_00,2300128744,71270 0,50320 0,
4240001009574_270_00,2300128744,51320 1,71010 1,
4240001009574_270_00,2300128744,71060 0,73410 0,
4240001009574_270_00,550332996,72390 0,70030 0,
4240001009574_270_00,835754522,71010 0,52030 4,
4240001009574_270_00,550332996,70030 1,72390 1,
4240001009574_270_00,550332996,71420 0,74320 0,
4240001009574_270_00,835754522,73250 1,71290 1,
4240001009574_270_00,2300128744,73690 1,71060 1,
4240001009574_270_00,550332996,72390 0,70030 1,
4240001009574_270_00,2300128744,71010 0,51320 0,
4240001009574_270_00,2300128744,71280 0,50030 4,
4240001009574_270_00,2300128744,71240 0,71410 0,
4240001009574_270_00,2300128744,50030 7,71280 1,
4240001009574_270_00,2300128744,71280 0,50320 0,
4240001009574_270_00,2300128744,71410 1,71240 1,
4240001009574_270_00,835754522,71290 0,73250 0,
4240001009574_270_00,835754522,71290 0,52130 0,
4240001009574_270_00,835754522,71290 0,72150 0,
4240001009574_270_00,835754522,71290 0,50050 3,
4240001009574_270_00,2300128744,71060 0,73690 0,
4240001009574_270_00,550332996,72400 0,70030 1,
4240001009574_270_00,550332996,70030 0,72400 1,
4240001009574_270_00,835754522,72760 1,71290 1,
4240001009574_270_00,2300128744,50050 1,71280 1,
4240001009574_270_00,550332996,70030 0,72390 1,
4240001009574_270_00,550332996,71420 0,70030 1,
4240001009574_270_00,2300128744,71410 1,71010 1,
4240001009574_270_00,2300128744,51320 1,71060 1,
4240001009574_270_00,2300128744,51340 1,71280 1,
4240001009574_270_00,835754522,71010 0,71620 0,
4240001009574_270_00,2300128744,71010 0,70920 0,
4240001009574_270_00,2300128744,71060 0,70920 0,
4240001009574_270_00,835754522,72150 1,71290 1,
4240001009574_270_00,2300128744,71010 0,71410 0,
4240001009574_270_00,2300128744,71280 0,51330 0,
4240001009574_270_00,2300128744,71010 0,73410 0,
4240001009574_270_00,2300128744,71240 0,73690 0,
4240001009574_270_00,2300128744,71260 0,73410 0,
4240001009574_270_00,2300128744,50020 0,71270 1,
4240001009574_270_00,2300128744,50020 0,71280 1,
4240001009574_270_00,2300128744,50020 7,71270 1,
4240001009574_270_00,835754522,71060 0,71620 0,
4240001009574_270_00,550332996,72400 0,74320 1,
4240001009574_270_00,835754522,50050 2,71290 1,
4240001009574_270_00,835754522,71620 1,71060 1,
4240001009574_270_00,2300128744,73470 1,71270 1,
4240001009574_270_00,2300128744,73410 1,71060 1,
4240001009574_270_00,2300128744,71270 0,51330 0,
4240001009574_270_00,2300128744,50320 1,71280 1,
4240001009574_270_00,2300128744,71010 0,73690 0,
4240001009574_270_00,835754522,72120 1,71290 1,
4240001009574_270_00,835754522,71620 1,71240 1,
4240001009574_270_00,2300128744,51330 1,71280 1,
4240001009574_270_00,835754522,71290 0,50060 5,
4240001009574_270_00,835754522,73000 1,71290 1,
4240001009574_270_00,550332996,72390 0,74320 1,
4240001009574_270_00,2300128744,73410 1,71240 1,
4240001009574_270_00,835754522,71010 0,52030 2,
4240001009574_270_00,835754522,71240 0,52030 4,
4240001009574_270_00,835754522,71290 0,72760 0,
4240001009574_270_00,835754522,71060 0,52030 2,
4240001009574_270_00,835754522,50060 9,71290 1,
4240001009574_280_00,3594359697,71460 0,55200 0,
4240001009574_280_00,3594359697,73990 0,55200 0,
4240001009574_280_00,835754522,74370 1,71740 1,
4240001009574_280_00,2300128744,71260 0,50060 5,
4240001009574_280_00,201880385,72570 0,50020 1,
4240001009574_280_00,2300128744,51330 1,71240 1,
4240001009574_280_00,2300128744,73290 1,71710 1,
4240001009574_280_00,2300128744,50060 3,71240 1,
4240001009574_280_00,2300128744,73790 1,71710 1,
4240001009574_280_00,835754522,51055 2,74380 0,
4240001009574_280_00,835754522,71010 0,52130 0,
4240001009574_280_00,835754522,71240 0,72760 0,
4240001009574_280_00,2300128744,71040 0,73690 0,
4240001009574_280_00,2300128744,71240 0,50030 4,
4240001009574_280_00,3594359697,55210 1,71460 1,
4240001009574_280_00,550332996,50105 1,70150 1,
4240001009574_280_00,550332996,50101 1,70150 1,
4240001009574_280_00,550332996,50080 1,72720 1,
4240001009574_280_00,550332996,50080 1,71560 1,
4240001009574_280_00,550332996,50101 1,72030 1,
4240001009574_280_00,550332996,72720 0,50101 0,
4240001009574_280_00,550332996,70540 1,71560 1,
4240001009574_280_00,550332996,71440 1,71560 1,
4240001009574_280_00,3594359697,55210 1,73990 1,
4240001009574_280_00,3594359697,55210 1,73950 1,
4240001009574_280_00,835754522,52130 1,71010 1,
4240001009574_280_00,835754522,50050 2,71060 1,
4240001009574_280_00,835754522,74370 1,51055 7,
4240001009574_280_00,835754522,73250 1,71060 1,
4240001009574_280_00,550332996,72720 0,72610 0,
4240001009574_280_00,550332996,72720 0,71440 0,
4240001009574_280_00,550332996,70150 0,71440 0,
4240001009574_280_00,550332996,72030 0,50090 0,
4240001009574_280_00,550332996,70150 0,50090 0,
4240001009574_280_00,2300128744,50050 1,71240 1,
4240001009574_280_00,3594359697,73980 0,55200 0,
4240001009574_280_00,3594359697,73390 0,55200 0,
4240001009574_280_00,2300128744,50030 7,71010 1,
4240001009574_280_00,2300128744,73690 1,71080 1,
4240001009574_280_00,2300128744,50020 7,71240 1,
4240001009574_280_00,2300128744,50050 1,71010 1,
4240001009574_280_00,2300128744,50050 1,71060 1,
4240001009574_280_00,2300128744,71010 0,50020 5,
4240001009574_280_00,2300128744,71720 0,22540 0,
4240001009574_280_00,3594359697,73390 0,55210 0,
4240001009574_280_00,201880385,50020 3,72570 1,
4240001009574_280_00,2300128744,71410 1,71040 1,
4240001009574_280_00,2300128744,50030 7,71240 1,
4240001009574_280_00,2300128744,51340 1,71240 1,
4240001009574_280_00,2300128744,51410 1,71720 1,
4240001009574_280_00,2300128744,51410 1,71430 1,
4240001009574_280_00,2300128744,51410 1,70280 1,
4240001009574_280_00,2300128744,73790 1,71430 1,
4240001009574_280_00,2300128744,73790 1,70280 1,
4240001009574_280_00,2300128744,50020 7,71010 1,
4240001009574_280_00,835754522,71740 0,74370 0,
4240001009574_280_00,2300128744,71040 0,73410 0,
4240001009574_280_00,2300128744,71080 0,73690 0,
4240001009574_280_00,2300128744,71080 0,70920 0,
4240001009574_280_00,2300128744,71060 0,73470 0,
4240001009574_280_00,2300128744,71240 0,73470 0,
4240001009574_280_00,3594359697,55210 1,73940 1,
4240001009574_280_00,550332996,50090 1,70150 1,
4240001009574_280_00,550332996,50100 1,70150 1,
4240001009574_280_00,550332996,50100 1,71560 1,
4240001009574_280_00,550332996,50105 1,72030 1,
4240001009574_280_00,550332996,50101 0,70150 1,
4240001009574_280_00,550332996,71560 0,50121 1,
4240001009574_280_00,550332996,71560 0,50105 0,
4240001009574_280_00,550332996,71560 0,50101 1,
4240001009574_280_00,550332996,71440 1,72030 1,
4240001009574_280_00,550332996,70520 1,72030 1,
4240001009574_280_00,3594359697,55200 1,73390 1,
4240001009574_280_00,3594359697,55210 1,73980 1,
4240001009574_280_00,550332996,72030 0,70520 0,
4240001009574_280_00,550332996,72030 0,71440 0,
4240001009574_280_00,550332996,72720 0,70520 0,
4240001009574_280_00,550332996,72720 0,50105 0,
4240001009574_280_00,2300128744,22540 1,71670 0,
4240001009574_280_00,2300128744,73470 1,71240 1,
4240001009574_280_00,2300128744,73470 1,71010 1,
4240001009574_280_00,2300128744,73410 1,71040 1,
4240001009574_280_00,2300128744,50320 1,71010 1,
4240001009574_280_00,2300128744,71040 0,51320 0,
4240001009574_280_00,2300128744,71010 0,50060 5,
4240001009574_280_00,2300128744,71010 0,50040 0,
4240001009574_280_00,2300128744,71060 0,50030 4,
4240001009574_280_00,2300128744,70280 0,22540 0,
4240001009574_280_00,2300128744,71240 0,50050 0,
4240001009574_280_00,3594359697,73980 0,55210 0,
4240001009574_280_00,2300128744,71260 0,50320 0,
4240001009574_280_00,2300128744,71260 0,50030 4,
4240001009574_280_00,2300128744,71240 0,50020 5,
4240001009574_280_00,201880385,72570 0,50030 1,
4240001009574_280_00,2300128744,71190 0,71710 1,
4240001009574_280_00,2300128744,73290 1,51055 6,
4240001009574_280_00,2300128744,51340 1,71010 1,
4240001009574_280_00,835754522,71240 0,50050 3,
4240001009574_280_00,2300128744,71010 0,50050 0,
4240001009574_280_00,2300128744,71010 0,50030 4,
4240001009574_280_00,2300128744,71060 0,50020 5,
4240001009574_280_00,835754522,51055 2,74370 0,
4240001009574_280_00,550332996,50105 1,72720 1,
4240001009574_280_00,550332996,50105 0,72720 1,
4240001009574_280_00,550332996,50101 1,71560 1,
4240001009574_280_00,835754522,72150 1,71060 1,
4240001009574_280_00,835754522,73250 1,71240 1,
4240001009574_280_00,835754522,72760 1,71010 1,
4240001009574_280_00,550332996,72720 0,70540 0,
4240001009574_280_00,550332996,71560 0,71440 0,
4240001009574_280_00,2300128744,50320 1,71060 1,
4240001009574_280_00,2300128744,70920 1,71040 1,
4240001009574_280_00,2300128744,71060 0,51330 0,
4240001009574_280_00,3594359697,73990 0,55210 0,
4240001009574_280_00,2300128744,50320 1,71240 1,
4240001009574_280_00,2300128744,71040 0,70920 0,
4240001009574_280_00,3594359697,74200 0,55200 0,
4240001009574_280_00,835754522,52030 1,71040 1,
4240001009574_280_00,2300128744,71240 0,50060 5,
4240001009574_280_00,201880385,72560 0,50040 1,
4240001009574_280_00,2300128744,71410 1,71080 1,
4240001009574_280_00,835754522,71040 0,71620 0,
4240001009574_280_00,835754522,71010 0,50060 5,
4240001009574_280_00,835754522,71080 0,52030 2,
4240001009574_280_00,2300128744,71240 0,50320 0,
4240001009574_280_00,3594359697,55200 1,74200 1,
4240001009574_280_00,550332996,50100 1,72720 1,
4240001009574_280_00,550332996,50110 0,72720 1,
4240001009574_280_00,550332996,72030 0,50101 1,
4240001009574_280_00,550332996,72720 0,50121 1,
4240001009574_280_00,550332996,72720 0,50101 1,
4240001009574_280_00,550332996,70150 0,50105 0,
4240001009574_280_00,835754522,72120 1,71240 1,
4240001009574_280_00,835754522,50050 2,71010 1,
4240001009574_280_00,550332996,70150 0,70520 0,
4240001009574_280_00,550332996,72030 0,70540 0,
4240001009574_280_00,550332996,70150 0,70540 0,
4240001009574_280_00,2300128744,22540 1,71720 1,
4240001009574_280_00,2300128744,22540 1,71740 1,
4240001009574_280_00,2300128744,22540 1,71690 1,
4240001009574_280_00,2300128744,73470 1,71060 1,
4240001009574_280_00,2300128744,71740 0,73290 0,
4240001009574_280_00,2300128744,71060 0,50040 0,
4240001009574_280_00,2300128744,70280 0,51410 0,
4240001009574_280_00,2300128744,71690 0,73290 0,
4240001009574_280_00,2300128744,71010 0,73470 0,
4240001009574_280_00,2300128744,71060 0,50320 0,
4240001009574_280_00,3594359697,71460 0,55210 0,
4240001009574_280_00,201880385,50040 0,72570 1,
4240001009574_280_00,201880385,24960 7,72560 1,
4240001009574_280_00,2300128744,71260 0,50040 0,
4240001009574_280_00,2300128744,71260 0,73470 0,
4240001009574_280_00,2300128744,50040 1,71240 1,
4240001009574_280_00,2300128744,71190 0,71430 1,
4240001009574_280_00,2300128744,71190 0,71740 1,
4240001009574_280_00,2300128744,71190 0,71690 1,
4240001009574_280_00,2300128744,73290 1,71720 1,
4240001009574_280_00,2300128744,73790 1,71720 1,
4240001009574_280_00,835754522,71010 0,73000 0,
4240001009574_280_00,835754522,71060 0,50060 5,
4240001009574_280_00,835754522,71060 0,50050 3,
4240001009574_280_00,2300128744,51055 1,22540 0,
4240001009574_280_00,2300128744,71080 0,73410 0,
4240001009574_280_00,835754522,71040 0,52030 4,
4240001009574_280_00,550332996,50110 0,71560 1,
4240001009574_280_00,550332996,50121 1,72720 1,
4240001009574_280_00,550332996,72720 0,50105 1,
4240001009574_280_00,550332996,70150 0,50101 0,
4240001009574_280_00,550332996,72610 1,72720 1,
4240001009574_280_00,550332996,72610 1,71560 1,
4240001009574_280_00,550332996,70540 1,72720 1,
4240001009574_280_00,550332996,70520 1,72720 1,
4240001009574_280_00,550332996,70520 1,71560 1,
4240001009574_280_00,3594359697,55200 1,73940 1,
4240001009574_280_00,3594359697,55200 1,73990 1,
4240001009574_280_00,835754522,50060 9,71060 1,
4240001009574_280_00,550332996,71560 0,70540 0,
4240001009574_280_00,550332996,72030 0,50105 0,
4240001009574_280_00,550332996,71560 0,50100 0,
4240001009574_280_00,550332996,71560 0,50101 0,
4240001009574_280_00,2300128744,22540 1,71650 1,
4240001009574_280_00,2300128744,70920 1,71080 1,
4240001009574_280_00,2300128744,71710 0,73290 0,
4240001009574_280_00,2300128744,70280 0,73290 0,
4240001009574_280_00,2300128744,71720 0,51410 0,
4240001009574_280_00,3594359697,74200 0,55210 0,
4240001009574_280_00,3594359697,73950 0,55200 0,
4240001009574_280_00,3594359697,73940 0,55200 0,
4240001009574_280_00,2300128744,51055 5,22540 0,
4240001009574_280_00,3594359697,73940 0,55210 0,
4240001009574_280_00,835754522,52030 1,71080 1,
4240001009574_280_00,201880385,50050 0,72560 1,
4240001009574_280_00,201880385,72570 0,50050 1,
4240001009574_280_00,201880385,72560 0,50050 1,
4240001009574_280_00,2300128744,51330 1,71060 1,
4240001009574_280_00,2300128744,71190 0,71720 1,
4240001009574_280_00,2300128744,73290 1,70280 1,
4240001009574_280_00,2300128744,51410 1,71740 1,
4240001009574_280_00,2300128744,73790 1,71740 1,
4240001009574_280_00,835754522,71010 0,73250 0,
4240001009574_280_00,835754522,71010 0,72120 0,
4240001009574_280_00,835754522,71060 0,73250 0,
4240001009574_280_00,835754522,71060 0,73000 0,
4240001009574_280_00,2300128744,71710 0,22540 0,
4240001009574_280_00,2300128744,71010 0,50320 0,
4240001009574_280_00,3594359697,55200 1,73950 1,
4240001009574_280_00,550332996,50121 1,70150 1,
4240001009574_280_00,550332996,50121 1,71560 1,
4240001009574_280_00,550332996,50105 1,71560 1,
4240001009574_280_00,550332996,50105 0,71560 1,
4240001009574_280_00,550332996,71560 0,50110 0,
4240001009574_280_00,835754522,72120 1,71060 1,
4240001009574_280_00,835754522,73000 1,71010 1,
4240001009574_280_00,835754522,73250 1,71010 1,
4240001009574_280_00,550332996,72720 0,50080 0,
4240001009574_280_00,550332996,70150 0,50080 0,
4240001009574_280_00,2300128744,22540 1,51055 6,
4240001009574_280_00,2300128744,71080 0,51320 0,
4240001009574_280_00,2300128744,71690 0,73790 0,
4240001009574_280_00,2300128744,71430 0,73790 0,
4240001009574_280_00,2300128744,50030 7,71060 1,
4240001009574_280_00,2300128744,50040 1,71010 1,
4240001009574_280_00,2300128744,71690 0,22540 0,
4240001009574_280_00,3594359697,73950 0,55210 0,
4240001009574_280_00,201880385,50040 0,72560 1,
4240001009574_280_00,201880385,24960 7,72570 1,
4240001009574_280_00,2300128744,50020 0,71240 1,
4240001009574_280_00,2300128744,73290 1,71690 1,
4240001009574_280_00,2300128744,51410 1,71690 1,
4240001009574_280_00,2300128744,73790 1,51055 6,
4240001009574_280_00,2300128744,73790 1,71690 1,
4240001009574_280_00,2300128744,50020 7,71060 1,
4240001009574_280_00,835754522,71740 0,74380 0,
4240001009574_280_00,835754522,71060 0,72760 0,
4240001009574_280_00,835754522,71060 0,72120 0,
4240001009574_280_00,2300128744,71060 0,50050 0,
4240001009574_280_00,3594359697,55210 1,74200 1,
4240001009574_280_00,835754522,71080 0,71620 0,
4240001009574_280_00,550332996,50090 1,72030 1,
4240001009574_280_00,550332996,50080 1,70150 1,
4240001009574_280_00,550332996,50110 0,72030 1,
4240001009574_280_00,550332996,70150 0,50110 0,
4240001009574_280_00,550332996,72610 1,70150 1,
4240001009574_280_00,550332996,71440 1,70150 1,
4240001009574_280_00,3594359697,55210 1,73390 1,
4240001009574_280_00,835754522,50050 2,71240 1,
4240001009574_280_00,550332996,71560 0,72610 0,
4240001009574_280_00,550332996,72030 0,50101 0,
4240001009574_280_00,550332996,72720 0,50100 0,
4240001009574_280_00,2300128744,71740 0,73790 0,
4240001009574_280_00,2300128744,71080 0,71410 0,
4240001009574_280_00,2300128744,71430 0,73290 0,
4240001009574_280_00,2300128744,50040 1,71060 1,
4240001009574_280_00,835754522,71620 1,71040 1,
4240001009574_280_00,201880385,50030 11,72560 1,
4240001009574_280_00,2300128744,71260 0,50050 0,
4240001009574_280_00,201880385,72570 0,50040 1,
4240001009574_280_00,201880385,72560 0,50030 1,
4240001009574_280_00,2300128744,51330 1,71010 1,
4240001009574_280_00,2300128744,51340 1,71060 1,
4240001009574_280_00,2300128744,51410 1,71710 1,
4240001009574_280_00,2300128744,71740 0,22540 0,
4240001009574_280_00,2300128744,71060 0,50060 5,
4240001009574_280_00,835754522,71080 0,52030 4,
4240001009574_280_00,550332996,50090 1,72720 1,
4240001009574_280_00,550332996,72030 0,50110 0,
4240001009574_280_00,550332996,72030 0,50121 1,
4240001009574_280_00,550332996,50121 1,72030 1,
4240001009574_280_00,550332996,50105 0,72030 1,
4240001009574_280_00,550332996,70150 0,50121 1,
4240001009574_280_00,550332996,70150 0,50105 1,
4240001009574_280_00,550332996,72610 1,72030 1,
4240001009574_280_00,550332996,70540 1,72030 1,
4240001009574_280_00,835754522,73000 1,71060 1,
4240001009574_280_00,835754522,72150 1,71010 1,
4240001009574_280_00,550332996,71560 0,70520 0,
4240001009574_280_00,2300128744,50060 3,71010 1,
4240001009574_280_00,2300128744,71430 0,51410 0,
4240001009574_280_00,2300128744,71720 0,73290 0,
4240001009574_280_00,2300128744,22540 1,71430 1,
4240001009574_280_00,2300128744,22540 1,70280 1,
4240001009574_280_00,2300128744,73410 1,71080 1,
4240001009574_280_00,201880385,72560 0,50020 1,
4240001009574_280_00,2300128744,71190 0,70280 1,
4240001009574_280_00,2300128744,73290 1,71740 1,
4240001009574_280_00,2300128744,50060 3,71060 1,
4240001009574_280_00,2300128744,51320 1,71040 1,
4240001009574_280_00,835754522,71240 0,73000 0,
4240001009574_280_00,2300128744,71240 0,50040 0,
4240001009574_280_00,2300128744,71430 0,22540 0,
4240001009574_280_00,550332996,50100 1,72030 1,
4240001009574_280_00,550332996,50101 1,72720 1,
4240001009574_280_00,550332996,72030 0,50105 1,
4240001009574_280_00,550332996,70540 1,70150 1,
4240001009574_280_00,835754522,50060 9,71240 1,
4240001009574_280_00,835754522,72760 1,71060 1,
4240001009574_280_00,550332996,72030 0,72610 0,
4240001009574_280_00,550332996,70150 0,72610 0,
4240001009574_280_00,550332996,72030 0,50100 0,
4240001009574_280_00,550332996,70150 0,50100 0,
4240001009574_280_00,2300128744,71710 0,51410 0,
4240001009574_280_00,2300128744,71010 0,51330 0,
4240001009574_280_00,2300128744,71740 0,51410 0,
4240001009574_280_00,2300128744,71240 0,51330 0,
4240001009574_280_00,201880385,50030 11,72570 1,
4240001009574_280_00,2300128744,50020 0,71010 1,
4240001009574_280_00,2300128744,71190 0,51055 6,
4240001009574_280_00,2300128744,51410 1,51055 6,
4240001009574_280_00,835754522,71040 0,52030 2,
4240001009574_280_00,835754522,71010 0,72760 0,
4240001009574_280_00,835754522,71240 0,73250 0,
4240001009574_280_00,835754522,71240 0,52130 0,
4240001009574_280_00,835754522,71240 0,72150 0,
4240001009574_280_00,3594359697,55200 1,71460 1,
4240001009574_280_00,550332996,72720 0,50110 0,
4240001009574_280_00,550332996,70150 0,50101 1,
4240001009574_280_00,550332996,50101 0,72720 1,
4240001009574_280_00,550332996,70520 1,70150 1,
4240001009574_280_00,3594359697,55200 1,73980 1,
4240001009574_280_00,835754522,72120 1,71010 1,
4240001009574_280_00,835754522,52130 1,71240 1,
4240001009574_280_00,550332996,72720 0,50090 0,
4240001009574_280_00,550332996,71560 0,50080 0,
4240001009574_280_00,2300128744,71710 0,73790 0,
4240001009574_280_00,2300128744,51055 1,51410 0,
4240001009574_280_00,201880385,50020 3,72560 1,
4240001009574_280_00,835754522,71010 0,72150 0,
4240001009574_280_00,835754522,71010 0,50050 3,
4240001009574_280_00,835754522,71060 0,52130 0,
4240001009574_280_00,835754522,71060 0,72150 0,
4240001009574_280_00,550332996,50105 0,70150 1,
4240001009574_280_00,550332996,50101 0,72030 1,
4240001009574_280_00,550332996,71440 1,72720 1,
4240001009574_280_00,835754522,50060 9,71010 1,
4240001009574_280_00,835754522,52130 1,71060 1,
4240001009574_280_00,835754522,73000 1,71240 1,
4240001009574_280_00,835754522,72150 1,71240 1,
4240001009574_280_00,835754522,71620 1,71080 1,
4240001009574_280_00,835754522,72760 1,71240 1,
4240001009574_280_00,2300128744,73690 1,71040 1,
4240001009574_280_00,2300128744,71040 0,71410 0,
4240001009574_280_00,2300128744,51055 1,73790 0,
4240001009574_280_00,2300128744,51055 1,73290 0,
4240001009574_280_00,2300128744,71690 0,51410 0,
4240001009574_280_00,2300128744,71720 0,73790 0,
4240001009574_280_00,201880385,50050 0,72570 1,
4240001009574_280_00,2300128744,71260 0,50020 5,
4240001009574_280_00,2300128744,50020 0,71060 1,
4240001009574_280_00,2300128744,73290 1,71430 1,
4240001009574_280_00,2300128744,51320 1,71080 1,
4240001009574_280_00,835754522,71240 0,50060 5,
4240001009574_280_00,835754522,71240 0,72120 0,
4240001009574_280_00,550332996,50090 1,71560 1,
4240001009574_280_00,550332996,50080 1,72030 1,
4240001009574_280_00,550332996,50110 0,70150 1,
4240001009574_280_00,550332996,50101 0,71560 1,
4240001009574_280_00,550332996,71560 0,50105 1,
4240001009574_280_00,550332996,72030 0,50080 0,
4240001009574_280_00,550332996,71560 0,50090 0,
4240001009574_280_00,2300128744,22540 1,71710 1,
4240001009574_280_00,2300128744,70280 0,73790 0,
4240001009574_290_00,3594359697,70430 0,71370 0,
4240001009574_290_00,3594359697,50060 10,71370 0,
4240001009574_290_00,835754522,71620 1,51055 7,
4240001009574_290_00,2355023358,55170 0,55220 0,
4240001009574_290_00,201880385,50280 1,73430 1,
4240001009574_290_00,201880385,50060 11,72040 1,
4240001009574_290_00,201880385,51940 0,50060 10,
4240001009574_290_00,201880385,72470 0,50830 0,
4240001009574_290_00,201880385,72470 0,50840 0,
4240001009574_290_00,201880385,72040 0,50840 0,
4240001009574_290_00,3594359697,71370 1,50040 1,
4240001009574_290_00,3594359697,55220 1,50040 1,
4240001009574_290_00,3594359697,55180 0,71370 0,
4240001009574_290_00,3594359697,50060 10,55220 0,
4240001009574_290_00,2300128744,71410 1,71690 1,
4240001009574_290_00,2300128744,71710 0,73410 0,
4240001009574_290_00,2300128744,71720 0,73690 0,
4240001009574_290_00,550332996,70740 0,70150 0,
4240001009574_290_00,550332996,49016 0,72720 0,
4240001009574_290_00,550332996,70590 0,70800 0,
4240001009574_290_00,3594359697,55220 1,50050 1,
4240001009574_290_00,550332996,50840 1,71600 0,
4240001009574_290_00,550332996,71560 1,70740 1,
4240001009574_290_00,550332996,50850 1,74320 1,
4240001009574_290_00,2355023358,50040 0,55220 0,
4240001009574_290_00,550332996,50270 1,73300 1,
4240001009574_290_00,550332996,72280 0,73270 1,
4240001009574_290_00,550332996,72280 0,70970 1,
4240001009574_290_00,550332996,70610 1,70150 1,
4240001009574_290_00,550332996,70610 1,71560 1,
4240001009574_290_00,550332996,70780 0,70610 999,
4240001009574_290_00,550332996,71540 0,70150 1,
4240001009574_290_00,550332996,50271 0,73300 1,
4240001009574_290_00,550332996,50271 0,71400 1,
4240001009574_290_00,550332996,70970 0,50102 1,
4240001009574_290_00,550332996,70970 0,50271 1,
4240001009574_290_00,550332996,50271 1,73270 1,
4240001009574_290_00,550332996,46044 1,71600 0,
4240001009574_290_00,550332996,50840 1,74320 1,
4240001009574_290_00,550332996,71580 1,72390 1,
4240001009574_290_00,550332996,72590 1,71400 1,
4240001009574_290_00,550332996,71560 1,70610 2,
4240001009574_290_00,550332996,50850 1,71580 1,
4240001009574_290_00,550332996,73610 1,71400 1,
4240001009574_290_00,2355023358,71370 1,70430 1,
4240001009574_290_00,550332996,72390 0,71580 0,
4240001009574_290_00,550332996,71540 0,71560 0,
4240001009574_290_00,550332996,74320 0,50850 0,
4240001009574_290_00,550332996,74320 0,72740 0,
4240001009574_290_00,550332996,74320 0,50280 0,
4240001009574_290_00,550332996,71400 0,73610 0,
4240001009574_290_00,550332996,73300 0,72790 0,
4240001009574_290_00,550332996,70610 1,70150 0,
4240001009574_290_00,550332996,71540 0,70150 0,
4240001009574_290_00,550332996,71400 0,72590 0,
4240001009574_290_00,550332996,70970 0,73610 0,
4240001009574_290_00,2355023358,71370 1,50060 4,
4240001009574_290_00,2355023358,55220 1,50040 1,
4240001009574_290_00,2355023358,55220 1,55170 1,
4240001009574_290_00,2355023358,55220 1,50050 1,
4240001009574_290_00,550332996,70610 1,70800 0,
4240001009574_290_00,550332996,71400 0,50102 0,
4240001009574_290_00,550332996,71400 0,50104 0,
4240001009574_290_00,2300128744,73410 1,71670 0,
4240001009574_290_00,3594359697,71370 1,55170 1,
4240001009574_290_00,550332996,73300 0,50270 1,
4240001009574_290_00,550332996,73300 0,50104 1,
4240001009574_290_00,550332996,73300 0,50260 1,
4240001009574_290_00,550332996,50104 1,73300 1,
4240001009574_290_00,550332996,50104 1,71400 1,
4240001009574_290_00,550332996,71540 0,70810 0,
4240001009574_290_00,550332996,71540 0,71560 1,
4240001009574_290_00,550332996,50102 1,71400 1,
4240001009574_290_00,550332996,70580 0,71600 0,
4240001009574_290_00,550332996,71420 0,72800 0,
4240001009574_290_00,550332996,71400 0,72780 1,
4240001009574_290_00,550332996,71400 0,72280 0,
4240001009574_290_00,550332996,71400 0,50103 1,
4240001009574_290_00,550332996,71600 0,72390 1,
4240001009574_290_00,550332996,71560 0,70740 1,
4240001009574_290_00,550332996,71560 0,70610 999,
4240001009574_290_00,550332996,70970 0,50260 1,
4240001009574_290_00,3594359697,70430 0,55220 0,
4240001009574_290_00,3594359697,50050 0,55220 0,
4240001009574_290_00,3594359697,55170 0,71370 0,
4240001009574_290_00,2300128744,73410 1,71690 1,
4240001009574_290_00,550332996,70810 1,70590 1,
4240001009574_290_00,2300128744,71430 0,73690 0,
4240001009574_290_00,3594359697,55180 0,55220 0,
4240001009574_290_00,3594359697,55170 0,55220 0,
4240001009574_290_00,2355023358,70430 0,71370 0,
4240001009574_290_00,2355023358,55180 0,55220 0,
4240001009574_290_00,201880385,50860 1,51940 1,
4240001009574_290_00,201880385,50860 1,72040 1,
4240001009574_290_00,201880385,50060 11,73450 1,
4240001009574_290_00,201880385,51940 0,50280 0,
4240001009574_290_00,201880385,72470 0,50870 0,
4240001009574_290_00,201880385,72470 0,72740 0,
4240001009574_290_00,201880385,72470 0,50280 0,
4240001009574_290_00,201880385,72470 0,50060 10,
4240001009574_290_00,3594359697,50040 0,71370 0,
4240001009574_290_00,2300128744,71410 1,71720 1,
4240001009574_290_00,2300128744,51320 1,71720 1,
4240001009574_290_00,2300128744,71710 0,70920 0,
4240001009574_290_00,550332996,73300 0,72280 0,
4240001009574_290_00,550332996,71400 0,74040 0,
4240001009574_290_00,550332996,70740 0,70800 0,
4240001009574_290_00,550332996,70590 0,70810 0,
4240001009574_290_00,550332996,70580 0,72800 0,
4240001009574_290_00,835754522,71740 0,71620 0,
4240001009574_290_00,550332996,72780 1,73270 1,
4240001009574_290_00,550332996,50270 1,73270 1,
4240001009574_290_00,550332996,50830 1,72780 1,
4240001009574_290_00,550332996,50260 1,73270 1,
4240001009574_290_00,550332996,50260 1,71400 1,
4240001009574_290_00,550332996,72800 1,72390 1,
4240001009574_290_00,550332996,71600 0,70580 1,
4240001009574_290_00,2355023358,70430 0,55220 0,
4240001009574_290_00,550332996,72390 0,72800 1,
4240001009574_290_00,550332996,72800 0,70580 1,
4240001009574_290_00,550332996,74040 0,71400 1,
4240001009574_290_00,550332996,70150 1,70610 999,
4240001009574_290_00,550332996,70610 1,70810 0,
4240001009574_290_00,550332996,70610 1,71560 0,
4240001009574_290_00,550332996,72780 0,73270 1,
4240001009574_290_00,550332996,71600 0,71420 1,
4240001009574_290_00,550332996,70970 0,72780 1,
4240001009574_290_00,550332996,70970 0,50270 1,
4240001009574_290_00,550332996,70970 0,72280 0,
4240001009574_290_00,550332996,70970 0,72780 0,
4240001009574_290_00,550332996,46044 1,74320 1,
4240001009574_290_00,550332996,50840 1,72790 1,
4240001009574_290_00,550332996,72790 1,70970 1,
4240001009574_290_00,550332996,72790 1,71400 1,
4240001009574_290_00,550332996,50280 1,71600 0,
4240001009574_290_00,550332996,50860 1,72800 1,
4240001009574_290_00,550332996,72800 1,71420 1,
4240001009574_290_00,2355023358,71370 1,55170 1,
4240001009574_290_00,550332996,72800 0,50830 0,
4240001009574_290_00,550332996,72800 0,50850 0,
4240001009574_290_00,550332996,72790 0,46044 0,
4240001009574_290_00,550332996,70970 0,72590 0,
4240001009574_290_00,550332996,72800 0,50060 10,
4240001009574_290_00,550332996,72790 0,50840 0,
4240001009574_290_00,550332996,73300 0,50260 0,
4240001009574_290_00,550332996,71400 0,50103 0,
4240001009574_290_00,550332996,71400 0,72780 0,
4240001009574_290_00,3594359697,71370 1,70430 1,
4240001009574_290_00,2300128744,70920 1,71720 1,
4240001009574_290_00,2300128744,70920 1,71670 0,
4240001009574_290_00,550332996,73300 0,74040 0,
4240001009574_290_00,550332996,73270 0,50104 1,
4240001009574_290_00,550332996,70810 0,70610 999,
4240001009574_290_00,550332996,72280 0,71400 1,
4240001009574_290_00,550332996,70150 0,70740 1,
4240001009574_290_00,550332996,70150 0,71540 1,
4240001009574_290_00,550332996,71540 0,70800 1,
4240001009574_290_00,550332996,50103 1,71400 1,
4240001009574_290_00,550332996,71590 0,70580 1,
4240001009574_290_00,550332996,72800 1,72400 1,
4240001009574_290_00,550332996,71400 0,50102 1,
4240001009574_290_00,550332996,71400 0,50271 0,
4240001009574_290_00,2300128744,71710 0,71410 0,
4240001009574_290_00,3594359697,50050 0,71370 0,
4240001009574_290_00,2300128744,73690 1,71720 1,
4240001009574_290_00,2300128744,73410 1,71720 1,
4240001009574_290_00,2300128744,70920 1,71430 1,
4240001009574_290_00,2300128744,70920 1,71690 1,
4240001009574_290_00,550332996,70970 1,49015 1,
4240001009574_290_00,550332996,70800 1,70590 1,
4240001009574_290_00,550332996,72720 1,71970 1,
4240001009574_290_00,550332996,71560 1,70590 1,
4240001009574_290_00,550332996,71600 0,72400 1,
4240001009574_290_00,3594359697,71370 1,50050 1,
4240001009574_290_00,201880385,50830 1,72470 1,
4240001009574_290_00,201880385,50830 1,73450 1,
4240001009574_290_00,201880385,50860 1,72470 1,
4240001009574_290_00,201880385,50850 1,73430 1,
4240001009574_290_00,201880385,50060 11,51940 1,
4240001009574_290_00,201880385,73450 0,50840 0,
4240001009574_290_00,201880385,51940 0,50840 0,
4240001009574_290_00,201880385,51940 0,46044 0,
4240001009574_290_00,201880385,73430 0,50280 0,
4240001009574_290_00,201880385,72040 0,46044 0,
4240001009574_290_00,201880385,72040 0,72740 0,
4240001009574_290_00,835754522,51055 2,71620 0,
4240001009574_290_00,2300128744,71740 0,73410 0,
4240001009574_290_00,550332996,73270 0,72280 0,
4240001009574_290_00,550332996,70610 0,70780 0,
4240001009574_290_00,550332996,71960 0,72720 0,
4240001009574_290_00,550332996,71540 0,70780 0,
4240001009574_290_00,550332996,50270 1,71400 1,
4240001009574_290_00,550332996,50860 1,71600 0,
4240001009574_290_00,2355023358,55180 0,71370 0,
4240001009574_290_00,2355023358,50050 0,71370 0,
4240001009574_290_00,550332996,72780 1,73300 1,
4240001009574_290_00,550332996,70150 0,70610 999,
4240001009574_290_00,550332996,72400 0,71600 0,
4240001009574_290_00,550332996,70780 0,71540 1,
4240001009574_290_00,550332996,70810 1,71540 1,
4240001009574_290_00,550332996,50260 1,73300 1,
4240001009574_290_00,550332996,71420 0,72800 1,
4240001009574_290_00,550332996,70150 1,71540 1,
4240001009574_290_00,550332996,70800 1,70610 2,
4240001009574_290_00,550332996,50850 1,72790 1,
4240001009574_290_00,550332996,50060 11,71600 0,
4240001009574_290_00,835754522,52030 1,71740 1,
4240001009574_290_00,550332996,73300 0,73610 0,
4240001009574_290_00,550332996,72800 0,50860 2,
4240001009574_290_00,550332996,72790 0,50830 0,
4240001009574_290_00,550332996,72790 0,50870 0,
4240001009574_290_00,550332996,72790 0,50280 0,
4240001009574_290_00,550332996,74320 0,50870 0,
4240001009574_290_00,550332996,73300 0,72590 0,
4240001009574_290_00,550332996,72800 0,50840 0,
4240001009574_290_00,550332996,72800 0,46044 0,
4240001009574_290_00,550332996,71580 0,50830 0,
4240001009574_290_00,550332996,72790 0,50060 10,
4240001009574_290_00,550332996,71400 0,72790 0,
4240001009574_290_00,550332996,72390 0,72800 0,
4240001009574_290_00,550332996,70740 0,70810 0,
4240001009574_290_00,550332996,74320 0,50060 4,
4240001009574_290_00,550332996,70970 0,50103 0,
4240001009574_290_00,550332996,73300 0,50103 1,
4240001009574_290_00,550332996,73270 0,74040 0,
4240001009574_290_00,550332996,50104 1,70970 1,
4240001009574_290_00,550332996,71540 0,70810 1,
4240001009574_290_00,550332996,71590 0,72400 1,
4240001009574_290_00,550332996,72780 0,71400 1,
4240001009574_290_00,550332996,72800 1,70580 1,
4240001009574_290_00,550332996,70970 0,50271 0,
4240001009574_290_00,2300128744,51055 1,51320 0,
4240001009574_290_00,2300128744,73690 1,71740 1,
4240001009574_290_00,2300128744,70920 1,51055 6,
4240001009574_290_00,550332996,72030 1,71970 1,
4240001009574_290_00,550332996,72030 1,49016 1,
4240001009574_290_00,550332996,70800 1,71540 1,
4240001009574_290_00,2300128744,71710 0,73690 0,
4240001009574_290_00,2300128744,71740 0,73690 0,
4240001009574_290_00,2300128744,71690 0,73690 0,
4240001009574_290_00,2300128744,71690 0,70920 0,
4240001009574_290_00,2300128744,71720 0,70920 0,
4240001009574_290_00,3594359697,55220 1,70430 1,
4240001009574_290_00,201880385,50280 1,72040 1,
4240001009574_290_00,201880385,50280 1,72470 1,
4240001009574_290_00,201880385,73450 0,50280 0,
4240001009574_290_00,201880385,51940 0,50830 0,
4240001009574_290_00,201880385,51940 0,50860 0,
4240001009574_290_00,201880385,73430 0,50830 0,
4240001009574_290_00,201880385,73430 0,46044 0,
4240001009574_290_00,201880385,72040 0,50060 10,
4240001009574_290_00,3594359697,71370 1,50060 3,
4240001009574_290_00,2300128744,71410 1,71430 1,
4240001009574_290_00,2300128744,71410 1,71740 1,
4240001009574_290_00,2300128744,51320 1,71690 1,
4240001009574_290_00,835754522,51055 2,52030 2,
4240001009574_290_00,3594359697,50040 0,55220 0,
4240001009574_290_00,550332996,71970 0,72030 0,
4240001009574_290_00,550332996,49015 0,73270 0,
4240001009574_290_00,3594359697,55220 1,50060 3,
4240001009574_290_00,835754522,51055 2,52030 4,
4240001009574_290_00,835754522,71740 0,52030 4,
4240001009574_290_00,550332996,72780 1,71400 1,
4240001009574_290_00,550332996,50102 1,73270 1,
4240001009574_290_00,550332996,50060 11,74320 1,
4240001009574_290_00,550332996,73300 0,72780 1,
4240001009574_290_00,550332996,73270 0,50260 1,
4240001009574_290_00,550332996,73270 0,50103 1,
4240001009574_290_00,550332996,70740 0,70800 1,
4240001009574_290_00,550332996,70740 0,71560 0,
4240001009574_290_00,550332996,70810 0,70740 1,
4240001009574_290_00,550332996,74040 0,73270 1,
4240001009574_290_00,550332996,70150 1,70740 1,
4240001009574_290_00,550332996,71590 0,72390 1,
4240001009574_290_00,550332996,71560 1,70610 999,
4240001009574_290_00,550332996,71420 0,71600 0,
4240001009574_290_00,550332996,50840 1,71580 1,
4240001009574_290_00,550332996,71580 1,70580 1,
4240001009574_290_00,550332996,72590 1,70970 1,
4240001009574_290_00,2355023358,71370 1,50050 1,
4240001009574_290_00,550332996,72400 0,72800 0,
4240001009574_290_00,550332996,72790 0,72740 0,
4240001009574_290_00,550332996,70970 0,72630 2,
4240001009574_290_00,550332996,70970 0,72790 0,
4240001009574_290_00,550332996,73270 0,72630 2,
4240001009574_290_00,550332996,73270 0,72790 0,
4240001009574_290_00,2355023358,55220 1,50060 4,
4240001009574_290_00,550332996,73270 0,50102 0,
4240001009574_290_00,550332996,70740 0,70780 0,
4240001009574_290_00,550332996,71540 0,70800 0,
4240001009574_290_00,550332996,70970 0,50260 0,
4240001009574_290_00,550332996,70970 0,50102 0,
4240001009574_290_00,2300128744,70920 1,71740 1,
4240001009574_290_00,3594359697,55220 1,55170 1,
4240001009574_290_00,550332996,72390 0,71590 0,
4240001009574_290_00,550332996,72280 0,73300 1,
4240001009574_290_00,550332996,72780 0,70970 1,
4240001009574_290_00,550332996,71400 0,50271 1,
4240001009574_290_00,550332996,50271 0,73270 1,
4240001009574_290_00,2300128744,71740 0,51320 0,
4240001009574_290_00,2300128744,73690 1,71430 1,
4240001009574_290_00,2300128744,73690 1,51055 6,
4240001009574_290_00,2300128744,73410 1,51055 6,
4240001009574_290_00,550332996,73270 1,49015 1,
4240001009574_290_00,835754522,71620 1,71740 1,
4240001009574_290_00,2355023358,50050 0,55220 0,
4240001009574_290_00,2355023358,55170 0,71370 0,
4240001009574_290_00,201880385,50850 1,51940 1,
4240001009574_290_00,201880385,50060 11,73430 1,
4240001009574_290_00,201880385,73450 0,50860 0,
4240001009574_290_00,201880385,73430 0,50850 0,
4240001009574_290_00,2300128744,51055 1,73410 0,
4240001009574_290_00,2300128744,71690 0,73410 0,
4240001009574_290_00,550332996,71970 0,72720 0,
4240001009574_290_00,550332996,49015 0,70970 0,
4240001009574_290_00,550332996,50840 1,72800 1,
4240001009574_290_00,550332996,70800 1,70740 1,
4240001009574_290_00,550332996,70810 1,70610 2,
4240001009574_290_00,550332996,50102 1,73300 1,
4240001009574_290_00,550332996,71560 1,71540 1,
4240001009574_290_00,550332996,50060 11,72780 1,
4240001009574_290_00,550332996,73300 0,72780 0,
4240001009574_290_00,550332996,50270 1,70970 1,
4240001009574_290_00,550332996,70740 0,70810 1,
4240001009574_290_00,550332996,72800 0,71420 1,
4240001009574_290_00,550332996,72800 0,72400 1,
4240001009574_290_00,550332996,72400 0,71590 0,
4240001009574_290_00,550332996,50260 1,70970 1,
4240001009574_290_00,550332996,72780 0,73300 1,
4240001009574_290_00,550332996,70800 0,71540 1,
4240001009574_290_00,550332996,71400 0,50104 1,
4240001009574_290_00,550332996,72630 3,70970 1,
4240001009574_290_00,550332996,50830 1,74320 1,
4240001009574_290_00,550332996,50280 1,71580 1,
4240001009574_290_00,550332996,50860 1,74320 1,
4240001009574_290_00,550332996,73610 1,70970 1,
4240001009574_290_00,550332996,71580 0,72740 0,
4240001009574_290_00,550332996,71580 0,50060 10,
4240001009574_290_00,550332996,74320 0,50860 0,
4240001009574_290_00,550332996,74320 0,50840 0,
4240001009574_290_00,550332996,71400 0,72630 2,
4240001009574_290_00,550332996,72790 0,50860 0,
4240001009574_290_00,550332996,74320 0,50060 10,
4240001009574_290_00,550332996,73300 0,50102 0,
4240001009574_290_00,550332996,73300 0,50104 0,
4240001009574_290_00,550332996,72780 0,50060 4,
4240001009574_290_00,550332996,74320 0,50070 0,
4240001009574_290_00,550332996,73270 0,50102 1,
4240001009574_290_00,550332996,70610 1,70800 1,
4240001009574_290_00,550332996,70610 1,70810 1,
4240001009574_290_00,550332996,50104 1,73270 1,
4240001009574_290_00,550332996,70580 0,72800 1,
4240001009574_290_00,550332996,70970 0,50103 1,
4240001009574_290_00,550332996,50271 1,71400 1,
4240001009574_290_00,2300128744,71690 0,51320 0,
4240001009574_290_00,550332996,70810 1,70740 1,
4240001009574_290_00,2355023358,50060 10,71370 0,
4240001009574_290_00,201880385,46044 1,72040 1,
4240001009574_290_00,201880385,50840 1,73430 1,
4240001009574_290_00,201880385,50830 1,72040 1,
4240001009574_290_00,201880385,50280 1,73450 1,
4240001009574_290_00,201880385,73450 0,50870 0,
4240001009574_290_00,201880385,73450 0,50060 10,
4240001009574_290_00,201880385,72040 0,50830 0,
4240001009574_290_00,201880385,72040 0,50850 0,
4240001009574_290_00,2300128744,51320 1,51055 6,
4240001009574_290_00,550332996,70970 0,74040 0,
4240001009574_290_00,550332996,71420 0,71590 0,
4240001009574_290_00,550332996,50103 1,73300 1,
4240001009574_290_00,550332996,73270 0,72780 0,
4240001009574_290_00,550332996,73270 0,50271 0,
4240001009574_290_00,550332996,70810 0,71540 1,
4240001009574_290_00,550332996,72800 0,72390 1,
4240001009574_290_00,550332996,70810 1,70610 999,
4240001009574_290_00,550332996,71560 0,71540 1,
4240001009574_290_00,550332996,50271 1,73300 1,
4240001009574_290_00,550332996,50271 1,70970 1,
4240001009574_290_00,550332996,46044 1,72800 1,
4240001009574_290_00,550332996,72790 1,73270 1,
4240001009574_290_00,550332996,72590 1,73300 1,
4240001009574_290_00,550332996,50280 1,74320 1,
4240001009574_290_00,550332996,50860 1,71580 1,
4240001009574_290_00,550332996,50850 1,71600 0,
4240001009574_290_00,2355023358,71370 1,50040 1,
4240001009574_290_00,550332996,73270 0,72590 0,
4240001009574_290_00,550332996,71580 0,50860 2,
4240001009574_290_00,550332996,70610 1,70780 0,
4240001009574_290_00,550332996,74320 0,50830 0,
4240001009574_290_00,2355023358,55220 1,70430 1,
4240001009574_290_00,550332996,72800 0,50070 0,
4240001009574_290_00,550332996,72780 0,50070 0,
4240001009574_290_00,550332996,70970 0,50270 0,
4240001009574_290_00,2300128744,73410 1,71710 1,
4240001009574_290_00,550332996,72780 1,70970 1,
4240001009574_290_00,550332996,73270 0,50270 1,
4240001009574_290_00,2300128744,73410 1,71740 1,
4240001009574_290_00,550332996,70150 1,70590 1,
4240001009574_290_00,2300128744,51055 5,73410 0,
4240001009574_290_00,2300128744,71740 0,70920 0,
4240001009574_290_00,2300128744,71720 0,73410 0,
4240001009574_290_00,201880385,50840 1,72470 1,
4240001009574_290_00,201880385,73450 0,50830 0,
4240001009574_290_00,201880385,73450 0,46044 0,
4240001009574_290_00,201880385,73430 0,50860 0,
4240001009574_290_00,201880385,72470 0,46044 0,
4240001009574_290_00,550332996,70590 0,70150 0,
4240001009574_290_00,550332996,70580 0,71590 0,
4240001009574_290_00,550332996,46044 1,72780 1,
4240001009574_290_00,550332996,70150 1,70610 2,
4240001009574_290_00,550332996,50830 1,72800 1,
4240001009574_290_00,550332996,73270 0,72780 1,
4240001009574_290_00,550332996,70780 0,70740 1,
4240001009574_290_00,550332996,70800 0,70740 1,
4240001009574_290_00,550332996,70800 0,70610 999,
4240001009574_290_00,550332996,70970 0,50104 1,
4240001009574_290_00,550332996,46044 1,72790 1,
4240001009574_290_00,550332996,50850 1,72800 1,
4240001009574_290_00,550332996,50060 11,71580 1,
4240001009574_290_00,550332996,73610 1,73300 1,
4240001009574_290_00,835754522,52030 1,51055 7,
4240001009574_290_00,550332996,71580 0,46044 0,
4240001009574_290_00,550332996,72800 0,50860 0,
4240001009574_290_00,550332996,71580 0,50860 0,
4240001009574_290_00,550332996,72790 0,50850 0,
4240001009574_290_00,550332996,73270 0,50260 0,
4240001009574_290_00,550332996,73270 0,50270 0,
4240001009574_290_00,2300128744,70920 1,71710 1,
4240001009574_290_00,550332996,73300 0,50102 1,
4240001009574_290_00,2300128744,71740 0,71410 0,
4240001009574_290_00,2300128744,51055 1,71410 0,
4240001009574_290_00,2300128744,71720 0,71410 0,
4240001009574_290_00,201880385,46044 1,73430 1,
4240001009574_290_00,201880385,50840 1,51940 1,
4240001009574_290_00,201880385,50830 1,73430 1,
4240001009574_290_00,201880385,73450 0,50850 0,
4240001009574_290_00,201880385,51940 0,50870 0,
4240001009574_290_00,201880385,73430 0,50840 0,
4240001009574_290_00,201880385,73430 0,72740 0,
4240001009574_290_00,201880385,73430 0,50060 10,
4240001009574_290_00,201880385,72040 0,50280 0,
4240001009574_290_00,835754522,71740 0,52030 2,
4240001009574_290_00,2300128744,51055 1,73690 0,
4240001009574_290_00,550332996,50280 1,72780 1,
4240001009574_290_00,550332996,50103 1,73270 1,
4240001009574_290_00,550332996,72630 3,73300 1,
4240001009574_290_00,550332996,50830 1,71600 0,
4240001009574_290_00,550332996,71580 1,72400 1,
4240001009574_290_00,550332996,71580 0,50840 0,
4240001009574_290_00,550332996,74320 0,46044 0,
4240001009574_290_00,550332996,73270 0,73610 0,
4240001009574_290_00,550332996,72800 0,50870 0,
4240001009574_290_00,550332996,72800 0,72740 0,
4240001009574_290_00,550332996,71580 0,50850 0,
4240001009574_290_00,550332996,70580 0,71580 0,
4240001009574_290_00,550332996,71590 0,50060 4,
4240001009574_290_00,550332996,71400 0,50260 0,
4240001009574_290_00,550332996,71400 0,50270 0,
4240001009574_290_00,2300128744,73690 1,71650 1,
4240001009574_290_00,2300128744,73410 1,71650 1,
4240001009574_290_00,550332996,73300 0,50271 0,
4240001009574_290_00,550332996,50103 1,70970 1,
4240001009574_290_00,550332996,50271 0,70970 1,
4240001009574_290_00,2300128744,71430 0,51320 0,
4240001009574_290_00,2300128744,71720 0,51320 0,
4240001009574_290_00,2300128744,73690 1,71710 1,
4240001009574_290_00,550332996,72720 1,49016 1,
4240001009574_290_00,2300128744,51055 5,70920 0,
4240001009574_290_00,2300128744,71430 0,70920 0,
4240001009574_290_00,2355023358,50040 0,71370 0,
4240001009574_290_00,2355023358,50060 10,55220 0,
4240001009574_290_00,201880385,50840 1,72040 1,
4240001009574_290_00,201880385,50860 1,73430 1,
4240001009574_290_00,201880385,72470 0,50860 0,
4240001009574_290_00,550332996,70610 0,71560 0,
4240001009574_290_00,550332996,50280 1,72800 1,
4240001009574_290_00,550332996,74040 0,70970 1,
4240001009574_290_00,550332996,71590 0,71420 1,
4240001009574_290_00,550332996,71400 0,50260 1,
4240001009574_290_00,550332996,46044 1,71580 1,
4240001009574_290_00,550332996,72630 3,73270 1,
4240001009574_290_00,550332996,72590 1,73270 1,
4240001009574_290_00,550332996,50060 11,72790 1,
4240001009574_290_00,550332996,73610 1,73270 1,
4240001009574_290_00,550332996,73300 0,72630 2,
4240001009574_290_00,550332996,73270 0,50103 0,
4240001009574_290_00,550332996,70970 0,50104 0,
4240001009574_290_00,2300128744,73690 1,71690 1,
4240001009574_290_00,2300128744,70920 1,71650 1,
4240001009574_290_00,550332996,72390 0,71600 0,
4240001009574_290_00,550332996,50102 1,70970 1,
4240001009574_290_00,550332996,71400 0,50270 1,
4240001009574_290_00,550332996,72720 1,71960 1,
4240001009574_290_00,201880385,50830 1,51940 1,
4240001009574_290_00,201880385,73450 0,72740 0,
4240001009574_290_00,201880385,51940 0,50850 0,
4240001009574_290_00,201880385,72470 0,50850 0,
4240001009574_290_00,201880385,72040 0,50860 0,
4240001009574_290_00,201880385,72040 0,50870 0,
4240001009574_290_00,2300128744,71410 1,51055 6,
4240001009574_290_00,2300128744,51320 1,71740 1,
4240001009574_290_00,550332996,70590 0,70780 0,
4240001009574_290_00,550332996,50840 1,72780 1,
4240001009574_290_00,550332996,50860 1,72780 1,
4240001009574_290_00,550332996,50850 1,72780 1,
4240001009574_290_00,550332996,73300 0,50271 1,
4240001009574_290_00,550332996,70800 1,70610 999,
4240001009574_290_00,550332996,72630 3,71400 1,
4240001009574_290_00,550332996,50830 1,72790 1,
4240001009574_290_00,550332996,71580 1,71420 1,
4240001009574_290_00,550332996,50280 1,72790 1,
4240001009574_290_00,550332996,72800 0,50280 0,
4240001009574_290_00,550332996,71580 0,50870 0,
4240001009574_290_00,550332996,71580 0,50280 0,
4240001009574_290_00,550332996,72400 0,71580 0,
4240001009574_290_00,550332996,71590 0,50070 0,
4240001009574_290_00,550332996,74040 0,73300 1,
4240001009574_290_00,2300128744,71430 0,71410 0,
4240001009574_290_00,2300128744,73410 1,71430 1,
4240001009574_290_00,550332996,72810 1,49015 1,
4240001009574_290_00,550332996,70810 1,70600 0,
4240001009574_290_00,550332996,71560 1,70600 0,
4240001009574_290_00,2300128744,71430 0,73410 0,
4240001009574_290_00,201880385,46044 1,51940 1,
4240001009574_290_00,201880385,50840 1,73450 1,
4240001009574_290_00,201880385,50280 1,51940 1,
4240001009574_290_00,201880385,51940 0,72740 0,
4240001009574_290_00,2300128744,51320 1,71430 1,
4240001009574_290_00,2300128744,51055 1,70920 0,
4240001009574_290_00,550332996,49015 0,72500 0,
4240001009574_290_00,550332996,70610 0,70150 0,
4240001009574_290_00,550332996,49016 0,72030 0,
4240001009574_290_00,550332996,50060 11,72800 1,
4240001009574_290_00,550332996,73270 0,50271 1,
4240001009574_290_00,550332996,70740 0,70150 1,
4240001009574_290_00,550332996,70740 0,71560 1,
4240001009574_290_00,550332996,72400 0,72800 1,
4240001009574_290_00,550332996,72790 1,73300 1,
4240001009574_290_00,550332996,74320 0,50860 2,
4240001009574_290_00,550332996,72800 0,50060 4,
4240001009574_290_00,2300128744,73690 1,71670 0,
4240001009574_290_00,2300128744,71710 0,51320 0,
4240001009574_290_00,2300128744,71690 0,71410 0,
4240001009574_290_00,550332996,70800 1,70600 0,
4240001009574_290_00,550332996,72500 1,49015 1,
4240001009574_290_00,2300128744,51055 5,73690 0,
4240001009574_290_00,201880385,46044 1,72470 1,
4240001009574_290_00,201880385,46044 1,73450 1,
4240001009574_290_00,201880385,50860 1,73450 1,
4240001009574_290_00,201880385,50850 1,72040 1,
4240001009574_290_00,201880385,50850 1,72470 1,
4240001009574_290_00,201880385,50850 1,73450 1,
4240001009574_290_00,201880385,50060 11,72470 1,
4240001009574_290_00,201880385,73430 0,50870 0,
4240001009574_290_00,2300128744,71410 1,71710 1,
4240001009574_290_00,2300128744,51320 1,71710 1,
4240001009574_290_00,550332996,49015 0,72810 0,
4240001009574_290_00,550332996,70610 0,70810 0,
4240001009574_290_00,550332996,70610 0,70800 0,
4240001009574_290_00,550332996,71960 0,72030 0,
4240001009574_290_00,550332996,70590 0,71560 0,
4240001009574_290_00,550332996,50830 1,71580 1,
4240001009574_290_00,550332996,50860 1,72790 1,
4240001009574_290_00,550332996,72790 0,50860 2,
4240001009574_290_00,550332996,71420 0,71580 0,
4240001009574_290_00,550332996,73300 0,50103 0,
4240001009574_290_00,550332996,73300 0,50270 0,
4240001009574_290_00,550332996,73270 0,50104 0,
4240001009574_290_00,550332996,72030 1,71960 1,
4240001009574_290_00,550332996,70150 1,70600 0,
4240001009574_300_00,550332996,49013 0,73270 0,
4240001009574_300_00,550332996,46012 0,73300 0,
4240001009574_300_00,550332996,46059 0,72400 0,
4240001009574_300_00,550332996,46059 0,71420 0,
4240001009574_300_00,550332996,46058 0,71420 0,
4240001009574_300_00,550332996,46013 0,72390 0,
4240001009574_300_00,550332996,46044 1,70810 1,
4240001009574_300_00,550332996,50060 11,70030 1,
4240001009574_300_00,550332996,70780 0,50860 0,
4240001009574_300_00,550332996,70810 0,50830 0,
4240001009574_300_00,550332996,70810 0,50860 0,
4240001009574_300_00,550332996,70800 0,50850 0,
4240001009574_300_00,550332996,70780 0,50060 4,
4240001009574_300_00,550332996,70740 1,46014 1,
4240001009574_300_00,550332996,46012 0,70580 0,
4240001009574_300_00,550332996,46013 0,70580 0,
4240001009574_300_00,550332996,46013 0,71400 0,
4240001009574_300_00,550332996,50850 1,70030 1,
4240001009574_300_00,550332996,50850 1,70810 1,
4240001009574_300_00,550332996,50060 11,70810 1,
4240001009574_300_00,550332996,70810 0,50850 0,
4240001009574_300_00,550332996,70810 0,50060 10,
4240001009574_300_00,550332996,70780 0,50860 2,
4240001009574_300_00,550332996,70780 0,72740 0,
4240001009574_300_00,550332996,70030 0,50830 0,
4240001009574_300_00,550332996,70780 0,50840 0,
4240001009574_300_00,2300128744,70280 0,51320 0,
4240001009574_300_00,550332996,71420 1,46058 1,
4240001009574_300_00,550332996,71540 1,46057 1,
4240001009574_300_00,2300128744,70280 0,70920 0,
4240001009574_300_00,550332996,49014 0,73270 0,
4240001009574_300_00,550332996,46058 0,71540 0,
4240001009574_300_00,550332996,70180 0,73300 0,
4240001009574_300_00,550332996,50830 1,70800 1,
4240001009574_300_00,550332996,70810 0,46044 0,
4240001009574_300_00,550332996,70780 0,50870 0,
4240001009574_300_00,550332996,70030 0,50860 0,
4240001009574_300_00,550332996,70810 0,50840 0,
4240001009574_300_00,550332996,70800 0,72740 0,
4240001009574_300_00,550332996,70800 0,50060 4,
4240001009574_300_00,2300128744,73690 1,70280 1,
4240001009574_300_00,2300128744,70920 1,70280 1,
4240001009574_300_00,550332996,70740 1,46049 1,
4240001009574_300_00,550332996,72400 1,46014 1,
4240001009574_300_00,550332996,71540 1,46014 1,
4240001009574_300_00,2300128744,51320 1,70280 1,
4240001009574_300_00,550332996,46014 0,71540 0,
4240001009574_300_00,550332996,46014 0,71420 0,
4240001009574_300_00,550332996,46058 0,72400 0,
4240001009574_300_00,550332996,46013 0,73300 0,
4240001009574_300_00,550332996,70180 0,72390 0,
4240001009574_300_00,550332996,50840 1,70810 1,
4240001009574_300_00,550332996,50280 1,70810 1,
4240001009574_300_00,550332996,46044 1,70030 1,
4240001009574_300_00,550332996,50280 1,70030 1,
4240001009574_300_00,550332996,70810 0,50870 0,
4240001009574_300_00,550332996,70030 0,50870 0,
4240001009574_300_00,550332996,70810 0,72740 0,
4240001009574_300_00,550332996,70780 0,50060 10,
4240001009574_300_00,550332996,70030 0,72740 0,
4240001009574_300_00,550332996,70030 0,50280 0,
4240001009574_300_00,550332996,70030 0,50060 10,
4240001009574_300_00,550332996,70800 0,50860 0,
4240001009574_300_00,550332996,71420 1,46048 1,
4240001009574_300_00,550332996,71420 1,46049 1,
4240001009574_300_00,550332996,70970 1,49014 1,
4240001009574_300_00,550332996,71400 1,46012 1,
4240001009574_300_00,550332996,71400 1,46013 1,
4240001009574_300_00,550332996,72400 1,46057 1,
4240001009574_300_00,550332996,46012 0,71400 0,
4240001009574_300_00,550332996,46048 1,71540 0,
4240001009574_300_00,550332996,49014 0,72810 0,
4240001009574_300_00,550332996,50840 1,70800 1,
4240001009574_300_00,550332996,50860 1,70800 1,
4240001009574_300_00,550332996,50060 11,70800 1,
4240001009574_300_00,550332996,50860 1,70810 1,
4240001009574_300_00,550332996,70800 0,50870 0,
4240001009574_300_00,550332996,70780 0,50280 0,
4240001009574_300_00,550332996,72390 1,46012 1,
4240001009574_300_00,550332996,71420 1,46057 1,
4240001009574_300_00,550332996,73270 1,49013 1,
4240001009574_300_00,550332996,72810 1,49013 1,
4240001009574_300_00,550332996,72500 1,49014 1,
4240001009574_300_00,2300128744,70280 0,73410 0,
4240001009574_300_00,550332996,49013 0,70970 0,
4240001009574_300_00,550332996,46059 0,71540 0,
4240001009574_300_00,550332996,70180 0,70580 0,
4240001009574_300_00,550332996,50860 1,70030 1,
4240001009574_300_00,550332996,50850 1,70800 1,
4240001009574_300_00,550332996,70030 0,50850 0,
4240001009574_300_00,550332996,70030 0,46044 0,
4240001009574_300_00,550332996,70780 0,50830 0,
4240001009574_300_00,550332996,70780 0,46044 0,
4240001009574_300_00,550332996,70030 0,50840 0,
4240001009574_300_00,2300128744,73410 1,70280 1,
4240001009574_300_00,550332996,70740 1,46057 1,
4240001009574_300_00,2300128744,71410 1,70280 1,
4240001009574_300_00,2300128744,70280 0,73690 0,
4240001009574_300_00,550332996,49013 0,72810 0,
4240001009574_300_00,550332996,46012 0,72390 0,
4240001009574_300_00,550332996,49014 0,70970 0,
4240001009574_300_00,550332996,70180 0,71400 0,
4240001009574_300_00,550332996,50830 1,70810 1,
4240001009574_300_00,550332996,70810 0,50860 2,
4240001009574_300_00,550332996,70810 0,50280 0,
4240001009574_300_00,550332996,70800 0,50060 10,
4240001009574_300_00,550332996,71420 1,46059 1,
4240001009574_300_00,550332996,73270 1,49014 1,
4240001009574_300_00,550332996,72810 1,49014 1,
4240001009574_300_00,550332996,70740 1,46048 1,
4240001009574_300_00,550332996,71540 1,46048 1,
4240001009574_300_00,550332996,71540 1,46049 1,
4240001009574_300_00,550332996,46014 0,70740 0,
4240001009574_300_00,550332996,46048 1,72400 0,
4240001009574_300_00,550332996,46058 0,70740 0,
4240001009574_300_00,550332996,50280 1,70800 1,
4240001009574_300_00,550332996,46044 1,70800 1,
4240001009574_300_00,550332996,70810 0,50070 0,
4240001009574_300_00,550332996,70030 0,50060 4,
4240001009574_300_00,550332996,71420 1,46014 1,
4240001009574_300_00,550332996,73300 1,46013 1,
4240001009574_300_00,550332996,70740 1,46058 1,
4240001009574_300_00,550332996,71400 1,70180 1,
4240001009574_300_00,550332996,72400 1,46048 1,
4240001009574_300_00,550332996,72400 1,46049 1,
4240001009574_300_00,550332996,71540 1,46059 1,
4240001009574_300_00,550332996,46048 1,70740 0,
4240001009574_300_00,550332996,46059 0,70740 0,
4240001009574_300_00,550332996,50830 1,70030 1,
4240001009574_300_00,550332996,70800 0,50830 0,
4240001009574_300_00,550332996,70800 0,50860 2,
4240001009574_300_00,550332996,70780 0,50850 0,
4240001009574_300_00,550332996,70800 0,50840 0,
4240001009574_300_00,550332996,70800 0,50280 0,
4240001009574_300_00,550332996,70780 0,50070 0,
4240001009574_300_00,550332996,70970 1,49013 1,
4240001009574_300_00,550332996,72500 1,49013 1,
4240001009574_300_00,550332996,70580 1,46012 1,
4240001009574_300_00,550332996,50840 1,70030 1,
4240001009574_300_00,550332996,70800 0,46044 0,
4240001009574_300_00,550332996,70810 0,50060 4,
4240001009574_300_00,2300128744,70280 0,71410 0,
4240001009574_300_00,550332996,73300 1,46012 1,
4240001009574_300_00,550332996,73300 1,70180 1,
4240001009574_300_00,550332996,49013 0,72500 0,
4240001009574_300_00,550332996,46014 0,72400 0,
4240001009574_300_00,550332996,49014 0,72500 0,
4240001009574_300_00,550332996,70030 0,50070 0,
4240001009574_300_00,550332996,72400 1,46058 1,
4240001009574_300_00,550332996,72400 1,46059 1,
4240001009574_300_00,550332996,71540 1,46058 1,
4240001009574_300_00,550332996,46048 1,71420 0,
4240001009574_300_00,550332996,70030 0,50860 2,
4240001009574_300_00,550332996,70800 0,50070 0,
4240001009574_300_00,550332996,72390 1,70180 1,
4240001009574_300_00,550332996,72390 1,46013 1,
4240001009574_300_00,550332996,70740 1,46059 1,
4240001009574_300_00,550332996,70580 1,70180 1,
4240001009574_300_00,550332996,70580 1,46013 1,
4240001009574_310_00,2300128744,71040 0,50020 5,
4240001009574_310_00,550332996,50105 1,72810 1,
4240001009574_310_00,550332996,50101 1,72500 1,
4240001009574_310_00,550332996,50080 1,72810 1,
4240001009574_310_00,550332996,50110 0,72500 1,
4240001009574_310_00,550332996,70740 0,74320 1,
4240001009574_310_00,550332996,70740 0,70030 0,
4240001009574_310_00,550332996,74320 1,71540 1,
4240001009574_310_00,550332996,72810 0,50101 1,
4240001009574_310_00,550332996,70030 1,70740 1,
4240001009574_310_00,550332996,70520 1,72810 1,
4240001009574_310_00,835754522,52130 1,71040 1,
4240001009574_310_00,550332996,72500 0,70540 0,
4240001009574_310_00,550332996,70610 1,74320 0,
4240001009574_310_00,550332996,71540 0,74320 0,
4240001009574_310_00,550332996,72810 0,50090 0,
4240001009574_310_00,2300128744,50040 1,71080 1,
4240001009574_310_00,2300128744,50050 1,71040 1,
4240001009574_310_00,550332996,71540 0,74320 1,
4240001009574_310_00,2300128744,71040 0,50050 0,
4240001009574_310_00,550332996,74320 1,70740 1,
4240001009574_310_00,2300128744,71080 0,50060 5,
4240001009574_310_00,835754522,71080 0,50060 5,
4240001009574_310_00,835754522,71080 0,72150 0,
4240001009574_310_00,835754522,71080 0,50050 3,
4240001009574_310_00,2300128744,71040 0,73470 0,
4240001009574_310_00,550332996,50100 1,72500 1,
4240001009574_310_00,550332996,50101 1,72810 1,
4240001009574_310_00,550332996,72810 0,50121 1,
4240001009574_310_00,550332996,70030 0,70610 999,
4240001009574_310_00,550332996,50101 0,72810 1,
4240001009574_310_00,550332996,72610 1,72500 1,
4240001009574_310_00,550332996,70540 1,72500 1,
4240001009574_310_00,550332996,71440 1,72500 1,
4240001009574_310_00,550332996,70520 1,72500 1,
4240001009574_310_00,835754522,72120 1,71040 1,
4240001009574_310_00,835754522,50050 2,71080 1,
4240001009574_310_00,835754522,72150 1,71040 1,
4240001009574_310_00,550332996,72500 0,71440 0,
4240001009574_310_00,550332996,71540 0,70030 0,
4240001009574_310_00,550332996,72500 0,72610 0,
4240001009574_310_00,550332996,72810 0,50105 0,
4240001009574_310_00,550332996,72810 0,50100 0,
4240001009574_310_00,550332996,74320 1,70610 999,
4240001009574_310_00,2300128744,71080 0,50320 0,
4240001009574_310_00,2300128744,71080 0,50030 4,
4240001009574_310_00,835754522,71040 0,73000 0,
4240001009574_310_00,2300128744,71040 0,50320 0,
4240001009574_310_00,550332996,70610 0,70030 0,
4240001009574_310_00,550332996,50121 1,72810 1,
4240001009574_310_00,550332996,72500 0,50105 0,
4240001009574_310_00,550332996,72500 0,50101 1,
4240001009574_310_00,550332996,72610 1,72810 1,
4240001009574_310_00,835754522,72120 1,71080 1,
4240001009574_310_00,550332996,70610 1,70030 0,
4240001009574_310_00,2300128744,50320 1,71080 1,
4240001009574_310_00,550332996,74320 1,70590 1,
4240001009574_310_00,2300128744,71040 0,50030 4,
4240001009574_310_00,2300128744,71080 0,50040 0,
4240001009574_310_00,2300128744,71040 0,50060 5,
4240001009574_310_00,2300128744,71080 0,50020 5,
4240001009574_310_00,550332996,70610 0,74320 0,
4240001009574_310_00,550332996,70590 0,74320 0,
4240001009574_310_00,550332996,50090 1,72810 1,
4240001009574_310_00,550332996,50105 1,72500 1,
4240001009574_310_00,550332996,50105 0,72500 1,
4240001009574_310_00,550332996,72500 0,50101 0,
4240001009574_310_00,550332996,70030 0,70740 1,
4240001009574_310_00,835754522,72150 1,71080 1,
4240001009574_310_00,2300128744,50030 7,71040 1,
4240001009574_310_00,2300128744,50060 3,71040 1,
4240001009574_310_00,2300128744,50020 7,71040 1,
4240001009574_310_00,2300128744,50060 3,71080 1,
4240001009574_310_00,550332996,70030 1,70600 0,
4240001009574_310_00,2300128744,50020 0,71080 1,
4240001009574_310_00,835754522,71040 0,73250 0,
4240001009574_310_00,835754522,71040 0,72120 0,
4240001009574_310_00,2300128744,71080 0,73470 0,
4240001009574_310_00,550332996,70590 0,70030 0,
4240001009574_310_00,550332996,70740 0,70030 1,
4240001009574_310_00,550332996,70610 1,70030 1,
4240001009574_310_00,550332996,72810 0,50101 0,
4240001009574_310_00,550332996,70540 1,72810 1,
4240001009574_310_00,550332996,70030 1,70610 2,
4240001009574_310_00,835754522,73250 1,71080 1,
4240001009574_310_00,835754522,72760 1,71040 1,
4240001009574_310_00,550332996,72810 0,50080 0,
4240001009574_310_00,550332996,72500 0,50090 0,
4240001009574_310_00,2300128744,50030 7,71080 1,
4240001009574_310_00,550332996,74320 0,71540 1,
4240001009574_310_00,2300128744,71040 0,50040 0,
4240001009574_310_00,2300128744,71080 0,50050 0,
4240001009574_310_00,2300128744,50020 7,71080 1,
4240001009574_310_00,835754522,71040 0,52130 0,
4240001009574_310_00,835754522,71040 0,50050 3,
4240001009574_310_00,550332996,70370 0,50090 0,
4240001009574_310_00,550332996,70740 0,74320 0,
4240001009574_310_00,550332996,70030 1,71540 1,
4240001009574_310_00,835754522,73000 1,71080 1,
4240001009574_310_00,2300128744,51340 1,71080 1,
4240001009574_310_00,835754522,71040 0,72760 0,
4240001009574_310_00,835754522,71080 0,52130 0,
4240001009574_310_00,550332996,70370 0,50080 0,
4240001009574_310_00,550332996,74320 1,70610 2,
4240001009574_310_00,550332996,70610 1,74320 1,
4240001009574_310_00,550332996,70030 0,71540 1,
4240001009574_310_00,550332996,72810 0,71440 0,
4240001009574_310_00,550332996,72500 0,70520 0,
4240001009574_310_00,2300128744,73470 1,71080 1,
4240001009574_310_00,2300128744,50320 1,71040 1,
4240001009574_310_00,550332996,70030 1,70610 999,
4240001009574_310_00,550332996,74320 0,70740 1,
4240001009574_310_00,550332996,74320 0,70610 999,
4240001009574_310_00,2300128744,71080 0,51330 0,
4240001009574_310_00,2300128744,73470 1,71040 1,
4240001009574_310_00,2300128744,50020 0,71040 1,
4240001009574_310_00,835754522,71080 0,73250 0,
4240001009574_310_00,835754522,71080 0,73000 0,
4240001009574_310_00,550332996,50080 1,72500 1,
4240001009574_310_00,550332996,72810 0,50110 0,
4240001009574_310_00,835754522,50060 9,71080 1,
4240001009574_310_00,550332996,72810 0,72610 0,
4240001009574_310_00,550332996,72500 0,50100 0,
4240001009574_310_00,2300128744,71040 0,51330 0,
4240001009574_310_00,2300128744,50040 1,71040 1,
4240001009574_310_00,550332996,74320 1,70600 0,
4240001009574_310_00,2300128744,51340 1,71040 1,
4240001009574_310_00,835754522,71040 0,72150 0,
4240001009574_310_00,835754522,71080 0,72120 0,
4240001009574_310_00,550332996,50105 0,72810 1,
4240001009574_310_00,550332996,72500 0,50110 0,
4240001009574_310_00,550332996,72500 0,50105 1,
4240001009574_310_00,835754522,52130 1,71080 1,
4240001009574_310_00,835754522,50050 2,71040 1,
4240001009574_310_00,550332996,72810 0,70520 0,
4240001009574_310_00,2300128744,50050 1,71080 1,
4240001009574_310_00,2300128744,51330 1,71080 1,
4240001009574_310_00,835754522,71080 0,72760 0,
4240001009574_310_00,550332996,50100 1,72810 1,
4240001009574_310_00,550332996,50110 0,72810 1,
4240001009574_310_00,550332996,72810 0,50105 1,
4240001009574_310_00,550332996,72500 0,50121 1,
4240001009574_310_00,835754522,72760 1,71080 1,
4240001009574_310_00,550332996,72810 0,70540 0,
4240001009574_310_00,835754522,71040 0,50060 5,
4240001009574_310_00,550332996,50090 1,72500 1,
4240001009574_310_00,550332996,50101 0,72500 1,
4240001009574_310_00,550332996,71440 1,72810 1,
4240001009574_310_00,835754522,50060 9,71040 1,
4240001009574_310_00,835754522,73250 1,71040 1,
4240001009574_310_00,550332996,72500 0,50080 0,
4240001009574_310_00,2300128744,51330 1,71040 1,
4240001009574_310_00,550332996,50121 1,72500 1,
4240001009574_310_00,550332996,71540 0,70030 1,
4240001009574_310_00,835754522,73000 1,71040 1,
4240001009574_310_00,550332996,70030 1,70590 1,
4240001009574_320_00,3594359697,50060 10,70010 0,
4240001009574_320_00,201880385,50040 0,73430 1,
4240001009574_320_00,201880385,50050 0,73430 1,
4240001009574_320_00,201880385,72470 0,50050 1,
4240001009574_320_00,3594359697,70020 1,55170 1,
4240001009574_320_00,3594359697,51401 1,70430 1,
4240001009574_320_00,3594359697,55170 0,70570 0,
4240001009574_320_00,2300128744,51330 1,51055 6,
4240001009574_320_00,2300128744,50030 7,71690 1,
4240001009574_320_00,2300128744,50020 7,71430 1,
4240001009574_320_00,835754522,51055 2,73000 0,
4240001009574_320_00,835754522,51055 2,50060 5,
4240001009574_320_00,835754522,71740 0,72760 0,
4240001009574_320_00,835754522,71740 0,52130 0,
4240001009574_320_00,3594359697,70430 0,70020 0,
4240001009574_320_00,3594359697,70430 0,73900 0,
4240001009574_320_00,3594359697,55180 0,70010 0,
4240001009574_320_00,2300128744,71710 0,50020 5,
4240001009574_320_00,2300128744,71740 0,50020 5,
4240001009574_320_00,2300128744,71740 0,50030 4,
4240001009574_320_00,2300128744,51055 1,50050 0,
4240001009574_320_00,2300128744,71690 0,50050 0,
4240001009574_320_00,3594359697,51401 1,50060 3,
4240001009574_320_00,2355023358,70430 0,51401 0,
4240001009574_320_00,550332996,51010 1,73610 1,
4240001009574_320_00,550332996,50030 2,73610 1,
4240001009574_320_00,2355023358,70020 1,55170 1,
4240001009574_320_00,2355023358,51401 1,70430 1,
4240001009574_320_00,2355023358,51401 1,50060 4,
4240001009574_320_00,835754522,72150 1,71740 1,
4240001009574_320_00,2355023358,70010 1,50060 4,
4240001009574_320_00,3594359697,55170 0,51401 0,
4240001009574_320_00,2300128744,50060 3,71720 1,
4240001009574_320_00,2300128744,50320 1,71740 1,
4240001009574_320_00,2300128744,50320 1,71690 1,
4240001009574_320_00,2300128744,50020 7,71720 1,
4240001009574_320_00,2300128744,50050 1,71740 1,
4240001009574_320_00,2300128744,71710 0,50030 4,
4240001009574_320_00,3594359697,70430 0,51401 0,
4240001009574_320_00,2300128744,50040 1,71740 1,
4240001009574_320_00,2300128744,50040 1,51055 6,
4240001009574_320_00,2300128744,50040 1,71690 1,
4240001009574_320_00,2300128744,50060 3,71740 1,
4240001009574_320_00,2300128744,50020 7,71740 1,
4240001009574_320_00,550332996,72030 1,49015 1,
4240001009574_320_00,550332996,70150 1,49016 1,
4240001009574_320_00,550332996,70800 1,71970 1,
4240001009574_320_00,2300128744,51055 5,50320 0,
4240001009574_320_00,2300128744,71690 0,50030 4,
4240001009574_320_00,2300128744,71720 0,50320 0,
4240001009574_320_00,3594359697,70010 1,50060 3,
4240001009574_320_00,2355023358,55180 0,51401 0,
4240001009574_320_00,201880385,50040 0,51940 1,
4240001009574_320_00,201880385,50050 0,51940 1,
4240001009574_320_00,201880385,73450 0,50040 1,
4240001009574_320_00,201880385,72040 0,50050 1,
4240001009574_320_00,3594359697,55180 0,51401 0,
4240001009574_320_00,3594359697,55180 0,70020 0,
4240001009574_320_00,2300128744,50020 0,71720 1,
4240001009574_320_00,2300128744,50040 1,71430 1,
4240001009574_320_00,3594359697,55170 0,73900 0,
4240001009574_320_00,2300128744,71710 0,50040 0,
4240001009574_320_00,2300128744,71690 0,50320 0,
4240001009574_320_00,2300128744,71720 0,50050 0,
4240001009574_320_00,550332996,49016 0,70780 0,
4240001009574_320_00,550332996,49016 0,70800 0,
4240001009574_320_00,550332996,51010 1,50104 1,
4240001009574_320_00,2355023358,55170 0,70010 0,
4240001009574_320_00,835754522,72120 1,71740 1,
4240001009574_320_00,835754522,72760 1,51055 7,
4240001009574_320_00,550332996,72590 0,50030 3,
4240001009574_320_00,550332996,50104 0,50030 3,
4240001009574_320_00,3594359697,55170 0,70010 0,
4240001009574_320_00,3594359697,50060 10,70020 0,
4240001009574_320_00,2300128744,50040 1,71710 1,
4240001009574_320_00,2300128744,50040 1,71670 0,
4240001009574_320_00,2300128744,50020 7,71690 1,
4240001009574_320_00,2300128744,50050 1,71690 1,
4240001009574_320_00,2300128744,51055 1,50060 5,
4240001009574_320_00,2300128744,71430 0,50060 5,
4240001009574_320_00,2300128744,71720 0,51330 0,
4240001009574_320_00,3594359697,50060 10,51401 0,
4240001009574_320_00,2300128744,50030 7,71740 1,
4240001009574_320_00,2300128744,73470 1,71720 1,
4240001009574_320_00,2300128744,50320 1,71720 1,
4240001009574_320_00,550332996,72720 1,49015 1,
4240001009574_320_00,2300128744,51055 5,50040 0,
4240001009574_320_00,2300128744,71690 0,50060 5,
4240001009574_320_00,2300128744,71430 0,50040 0,
4240001009574_320_00,2300128744,71430 0,50050 0,
4240001009574_320_00,2300128744,71720 0,50020 5,
4240001009574_320_00,2300128744,71720 0,50060 5,
4240001009574_320_00,2355023358,70430 0,73900 0,
4240001009574_320_00,2355023358,55170 0,73900 0,
4240001009574_320_00,3594359697,70010 1,70430 1,
4240001009574_320_00,3594359697,55170 0,70020 0,
4240001009574_320_00,3594359697,50060 10,70570 0,
4240001009574_320_00,2300128744,51330 1,71720 1,
4240001009574_320_00,2300128744,50030 7,71710 1,
4240001009574_320_00,2300128744,50040 1,71720 1,
4240001009574_320_00,835754522,71740 0,73000 0,
4240001009574_320_00,835754522,71740 0,72150 0,
4240001009574_320_00,2300128744,71690 0,50020 5,
4240001009574_320_00,2300128744,71720 0,50030 4,
4240001009574_320_00,550332996,71970 0,70810 0,
4240001009574_320_00,550332996,50030 2,50104 1,
4240001009574_320_00,2355023358,70430 0,70010 0,
4240001009574_320_00,2355023358,50060 10,51401 0,
4240001009574_320_00,3594359697,70020 1,70430 1,
4240001009574_320_00,2355023358,70020 1,70430 1,
4240001009574_320_00,2355023358,70010 1,55170 1,
4240001009574_320_00,2355023358,51401 1,55170 1,
4240001009574_320_00,835754522,50050 2,71740 1,
4240001009574_320_00,835754522,73250 1,71740 1,
4240001009574_320_00,550332996,50103 0,50030 3,
4240001009574_320_00,3594359697,51401 1,55170 1,
4240001009574_320_00,3594359697,55180 0,70570 0,
4240001009574_320_00,2300128744,50030 7,71670 0,
4240001009574_320_00,2300128744,50040 1,71650 1,
4240001009574_320_00,2300128744,50060 3,51055 6,
4240001009574_320_00,2300128744,50050 1,71670 0,
4240001009574_320_00,3594359697,70020 1,50060 3,
4240001009574_320_00,3594359697,73900 1,70430 1,
4240001009574_320_00,2300128744,51055 1,50040 0,
4240001009574_320_00,3594359697,50060 10,73900 0,
4240001009574_320_00,2300128744,50060 3,71710 1,
4240001009574_320_00,2300128744,50320 1,71430 1,
4240001009574_320_00,550332996,70800 1,49016 1,
4240001009574_320_00,2300128744,71710 0,50050 0,
4240001009574_320_00,3594359697,70570 1,55170 1,
4240001009574_320_00,3594359697,70430 0,70010 0,
4240001009574_320_00,201880385,50040 0,72470 1,
4240001009574_320_00,201880385,50050 0,72470 1,
4240001009574_320_00,201880385,73450 0,50050 1,
4240001009574_320_00,201880385,51940 0,50040 1,
4240001009574_320_00,2300128744,51330 1,71710 1,
4240001009574_320_00,2300128744,50030 7,71430 1,
4240001009574_320_00,2300128744,51340 1,71720 1,
4240001009574_320_00,835754522,51055 2,72120 0,
4240001009574_320_00,835754522,71740 0,50060 5,
4240001009574_320_00,835754522,71740 0,72120 0,
4240001009574_320_00,2300128744,71740 0,73470 0,
4240001009574_320_00,2300128744,51055 1,50020 5,
4240001009574_320_00,2300128744,51055 1,50030 4,
4240001009574_320_00,2300128744,71720 0,73470 0,
4240001009574_320_00,550332996,71960 0,70780 0,
4240001009574_320_00,3594359697,70570 1,50060 3,
4240001009574_320_00,2355023358,70430 0,70570 0,
4240001009574_320_00,550332996,51010 1,72590 1,
4240001009574_320_00,550332996,73610 0,51010 0,
4240001009574_320_00,2300128744,50030 7,51055 6,
4240001009574_320_00,2300128744,73470 1,71650 1,
4240001009574_320_00,2300128744,73470 1,71690 1,
4240001009574_320_00,2300128744,50020 7,71710 1,
4240001009574_320_00,3594359697,73900 1,55170 1,
4240001009574_320_00,2300128744,71710 0,50060 5,
4240001009574_320_00,2300128744,71740 0,50050 0,
4240001009574_320_00,2300128744,50320 1,51055 6,
4240001009574_320_00,3594359697,70570 1,70430 1,
4240001009574_320_00,3594359697,70430 0,70570 0,
4240001009574_320_00,2355023358,50060 10,73900 0,
4240001009574_320_00,2300128744,51330 1,71740 1,
4240001009574_320_00,2300128744,50060 3,71430 1,
4240001009574_320_00,2300128744,51340 1,71430 1,
4240001009574_320_00,835754522,51055 2,52130 0,
4240001009574_320_00,835754522,51055 2,50050 3,
4240001009574_320_00,2300128744,71690 0,50040 0,
4240001009574_320_00,550332996,49015 0,72030 0,
4240001009574_320_00,550332996,49015 0,72720 0,
4240001009574_320_00,550332996,71960 0,71560 0,
4240001009574_320_00,550332996,49016 0,71560 0,
4240001009574_320_00,550332996,51010 1,50103 1,
4240001009574_320_00,2355023358,55180 0,70020 0,
4240001009574_320_00,2355023358,55170 0,51401 0,
4240001009574_320_00,2355023358,50060 10,70570 0,
4240001009574_320_00,835754522,72120 1,51055 7,
4240001009574_320_00,835754522,73000 1,51055 7,
4240001009574_320_00,2355023358,70010 1,70430 1,
4240001009574_320_00,2300128744,73470 1,71740 1,
4240001009574_320_00,2300128744,73470 1,51055 6,
4240001009574_320_00,3594359697,73900 1,50060 3,
4240001009574_320_00,2300128744,50060 3,71690 1,
4240001009574_320_00,2300128744,50020 7,51055 6,
4240001009574_320_00,2300128744,71430 0,73470 0,
4240001009574_320_00,2300128744,50020 0,71690 1,
4240001009574_320_00,835754522,51055 2,73250 0,
4240001009574_320_00,3594359697,55180 0,73900 0,
4240001009574_320_00,2300128744,71740 0,50320 0,
4240001009574_320_00,2300128744,51055 1,50320 0,
4240001009574_320_00,550332996,72280 0,50030 3,
4240001009574_320_00,550332996,50030 2,50103 1,
4240001009574_320_00,2355023358,70020 1,50060 4,
4240001009574_320_00,835754522,52130 1,71740 1,
4240001009574_320_00,835754522,50050 2,51055 7,
4240001009574_320_00,550332996,73610 0,50030 3,
4240001009574_320_00,2355023358,73900 1,70430 1,
4240001009574_320_00,3594359697,70010 1,55170 1,
4240001009574_320_00,2300128744,50060 3,71650 1,
4240001009574_320_00,2300128744,71430 0,50020 5,
4240001009574_320_00,2300128744,71430 0,50030 4,
4240001009574_320_00,550332996,70150 1,71970 1,
4240001009574_320_00,550332996,70810 1,71960 1,
4240001009574_320_00,550332996,71560 1,49016 1,
4240001009574_320_00,2300128744,51055 5,50050 0,
4240001009574_320_00,2300128744,71710 0,50320 0,
4240001009574_320_00,2300128744,71740 0,50060 5,
4240001009574_320_00,2355023358,55180 0,70010 0,
4240001009574_320_00,2300128744,50030 7,71720 1,
4240001009574_320_00,2300128744,51340 1,71710 1,
4240001009574_320_00,835754522,51055 2,72760 0,
4240001009574_320_00,2300128744,71430 0,50320 0,
4240001009574_320_00,550332996,71970 0,71560 0,
4240001009574_320_00,2355023358,55170 0,70570 0,
4240001009574_320_00,835754522,50060 9,71740 1,
4240001009574_320_00,550332996,72590 0,51010 0,
4240001009574_320_00,2355023358,73900 1,50060 4,
4240001009574_320_00,2300128744,50320 1,71670 0,
4240001009574_320_00,2300128744,50020 7,71650 1,
4240001009574_320_00,2300128744,50050 1,71720 1,
4240001009574_320_00,2300128744,51055 5,50060 5,
4240001009574_320_00,2300128744,71720 0,50040 0,
4240001009574_320_00,2355023358,55180 0,73900 0,
4240001009574_320_00,201880385,50040 0,72040 1,
4240001009574_320_00,201880385,50050 0,73450 1,
4240001009574_320_00,201880385,73430 0,50040 1,
4240001009574_320_00,2300128744,50020 0,51055 6,
4240001009574_320_00,2300128744,51340 1,71690 1,
4240001009574_320_00,550332996,72280 0,51010 0,
4240001009574_320_00,550332996,71970 0,70800 0,
4240001009574_320_00,550332996,71960 0,70800 0,
4240001009574_320_00,550332996,49016 0,70150 0,
4240001009574_320_00,2355023358,70570 1,50060 4,
4240001009574_320_00,835754522,52130 1,51055 7,
4240001009574_320_00,835754522,73250 1,51055 7,
4240001009574_320_00,2300128744,50030 7,71650 1,
4240001009574_320_00,2300128744,50060 3,71670 0,
4240001009574_320_00,2300128744,50020 7,71670 0,
4240001009574_320_00,2300128744,50320 1,71710 1,
4240001009574_320_00,2300128744,50050 1,51055 6,
4240001009574_320_00,550332996,70810 1,71970 1,
4240001009574_320_00,2355023358,70430 0,70020 0,
4240001009574_320_00,2355023358,55170 0,70020 0,
4240001009574_320_00,2300128744,50020 0,71740 1,
4240001009574_320_00,2300128744,71740 0,50040 0,
4240001009574_320_00,550332996,71960 0,70150 0,
4240001009574_320_00,2355023358,55180 0,70570 0,
4240001009574_320_00,2300128744,71740 0,51330 0,
4240001009574_320_00,2300128744,73470 1,71430 1,
4240001009574_320_00,550332996,70810 1,49016 1,
4240001009574_320_00,2355023358,50060 10,70010 0,
4240001009574_320_00,201880385,50040 0,73450 1,
4240001009574_320_00,201880385,50050 0,72040 1,
4240001009574_320_00,201880385,72040 0,50040 1,
4240001009574_320_00,2300128744,50020 0,71710 1,
4240001009574_320_00,2300128744,51340 1,71740 1,
4240001009574_320_00,2300128744,50050 1,71430 1,
4240001009574_320_00,2300128744,71710 0,73470 0,
4240001009574_320_00,2300128744,71690 0,73470 0,
4240001009574_320_00,550332996,71970 0,70780 0,
4240001009574_320_00,2355023358,70570 1,55170 1,
4240001009574_320_00,835754522,50060 9,51055 7,
4240001009574_320_00,550332996,50103 0,51010 0,
4240001009574_320_00,2300128744,50320 1,71650 1,
4240001009574_320_00,2300128744,50050 1,71710 1,
4240001009574_320_00,2300128744,50050 1,71650 1,
4240001009574_320_00,2300128744,71430 0,51330 0,
4240001009574_320_00,550332996,71560 1,71960 1,
4240001009574_320_00,2300128744,51055 5,73470 0,
4240001009574_320_00,2355023358,50060 10,70020 0,
4240001009574_320_00,201880385,51940 0,50050 1,
4240001009574_320_00,201880385,73430 0,50050 1,
4240001009574_320_00,2300128744,51330 1,71430 1,
4240001009574_320_00,2300128744,51330 1,71690 1,
4240001009574_320_00,835754522,51055 2,72150 0,
4240001009574_320_00,2300128744,51055 1,73470 0,
4240001009574_320_00,550332996,71970 0,70150 0,
4240001009574_320_00,550332996,71960 0,70810 0,
4240001009574_320_00,550332996,50030 2,72590 1,
4240001009574_320_00,835754522,73000 1,71740 1,
4240001009574_320_00,835754522,72150 1,51055 7,
4240001009574_320_00,835754522,72760 1,71740 1,
4240001009574_320_00,2355023358,73900 1,55170 1,
4240001009574_320_00,550332996,50104 0,51010 0,
4240001009574_320_00,2300128744,71710 0,51330 0,
4240001009574_320_00,2300128744,51055 1,51330 0,
4240001009574_320_00,2300128744,71690 0,51330 0,
4240001009574_320_00,2300128744,73470 1,71710 1,
4240001009574_320_00,550332996,70150 1,71960 1,
4240001009574_320_00,2300128744,51055 5,50020 5,
4240001009574_320_00,201880385,72470 0,50040 1,
4240001009574_320_00,2300128744,50020 0,71430 1,
4240001009574_320_00,2300128744,51340 1,51055 6,
4240001009574_320_00,835754522,71740 0,73250 0,
4240001009574_320_00,835754522,71740 0,50050 3,
4240001009574_320_00,550332996,49016 0,70810 0,
4240001009574_320_00,2355023358,70570 1,70430 1,
4240001009574_320_00,2300128744,73470 1,71670 0,
4240001009574_320_00,550332996,70800 1,71960 1,
4240001009574_320_00,550332996,71560 1,71970 1,
4240001009574_320_00,2300128744,51055 5,50030 4,
4240001009574_330_00,2300128744,50030 7,70280 1,
4240001009574_330_00,2300128744,50050 1,70280 1,
4240001009574_330_00,550332996,72400 0,72280 0,
4240001009574_330_00,550332996,46044 1,72030 1,
4240001009574_330_00,550332996,50840 1,72720 1,
4240001009574_330_00,550332996,50270 1,72390 1,
4240001009574_330_00,550332996,50830 1,70150 1,
4240001009574_330_00,550332996,72800 1,71540 1,
4240001009574_330_00,550332996,72390 0,50270 1,
4240001009574_330_00,550332996,50103 1,71420 1,
4240001009574_330_00,550332996,50103 1,72400 1,
4240001009574_330_00,550332996,70580 0,72780 0,
4240001009574_330_00,550332996,72780 0,72390 1,
4240001009574_330_00,550332996,71600 0,70740 1,
4240001009574_330_00,550332996,50060 11,71560 1,
4240001009574_330_00,550332996,72030 0,46044 0,
4240001009574_330_00,550332996,70740 0,71580 0,
4240001009574_330_00,550332996,72720 0,50850 0,
4240001009574_330_00,550332996,70610 1,71580 0,
4240001009574_330_00,550332996,70150 0,50830 0,
4240001009574_330_00,550332996,70150 0,50850 0,
4240001009574_330_00,550332996,71560 0,50860 0,
4240001009574_330_00,550332996,70150 0,50860 0,
4240001009574_330_00,550332996,71560 0,72740 0,
4240001009574_330_00,550332996,72400 0,50103 0,
4240001009574_330_00,550332996,72390 0,50102 1,
4240001009574_330_00,550332996,72280 0,72390 1,
4240001009574_330_00,550332996,72400 0,50271 0,
4240001009574_330_00,550332996,71540 0,71590 0,
4240001009574_330_00,550332996,71420 0,72780 1,
4240001009574_330_00,550332996,71420 0,50260 1,
4240001009574_330_00,550332996,71600 0,70610 999,
4240001009574_330_00,2300128744,73470 1,70280 1,
4240001009574_330_00,550332996,72030 1,49014 1,
4240001009574_330_00,550332996,73270 1,70180 1,
4240001009574_330_00,550332996,72810 1,46012 1,
4240001009574_330_00,550332996,72810 1,70180 1,
4240001009574_330_00,550332996,70970 1,46012 1,
4240001009574_330_00,2300128744,70280 0,50320 0,
4240001009574_330_00,2300128744,70280 0,50060 5,
4240001009574_330_00,550332996,46012 0,73270 0,
4240001009574_330_00,550332996,71540 0,72800 0,
4240001009574_330_00,550332996,49014 0,72030 0,
4240001009574_330_00,550332996,49014 0,72720 0,
4240001009574_330_00,550332996,70180 0,70970 0,
4240001009574_330_00,550332996,50280 1,71560 1,
4240001009574_330_00,550332996,50104 1,70580 1,
4240001009574_330_00,550332996,50102 1,70580 1,
4240001009574_330_00,550332996,72800 1,70610 2,
4240001009574_330_00,550332996,72780 1,72400 1,
4240001009574_330_00,550332996,70740 0,72800 1,
4240001009574_330_00,550332996,72400 0,50270 1,
4240001009574_330_00,550332996,72400 0,74040 0,
4240001009574_330_00,550332996,50271 0,70580 1,
4240001009574_330_00,550332996,50271 1,72400 1,
4240001009574_330_00,550332996,50830 1,72030 1,
4240001009574_330_00,550332996,71580 1,71540 1,
4240001009574_330_00,550332996,72590 1,72390 1,
4240001009574_330_00,550332996,50850 1,72720 1,
4240001009574_330_00,550332996,72030 0,50850 0,
4240001009574_330_00,550332996,70580 0,72590 0,
4240001009574_330_00,550332996,71560 0,50280 0,
4240001009574_330_00,550332996,70150 0,50060 10,
4240001009574_330_00,550332996,72400 0,72630 2,
4240001009574_330_00,550332996,72400 0,72790 0,
4240001009574_330_00,550332996,70580 0,73610 0,
4240001009574_330_00,550332996,71420 0,72630 2,
4240001009574_330_00,550332996,71420 0,72790 0,
4240001009574_330_00,550332996,72030 0,50060 4,
4240001009574_330_00,550332996,72720 0,50060 4,
4240001009574_330_00,550332996,70580 0,50104 0,
4240001009574_330_00,550332996,72390 0,72780 1,
4240001009574_330_00,550332996,74040 0,70580 1,
4240001009574_330_00,550332996,70610 1,71600 0,
4240001009574_330_00,550332996,50102 1,71420 1,
4240001009574_330_00,550332996,70580 0,72780 1,
4240001009574_330_00,550332996,71420 0,50271 1,
4240001009574_330_00,550332996,73270 1,46012 1,
4240001009574_330_00,2300128744,70280 0,50040 0,
4240001009574_330_00,2300128744,51330 1,70280 1,
4240001009574_330_00,550332996,46012 0,72810 0,
4240001009574_330_00,550332996,46013 0,72810 0,
4240001009574_330_00,550332996,50840 1,70150 1,
4240001009574_330_00,550332996,50104 1,71420 1,
4240001009574_330_00,550332996,50103 1,72390 1,
4240001009574_330_00,550332996,50860 1,72720 1,
4240001009574_330_00,550332996,50060 11,72030 1,
4240001009574_330_00,550332996,71600 0,71540 1,
4240001009574_330_00,550332996,72390 0,50103 1,
4240001009574_330_00,550332996,50260 1,72390 1,
4240001009574_330_00,550332996,50260 1,71420 1,
4240001009574_330_00,550332996,71420 0,74040 0,
4240001009574_330_00,550332996,72800 1,70740 1,
4240001009574_330_00,550332996,50850 1,72030 1,
4240001009574_330_00,550332996,73610 1,72390 1,
4240001009574_330_00,550332996,72390 0,72790 0,
4240001009574_330_00,550332996,71560 0,50860 2,
4240001009574_330_00,550332996,72390 0,72630 2,
4240001009574_330_00,550332996,72030 0,50280 0,
4240001009574_330_00,550332996,72720 0,72740 0,
4240001009574_330_00,550332996,70610 1,72800 0,
4240001009574_330_00,550332996,72390 0,50271 1,
4240001009574_330_00,550332996,72400 0,72780 1,
4240001009574_330_00,550332996,72400 0,50260 1,
4240001009574_330_00,550332996,70580 0,50270 1,
4240001009574_330_00,550332996,70580 0,50104 1,
4240001009574_330_00,550332996,72800 1,70610 999,
4240001009574_330_00,2300128744,50020 0,70280 1,
4240001009574_330_00,550332996,72390 0,74040 0,
4240001009574_330_00,550332996,72390 0,72280 0,
4240001009574_330_00,550332996,70740 0,72800 0,
4240001009574_330_00,550332996,70590 0,72800 0,
4240001009574_330_00,550332996,46044 1,71560 1,
4240001009574_330_00,550332996,72780 1,70580 1,
4240001009574_330_00,550332996,50270 1,71420 1,
4240001009574_330_00,550332996,50270 1,70580 1,
4240001009574_330_00,550332996,50104 1,72400 1,
4240001009574_330_00,550332996,71600 0,70610 2,
4240001009574_330_00,550332996,70740 0,71600 0,
4240001009574_330_00,550332996,71590 0,70740 1,
4240001009574_330_00,550332996,70580 0,74040 0,
4240001009574_330_00,550332996,70580 0,50103 1,
4240001009574_330_00,550332996,71420 0,50271 0,
4240001009574_330_00,550332996,72790 1,72390 1,
4240001009574_330_00,550332996,50280 1,72720 1,
4240001009574_330_00,550332996,50860 1,72030 1,
4240001009574_330_00,550332996,73610 1,71420 1,
4240001009574_330_00,550332996,72030 0,72740 0,
4240001009574_330_00,550332996,72030 0,50060 10,
4240001009574_330_00,550332996,72720 0,50280 0,
4240001009574_330_00,550332996,70150 0,72740 0,
4240001009574_330_00,550332996,71420 0,72590 0,
4240001009574_330_00,550332996,71560 0,50870 0,
4240001009574_330_00,550332996,71560 0,50850 0,
4240001009574_330_00,550332996,72390 0,50102 0,
4240001009574_330_00,550332996,71420 0,72780 0,
4240001009574_330_00,550332996,72390 0,50260 1,
4240001009574_330_00,550332996,72780 1,71420 1,
4240001009574_330_00,550332996,74040 0,72390 1,
4240001009574_330_00,550332996,72280 0,70580 1,
4240001009574_330_00,550332996,72780 0,70580 1,
4240001009574_330_00,550332996,71420 0,50102 1,
4240001009574_330_00,2300128744,70280 0,50020 5,
4240001009574_330_00,2300128744,70280 0,51330 0,
4240001009574_330_00,2300128744,70280 0,50030 4,
4240001009574_330_00,550332996,72800 1,70590 1,
4240001009574_330_00,550332996,71420 0,72280 0,
4240001009574_330_00,550332996,70740 0,71590 0,
4240001009574_330_00,550332996,70590 0,71590 0,
4240001009574_330_00,550332996,72780 1,72390 1,
4240001009574_330_00,550332996,50840 1,71560 1,
4240001009574_330_00,550332996,50830 1,72720 1,
4240001009574_330_00,550332996,72390 0,72780 0,
4240001009574_330_00,550332996,72400 0,50271 1,
4240001009574_330_00,550332996,71540 0,72800 1,
4240001009574_330_00,550332996,50260 1,72400 1,
4240001009574_330_00,550332996,50260 1,70580 1,
4240001009574_330_00,550332996,50102 1,72390 1,
4240001009574_330_00,550332996,72630 3,72400 1,
4240001009574_330_00,550332996,72720 0,50860 0,
4240001009574_330_00,550332996,72720 0,50840 0,
4240001009574_330_00,550332996,70580 0,72630 2,
4240001009574_330_00,550332996,71420 0,73610 0,
4240001009574_330_00,550332996,71560 0,50830 0,
4240001009574_330_00,550332996,71560 0,46044 0,
4240001009574_330_00,550332996,72400 0,73610 0,
4240001009574_330_00,550332996,70580 0,72790 0,
4240001009574_330_00,550332996,71560 0,50840 0,
4240001009574_330_00,550332996,72390 0,50270 0,
4240001009574_330_00,550332996,72390 0,50104 0,
4240001009574_330_00,550332996,72030 0,50070 0,
4240001009574_330_00,550332996,72720 0,50070 0,
4240001009574_330_00,550332996,70150 0,50070 0,
4240001009574_330_00,550332996,72400 0,50260 0,
4240001009574_330_00,550332996,71420 0,50102 0,
4240001009574_330_00,550332996,72800 0,70740 1,
4240001009574_330_00,550332996,70580 0,50102 1,
4240001009574_330_00,550332996,71420 0,50103 1,
4240001009574_330_00,2300128744,50060 3,70280 1,
4240001009574_330_00,550332996,72800 1,70600 0,
4240001009574_330_00,2300128744,70280 0,73470 0,
4240001009574_330_00,2300128744,70280 0,50050 0,
4240001009574_330_00,550332996,70580 0,72280 0,
4240001009574_330_00,550332996,49013 0,72720 0,
4240001009574_330_00,550332996,46012 0,70970 0,
4240001009574_330_00,550332996,46044 1,72720 1,
4240001009574_330_00,550332996,50280 1,70150 1,
4240001009574_330_00,550332996,50104 1,72390 1,
4240001009574_330_00,550332996,72390 0,50104 1,
4240001009574_330_00,550332996,72800 0,71540 1,
4240001009574_330_00,550332996,72280 0,71420 1,
4240001009574_330_00,550332996,50102 1,72400 1,
4240001009574_330_00,550332996,70580 0,50260 1,
4240001009574_330_00,550332996,72780 0,71420 1,
4240001009574_330_00,550332996,71420 0,50104 1,
4240001009574_330_00,550332996,50271 0,72400 1,
4240001009574_330_00,550332996,50271 1,71420 1,
4240001009574_330_00,550332996,50840 1,72030 1,
4240001009574_330_00,550332996,72390 0,73610 0,
4240001009574_330_00,550332996,72030 0,50870 0,
4240001009574_330_00,550332996,72030 0,50840 0,
4240001009574_330_00,550332996,70150 0,50870 0,
4240001009574_330_00,550332996,70150 0,50840 0,
4240001009574_330_00,550332996,72400 0,72590 0,
4240001009574_330_00,550332996,72390 0,50260 0,
4240001009574_330_00,550332996,72400 0,50270 0,
4240001009574_330_00,550332996,72400 0,50104 0,
4240001009574_330_00,550332996,70580 0,50102 0,
4240001009574_330_00,550332996,71420 0,50270 0,
4240001009574_330_00,550332996,72390 0,50271 0,
4240001009574_330_00,550332996,74040 0,72400 1,
4240001009574_330_00,550332996,70610 1,72800 1,
4240001009574_330_00,550332996,72400 0,50104 1,
4240001009574_330_00,550332996,72400 0,50102 1,
4240001009574_330_00,550332996,70580 0,50271 0,
4240001009574_330_00,550332996,50271 0,72390 1,
4240001009574_330_00,550332996,73270 1,46013 1,
4240001009574_330_00,550332996,72720 1,49013 1,
4240001009574_330_00,550332996,46013 0,72500 0,
4240001009574_330_00,550332996,50830 1,71560 1,
4240001009574_330_00,550332996,72280 0,72400 1,
4240001009574_330_00,550332996,70580 0,50271 1,
4240001009574_330_00,550332996,72780 0,72400 1,
4240001009574_330_00,550332996,72790 1,72400 1,
4240001009574_330_00,550332996,50280 1,72030 1,
4240001009574_330_00,550332996,72390 0,72590 0,
4240001009574_330_00,550332996,72720 0,50860 2,
4240001009574_330_00,550332996,70150 0,50280 0,
4240001009574_330_00,550332996,72030 0,50860 0,
4240001009574_330_00,550332996,70580 0,50260 0,
4240001009574_330_00,550332996,71420 0,50260 0,
4240001009574_330_00,550332996,72400 0,50103 1,
4240001009574_330_00,550332996,50103 1,70580 1,
4240001009574_330_00,550332996,50271 1,72390 1,
4240001009574_330_00,550332996,72030 1,49013 1,
4240001009574_330_00,550332996,72810 1,46013 1,
4240001009574_330_00,550332996,46044 1,70150 1,
4240001009574_330_00,550332996,50270 1,72400 1,
4240001009574_330_00,550332996,74040 0,71420 1,
4240001009574_330_00,550332996,71590 0,70610 999,
4240001009574_330_00,550332996,71420 0,50270 1,
4240001009574_330_00,550332996,50271 0,71420 1,
4240001009574_330_00,550332996,71580 1,70610 2,
4240001009574_330_00,550332996,71580 1,70740 1,
4240001009574_330_00,550332996,72590 1,72400 1,
4240001009574_330_00,550332996,73610 1,72400 1,
4240001009574_330_00,550332996,72030 0,50830 0,
4240001009574_330_00,550332996,70150 0,50860 2,
4240001009574_330_00,550332996,71560 0,50060 10,
4240001009574_330_00,550332996,72720 0,50870 0,
4240001009574_330_00,2300128744,50040 1,70280 1,
4240001009574_330_00,2300128744,50020 7,70280 1,
4240001009574_330_00,550332996,71540 0,71600 0,
4240001009574_330_00,550332996,70970 1,46013 1,
4240001009574_330_00,550332996,72500 1,70180 1,
4240001009574_330_00,550332996,72720 1,49014 1,
4240001009574_330_00,550332996,70610 0,71590 0,
4240001009574_330_00,550332996,46013 0,73270 0,
4240001009574_330_00,550332996,46013 0,70970 0,
4240001009574_330_00,550332996,70180 0,72810 0,
4240001009574_330_00,550332996,72630 3,72390 1,
4240001009574_330_00,550332996,50060 11,72720 1,
4240001009574_330_00,550332996,73610 1,70580 1,
4240001009574_330_00,550332996,72720 0,46044 0,
4240001009574_330_00,550332996,71540 0,71580 0,
4240001009574_330_00,550332996,70610 1,71590 0,
4240001009574_330_00,550332996,70150 0,50060 4,
4240001009574_330_00,550332996,71420 0,50103 0,
4240001009574_330_00,550332996,71420 0,50104 0,
4240001009574_330_00,550332996,72800 0,70610 999,
4240001009574_330_00,550332996,72400 0,72780 0,
4240001009574_330_00,550332996,49013 0,72030 0,
4240001009574_330_00,550332996,70610 0,72800 0,
4240001009574_330_00,550332996,70180 0,73270 0,
4240001009574_330_00,550332996,70180 0,72500 0,
4240001009574_330_00,550332996,50860 1,71560 1,
4240001009574_330_00,550332996,50850 1,71560 1,
4240001009574_330_00,550332996,50271 1,70580 1,
4240001009574_330_00,550332996,72590 1,71420 1,
4240001009574_330_00,550332996,72590 1,70580 1,
4240001009574_330_00,550332996,50850 1,70150 1,
4240001009574_330_00,550332996,72720 0,50060 10,
4240001009574_330_00,550332996,72390 0,50103 0,
4240001009574_330_00,550332996,70580 0,50103 0,
4240001009574_330_00,550332996,71560 0,50060 4,
4240001009574_330_00,550332996,71590 0,71540 1,
4240001009574_330_00,2300128744,50320 1,70280 1,
4240001009574_330_00,550332996,72500 1,46012 1,
4240001009574_330_00,550332996,50860 1,70150 1,
4240001009574_330_00,550332996,50060 11,70150 1,
4240001009574_330_00,550332996,72720 0,50830 0,
4240001009574_330_00,550332996,70150 0,46044 0,
4240001009574_330_00,550332996,72400 0,50102 0,
4240001009574_330_00,550332996,70580 0,50270 0,
4240001009574_330_00,550332996,71560 0,50070 0,
4240001009574_330_00,550332996,70970 1,70180 1,
4240001009574_330_00,550332996,71600 0,70600 0,
4240001009574_330_00,2300128744,51340 1,70280 1,
4240001009574_330_00,550332996,46012 0,72500 0,
4240001009574_330_00,550332996,72630 3,71420 1,
4240001009574_330_00,550332996,72630 3,70580 1,
4240001009574_330_00,550332996,72790 1,71420 1,
4240001009574_330_00,550332996,72790 1,70580 1,
4240001009574_330_00,550332996,72030 0,50860 2,
4240001009574_330_00,550332996,72500 1,46013 1,
4240001009574_330_00,550332996,71600 0,70590 1,
4240001009574_340_00,3594359697,70430 0,74250 0,
4240001009574_340_00,3594359697,55180 0,51404 0,
4240001009574_340_00,3594359697,50320 0,55220 0,
4240001009574_340_00,3594359697,70347 0,71370 0,
4240001009574_340_00,3594359697,55170 0,74230 0,
4240001009574_340_00,3594359697,55170 0,74250 0,
4240001009574_340_00,3594359697,50060 10,74260 0,
4240001009574_340_00,2355023358,50030 4,55220 0,
4240001009574_340_00,3594359697,55220 1,50030 7,
4240001009574_340_00,3594359697,51401 1,50050 1,
4240001009574_340_00,3594359697,50020 5,55220 0,
4240001009574_340_00,3594359697,50030 4,55220 0,
4240001009574_340_00,3594359697,47014 0,71370 0,
4240001009574_340_00,3594359697,70430 0,70560 0,
4240001009574_340_00,3594359697,50350 0,55220 0,
4240001009574_340_00,3594359697,50020 5,71370 0,
4240001009574_340_00,3594359697,50040 0,70010 0,
4240001009574_340_00,3594359697,50320 0,71370 0,
4240001009574_340_00,3594359697,70347 0,55220 0,
4240001009574_340_00,3594359697,50350 0,71370 0,
4240001009574_340_00,550332996,46058 0,72390 0,
4240001009574_340_00,3594359697,70570 1,50040 1,
4240001009574_340_00,3594359697,70560 1,70430 1,
4240001009574_340_00,2355023358,70430 0,51404 0,
4240001009574_340_00,2355023358,70430 0,74260 0,
4240001009574_340_00,2355023358,55180 0,74260 0,
4240001009574_340_00,2355023358,50050 0,70010 0,
4240001009574_340_00,3594359697,71370 1,73980 1,
4240001009574_340_00,3594359697,71370 1,72090 1,
4240001009574_340_00,3594359697,71370 1,70347 1,
4240001009574_340_00,3594359697,55220 1,73280 1,
4240001009574_340_00,3594359697,55220 1,50340 1,
4240001009574_340_00,3594359697,55220 1,47014 1,
4240001009574_340_00,2355023358,74230 1,55170 1,
4240001009574_340_00,2355023358,74240 1,55170 1,
4240001009574_340_00,2355023358,51404 1,70430 1,
4240001009574_340_00,3594359697,74240 1,55170 1,
4240001009574_340_00,3594359697,71370 1,70355 0,
4240001009574_340_00,3594359697,51403 1,55170 1,
4240001009574_340_00,3594359697,51404 1,70430 1,
4240001009574_340_00,3594359697,50040 0,70020 0,
4240001009574_340_00,3594359697,70430 0,51404 0,
4240001009574_340_00,3594359697,55170 0,51404 0,
4240001009574_340_00,3594359697,47014 0,55220 0,
4240001009574_340_00,3594359697,73280 0,71370 0,
4240001009574_340_00,3594359697,70020 1,50050 1,
4240001009574_340_00,3594359697,71370 1,73400 1,
4240001009574_340_00,3594359697,55220 1,73185 1,
4240001009574_340_00,3594359697,55220 1,50020 4,
4240001009574_340_00,3594359697,55220 1,70355 0,
4240001009574_340_00,3594359697,73980 0,55220 0,
4240001009574_340_00,3594359697,71460 0,71370 0,
4240001009574_340_00,3594359697,73990 0,71370 0,
4240001009574_340_00,3594359697,70350 0,55220 0,
4240001009574_340_00,3594359697,50030 4,71370 0,
4240001009574_340_00,3594359697,73280 0,55220 0,
4240001009574_340_00,550332996,70580 1,46058 1,
4240001009574_340_00,550332996,70580 1,46057 1,
4240001009574_340_00,3594359697,71370 1,73280 1,
4240001009574_340_00,3594359697,71370 1,50020 4,
4240001009574_340_00,3594359697,70560 1,50060 3,
4240001009574_340_00,3594359697,50060 10,70560 0,
4240001009574_340_00,3594359697,73940 0,71370 0,
4240001009574_340_00,3594359697,70350 0,71370 0,
4240001009574_340_00,2355023358,50040 0,70020 0,
4240001009574_340_00,2355023358,50040 0,51401 0,
4240001009574_340_00,3594359697,71370 1,50030 7,
4240001009574_340_00,3594359697,55220 1,50330 0,
4240001009574_340_00,3594359697,55220 1,73710 0,
4240001009574_340_00,3594359697,50040 0,51401 0,
4240001009574_340_00,3594359697,70430 0,74230 0,
4240001009574_340_00,3594359697,70430 0,74260 0,
4240001009574_340_00,3594359697,73400 0,71370 0,
4240001009574_340_00,3594359697,50050 0,70570 0,
4240001009574_340_00,3594359697,50060 10,74230 0,
4240001009574_340_00,3594359697,50040 0,73900 0,
4240001009574_340_00,3594359697,71760 0,71370 0,
4240001009574_340_00,550332996,46014 0,73300 0,
4240001009574_340_00,550332996,46048 1,72390 0,
4240001009574_340_00,550332996,46058 0,73300 0,
4240001009574_340_00,3594359697,71370 1,73940 1,
4240001009574_340_00,3594359697,71370 1,73990 1,
4240001009574_340_00,3594359697,71370 1,71760 1,
4240001009574_340_00,3594359697,70010 1,50050 1,
4240001009574_340_00,3594359697,55220 1,72090 1,
4240001009574_340_00,3594359697,55220 1,70347 1,
4240001009574_340_00,3594359697,55220 1,73990 1,
4240001009574_340_00,3594359697,55220 1,73950 1,
4240001009574_340_00,3594359697,51401 1,50040 1,
4240001009574_340_00,2355023358,55180 0,74250 0,
4240001009574_340_00,2355023358,55170 0,51403 0,
4240001009574_340_00,2355023358,50020 5,71370 0,
4240001009574_340_00,3594359697,55220 1,50350 1,
4240001009574_340_00,2355023358,74240 1,70430 1,
4240001009574_340_00,2355023358,70020 1,50050 1,
4240001009574_340_00,2355023358,74250 1,55170 1,
4240001009574_340_00,2355023358,51403 1,55170 1,
4240001009574_340_00,2355023358,55220 1,50020 2,
4240001009574_340_00,3594359697,70570 1,50050 1,
4240001009574_340_00,3594359697,74250 1,55170 1,
4240001009574_340_00,3594359697,55180 0,70560 0,
4240001009574_340_00,3594359697,75042 0,55220 0,
4240001009574_340_00,3594359697,73400 0,55220 0,
4240001009574_340_00,3594359697,50340 0,71370 0,
4240001009574_340_00,3594359697,55170 0,70560 0,
4240001009574_340_00,3594359697,50060 10,74240 0,
4240001009574_340_00,3594359697,71760 0,55220 0,
4240001009574_340_00,3594359697,70020 1,50040 1,
4240001009574_340_00,3594359697,71370 1,73185 1,
4240001009574_340_00,3594359697,73900 1,50040 1,
4240001009574_340_00,3594359697,50050 0,70010 0,
4240001009574_340_00,3594359697,50050 0,73900 0,
4240001009574_340_00,3594359697,73990 0,55220 0,
4240001009574_340_00,550332996,72390 1,46058 1,
4240001009574_340_00,550332996,71400 1,46059 1,
4240001009574_340_00,3594359697,71370 1,70350 1,
4240001009574_340_00,3594359697,71370 1,73710 0,
4240001009574_340_00,3594359697,70010 1,50040 1,
4240001009574_340_00,3594359697,74250 1,70430 1,
4240001009574_340_00,3594359697,55220 1,70350 1,
4240001009574_340_00,3594359697,55180 0,51403 0,
4240001009574_340_00,3594359697,72090 0,71370 0,
4240001009574_340_00,3594359697,73940 0,55220 0,
4240001009574_340_00,3594359697,71370 1,47014 3,
4240001009574_340_00,3594359697,50050 0,70020 0,
4240001009574_340_00,3594359697,55170 0,74240 0,
4240001009574_340_00,550332996,46048 1,71400 0,
4240001009574_340_00,550332996,46059 0,71400 0,
4240001009574_340_00,3594359697,71370 1,74200 1,
4240001009574_340_00,3594359697,55220 1,73390 1,
4240001009574_340_00,3594359697,74260 1,50060 3,
4240001009574_340_00,2355023358,55170 0,74230 0,
4240001009574_340_00,3594359697,71370 1,73390 1,
4240001009574_340_00,3594359697,55220 1,73980 1,
4240001009574_340_00,2355023358,55220 1,75041 1,
4240001009574_340_00,3594359697,71370 1,50320 1,
4240001009574_340_00,3594359697,74260 1,70430 1,
4240001009574_340_00,3594359697,51404 1,50060 3,
4240001009574_340_00,3594359697,50060 10,51404 0,
4240001009574_340_00,3594359697,55220 1,50320 1,
4240001009574_340_00,3594359697,55220 1,73400 1,
4240001009574_340_00,3594359697,74200 0,71370 0,
4240001009574_340_00,3594359697,72090 0,55220 0,
4240001009574_340_00,550332996,72390 1,46057 1,
4240001009574_340_00,550332996,71400 1,46049 1,
4240001009574_340_00,3594359697,71370 1,50330 0,
4240001009574_340_00,3594359697,55180 0,74250 0,
4240001009574_340_00,3594359697,74200 0,55220 0,
4240001009574_340_00,3594359697,73950 0,55220 0,
4240001009574_340_00,2355023358,75041 0,55220 0,
4240001009574_340_00,2355023358,50020 3,71370 0,
4240001009574_340_00,3594359697,55170 0,51403 0,
4240001009574_340_00,550332996,46059 0,70580 0,
4240001009574_340_00,3594359697,74230 1,50060 3,
4240001009574_340_00,3594359697,74240 1,70430 1,
4240001009574_340_00,3594359697,71370 1,50340 1,
4240001009574_340_00,3594359697,74260 1,55170 1,
4240001009574_340_00,2355023358,50040 0,70570 0,
4240001009574_340_00,2355023358,70430 0,51403 0,
4240001009574_340_00,2355023358,55180 0,74240 0,
4240001009574_340_00,2355023358,50060 10,74230 0,
4240001009574_340_00,3594359697,55220 1,73940 1,
4240001009574_340_00,2355023358,70020 1,50040 1,
4240001009574_340_00,2355023358,51403 1,70430 1,
4240001009574_340_00,2355023358,74260 1,70430 1,
4240001009574_340_00,2355023358,71370 1,75041 1,
4240001009574_340_00,2355023358,55220 1,50030 7,
4240001009574_340_00,3594359697,74240 1,50060 3,
4240001009574_340_00,3594359697,74250 1,50060 3,
4240001009574_340_00,3594359697,50060 10,51403 0,
4240001009574_340_00,3594359697,73390 0,71370 0,
4240001009574_340_00,550332996,72390 1,46048 1,
4240001009574_340_00,550332996,72390 1,46049 1,
4240001009574_340_00,550332996,71400 1,46057 1,
4240001009574_340_00,3594359697,55180 0,74240 0,
4240001009574_340_00,3594359697,73980 0,71370 0,
4240001009574_340_00,3594359697,50050 0,51401 0,
4240001009574_340_00,2355023358,50020 5,55220 0,
4240001009574_340_00,3594359697,70430 0,51403 0,
4240001009574_340_00,550332996,46014 0,72390 0,
4240001009574_340_00,550332996,46059 0,72390 0,
4240001009574_340_00,3594359697,55220 1,74200 1,
4240001009574_340_00,2355023358,50040 0,70010 0,
4240001009574_340_00,2355023358,70430 0,74230 0,
4240001009574_340_00,2355023358,70430 0,74240 0,
4240001009574_340_00,2355023358,50050 0,70020 0,
4240001009574_340_00,2355023358,55170 0,74260 0,
4240001009574_340_00,2355023358,55170 0,70560 0,
4240001009574_340_00,3594359697,71370 1,73950 1,
4240001009574_340_00,3594359697,55220 1,71460 1,
4240001009574_340_00,2355023358,74250 1,50060 4,
4240001009574_340_00,2355023358,51404 1,50060 4,
4240001009574_340_00,2355023358,71370 1,50020 2,
4240001009574_340_00,3594359697,74230 1,55170 1,
4240001009574_340_00,3594359697,55220 1,71760 1,
4240001009574_340_00,3594359697,70430 0,74240 0,
4240001009574_340_00,3594359697,75042 0,71370 0,
4240001009574_340_00,550332996,72390 1,46059 1,
4240001009574_340_00,550332996,73300 1,46048 1,
4240001009574_340_00,550332996,71400 1,46058 1,
4240001009574_340_00,3594359697,71370 1,50350 1,
4240001009574_340_00,3594359697,71460 0,55220 0,
4240001009574_340_00,3594359697,50340 0,55220 0,
4240001009574_340_00,3594359697,73900 1,50050 1,
4240001009574_340_00,3594359697,55220 1,47014 3,
4240001009574_340_00,3594359697,50040 0,70570 0,
4240001009574_340_00,3594359697,73185 0,71370 0,
4240001009574_340_00,3594359697,70560 1,55170 1,
4240001009574_340_00,2355023358,55180 0,51403 0,
4240001009574_340_00,2355023358,55180 0,51404 0,
4240001009574_340_00,2355023358,55170 0,74250 0,
4240001009574_340_00,2355023358,71370 1,50030 7,
4240001009574_340_00,3594359697,55170 0,74260 0,
4240001009574_340_00,3594359697,71370 1,47014 0,
4240001009574_340_00,3594359697,73390 0,55220 0,
4240001009574_340_00,550332996,71400 1,46014 1,
4240001009574_340_00,3594359697,55220 1,47014 0,
4240001009574_340_00,3594359697,51404 1,55170 1,
4240001009574_340_00,2355023358,75041 0,71370 0,
4240001009574_340_00,2355023358,50060 10,74240 0,
4240001009574_340_00,2355023358,50060 10,51404 0,
4240001009574_340_00,2355023358,50060 10,74260 0,
4240001009574_340_00,3594359697,71370 1,47014 1,
4240001009574_340_00,2355023358,70570 1,50040 1,
4240001009574_340_00,2355023358,70560 1,70430 1,
4240001009574_340_00,2355023358,74260 1,55170 1,
4240001009574_340_00,2355023358,73900 1,50050 1,
4240001009574_340_00,550332996,73300 1,46014 1,
4240001009574_340_00,2355023358,50050 0,73900 0,
4240001009574_340_00,550332996,46014 0,71400 0,
4240001009574_340_00,550332996,46048 1,73300 0,
4240001009574_340_00,550332996,46048 1,70580 0,
4240001009574_340_00,550332996,46058 0,71400 0,
4240001009574_340_00,3594359697,74230 1,70430 1,
4240001009574_340_00,2355023358,50060 10,51403 0,
4240001009574_340_00,2355023358,50060 10,74250 0,
4240001009574_340_00,3594359697,71370 1,71460 1,
4240001009574_340_00,2355023358,70010 1,50040 1,
4240001009574_340_00,2355023358,70560 1,55170 1,
4240001009574_340_00,2355023358,70560 1,50060 4,
4240001009574_340_00,2355023358,51401 1,50040 1,
4240001009574_340_00,2355023358,70010 1,50050 1,
4240001009574_340_00,550332996,72390 1,46014 1,
4240001009574_340_00,550332996,73300 1,46057 1,
4240001009574_340_00,550332996,70580 1,46014 1,
4240001009574_340_00,550332996,70580 1,46048 1,
4240001009574_340_00,3594359697,50060 10,74250 0,
4240001009574_340_00,2355023358,50030 4,71370 0,
4240001009574_340_00,3594359697,55180 0,74260 0,
4240001009574_340_00,550332996,46059 0,73300 0,
4240001009574_340_00,3594359697,51403 1,50060 3,
4240001009574_340_00,2355023358,55180 0,74230 0,
4240001009574_340_00,2355023358,50050 0,70570 0,
4240001009574_340_00,2355023358,50060 10,70560 0,
4240001009574_340_00,2355023358,74230 1,70430 1,
4240001009574_340_00,2355023358,74230 1,50060 4,
4240001009574_340_00,2355023358,74240 1,50060 4,
4240001009574_340_00,2355023358,70570 1,50050 1,
4240001009574_340_00,2355023358,51403 1,50060 4,
4240001009574_340_00,2355023358,51404 1,55170 1,
4240001009574_340_00,2355023358,73900 1,50040 1,
4240001009574_340_00,3594359697,73950 0,71370 0,
4240001009574_340_00,550332996,73300 1,46058 1,
4240001009574_340_00,550332996,71400 1,46048 1,
4240001009574_340_00,3594359697,55180 0,74230 0,
4240001009574_340_00,3594359697,73185 0,55220 0,
4240001009574_340_00,550332996,46058 0,70580 0,
4240001009574_340_00,3594359697,51403 1,70430 1,
4240001009574_340_00,2355023358,70430 0,70560 0,
4240001009574_340_00,2355023358,55170 0,74240 0,
4240001009574_340_00,2355023358,51401 1,50050 1,
4240001009574_340_00,550332996,70580 1,46059 1,
4240001009574_340_00,550332996,70580 1,46049 1,
4240001009574_340_00,2355023358,50040 0,73900 0,
4240001009574_340_00,2355023358,50050 0,51401 0,
4240001009574_340_00,2355023358,70430 0,74250 0,
4240001009574_340_00,2355023358,55180 0,70560 0,
4240001009574_340_00,2355023358,74250 1,70430 1,
4240001009574_340_00,550332996,73300 1,46049 1,
4240001009574_340_00,2355023358,50020 3,55220 0,
4240001009574_340_00,550332996,46014 0,70580 0,
4240001009574_340_00,2355023358,55170 0,51404 0,
4240001009574_340_00,2355023358,74260 1,50060 4,
4240001009574_340_00,550332996,73300 1,46059 1,
4240001009574_350_00,3594359697,50040 0,74260 0,
4240001009574_350_00,3594359697,50050 0,51403 0,
4240001009574_350_00,3594359697,50040 0,74230 0,
4240001009574_350_00,550332996,73300 0,50105 0,
4240001009574_350_00,550332996,73270 0,50100 0,
4240001009574_350_00,550332996,73270 0,50101 0,
4240001009574_350_00,550332996,71400 0,50090 0,
4240001009574_350_00,550332996,50100 1,71400 1,
4240001009574_350_00,2355023358,50040 0,74240 0,
4240001009574_350_00,550332996,50105 0,71400 1,
4240001009574_350_00,550332996,72610 1,71400 1,
4240001009574_350_00,2355023358,74240 1,50040 1,
4240001009574_350_00,2355023358,70560 1,50050 1,
4240001009574_350_00,2355023358,74250 1,50040 1,
4240001009574_350_00,550332996,73270 0,70540 0,
4240001009574_350_00,550332996,70970 0,72610 0,
4240001009574_350_00,550332996,71400 0,72610 0,
4240001009574_350_00,550332996,71400 0,50080 0,
4240001009574_350_00,3594359697,74260 1,50050 1,
4240001009574_350_00,3594359697,51403 1,50040 1,
4240001009574_350_00,3594359697,50040 0,51404 0,
4240001009574_350_00,3594359697,50040 0,70560 0,
4240001009574_350_00,3594359697,50050 0,74260 0,
4240001009574_350_00,3594359697,50050 0,70560 0,
4240001009574_350_00,550332996,73270 0,50105 0,
4240001009574_350_00,550332996,73270 0,50080 0,
4240001009574_350_00,3594359697,70560 1,50040 1,
4240001009574_350_00,3594359697,74250 1,50050 1,
4240001009574_350_00,3594359697,74260 1,50040 1,
4240001009574_350_00,550332996,50090 1,71400 1,
4240001009574_350_00,550332996,50105 1,70970 1,
4240001009574_350_00,2355023358,50050 0,74230 0,
4240001009574_350_00,2355023358,50050 0,74250 0,
4240001009574_350_00,550332996,50110 0,71400 1,
4240001009574_350_00,550332996,73270 0,50101 1,
4240001009574_350_00,550332996,50105 0,73300 1,
4240001009574_350_00,550332996,70970 0,50121 1,
4240001009574_350_00,2355023358,74240 1,50050 1,
4240001009574_350_00,550332996,73300 0,70540 0,
4240001009574_350_00,550332996,71400 0,71440 0,
4240001009574_350_00,550332996,73300 0,70520 0,
4240001009574_350_00,550332996,73300 0,50100 0,
4240001009574_350_00,550332996,73270 0,50090 0,
4240001009574_350_00,550332996,70970 0,50090 0,
4240001009574_350_00,550332996,70970 0,50105 0,
4240001009574_350_00,3594359697,74230 1,50050 1,
4240001009574_350_00,3594359697,74240 1,50050 1,
4240001009574_350_00,3594359697,50040 0,74240 0,
4240001009574_350_00,550332996,73300 0,50090 0,
4240001009574_350_00,550332996,50090 1,70970 1,
4240001009574_350_00,550332996,50100 1,70970 1,
4240001009574_350_00,550332996,50030 2,50270 1,
4240001009574_350_00,550332996,50101 1,71400 1,
4240001009574_350_00,550332996,50080 1,71400 1,
4240001009574_350_00,550332996,50110 0,70970 1,
4240001009574_350_00,550332996,50101 0,71400 1,
4240001009574_350_00,550332996,72610 1,73270 1,
4240001009574_350_00,550332996,70540 1,73270 1,
4240001009574_350_00,550332996,71440 1,73300 1,
4240001009574_350_00,550332996,70520 1,71400 1,
4240001009574_350_00,550332996,73270 0,70520 0,
4240001009574_350_00,550332996,73300 0,72610 0,
4240001009574_350_00,550332996,73300 0,50080 0,
4240001009574_350_00,550332996,70970 0,50101 0,
4240001009574_350_00,3594359697,74240 1,50040 1,
4240001009574_350_00,3594359697,70560 1,50050 1,
4240001009574_350_00,3594359697,50040 0,51403 0,
4240001009574_350_00,3594359697,50050 0,51404 0,
4240001009574_350_00,3594359697,50040 0,74250 0,
4240001009574_350_00,3594359697,50050 0,74250 0,
4240001009574_350_00,550332996,50090 1,73300 1,
4240001009574_350_00,550332996,50030 2,50260 1,
4240001009574_350_00,550332996,50080 1,73300 1,
4240001009574_350_00,2355023358,50040 0,74260 0,
4240001009574_350_00,550332996,73270 0,50110 0,
4240001009574_350_00,550332996,50101 0,70970 1,
4240001009574_350_00,550332996,71400 0,50121 1,
4240001009574_350_00,550332996,70970 0,50105 1,
4240001009574_350_00,550332996,70970 0,50101 1,
4240001009574_350_00,550332996,72610 1,73300 1,
4240001009574_350_00,550332996,72610 1,70970 1,
4240001009574_350_00,2355023358,74230 1,50040 1,
4240001009574_350_00,2355023358,51403 1,50040 1,
4240001009574_350_00,2355023358,74260 1,50040 1,
4240001009574_350_00,2355023358,74260 1,50050 1,
4240001009574_350_00,550332996,70970 0,70540 0,
4240001009574_350_00,550332996,73270 0,72610 0,
4240001009574_350_00,550332996,70970 0,70520 0,
4240001009574_350_00,3594359697,74250 1,50040 1,
4240001009574_350_00,3594359697,50050 0,74240 0,
4240001009574_350_00,550332996,71400 0,50105 0,
4240001009574_350_00,3594359697,74230 1,50040 1,
4240001009574_350_00,3594359697,51404 1,50050 1,
4240001009574_350_00,550332996,50090 1,73270 1,
4240001009574_350_00,550332996,51010 1,50270 1,
4240001009574_350_00,550332996,51010 1,50260 1,
4240001009574_350_00,550332996,50105 1,73300 1,
4240001009574_350_00,550332996,50105 1,71400 1,
4240001009574_350_00,2355023358,50040 0,51403 0,
4240001009574_350_00,2355023358,50040 0,51404 0,
4240001009574_350_00,550332996,50110 0,73270 1,
4240001009574_350_00,550332996,73270 0,50121 1,
4240001009574_350_00,550332996,50105 1,73270 1,
4240001009574_350_00,550332996,50101 1,70970 1,
4240001009574_350_00,2355023358,74250 1,50050 1,
4240001009574_350_00,550332996,71400 0,70540 0,
4240001009574_350_00,550332996,70970 0,71440 0,
4240001009574_350_00,550332996,50260 0,51010 0,
4240001009574_350_00,3594359697,50050 0,74230 0,
4240001009574_350_00,3594359697,51403 1,50050 1,
4240001009574_350_00,550332996,50100 1,73300 1,
4240001009574_350_00,550332996,50101 1,73270 1,
4240001009574_350_00,2355023358,50050 0,51403 0,
4240001009574_350_00,2355023358,50050 0,74260 0,
4240001009574_350_00,2355023358,50050 0,70560 0,
4240001009574_350_00,550332996,73300 0,50121 1,
4240001009574_350_00,550332996,73300 0,50101 0,
4240001009574_350_00,550332996,50110 0,73300 1,
4240001009574_350_00,550332996,71400 0,50101 0,
4240001009574_350_00,550332996,70540 1,73300 1,
4240001009574_350_00,550332996,70540 1,70970 1,
4240001009574_350_00,550332996,70520 1,70970 1,
4240001009574_350_00,2355023358,51403 1,50050 1,
4240001009574_350_00,550332996,70970 0,50080 0,
4240001009574_350_00,3594359697,51404 1,50040 1,
4240001009574_350_00,550332996,73300 0,50101 1,
4240001009574_350_00,550332996,50101 1,73300 1,
4240001009574_350_00,550332996,71440 1,70970 1,
4240001009574_350_00,2355023358,70560 1,50040 1,
4240001009574_350_00,2355023358,51404 1,50050 1,
4240001009574_350_00,550332996,73300 0,71440 0,
4240001009574_350_00,550332996,71400 0,50100 0,
4240001009574_350_00,550332996,70970 0,50100 0,
4240001009574_350_00,2355023358,50040 0,74250 0,
4240001009574_350_00,550332996,50105 0,70970 1,
4240001009574_350_00,550332996,70970 0,50110 0,
4240001009574_350_00,550332996,71400 0,70520 0,
4240001009574_350_00,550332996,50270 0,50030 3,
4240001009574_350_00,550332996,50100 1,73270 1,
4240001009574_350_00,2355023358,50050 0,51404 0,
4240001009574_350_00,550332996,73270 0,50105 1,
4240001009574_350_00,550332996,50121 1,73270 1,
4240001009574_350_00,550332996,50105 0,73270 1,
4240001009574_350_00,550332996,50101 0,73300 1,
4240001009574_350_00,550332996,50101 0,73270 1,
4240001009574_350_00,550332996,71400 0,50110 0,
4240001009574_350_00,550332996,71400 0,50105 1,
4240001009574_350_00,550332996,71400 0,50101 1,
4240001009574_350_00,550332996,71440 1,71400 1,
4240001009574_350_00,550332996,70520 1,73300 1,
4240001009574_350_00,2355023358,74230 1,50050 1,
4240001009574_350_00,2355023358,51404 1,50040 1,
4240001009574_350_00,550332996,73270 0,71440 0,
4240001009574_350_00,550332996,50270 0,51010 0,
4240001009574_350_00,550332996,50080 1,70970 1,
4240001009574_350_00,2355023358,50040 0,70560 0,
4240001009574_350_00,550332996,50121 1,70970 1,
4240001009574_350_00,2355023358,50050 0,74240 0,
4240001009574_350_00,550332996,73300 0,50110 0,
4240001009574_350_00,550332996,50121 1,73300 1,
4240001009574_350_00,550332996,50121 1,71400 1,
4240001009574_350_00,550332996,70540 1,71400 1,
4240001009574_350_00,550332996,70520 1,73270 1,
4240001009574_350_00,550332996,50080 1,73270 1,
4240001009574_350_00,2355023358,50040 0,74230 0,
4240001009574_350_00,550332996,73300 0,50105 1,
4240001009574_350_00,550332996,71440 1,73270 1,
4240001009574_350_00,550332996,50260 0,50030 3,
4240001009574_360_00,3594359697,74200 0,51401 0,
4240001009574_360_00,3594359697,50320 0,70010 0,
4240001009574_360_00,3594359697,50320 0,70570 0,
4240001009574_360_00,3594359697,72090 0,70570 0,
4240001009574_360_00,3594359697,70347 0,51401 0,
4240001009574_360_00,3594359697,50350 0,70010 0,
4240001009574_360_00,3594359697,50350 0,70570 0,
4240001009574_360_00,3594359697,73940 0,70570 0,
4240001009574_360_00,3594359697,70020 1,70347 1,
4240001009574_360_00,3594359697,70020 1,70350 1,
4240001009574_360_00,3594359697,70010 1,72090 1,
4240001009574_360_00,3594359697,70010 1,73710 0,
4240001009574_360_00,3594359697,70010 1,71760 1,
4240001009574_360_00,3594359697,73900 1,50350 1,
4240001009574_360_00,3594359697,51401 1,50330 0,
4240001009574_360_00,3594359697,72090 0,70020 0,
4240001009574_360_00,3594359697,50030 4,70010 0,
4240001009574_360_00,3594359697,73400 0,70570 0,
4240001009574_360_00,3594359697,70347 0,70570 0,
4240001009574_360_00,3594359697,50350 0,70020 0,
4240001009574_360_00,3594359697,50340 0,70570 0,
4240001009574_360_00,3594359697,70350 0,51401 0,
4240001009574_360_00,3594359697,71760 0,70020 0,
4240001009574_360_00,3594359697,50030 4,73900 0,
4240001009574_360_00,3594359697,47014 0,70010 0,
4240001009574_360_00,3594359697,73280 0,70020 0,
4240001009574_360_00,3594359697,70020 1,50330 0,
4240001009574_360_00,3594359697,70020 1,50340 1,
4240001009574_360_00,3594359697,70020 1,73390 1,
4240001009574_360_00,3594359697,70020 1,71460 1,
4240001009574_360_00,3594359697,70020 1,50320 1,
4240001009574_360_00,3594359697,70020 1,73400 1,
4240001009574_360_00,3594359697,70010 1,50350 1,
4240001009574_360_00,3594359697,70570 1,73710 0,
4240001009574_360_00,3594359697,70570 1,71760 1,
4240001009574_360_00,3594359697,51401 1,50020 4,
4240001009574_360_00,550332996,50280 1,72500 1,
4240001009574_360_00,550332996,46044 1,72500 1,
4240001009574_360_00,3594359697,70020 1,73940 1,
4240001009574_360_00,3594359697,70020 1,72090 1,
4240001009574_360_00,3594359697,70010 1,73940 1,
4240001009574_360_00,3594359697,70010 1,73390 1,
4240001009574_360_00,3594359697,73900 1,50340 1,
4240001009574_360_00,3594359697,51401 1,73390 1,
4240001009574_360_00,2355023358,70010 1,50020 2,
4240001009574_360_00,550332996,72810 0,50830 0,
4240001009574_360_00,550332996,72810 0,50870 0,
4240001009574_360_00,550332996,72810 0,50280 0,
4240001009574_360_00,550332996,72500 0,50850 0,
4240001009574_360_00,550332996,72500 0,50070 0,
4240001009574_360_00,3594359697,70020 1,50020 4,
4240001009574_360_00,3594359697,70010 1,70350 1,
4240001009574_360_00,3594359697,70570 1,73280 1,
4240001009574_360_00,3594359697,51401 1,73280 1,
4240001009574_360_00,3594359697,73400 0,70020 0,
4240001009574_360_00,3594359697,73400 0,51401 0,
4240001009574_360_00,3594359697,50340 0,51401 0,
4240001009574_360_00,3594359697,70020 1,71760 1,
4240001009574_360_00,3594359697,70010 1,50340 1,
4240001009574_360_00,3594359697,73900 1,70347 1,
4240001009574_360_00,3594359697,50320 0,51401 0,
4240001009574_360_00,3594359697,73950 0,70020 0,
4240001009574_360_00,3594359697,50350 0,51401 0,
4240001009574_360_00,3594359697,50340 0,70020 0,
4240001009574_360_00,3594359697,73940 0,51401 0,
4240001009574_360_00,3594359697,70350 0,70020 0,
4240001009574_360_00,3594359697,50030 4,70020 0,
4240001009574_360_00,3594359697,73390 0,73900 0,
4240001009574_360_00,550332996,72030 1,46013 1,
4240001009574_360_00,550332996,70150 1,49015 1,
4240001009574_360_00,550332996,70030 1,71960 1,
4240001009574_360_00,3594359697,70010 1,70347 1,
4240001009574_360_00,3594359697,70570 1,50340 1,
4240001009574_360_00,3594359697,70570 1,73400 1,
4240001009574_360_00,3594359697,51401 1,71760 1,
4240001009574_360_00,3594359697,71460 0,51401 0,
4240001009574_360_00,3594359697,50020 5,70020 0,
4240001009574_360_00,3594359697,71760 0,70570 0,
4240001009574_360_00,2355023358,75041 0,70010 0,
4240001009574_360_00,2355023358,50030 4,70020 0,
4240001009574_360_00,2355023358,50030 4,51401 0,
4240001009574_360_00,3594359697,70020 1,73710 0,
4240001009574_360_00,3594359697,70020 1,47014 3,
4240001009574_360_00,3594359697,51401 1,50340 1,
4240001009574_360_00,3594359697,51401 1,70350 1,
4240001009574_360_00,3594359697,51401 1,73710 0,
4240001009574_360_00,3594359697,50320 0,73900 0,
4240001009574_360_00,3594359697,50320 0,70020 0,
4240001009574_360_00,3594359697,73185 0,70010 0,
4240001009574_360_00,3594359697,50020 5,73900 0,
4240001009574_360_00,3594359697,71760 0,51401 0,
4240001009574_360_00,3594359697,73280 0,70010 0,
4240001009574_360_00,550332996,49015 0,70780 0,
4240001009574_360_00,550332996,49015 0,71560 0,
4240001009574_360_00,3594359697,70020 1,47014 1,
4240001009574_360_00,3594359697,70010 1,50030 7,
4240001009574_360_00,3594359697,70570 1,50350 1,
4240001009574_360_00,3594359697,70570 1,50020 4,
4240001009574_360_00,3594359697,70570 1,50320 1,
4240001009574_360_00,3594359697,70570 1,73950 1,
4240001009574_360_00,3594359697,51401 1,73990 1,
4240001009574_360_00,550332996,50280 1,72810 1,
4240001009574_360_00,2355023358,75041 0,70570 0,
4240001009574_360_00,550332996,46044 1,72810 1,
4240001009574_360_00,550332996,50830 1,72500 1,
4240001009574_360_00,3594359697,73900 1,70355 0,
4240001009574_360_00,3594359697,51401 1,50350 1,
4240001009574_360_00,550332996,72500 0,50830 0,
4240001009574_360_00,550332996,72500 0,50860 2,
4240001009574_360_00,2355023358,70020 1,50020 2,
4240001009574_360_00,3594359697,70570 1,70347 1,
4240001009574_360_00,3594359697,51401 1,70347 1,
4240001009574_360_00,3594359697,51401 1,50320 1,
4240001009574_360_00,3594359697,72090 0,70010 0,
4240001009574_360_00,3594359697,70350 0,70570 0,
4240001009574_360_00,3594359697,70010 1,73185 1,
4240001009574_360_00,3594359697,73950 0,51401 0,
4240001009574_360_00,3594359697,71460 0,73900 0,
4240001009574_360_00,3594359697,50340 0,70010 0,
4240001009574_360_00,3594359697,73990 0,51401 0,
4240001009574_360_00,3594359697,73390 0,70020 0,
4240001009574_360_00,3594359697,70010 1,50330 0,
4240001009574_360_00,3594359697,70570 1,47014 0,
4240001009574_360_00,3594359697,51401 1,47014 0,
4240001009574_360_00,3594359697,73980 0,70570 0,
4240001009574_360_00,3594359697,73400 0,70010 0,
4240001009574_360_00,3594359697,50030 4,51401 0,
4240001009574_360_00,3594359697,70010 1,73280 1,
4240001009574_360_00,3594359697,70010 1,50020 4,
4240001009574_360_00,3594359697,73900 1,72090 1,
4240001009574_360_00,3594359697,70350 0,73900 0,
4240001009574_360_00,3594359697,73280 0,51401 0,
4240001009574_360_00,3594359697,70347 0,70020 0,
4240001009574_360_00,3594359697,47014 0,51401 0,
4240001009574_360_00,550332996,46012 0,72720 0,
4240001009574_360_00,550332996,46013 0,72720 0,
4240001009574_360_00,550332996,70180 0,72030 0,
4240001009574_360_00,3594359697,70020 1,73980 1,
4240001009574_360_00,3594359697,70020 1,50350 1,
4240001009574_360_00,3594359697,70020 1,73950 1,
4240001009574_360_00,550332996,50860 1,72500 1,
4240001009574_360_00,550332996,50060 11,72500 1,
4240001009574_360_00,2355023358,50020 5,51401 0,
4240001009574_360_00,3594359697,70020 1,73280 1,
4240001009574_360_00,3594359697,70010 1,73980 1,
4240001009574_360_00,3594359697,70010 1,70355 0,
4240001009574_360_00,3594359697,73900 1,71460 1,
4240001009574_360_00,3594359697,73900 1,71760 1,
4240001009574_360_00,2355023358,70010 1,75041 1,
4240001009574_360_00,2355023358,51401 1,75041 1,
4240001009574_360_00,2355023358,51401 1,50020 2,
4240001009574_360_00,3594359697,70010 1,47014 3,
4240001009574_360_00,3594359697,51401 1,70355 0,
4240001009574_360_00,3594359697,75042 0,70570 0,
4240001009574_360_00,3594359697,72090 0,51401 0,
4240001009574_360_00,3594359697,70350 0,70010 0,
4240001009574_360_00,3594359697,73900 1,73280 1,
4240001009574_360_00,3594359697,73900 1,47014 0,
4240001009574_360_00,3594359697,70347 0,73900 0,
4240001009574_360_00,3594359697,71460 0,70010 0,
4240001009574_360_00,3594359697,73990 0,70020 0,
4240001009574_360_00,550332996,72030 1,46012 1,
4240001009574_360_00,550332996,70800 1,49015 1,
4240001009574_360_00,3594359697,70010 1,50320 1,
4240001009574_360_00,3594359697,70010 1,73400 1,
4240001009574_360_00,3594359697,70570 1,70355 0,
4240001009574_360_00,3594359697,70570 1,70350 1,
4240001009574_360_00,2355023358,75041 0,70020 0,
4240001009574_360_00,2355023358,75041 0,51401 0,
4240001009574_360_00,2355023358,50020 5,73900 0,
4240001009574_360_00,2355023358,50030 4,73900 0,
4240001009574_360_00,3594359697,47014 0,70020 0,
4240001009574_360_00,3594359697,50020 5,70010 0,
4240001009574_360_00,3594359697,50020 5,51401 0,
4240001009574_360_00,3594359697,73400 0,73900 0,
4240001009574_360_00,3594359697,71760 0,73900 0,
4240001009574_360_00,550332996,70370 0,50070 0,
4240001009574_360_00,550332996,49015 0,70150 0,
4240001009574_360_00,3594359697,70010 1,71460 1,
4240001009574_360_00,3594359697,70570 1,73940 1,
4240001009574_360_00,3594359697,70570 1,71460 1,
4240001009574_360_00,3594359697,51401 1,73400 1,
4240001009574_360_00,550332996,50060 11,72810 1,
4240001009574_360_00,550332996,50840 1,72500 1,
4240001009574_360_00,550332996,50850 1,72810 1,
4240001009574_360_00,3594359697,70010 1,73990 1,
4240001009574_360_00,3594359697,73900 1,73390 1,
4240001009574_360_00,3594359697,73900 1,73400 1,
4240001009574_360_00,3594359697,51401 1,72090 1,
4240001009574_360_00,3594359697,51401 1,73950 1,
4240001009574_360_00,2355023358,70010 1,50030 7,
4240001009574_360_00,550332996,72810 0,50860 2,
4240001009574_360_00,550332996,72810 0,50840 0,
4240001009574_360_00,550332996,72500 0,46044 0,
4240001009574_360_00,2355023358,70020 1,50030 7,
4240001009574_360_00,2355023358,70020 1,75041 1,
4240001009574_360_00,2355023358,73900 1,75041 1,
4240001009574_360_00,2355023358,51401 1,50030 7,
4240001009574_360_00,3594359697,71760 0,70010 0,
4240001009574_360_00,3594359697,70347 0,70010 0,
4240001009574_360_00,3594359697,73990 0,73900 0,
4240001009574_360_00,3594359697,73390 0,70010 0,
4240001009574_360_00,550332996,72720 1,46013 1,
4240001009574_360_00,3594359697,70020 1,70355 0,
4240001009574_360_00,3594359697,73990 0,70010 0,
4240001009574_360_00,2355023358,50020 5,70020 0,
4240001009574_360_00,3594359697,73900 1,50030 7,
4240001009574_360_00,3594359697,73900 1,50320 1,
4240001009574_360_00,3594359697,51401 1,73980 1,
4240001009574_360_00,550332996,50830 1,72810 1,
4240001009574_360_00,3594359697,70020 1,73990 1,
4240001009574_360_00,3594359697,70020 1,74200 1,
4240001009574_360_00,3594359697,73900 1,50020 4,
4240001009574_360_00,3594359697,73900 1,74200 1,
4240001009574_360_00,550332996,72810 0,50850 0,
4240001009574_360_00,550332996,72810 0,50060 10,
4240001009574_360_00,550332996,72500 0,50870 0,
4240001009574_360_00,3594359697,70570 1,47014 3,
4240001009574_360_00,3594359697,51401 1,50030 7,
4240001009574_360_00,3594359697,50020 5,70570 0,
4240001009574_360_00,3594359697,70020 1,50030 7,
4240001009574_360_00,3594359697,50350 0,73900 0,
4240001009574_360_00,3594359697,73940 0,70010 0,
4240001009574_360_00,3594359697,73940 0,73900 0,
4240001009574_360_00,3594359697,73390 0,51401 0,
4240001009574_360_00,550332996,72030 1,70180 1,
4240001009574_360_00,550332996,74320 1,49016 1,
4240001009574_360_00,3594359697,73980 0,70010 0,
4240001009574_360_00,3594359697,73990 0,70570 0,
4240001009574_360_00,2355023358,75041 0,73900 0,
4240001009574_360_00,3594359697,73900 1,47014 3,
4240001009574_360_00,3594359697,51401 1,47014 3,
4240001009574_360_00,3594359697,72090 0,73900 0,
4240001009574_360_00,3594359697,50340 0,73900 0,
4240001009574_360_00,550332996,71960 0,70030 0,
4240001009574_360_00,550332996,49016 0,74320 0,
4240001009574_360_00,3594359697,70010 1,47014 1,
4240001009574_360_00,3594359697,70010 1,73950 1,
4240001009574_360_00,3594359697,70570 1,73980 1,
4240001009574_360_00,3594359697,70570 1,50030 7,
4240001009574_360_00,3594359697,70570 1,72090 1,
4240001009574_360_00,3594359697,51401 1,47014 1,
4240001009574_360_00,2355023358,50020 5,70010 0,
4240001009574_360_00,3594359697,73900 1,73950 1,
4240001009574_360_00,550332996,72810 0,50860 0,
4240001009574_360_00,550332996,72810 0,72740 0,
4240001009574_360_00,550332996,72500 0,50860 0,
4240001009574_360_00,550332996,72810 0,50060 4,
4240001009574_360_00,3594359697,70020 1,47014 0,
4240001009574_360_00,3594359697,73900 1,50330 0,
4240001009574_360_00,3594359697,73900 1,73710 0,
4240001009574_360_00,3594359697,73980 0,70020 0,
4240001009574_360_00,3594359697,70570 1,50330 0,
4240001009574_360_00,3594359697,74200 0,70570 0,
4240001009574_360_00,3594359697,73940 0,70020 0,
4240001009574_360_00,2355023358,50020 3,70020 0,
4240001009574_360_00,3594359697,73185 0,73900 0,
4240001009574_360_00,2355023358,50020 3,70570 0,
4240001009574_360_00,550332996,50840 1,72810 1,
4240001009574_360_00,3594359697,73900 1,73940 1,
4240001009574_360_00,550332996,72810 0,46044 0,
4240001009574_360_00,550332996,72500 0,72740 0,
4240001009574_360_00,2355023358,73900 1,50030 7,
4240001009574_360_00,3594359697,73980 0,51401 0,
4240001009574_360_00,3594359697,74200 0,70020 0,
4240001009574_360_00,3594359697,74200 0,73900 0,
4240001009574_360_00,550332996,74320 1,71970 1,
4240001009574_360_00,550332996,71560 1,49015 1,
4240001009574_360_00,3594359697,71460 0,70570 0,
4240001009574_360_00,3594359697,50030 4,70570 0,
4240001009574_360_00,550332996,71970 0,74320 0,
4240001009574_360_00,550332996,70180 0,72720 0,
4240001009574_360_00,3594359697,70010 1,74200 1,
4240001009574_360_00,550332996,50860 1,72810 1,
4240001009574_360_00,2355023358,50020 5,70570 0,
4240001009574_360_00,3594359697,73900 1,70350 1,
4240001009574_360_00,3594359697,51401 1,73940 1,
4240001009574_360_00,3594359697,51401 1,71460 1,
4240001009574_360_00,3594359697,51401 1,74200 1,
4240001009574_360_00,3594359697,73280 0,70570 0,
4240001009574_360_00,3594359697,70010 1,47014 0,
4240001009574_360_00,3594359697,71460 0,70020 0,
4240001009574_360_00,3594359697,73280 0,73900 0,
4240001009574_360_00,3594359697,70020 1,73185 1,
4240001009574_360_00,3594359697,74200 0,70010 0,
4240001009574_360_00,3594359697,73950 0,70010 0,
4240001009574_360_00,3594359697,47014 0,70570 0,
4240001009574_360_00,2355023358,50020 3,51401 0,
4240001009574_360_00,2355023358,50020 3,73900 0,
4240001009574_360_00,3594359697,73185 0,70020 0,
4240001009574_360_00,550332996,49015 0,70800 0,
4240001009574_360_00,3594359697,70570 1,47014 1,
4240001009574_360_00,550332996,50850 1,72500 1,
4240001009574_360_00,2355023358,50020 3,70010 0,
4240001009574_360_00,3594359697,73900 1,73990 1,
4240001009574_360_00,2355023358,70570 1,50020 2,
4240001009574_360_00,2355023358,70570 1,50030 7,
4240001009574_360_00,550332996,72500 0,50280 0,
4240001009574_360_00,550332996,72500 0,50060 10,
4240001009574_360_00,2355023358,73900 1,50020 2,
4240001009574_360_00,550332996,72810 0,50070 0,
4240001009574_360_00,550332996,72500 0,50060 4,
4240001009574_360_00,3594359697,47014 0,73900 0,
4240001009574_360_00,3594359697,70570 1,73185 1,
4240001009574_360_00,550332996,70370 0,50060 4,
4240001009574_360_00,550332996,46012 0,72030 0,
4240001009574_360_00,550332996,71960 0,74320 0,
4240001009574_360_00,550332996,49016 0,70030 0,
4240001009574_360_00,550332996,46013 0,72030 0,
4240001009574_360_00,3594359697,70570 1,73390 1,
4240001009574_360_00,3594359697,70570 1,74200 1,
4240001009574_360_00,2355023358,50030 4,70570 0,
4240001009574_360_00,2355023358,70570 1,75041 1,
4240001009574_360_00,3594359697,75042 0,70010 0,
4240001009574_360_00,3594359697,75042 0,51401 0,
4240001009574_360_00,3594359697,73980 0,73900 0,
4240001009574_360_00,3594359697,73950 0,73900 0,
4240001009574_360_00,550332996,74320 1,71960 1,
4240001009574_360_00,550332996,70030 1,49016 1,
4240001009574_360_00,550332996,72720 1,46012 1,
4240001009574_360_00,550332996,72720 1,70180 1,
4240001009574_360_00,3594359697,51401 1,73185 1,
4240001009574_360_00,3594359697,73390 0,70570 0,
4240001009574_360_00,2355023358,50030 4,70010 0,
4240001009574_360_00,3594359697,70570 1,73990 1,
4240001009574_360_00,550332996,72500 0,50840 0,
4240001009574_360_00,3594359697,75042 0,70020 0,
4240001009574_360_00,3594359697,73900 1,73185 1,
4240001009574_360_00,550332996,70030 1,71970 1,
4240001009574_360_00,3594359697,73950 0,70570 0,
4240001009574_360_00,3594359697,73185 0,51401 0,
4240001009574_360_00,550332996,71970 0,70030 0,
4240001009574_360_00,550332996,49015 0,70810 0,
4240001009574_360_00,3594359697,73900 1,73980 1,
4240001009574_360_00,3594359697,73900 1,47014 1,
4240001009574_360_00,550332996,70810 1,49015 1,
4240001009574_370_00,3594359697,72090 0,74230 0,
4240001009574_370_00,3594359697,50340 0,74230 0,
4240001009574_370_00,3594359697,50020 5,74260 0,
4240001009574_370_00,3594359697,50020 5,70560 0,
4240001009574_370_00,3594359697,71760 0,51403 0,
4240001009574_370_00,3594359697,50030 4,74230 0,
4240001009574_370_00,3594359697,50030 4,74260 0,
4240001009574_370_00,3594359697,73390 0,74240 0,
4240001009574_370_00,3594359697,72090 0,51403 0,
4240001009574_370_00,3594359697,50020 5,74230 0,
4240001009574_370_00,3594359697,50020 5,51403 0,
4240001009574_370_00,550332996,46048 1,70970 0,
4240001009574_370_00,3594359697,74240 1,50020 4,
4240001009574_370_00,3594359697,70560 1,70350 1,
4240001009574_370_00,3594359697,70560 1,74200 1,
4240001009574_370_00,3594359697,51403 1,50020 4,
4240001009574_370_00,2355023358,50020 5,74240 0,
4240001009574_370_00,2355023358,50020 3,74260 0,
4240001009574_370_00,2355023358,50030 4,74240 0,
4240001009574_370_00,550332996,50270 1,71540 1,
4240001009574_370_00,550332996,72280 0,70610 999,
4240001009574_370_00,550332996,71540 0,72780 0,
4240001009574_370_00,550332996,71540 0,50271 1,
4240001009574_370_00,550332996,50102 1,71540 1,
4240001009574_370_00,2355023358,74230 1,50020 2,
4240001009574_370_00,2355023358,74240 1,50020 2,
4240001009574_370_00,2355023358,51403 1,50020 2,
4240001009574_370_00,550332996,72790 0,50030 3,
4240001009574_370_00,550332996,74320 0,51010 0,
4240001009574_370_00,550332996,74320 0,50030 3,
4240001009574_370_00,550332996,70800 0,51010 0,
4240001009574_370_00,550332996,70740 0,73610 0,
4240001009574_370_00,550332996,70610 1,73610 0,
4240001009574_370_00,550332996,71540 0,72590 0,
4240001009574_370_00,550332996,70030 0,50030 3,
4240001009574_370_00,550332996,70030 0,51010 0,
4240001009574_370_00,550332996,72780 0,51010 0,
4240001009574_370_00,3594359697,74230 1,73280 1,
4240001009574_370_00,3594359697,74230 1,50020 4,
4240001009574_370_00,3594359697,74230 1,70350 1,
4240001009574_370_00,3594359697,74230 1,73400 1,
4240001009574_370_00,3594359697,74240 1,73280 1,
4240001009574_370_00,3594359697,70560 1,50340 1,
4240001009574_370_00,3594359697,70560 1,73400 1,
4240001009574_370_00,3594359697,74250 1,50340 1,
4240001009574_370_00,3594359697,75042 0,74230 0,
4240001009574_370_00,3594359697,75042 0,51403 0,
4240001009574_370_00,3594359697,73400 0,70560 0,
4240001009574_370_00,3594359697,50320 0,74230 0,
4240001009574_370_00,3594359697,50320 0,74260 0,
4240001009574_370_00,3594359697,50350 0,74250 0,
4240001009574_370_00,3594359697,47014 0,74250 0,
4240001009574_370_00,3594359697,73280 0,74230 0,
4240001009574_370_00,550332996,71540 0,72780 1,
4240001009574_370_00,550332996,50260 1,71540 1,
4240001009574_370_00,550332996,72780 0,70610 999,
4240001009574_370_00,550332996,70970 1,46058 1,
4240001009574_370_00,3594359697,74230 1,70347 1,
4240001009574_370_00,3594359697,74230 1,50320 1,
4240001009574_370_00,3594359697,74240 1,50030 7,
4240001009574_370_00,3594359697,70560 1,50350 1,
4240001009574_370_00,3594359697,74250 1,73185 1,
4240001009574_370_00,3594359697,74250 1,50020 4,
4240001009574_370_00,3594359697,74250 1,70347 1,
4240001009574_370_00,3594359697,51403 1,73185 1,
4240001009574_370_00,3594359697,51403 1,50320 1,
4240001009574_370_00,3594359697,50350 0,51404 0,
4240001009574_370_00,3594359697,71460 0,51404 0,
4240001009574_370_00,3594359697,50340 0,70560 0,
4240001009574_370_00,3594359697,73990 0,74250 0,
4240001009574_370_00,3594359697,70350 0,70560 0,
4240001009574_370_00,3594359697,71760 0,70560 0,
4240001009574_370_00,3594359697,73280 0,74260 0,
4240001009574_370_00,3594359697,70350 0,74230 0,
4240001009574_370_00,3594359697,50030 4,74250 0,
4240001009574_370_00,3594359697,47014 0,74260 0,
4240001009574_370_00,3594359697,73280 0,51404 0,
4240001009574_370_00,3594359697,74230 1,73980 1,
4240001009574_370_00,3594359697,74230 1,74200 1,
4240001009574_370_00,3594359697,74240 1,73980 1,
4240001009574_370_00,3594359697,74240 1,73950 1,
4240001009574_370_00,3594359697,70560 1,73390 1,
4240001009574_370_00,3594359697,70560 1,71760 1,
4240001009574_370_00,3594359697,74250 1,73280 1,
4240001009574_370_00,3594359697,74260 1,73940 1,
4240001009574_370_00,3594359697,74260 1,70350 1,
4240001009574_370_00,3594359697,74260 1,74200 1,
4240001009574_370_00,3594359697,51404 1,73280 1,
4240001009574_370_00,550332996,72780 1,70740 1,
4240001009574_370_00,550332996,51010 1,72780 1,
4240001009574_370_00,2355023358,75041 0,51403 0,
4240001009574_370_00,2355023358,50030 4,51403 0,
4240001009574_370_00,550332996,70610 1,74040 0,
4240001009574_370_00,550332996,72780 0,71540 1,
4240001009574_370_00,550332996,50271 1,71540 1,
4240001009574_370_00,550332996,50030 2,70810 1,
4240001009574_370_00,550332996,72590 1,71540 1,
4240001009574_370_00,2355023358,74240 1,50030 7,
4240001009574_370_00,2355023358,51404 1,75041 1,
4240001009574_370_00,550332996,70740 0,72590 0,
4240001009574_370_00,550332996,72800 0,51010 0,
4240001009574_370_00,550332996,70610 1,72630 2,
4240001009574_370_00,550332996,71580 0,50030 3,
4240001009574_370_00,550332996,70610 1,50260 0,
4240001009574_370_00,550332996,70610 1,50102 0,
4240001009574_370_00,3594359697,74230 1,50340 1,
4240001009574_370_00,3594359697,74230 1,50030 7,
4240001009574_370_00,3594359697,74250 1,73710 0,
4240001009574_370_00,3594359697,51403 1,73400 1,
4240001009574_370_00,3594359697,51404 1,50020 4,
4240001009574_370_00,3594359697,51404 1,70347 1,
4240001009574_370_00,3594359697,51404 1,70350 1,
4240001009574_370_00,3594359697,72090 0,51404 0,
4240001009574_370_00,550332996,70740 0,72280 0,
4240001009574_370_00,550332996,74040 0,70610 999,
4240001009574_370_00,550332996,70610 1,50104 1,
4240001009574_370_00,550332996,50260 1,70610 999,
4240001009574_370_00,550332996,72810 1,46049 1,
4240001009574_370_00,550332996,70970 1,46014 1,
4240001009574_370_00,3594359697,74230 1,71760 1,
4240001009574_370_00,3594359697,74240 1,50330 0,
4240001009574_370_00,3594359697,74240 1,73185 1,
4240001009574_370_00,3594359697,74240 1,72090 1,
4240001009574_370_00,3594359697,74240 1,70347 1,
4240001009574_370_00,3594359697,70560 1,73280 1,
4240001009574_370_00,3594359697,70560 1,50030 7,
4240001009574_370_00,3594359697,74250 1,70355 0,
4240001009574_370_00,3594359697,74260 1,50330 0,
4240001009574_370_00,3594359697,74260 1,50340 1,
4240001009574_370_00,3594359697,74260 1,73400 1,
4240001009574_370_00,3594359697,74200 0,74230 0,
4240001009574_370_00,3594359697,70347 0,74230 0,
4240001009574_370_00,3594359697,73940 0,51404 0,
4240001009574_370_00,3594359697,70350 0,74250 0,
4240001009574_370_00,3594359697,73390 0,74250 0,
4240001009574_370_00,3594359697,73390 0,70560 0,
4240001009574_370_00,3594359697,73400 0,74260 0,
4240001009574_370_00,3594359697,73400 0,74250 0,
4240001009574_370_00,3594359697,70347 0,74250 0,
4240001009574_370_00,3594359697,70347 0,70560 0,
4240001009574_370_00,3594359697,50340 0,74240 0,
4240001009574_370_00,3594359697,50020 5,74240 0,
4240001009574_370_00,3594359697,70350 0,51404 0,
4240001009574_370_00,3594359697,71760 0,74250 0,
4240001009574_370_00,3594359697,50030 4,74240 0,
4240001009574_370_00,3594359697,47014 0,74230 0,
4240001009574_370_00,3594359697,47014 0,51404 0,
4240001009574_370_00,550332996,49013 0,70810 0,
4240001009574_370_00,550332996,49013 0,71560 0,
4240001009574_370_00,550332996,46014 0,72810 0,
4240001009574_370_00,550332996,46014 0,72500 0,
4240001009574_370_00,550332996,46048 1,72500 0,
4240001009574_370_00,550332996,46058 0,72500 0,
4240001009574_370_00,3594359697,74230 1,73390 1,
4240001009574_370_00,3594359697,74230 1,73990 1,
4240001009574_370_00,3594359697,74240 1,73390 1,
4240001009574_370_00,3594359697,70560 1,47014 1,
4240001009574_370_00,3594359697,70560 1,50320 1,
4240001009574_370_00,3594359697,70560 1,73950 1,
4240001009574_370_00,3594359697,74250 1,73940 1,
4240001009574_370_00,3594359697,74250 1,73950 1,
4240001009574_370_00,3594359697,74260 1,73390 1,
4240001009574_370_00,3594359697,74260 1,71460 1,
4240001009574_370_00,3594359697,74260 1,73710 0,
4240001009574_370_00,3594359697,51404 1,73710 0,
4240001009574_370_00,550332996,51010 1,70800 1,
4240001009574_370_00,2355023358,75041 0,74260 0,
4240001009574_370_00,2355023358,50020 5,51404 0,
4240001009574_370_00,2355023358,50020 5,74260 0,
4240001009574_370_00,2355023358,50020 5,74250 0,
4240001009574_370_00,2355023358,50030 4,51404 0,
4240001009574_370_00,550332996,50270 1,70740 1,
4240001009574_370_00,550332996,50270 1,70610 999,
4240001009574_370_00,550332996,70740 0,50270 1,
4240001009574_370_00,550332996,71540 0,74040 0,
4240001009574_370_00,550332996,71540 0,50271 0,
4240001009574_370_00,550332996,73610 1,70610 2,
4240001009574_370_00,550332996,73610 1,70740 1,
4240001009574_370_00,2355023358,74240 1,75041 1,
4240001009574_370_00,2355023358,74250 1,50030 7,
4240001009574_370_00,2355023358,51404 1,50020 2,
4240001009574_370_00,550332996,71540 0,72630 2,
4240001009574_370_00,550332996,70740 0,50102 0,
4240001009574_370_00,550332996,70780 0,51010 0,
4240001009574_370_00,3594359697,74230 1,72090 1,
4240001009574_370_00,3594359697,74240 1,71760 1,
4240001009574_370_00,3594359697,70560 1,70355 0,
4240001009574_370_00,3594359697,51403 1,72090 1,
4240001009574_370_00,3594359697,75042 0,74240 0,
4240001009574_370_00,3594359697,50320 0,74240 0,
4240001009574_370_00,3594359697,72090 0,70560 0,
4240001009574_370_00,3594359697,70347 0,74240 0,
4240001009574_370_00,3594359697,50340 0,74250 0,
4240001009574_370_00,3594359697,47014 0,74240 0,
4240001009574_370_00,550332996,70610 1,50103 1,
4240001009574_370_00,550332996,50103 1,71540 1,
4240001009574_370_00,550332996,73270 1,46014 1,
4240001009574_370_00,550332996,72810 1,46014 1,
4240001009574_370_00,3594359697,74230 1,50330 0,
4240001009574_370_00,3594359697,70560 1,72090 1,
4240001009574_370_00,3594359697,70560 1,70347 1,
4240001009574_370_00,3594359697,51403 1,50340 1,
4240001009574_370_00,3594359697,74260 1,50350 1,
4240001009574_370_00,3594359697,51404 1,50030 7,
4240001009574_370_00,3594359697,51404 1,50320 1,
4240001009574_370_00,3594359697,74200 0,74260 0,
4240001009574_370_00,3594359697,73400 0,74230 0,
4240001009574_370_00,3594359697,73400 0,51404 0,
4240001009574_370_00,3594359697,70347 0,51404 0,
4240001009574_370_00,3594359697,73950 0,74240 0,
4240001009574_370_00,3594359697,71460 0,51403 0,
4240001009574_370_00,3594359697,73990 0,51403 0,
4240001009574_370_00,3594359697,73990 0,70560 0,
4240001009574_370_00,3594359697,71760 0,74230 0,
4240001009574_370_00,3594359697,73390 0,74230 0,
4240001009574_370_00,3594359697,50350 0,70560 0,
4240001009574_370_00,3594359697,73280 0,51403 0,
4240001009574_370_00,550332996,49014 0,70810 0,
4240001009574_370_00,3594359697,74230 1,71460 1,
4240001009574_370_00,3594359697,74230 1,47014 1,
4240001009574_370_00,3594359697,74240 1,50320 1,
4240001009574_370_00,3594359697,70560 1,50020 4,
4240001009574_370_00,3594359697,74250 1,73980 1,
4240001009574_370_00,3594359697,51403 1,71460 1,
4240001009574_370_00,3594359697,51403 1,47014 1,
4240001009574_370_00,3594359697,51404 1,70355 0,
4240001009574_370_00,3594359697,51404 1,74200 1,
4240001009574_370_00,550332996,50030 2,70800 1,
4240001009574_370_00,550332996,50104 1,70610 2,
4240001009574_370_00,2355023358,75041 0,74240 0,
4240001009574_370_00,2355023358,75041 0,74250 0,
4240001009574_370_00,550332996,70740 0,50104 1,
4240001009574_370_00,550332996,70610 1,50270 1,
4240001009574_370_00,550332996,70610 1,72280 0,
4240001009574_370_00,550332996,70610 1,72780 0,
4240001009574_370_00,550332996,71540 0,50270 1,
4240001009574_370_00,550332996,72630 3,71540 1,
4240001009574_370_00,550332996,50030 2,72790 1,
4240001009574_370_00,550332996,50030 2,72800 1,
4240001009574_370_00,550332996,72790 1,70740 1,
4240001009574_370_00,550332996,72790 1,71540 1,
4240001009574_370_00,550332996,70740 0,50104 0,
4240001009574_370_00,550332996,70780 0,50030 3,
4240001009574_370_00,3594359697,74240 1,50350 1,
4240001009574_370_00,3594359697,70560 1,73710 0,
4240001009574_370_00,3594359697,74250 1,50030 7,
4240001009574_370_00,3594359697,74250 1,71760 1,
4240001009574_370_00,3594359697,51403 1,73710 0,
4240001009574_370_00,3594359697,74260 1,70347 1,
4240001009574_370_00,3594359697,51404 1,47014 3,
4240001009574_370_00,3594359697,70347 0,74260 0,
4240001009574_370_00,3594359697,50350 0,74230 0,
4240001009574_370_00,3594359697,73280 0,74240 0,
4240001009574_370_00,550332996,70610 1,50271 1,
4240001009574_370_00,550332996,50103 1,70740 1,
4240001009574_370_00,550332996,70800 1,49014 1,
4240001009574_370_00,550332996,72500 1,46059 1,
4240001009574_370_00,3594359697,74240 1,50340 1,
4240001009574_370_00,3594359697,51403 1,50350 1,
4240001009574_370_00,3594359697,51403 1,70355 0,
4240001009574_370_00,3594359697,51404 1,71760 1,
4240001009574_370_00,3594359697,73980 0,74260 0,
4240001009574_370_00,3594359697,74200 0,74250 0,
4240001009574_370_00,3594359697,50320 0,51403 0,
4240001009574_370_00,3594359697,72090 0,74240 0,
4240001009574_370_00,3594359697,73950 0,74230 0,
4240001009574_370_00,3594359697,50350 0,51403 0,
4240001009574_370_00,3594359697,73940 0,51403 0,
4240001009574_370_00,3594359697,73940 0,74250 0,
4240001009574_370_00,3594359697,73390 0,51403 0,
4240001009574_370_00,3594359697,73390 0,51404 0,
4240001009574_370_00,3594359697,50320 0,74250 0,
4240001009574_370_00,3594359697,71760 0,74260 0,
4240001009574_370_00,550332996,70740 0,74040 0,
4240001009574_370_00,550332996,49014 0,70150 0,
4240001009574_370_00,550332996,46058 0,72810 0,
4240001009574_370_00,3594359697,74230 1,73940 1,
4240001009574_370_00,3594359697,74230 1,73950 1,
4240001009574_370_00,3594359697,70560 1,73980 1,
4240001009574_370_00,3594359697,51403 1,50330 0,
4240001009574_370_00,3594359697,51403 1,71760 1,
4240001009574_370_00,3594359697,74260 1,73280 1,
4240001009574_370_00,3594359697,51404 1,50340 1,
4240001009574_370_00,3594359697,51404 1,50350 1,
4240001009574_370_00,550332996,50030 2,74320 1,
4240001009574_370_00,550332996,50104 1,71540 1,
4240001009574_370_00,2355023358,75041 0,74230 0,
4240001009574_370_00,550332996,72280 0,71540 1,
4240001009574_370_00,550332996,50104 1,70740 1,
4240001009574_370_00,550332996,72630 3,70740 1,
4240001009574_370_00,550332996,51010 1,70810 1,
4240001009574_370_00,550332996,72590 1,70740 1,
4240001009574_370_00,2355023358,74260 1,75041 1,
4240001009574_370_00,550332996,70810 0,50030 3,
4240001009574_370_00,550332996,72800 0,50030 3,
4240001009574_370_00,550332996,72790 0,51010 0,
4240001009574_370_00,550332996,70740 0,50103 0,
4240001009574_370_00,550332996,70610 1,50103 0,
4240001009574_370_00,550332996,70610 1,50104 0,
4240001009574_370_00,550332996,71540 0,50103 0,
4240001009574_370_00,550332996,71540 0,50102 0,
4240001009574_370_00,550332996,71540 0,50104 0,
4240001009574_370_00,3594359697,51403 1,70347 1,
4240001009574_370_00,3594359697,73400 0,74240 0,
4240001009574_370_00,3594359697,72090 0,74260 0,
4240001009574_370_00,3594359697,72090 0,74250 0,
4240001009574_370_00,3594359697,50030 4,51403 0,
4240001009574_370_00,550332996,70610 1,50271 0,
4240001009574_370_00,550332996,50104 1,70610 999,
4240001009574_370_00,550332996,73270 1,46048 1,
4240001009574_370_00,550332996,72810 1,46059 1,
4240001009574_370_00,550332996,70970 1,46048 1,
4240001009574_370_00,550332996,70970 1,46049 1,
4240001009574_370_00,550332996,72500 1,46048 1,
4240001009574_370_00,550332996,72500 1,46049 1,
4240001009574_370_00,3594359697,74230 1,73710 0,
4240001009574_370_00,3594359697,74240 1,73710 0,
4240001009574_370_00,3594359697,70560 1,50330 0,
4240001009574_370_00,3594359697,70560 1,73185 1,
4240001009574_370_00,3594359697,70560 1,47014 0,
4240001009574_370_00,3594359697,74250 1,70350 1,
4240001009574_370_00,3594359697,74250 1,47014 0,
4240001009574_370_00,3594359697,51403 1,70350 1,
4240001009574_370_00,3594359697,51404 1,73185 1,
4240001009574_370_00,3594359697,73980 0,74230 0,
4240001009574_370_00,3594359697,74200 0,51404 0,
4240001009574_370_00,3594359697,73940 0,74230 0,
4240001009574_370_00,3594359697,50320 0,70560 0,
4240001009574_370_00,3594359697,70350 0,51403 0,
4240001009574_370_00,3594359697,50030 4,70560 0,
4240001009574_370_00,550332996,46059 0,73270 0,
4240001009574_370_00,550332996,46059 0,72500 0,
4240001009574_370_00,3594359697,74240 1,71460 1,
4240001009574_370_00,3594359697,74240 1,73400 1,
4240001009574_370_00,3594359697,51403 1,50030 7,
4240001009574_370_00,3594359697,74260 1,50020 4,
4240001009574_370_00,3594359697,51404 1,72090 1,
4240001009574_370_00,550332996,51010 1,70030 1,
4240001009574_370_00,550332996,50030 2,71600 0,
4240001009574_370_00,2355023358,75041 0,51404 0,
4240001009574_370_00,2355023358,50020 3,51404 0,
4240001009574_370_00,2355023358,50020 3,74250 0,
4240001009574_370_00,550332996,70740 0,50271 0,
4240001009574_370_00,550332996,74040 0,70740 1,
4240001009574_370_00,550332996,74040 0,71540 1,
4240001009574_370_00,550332996,70610 1,72780 1,
4240001009574_370_00,550332996,70610 1,50260 1,
4240001009574_370_00,550332996,71540 0,72280 0,
4240001009574_370_00,550332996,71540 0,50260 1,
4240001009574_370_00,550332996,71540 0,50103 1,
4240001009574_370_00,550332996,51010 1,72790 1,
4240001009574_370_00,550332996,72790 1,70610 2,
4240001009574_370_00,2355023358,74230 1,75041 1,
4240001009574_370_00,2355023358,70560 1,50020 2,
4240001009574_370_00,550332996,70740 0,72790 0,
4240001009574_370_00,550332996,70610 1,72590 0,
4240001009574_370_00,550332996,70740 0,50260 0,
4240001009574_370_00,3594359697,74230 1,70355 0,
4240001009574_370_00,3594359697,74260 1,72090 1,
4240001009574_370_00,3594359697,50340 0,51404 0,
4240001009574_370_00,3594359697,71760 0,74240 0,
4240001009574_370_00,3594359697,47014 0,70560 0,
4240001009574_370_00,550332996,70740 0,50102 1,
4240001009574_370_00,550332996,50271 0,71540 1,
4240001009574_370_00,550332996,72500 1,46058 1,
4240001009574_370_00,3594359697,74230 1,50350 1,
4240001009574_370_00,3594359697,74230 1,47014 0,
4240001009574_370_00,3594359697,74240 1,47014 0,
4240001009574_370_00,3594359697,51403 1,47014 0,
4240001009574_370_00,3594359697,74260 1,73185 1,
4240001009574_370_00,3594359697,74260 1,47014 0,
4240001009574_370_00,3594359697,51404 1,50330 0,
4240001009574_370_00,3594359697,73980 0,74240 0,
4240001009574_370_00,3594359697,73980 0,51404 0,
4240001009574_370_00,3594359697,50320 0,51404 0,
4240001009574_370_00,3594359697,71460 0,74230 0,
4240001009574_370_00,3594359697,71460 0,74260 0,
4240001009574_370_00,3594359697,71460 0,70560 0,
4240001009574_370_00,3594359697,50340 0,74260 0,
4240001009574_370_00,3594359697,73940 0,74240 0,
4240001009574_370_00,3594359697,71760 0,51404 0,
4240001009574_370_00,3594359697,50350 0,74240 0,
4240001009574_370_00,3594359697,50020 5,51404 0,
4240001009574_370_00,3594359697,50020 5,74250 0,
4240001009574_370_00,3594359697,50030 4,51404 0,
4240001009574_370_00,550332996,49013 0,70150 0,
4240001009574_370_00,550332996,46048 1,72810 0,
4240001009574_370_00,550332996,46059 0,72810 0,
4240001009574_370_00,550332996,46058 0,73270 0,
4240001009574_370_00,550332996,46058 0,70970 0,
4240001009574_370_00,3594359697,70560 1,71460 1,
4240001009574_370_00,3594359697,74250 1,73400 1,
4240001009574_370_00,3594359697,74260 1,50030 7,
4240001009574_370_00,3594359697,51404 1,47014 1,
4240001009574_370_00,3594359697,51404 1,73990 1,
4240001009574_370_00,550332996,51010 1,72800 1,
4240001009574_370_00,550332996,50260 1,70610 2,
4240001009574_370_00,550332996,50102 1,70740 1,
4240001009574_370_00,2355023358,50020 3,74230 0,
4240001009574_370_00,2355023358,50020 3,51403 0,
4240001009574_370_00,550332996,72780 1,70610 999,
4240001009574_370_00,550332996,50271 1,70740 1,
4240001009574_370_00,550332996,50030 2,70030 1,
4240001009574_370_00,2355023358,70560 1,50030 7,
4240001009574_370_00,550332996,70740 0,50270 0,
4240001009574_370_00,550332996,71540 0,50260 0,
4240001009574_370_00,3594359697,74230 1,47014 3,
4240001009574_370_00,3594359697,74240 1,47014 3,
4240001009574_370_00,3594359697,74250 1,50350 1,
4240001009574_370_00,3594359697,51403 1,47014 3,
4240001009574_370_00,3594359697,74260 1,70355 0,
4240001009574_370_00,3594359697,75042 0,51404 0,
4240001009574_370_00,3594359697,75042 0,74250 0,
4240001009574_370_00,3594359697,75042 0,70560 0,
4240001009574_370_00,3594359697,70347 0,51403 0,
4240001009574_370_00,550332996,70740 0,50271 1,
4240001009574_370_00,550332996,72280 0,70740 1,
4240001009574_370_00,550332996,72780 0,70740 1,
4240001009574_370_00,550332996,50271 1,70610 999,
4240001009574_370_00,550332996,73270 1,46058 1,
4240001009574_370_00,550332996,72810 1,46058 1,
4240001009574_370_00,3594359697,74250 1,50320 1,
4240001009574_370_00,3594359697,74260 1,71760 1,
4240001009574_370_00,3594359697,51404 1,73400 1,
4240001009574_370_00,3594359697,50350 0,74260 0,
4240001009574_370_00,3594359697,71460 0,74240 0,
4240001009574_370_00,3594359697,71460 0,74250 0,
4240001009574_370_00,3594359697,73990 0,74240 0,
4240001009574_370_00,3594359697,73940 0,70560 0,
4240001009574_370_00,3594359697,73400 0,51403 0,
4240001009574_370_00,3594359697,47014 0,51403 0,
4240001009574_370_00,3594359697,73280 0,74250 0,
4240001009574_370_00,550332996,46059 0,70970 0,
4240001009574_370_00,3594359697,70560 1,73990 1,
4240001009574_370_00,3594359697,74250 1,50330 0,
4240001009574_370_00,3594359697,74250 1,73390 1,
4240001009574_370_00,3594359697,51403 1,73950 1,
4240001009574_370_00,550332996,72780 1,71540 1,
4240001009574_370_00,2355023358,50020 5,51403 0,
4240001009574_370_00,2355023358,50030 4,74260 0,
4240001009574_370_00,2355023358,50030 4,70560 0,
4240001009574_370_00,550332996,70740 0,50260 1,
4240001009574_370_00,550332996,70740 0,50103 1,
4240001009574_370_00,550332996,71540 0,50104 1,
4240001009574_370_00,550332996,50271 0,70610 999,
4240001009574_370_00,550332996,72590 1,70610 2,
4240001009574_370_00,2355023358,74250 1,75041 1,
4240001009574_370_00,550332996,70810 0,51010 0,
4240001009574_370_00,550332996,71540 0,50270 0,
4240001009574_370_00,550332996,70800 0,50030 3,
4240001009574_370_00,3594359697,51403 1,73280 1,
4240001009574_370_00,550332996,70740 0,72780 0,
4240001009574_370_00,550332996,71540 0,50102 1,
4240001009574_370_00,550332996,73270 1,46059 1,
4240001009574_370_00,550332996,70800 1,49013 1,
4240001009574_370_00,550332996,72500 1,46014 1,
4240001009574_370_00,550332996,70810 1,49013 1,
4240001009574_370_00,3594359697,73980 0,70560 0,
4240001009574_370_00,3594359697,74200 0,51403 0,
4240001009574_370_00,3594359697,73950 0,74260 0,
4240001009574_370_00,3594359697,73950 0,70560 0,
4240001009574_370_00,550332996,49013 0,70780 0,
4240001009574_370_00,3594359697,74240 1,73940 1,
4240001009574_370_00,3594359697,74240 1,73990 1,
4240001009574_370_00,3594359697,74250 1,72090 1,
4240001009574_370_00,3594359697,74250 1,73990 1,
4240001009574_370_00,3594359697,51403 1,73940 1,
4240001009574_370_00,3594359697,51403 1,73390 1,
4240001009574_370_00,550332996,51010 1,71600 0,
4240001009574_370_00,2355023358,50020 5,74230 0,
4240001009574_370_00,2355023358,50020 5,70560 0,
4240001009574_370_00,2355023358,50030 4,74250 0,
4240001009574_370_00,550332996,50102 1,70610 999,
4240001009574_370_00,2355023358,51403 1,50030 7,
4240001009574_370_00,2355023358,51403 1,75041 1,
4240001009574_370_00,550332996,71540 0,73610 0,
4240001009574_370_00,550332996,71590 0,51010 0,
4240001009574_370_00,550332996,72780 0,50030 3,
4240001009574_370_00,3594359697,50340 0,51403 0,
4240001009574_370_00,550332996,50271 0,70740 1,
4240001009574_370_00,550332996,73270 1,46049 1,
4240001009574_370_00,550332996,70970 1,46057 1,
4240001009574_370_00,550332996,72500 1,46057 1,
4240001009574_370_00,3594359697,74240 1,70350 1,
4240001009574_370_00,3594359697,73980 0,74250 0,
4240001009574_370_00,3594359697,74200 0,74240 0,
4240001009574_370_00,3594359697,74200 0,70560 0,
4240001009574_370_00,3594359697,73950 0,51404 0,
4240001009574_370_00,3594359697,73950 0,74250 0,
4240001009574_370_00,3594359697,73990 0,74260 0,
4240001009574_370_00,3594359697,73280 0,70560 0,
4240001009574_370_00,550332996,46048 1,73270 0,
4240001009574_370_00,550332996,49014 0,70800 0,
4240001009574_370_00,3594359697,74240 1,47014 1,
4240001009574_370_00,3594359697,74250 1,74200 1,
4240001009574_370_00,3594359697,74260 1,50320 1,
4240001009574_370_00,3594359697,51404 1,73980 1,
4240001009574_370_00,3594359697,51404 1,73950 1,
4240001009574_370_00,550332996,50102 1,70610 2,
4240001009574_370_00,2355023358,50020 3,74240 0,
4240001009574_370_00,2355023358,50020 3,70560 0,
4240001009574_370_00,2355023358,50030 4,74230 0,
4240001009574_370_00,550332996,50260 1,70740 1,
4240001009574_370_00,550332996,72630 3,70610 2,
4240001009574_370_00,550332996,51010 1,74320 1,
4240001009574_370_00,2355023358,74260 1,50020 2,
4240001009574_370_00,2355023358,74260 1,50030 7,
4240001009574_370_00,550332996,70740 0,72630 2,
4240001009574_370_00,550332996,71580 0,51010 0,
4240001009574_370_00,550332996,70610 1,72790 0,
4240001009574_370_00,550332996,71540 0,72790 0,
4240001009574_370_00,3594359697,74240 1,70355 0,
4240001009574_370_00,3594359697,75042 0,74260 0,
4240001009574_370_00,3594359697,70350 0,74240 0,
4240001009574_370_00,550332996,73270 1,46057 1,
4240001009574_370_00,550332996,72810 1,46057 1,
4240001009574_370_00,550332996,70970 1,46059 1,
4240001009574_370_00,550332996,70810 1,49014 1,
4240001009574_370_00,3594359697,70350 0,74260 0,
4240001009574_370_00,550332996,46014 0,73270 0,
4240001009574_370_00,550332996,49014 0,70780 0,
4240001009574_370_00,550332996,49014 0,71560 0,
4240001009574_370_00,3594359697,74260 1,73980 1,
4240001009574_370_00,3594359697,74260 1,47014 1,
4240001009574_370_00,550332996,50030 2,72780 1,
4240001009574_370_00,550332996,70740 0,72780 1,
4240001009574_370_00,550332996,51010 1,71580 1,
4240001009574_370_00,550332996,73610 1,71540 1,
4240001009574_370_00,2355023358,74250 1,50020 2,
4240001009574_370_00,2355023358,51404 1,50030 7,
4240001009574_370_00,550332996,71590 0,50030 3,
4240001009574_370_00,3594359697,74250 1,47014 3,
4240001009574_370_00,550332996,70150 1,49013 1,
4240001009574_370_00,550332996,70150 1,49014 1,
4240001009574_370_00,550332996,71560 1,49014 1,
4240001009574_370_00,3594359697,74230 1,73185 1,
4240001009574_370_00,3594359697,73980 0,51403 0,
4240001009574_370_00,3594359697,73950 0,51403 0,
4240001009574_370_00,3594359697,73990 0,74230 0,
4240001009574_370_00,3594359697,73990 0,51404 0,
4240001009574_370_00,3594359697,73940 0,74260 0,
4240001009574_370_00,3594359697,73390 0,74260 0,
4240001009574_370_00,550332996,49013 0,70800 0,
4240001009574_370_00,550332996,46014 0,70970 0,
4240001009574_370_00,3594359697,74240 1,74200 1,
4240001009574_370_00,3594359697,70560 1,73940 1,
4240001009574_370_00,3594359697,74250 1,71460 1,
4240001009574_370_00,3594359697,74250 1,47014 1,
4240001009574_370_00,3594359697,51403 1,73980 1,
4240001009574_370_00,3594359697,51403 1,73990 1,
4240001009574_370_00,3594359697,51403 1,74200 1,
4240001009574_370_00,3594359697,74260 1,73990 1,
4240001009574_370_00,3594359697,74260 1,73950 1,
4240001009574_370_00,3594359697,51404 1,73940 1,
4240001009574_370_00,3594359697,51404 1,73390 1,
4240001009574_370_00,3594359697,51404 1,71460 1,
4240001009574_370_00,550332996,72780 1,70610 2,
4240001009574_370_00,550332996,50270 1,70610 2,
4240001009574_370_00,550332996,50103 1,70610 2,
4240001009574_370_00,2355023358,75041 0,70560 0,
4240001009574_370_00,550332996,50103 1,70610 999,
4240001009574_370_00,550332996,50030 2,71580 1,
4240001009574_370_00,2355023358,74230 1,50030 7,
4240001009574_370_00,2355023358,70560 1,75041 1,
4240001009574_370_00,550332996,70610 1,50270 0,
4240001009574_370_00,3594359697,70560 1,47014 3,
4240001009574_370_00,3594359697,74260 1,47014 3,
4240001009574_370_00,550332996,70610 1,50102 1,
4240001009574_370_00,550332996,72810 1,46048 1,
4240001009574_370_00,550332996,71560 1,49013 1,
4240001009574_370_00,3594359697,51404 1,47014 0,
4240001009574_380_00,550332996,72400 0,50090 0,
4240001009574_380_00,550332996,49015 0,70030 0,
4240001009574_380_00,550332996,71960 0,71590 0,
4240001009574_380_00,550332996,49016 0,71590 0,
4240001009574_380_00,550332996,50030 2,72720 1,
4240001009574_380_00,550332996,50105 1,72390 1,
4240001009574_380_00,550332996,50105 1,72400 1,
4240001009574_380_00,550332996,50080 1,71420 1,
4240001009574_380_00,550332996,50121 1,71420 1,
4240001009574_380_00,550332996,72400 0,50101 1,
4240001009574_380_00,550332996,50101 0,70580 1,
4240001009574_380_00,550332996,71420 0,50105 0,
4240001009574_380_00,550332996,72610 1,71420 1,
4240001009574_380_00,550332996,72610 1,70580 1,
4240001009574_380_00,550332996,70540 1,70580 1,
4240001009574_380_00,550332996,71440 1,71420 1,
4240001009574_380_00,550332996,72030 0,51010 0,
4240001009574_380_00,550332996,70150 0,51010 0,
4240001009574_380_00,550332996,71420 0,70540 0,
4240001009574_380_00,550332996,70580 0,70540 0,
4240001009574_380_00,550332996,70580 0,50100 0,
4240001009574_380_00,550332996,72390 0,50090 0,
4240001009574_380_00,550332996,72400 0,50100 0,
4240001009574_380_00,550332996,72400 0,50101 0,
4240001009574_380_00,550332996,72400 0,50080 0,
4240001009574_380_00,550332996,71970 0,72800 0,
4240001009574_380_00,550332996,50090 1,70580 1,
4240001009574_380_00,550332996,50100 1,71420 1,
4240001009574_380_00,550332996,50110 0,72400 1,
4240001009574_380_00,550332996,50110 0,70580 1,
4240001009574_380_00,550332996,50105 0,72400 1,
4240001009574_380_00,550332996,50101 1,71420 1,
4240001009574_380_00,550332996,50101 1,72400 1,
4240001009574_380_00,550332996,50101 1,70580 1,
4240001009574_380_00,550332996,70580 0,50121 1,
4240001009574_380_00,550332996,70540 1,72390 1,
4240001009574_380_00,550332996,70540 1,72400 1,
4240001009574_380_00,550332996,72390 0,70520 0,
4240001009574_380_00,550332996,72720 0,50030 3,
4240001009574_380_00,550332996,70150 0,50030 3,
4240001009574_380_00,550332996,71420 0,72610 0,
4240001009574_380_00,550332996,72390 0,50105 0,
4240001009574_380_00,550332996,72390 0,50080 0,
4240001009574_380_00,550332996,71420 0,50101 0,
4240001009574_380_00,550332996,71600 0,71970 1,
4240001009574_380_00,550332996,72390 0,50100 0,
4240001009574_380_00,550332996,72390 0,50101 0,
4240001009574_380_00,550332996,50105 1,71420 1,
4240001009574_380_00,550332996,50105 1,70580 1,
4240001009574_380_00,550332996,72390 0,50121 1,
4240001009574_380_00,550332996,50105 0,70580 1,
4240001009574_380_00,550332996,50101 0,72400 1,
4240001009574_380_00,550332996,51010 1,72720 1,
4240001009574_380_00,550332996,70520 1,72400 1,
4240001009574_380_00,550332996,72400 0,70520 0,
4240001009574_380_00,550332996,71420 0,50090 0,
4240001009574_380_00,550332996,70580 0,50090 0,
4240001009574_380_00,550332996,71420 0,50080 0,
4240001009574_380_00,550332996,50030 2,72030 1,
4240001009574_380_00,550332996,50080 1,72400 1,
4240001009574_380_00,550332996,72390 0,50101 1,
4240001009574_380_00,550332996,70520 1,70580 1,
4240001009574_380_00,550332996,72390 0,72610 0,
4240001009574_380_00,550332996,71420 0,71440 0,
4240001009574_380_00,550332996,70580 0,70520 0,
4240001009574_380_00,550332996,71560 0,50030 3,
4240001009574_380_00,550332996,70580 0,50105 0,
4240001009574_380_00,550332996,72800 1,71970 1,
4240001009574_380_00,550332996,72400 0,50105 0,
4240001009574_380_00,550332996,49016 0,72800 0,
4240001009574_380_00,550332996,50090 1,72400 1,
4240001009574_380_00,550332996,51010 1,72030 1,
4240001009574_380_00,550332996,50030 2,71560 1,
4240001009574_380_00,550332996,72400 0,50105 1,
4240001009574_380_00,550332996,70580 0,50110 0,
4240001009574_380_00,550332996,71420 0,50101 1,
4240001009574_380_00,550332996,51010 1,70150 1,
4240001009574_380_00,550332996,71440 1,70580 1,
4240001009574_380_00,550332996,70520 1,71420 1,
4240001009574_380_00,550332996,72390 0,71440 0,
4240001009574_380_00,550332996,72720 0,51010 0,
4240001009574_380_00,550332996,70580 0,71440 0,
4240001009574_380_00,550332996,72030 0,50030 3,
4240001009574_380_00,550332996,71560 0,51010 0,
4240001009574_380_00,550332996,71600 0,71960 1,
4240001009574_380_00,550332996,71970 0,71590 0,
4240001009574_380_00,550332996,50100 1,70580 1,
4240001009574_380_00,550332996,50110 0,72390 1,
4240001009574_380_00,550332996,50121 1,72390 1,
4240001009574_380_00,550332996,50105 0,72390 1,
4240001009574_380_00,550332996,50101 1,72390 1,
4240001009574_380_00,550332996,50101 0,71420 1,
4240001009574_380_00,550332996,72610 1,72390 1,
4240001009574_380_00,550332996,50030 2,70150 1,
4240001009574_380_00,550332996,72390 0,70540 0,
4240001009574_380_00,550332996,72400 0,71440 0,
4240001009574_380_00,550332996,71420 0,50100 0,
4240001009574_380_00,550332996,72800 1,49016 1,
4240001009574_380_00,550332996,70580 0,50080 0,
4240001009574_380_00,550332996,50121 1,72400 1,
4240001009574_380_00,550332996,72400 0,50110 0,
4240001009574_380_00,550332996,50101 0,72390 1,
4240001009574_380_00,550332996,71420 0,50110 0,
4240001009574_380_00,550332996,71420 0,50121 1,
4240001009574_380_00,550332996,70030 1,49015 1,
4240001009574_380_00,550332996,72800 1,71960 1,
4240001009574_380_00,550332996,70580 0,50101 0,
4240001009574_380_00,550332996,72390 0,50105 1,
4240001009574_380_00,550332996,71440 1,72400 1,
4240001009574_380_00,550332996,70520 1,72390 1,
4240001009574_380_00,550332996,74320 1,49015 1,
4240001009574_380_00,550332996,71600 0,49016 1,
4240001009574_380_00,550332996,50105 0,71420 1,
4240001009574_380_00,550332996,70580 0,50105 1,
4240001009574_380_00,550332996,51010 1,71560 1,
4240001009574_380_00,550332996,70580 0,72610 0,
4240001009574_380_00,550332996,71420 0,70520 0,
4240001009574_380_00,550332996,72400 0,70540 0,
4240001009574_380_00,550332996,49015 0,74320 0,
4240001009574_380_00,550332996,50080 1,72390 1,
4240001009574_380_00,550332996,72390 0,50110 0,
4240001009574_380_00,550332996,72400 0,50121 1,
4240001009574_380_00,550332996,71440 1,72390 1,
4240001009574_380_00,550332996,72400 0,72610 0,
4240001009574_380_00,550332996,50100 1,72390 1,
4240001009574_380_00,550332996,50080 1,70580 1,
4240001009574_380_00,550332996,50121 1,70580 1,
4240001009574_380_00,550332996,71420 0,50105 1,
4240001009574_380_00,550332996,70540 1,71420 1,
4240001009574_380_00,550332996,71960 0,72800 0,
4240001009574_380_00,550332996,50090 1,72390 1,
4240001009574_380_00,550332996,50090 1,71420 1,
4240001009574_380_00,550332996,50100 1,72400 1,
4240001009574_380_00,550332996,50110 0,71420 1,
4240001009574_380_00,550332996,70580 0,50101 1,
4240001009574_380_00,550332996,72610 1,72400 1,
4240001009574_390_00,550332996,73300 0,50070 0,
4240001009574_390_00,550332996,70970 0,50070 0,
4240001009574_390_00,550332996,50830 1,73270 1,
4240001009574_390_00,550332996,50860 1,70970 1,
4240001009574_390_00,550332996,50850 1,70970 1,
4240001009574_390_00,550332996,50060 11,73270 1,
4240001009574_390_00,550332996,50830 1,73300 1,
4240001009574_390_00,550332996,50830 1,71400 1,
4240001009574_390_00,550332996,50860 1,73270 1,
4240001009574_390_00,550332996,50850 1,73270 1,
4240001009574_390_00,550332996,73270 0,50860 0,
4240001009574_390_00,550332996,73270 0,50840 0,
4240001009574_390_00,550332996,70970 0,50870 0,
4240001009574_390_00,550332996,71400 0,50850 0,
4240001009574_390_00,550332996,71400 0,72740 0,
4240001009574_390_00,550332996,70970 0,50860 0,
4240001009574_390_00,550332996,70970 0,50060 10,
4240001009574_390_00,550332996,73270 0,50060 4,
4240001009574_390_00,550332996,71400 0,50070 0,
4240001009574_390_00,550332996,50850 1,71400 1,
4240001009574_390_00,550332996,50830 1,70970 1,
4240001009574_390_00,550332996,50850 1,73300 1,
4240001009574_390_00,550332996,50060 11,73300 1,
4240001009574_390_00,550332996,73300 0,50860 2,
4240001009574_390_00,550332996,73300 0,50850 0,
4240001009574_390_00,550332996,73270 0,46044 0,
4240001009574_390_00,550332996,71400 0,50860 2,
4240001009574_390_00,550332996,70970 0,50840 0,
4240001009574_390_00,550332996,70970 0,72740 0,
4240001009574_390_00,550332996,70970 0,50280 0,
4240001009574_390_00,550332996,71400 0,50840 0,
4240001009574_390_00,550332996,70970 0,50830 0,
4240001009574_390_00,550332996,70970 0,50850 0,
4240001009574_390_00,550332996,71400 0,50060 4,
4240001009574_390_00,550332996,50840 1,70970 1,
4240001009574_390_00,550332996,50280 1,70970 1,
4240001009574_390_00,550332996,50840 1,71400 1,
4240001009574_390_00,550332996,73300 0,72740 0,
4240001009574_390_00,550332996,73270 0,50860 2,
4240001009574_390_00,550332996,73300 0,46044 0,
4240001009574_390_00,550332996,71400 0,50060 10,
4240001009574_390_00,550332996,46044 1,70970 1,
4240001009574_390_00,550332996,50840 1,73300 1,
4240001009574_390_00,550332996,50060 11,71400 1,
4240001009574_390_00,550332996,73300 0,50280 0,
4240001009574_390_00,550332996,71400 0,50870 0,
4240001009574_390_00,550332996,70970 0,50860 2,
4240001009574_390_00,550332996,50840 1,73270 1,
4240001009574_390_00,550332996,50860 1,73300 1,
4240001009574_390_00,550332996,50860 1,71400 1,
4240001009574_390_00,550332996,73300 0,50060 10,
4240001009574_390_00,550332996,73270 0,50850 0,
4240001009574_390_00,550332996,71400 0,50830 0,
4240001009574_390_00,550332996,71400 0,50280 0,
4240001009574_390_00,550332996,46044 1,71400 1,
4240001009574_390_00,550332996,50280 1,73270 1,
4240001009574_390_00,550332996,50280 1,71400 1,
4240001009574_390_00,550332996,50060 11,70970 1,
4240001009574_390_00,550332996,46044 1,73270 1,
4240001009574_390_00,550332996,73300 0,50870 0,
4240001009574_390_00,550332996,70970 0,46044 0,
4240001009574_390_00,550332996,71400 0,50860 0,
4240001009574_390_00,550332996,70970 0,50060 4,
4240001009574_390_00,550332996,46044 1,73300 1,
4240001009574_390_00,550332996,73300 0,50830 0,
4240001009574_390_00,550332996,73270 0,50870 0,
4240001009574_390_00,550332996,73300 0,50860 0,
4240001009574_390_00,550332996,73270 0,72740 0,
4240001009574_390_00,550332996,71400 0,46044 0,
4240001009574_390_00,550332996,50280 1,73300 1,
4240001009574_390_00,550332996,73270 0,50060 10,
4240001009574_390_00,550332996,73270 0,50280 0,
4240001009574_390_00,550332996,73300 0,50060 4,
4240001009574_390_00,550332996,73300 0,50840 0,
4240001009574_390_00,550332996,73270 0,50830 0,
4240001009574_390_00,550332996,73270 0,50070 0,
4240001009574_400_00,201880385,50020 3,72470 1,
4240001009574_400_00,550332996,49013 0,70030 0,
4240001009574_400_00,550332996,49015 0,71590 0,
4240001009574_400_00,550332996,70180 0,70810 0,
4240001009574_400_00,550332996,70180 0,71560 0,
4240001009574_400_00,550332996,72030 1,46014 1,
4240001009574_400_00,550332996,70150 1,70180 1,
4240001009574_400_00,550332996,74320 1,49013 1,
4240001009574_400_00,201880385,50020 3,72040 1,
4240001009574_400_00,201880385,73430 0,50030 1,
4240001009574_400_00,550332996,46012 0,70800 0,
4240001009574_400_00,550332996,46048 1,72030 0,
4240001009574_400_00,550332996,46058 0,72030 0,
4240001009574_400_00,550332996,46013 0,71560 0,
4240001009574_400_00,550332996,70150 1,46012 1,
4240001009574_400_00,550332996,72720 1,46048 1,
4240001009574_400_00,201880385,72470 0,50030 1,
4240001009574_400_00,201880385,72040 0,50030 1,
4240001009574_400_00,550332996,46059 0,72030 0,
4240001009574_400_00,550332996,70810 1,70180 1,
4240001009574_400_00,201880385,50030 11,72040 1,
4240001009574_400_00,201880385,50030 11,73450 1,
4240001009574_400_00,201880385,50020 3,51940 1,
4240001009574_400_00,201880385,24960 7,73450 1,
4240001009574_400_00,550332996,46014 0,72720 0,
4240001009574_400_00,550332996,46013 0,70150 0,
4240001009574_400_00,550332996,70180 0,70150 0,
4240001009574_400_00,550332996,72720 1,46058 1,
4240001009574_400_00,201880385,50030 11,73430 1,
4240001009574_400_00,201880385,51940 0,50020 1,
4240001009574_400_00,550332996,49013 0,74320 0,
4240001009574_400_00,550332996,70800 1,46012 1,
4240001009574_400_00,201880385,50020 3,73450 1,
4240001009574_400_00,201880385,72470 0,50020 1,
4240001009574_400_00,550332996,46059 0,72720 0,
4240001009574_400_00,550332996,70180 0,70780 0,
4240001009574_400_00,550332996,70180 0,70800 0,
4240001009574_400_00,550332996,72030 1,46059 1,
4240001009574_400_00,550332996,72720 1,46014 1,
4240001009574_400_00,201880385,24960 7,73430 1,
4240001009574_400_00,550332996,46012 0,70810 0,
4240001009574_400_00,550332996,46058 0,72720 0,
4240001009574_400_00,550332996,46013 0,70780 0,
4240001009574_400_00,550332996,70030 1,49013 1,
4240001009574_400_00,550332996,70800 1,70180 1,
4240001009574_400_00,550332996,70810 1,46013 1,
4240001009574_400_00,550332996,71560 1,46013 1,
4240001009574_400_00,201880385,24960 7,72040 1,
4240001009574_400_00,201880385,24960 7,72470 1,
4240001009574_400_00,550332996,46014 0,72030 0,
4240001009574_400_00,201880385,51940 0,50030 1,
4240001009574_400_00,550332996,49014 0,70030 0,
4240001009574_400_00,550332996,49014 0,74320 0,
4240001009574_400_00,550332996,74320 1,49014 1,
4240001009574_400_00,550332996,70800 1,46013 1,
4240001009574_400_00,550332996,71560 1,70180 1,
4240001009574_400_00,550332996,71600 0,49015 1,
4240001009574_400_00,201880385,50030 11,72470 1,
4240001009574_400_00,201880385,73430 0,50020 1,
4240001009574_400_00,550332996,46012 0,70150 0,
4240001009574_400_00,550332996,72030 1,46058 1,
4240001009574_400_00,201880385,50020 3,73430 1,
4240001009574_400_00,201880385,73450 0,50030 1,
4240001009574_400_00,201880385,73450 0,50020 1,
4240001009574_400_00,201880385,72040 0,50020 1,
4240001009574_400_00,550332996,46048 1,72720 0,
4240001009574_400_00,550332996,46013 0,70800 0,
4240001009574_400_00,550332996,70150 1,46013 1,
4240001009574_400_00,550332996,70030 1,49014 1,
4240001009574_400_00,550332996,72720 1,46057 1,
4240001009574_400_00,550332996,70810 1,46012 1,
4240001009574_400_00,201880385,50030 11,51940 1,
4240001009574_400_00,201880385,24960 7,51940 1,
4240001009574_400_00,550332996,49015 0,72800 0,
4240001009574_400_00,550332996,46012 0,70780 0,
4240001009574_400_00,550332996,46012 0,71560 0,
4240001009574_400_00,550332996,46013 0,70810 0,
4240001009574_400_00,550332996,72030 1,46048 1,
4240001009574_400_00,550332996,72030 1,46049 1,
4240001009574_400_00,550332996,72030 1,46057 1,
4240001009574_400_00,550332996,72720 1,46059 1,
4240001009574_400_00,550332996,72720 1,46049 1,
4240001009574_400_00,550332996,71560 1,46012 1,
4240001009574_400_00,550332996,72800 1,49015 1,
4240001009574_420_00,550332996,72400 0,50070 0,
4240001009574_420_00,550332996,46044 1,72390 1,
4240001009574_420_00,550332996,51010 1,72500 1,
4240001009574_420_00,550332996,50280 1,72390 1,
4240001009574_420_00,550332996,50840 1,71420 1,
4240001009574_420_00,550332996,50280 1,72400 1,
4240001009574_420_00,550332996,72400 0,50840 0,
4240001009574_420_00,550332996,72390 0,50850 0,
4240001009574_420_00,550332996,72390 0,46044 0,
4240001009574_420_00,550332996,70580 0,50840 0,
4240001009574_420_00,550332996,70370 0,51010 0,
4240001009574_420_00,550332996,70580 0,50060 4,
4240001009574_420_00,550332996,49013 0,71590 0,
4240001009574_420_00,550332996,50840 1,72400 1,
4240001009574_420_00,550332996,50060 11,72390 1,
4240001009574_420_00,550332996,50030 2,72810 1,
4240001009574_420_00,550332996,50030 2,72500 1,
4240001009574_420_00,550332996,50830 1,72390 1,
4240001009574_420_00,550332996,72400 0,46044 0,
4240001009574_420_00,550332996,71420 0,50830 0,
4240001009574_420_00,550332996,71420 0,50850 0,
4240001009574_420_00,550332996,71420 0,46044 0,
4240001009574_420_00,550332996,72390 0,50870 0,
4240001009574_420_00,550332996,72390 0,50060 10,
4240001009574_420_00,550332996,70580 0,50830 0,
4240001009574_420_00,550332996,71420 0,50060 4,
4240001009574_420_00,550332996,50830 1,70580 1,
4240001009574_420_00,550332996,50860 1,71420 1,
4240001009574_420_00,550332996,50860 1,72400 1,
4240001009574_420_00,550332996,50860 1,70580 1,
4240001009574_420_00,550332996,50850 1,72400 1,
4240001009574_420_00,550332996,50850 1,72390 1,
4240001009574_420_00,550332996,50060 11,72400 1,
4240001009574_420_00,550332996,50060 11,70580 1,
4240001009574_420_00,550332996,72390 0,50860 2,
4240001009574_420_00,550332996,72390 0,50280 0,
4240001009574_420_00,550332996,72390 0,50840 0,
4240001009574_420_00,550332996,71420 0,50060 10,
4240001009574_420_00,550332996,72500 0,51010 0,
4240001009574_420_00,550332996,72390 0,50070 0,
4240001009574_420_00,550332996,46044 1,72400 1,
4240001009574_420_00,550332996,46044 1,71420 1,
4240001009574_420_00,550332996,50860 1,72390 1,
4240001009574_420_00,550332996,70580 0,50870 0,
4240001009574_420_00,550332996,70580 0,50850 0,
4240001009574_420_00,550332996,71420 0,50840 0,
4240001009574_420_00,550332996,72400 0,50860 0,
4240001009574_420_00,550332996,72390 0,50060 4,
4240001009574_420_00,550332996,51010 1,72810 1,
4240001009574_420_00,550332996,50830 1,71420 1,
4240001009574_420_00,550332996,72390 0,50830 0,
4240001009574_420_00,550332996,72400 0,50060 10,
4240001009574_420_00,550332996,71420 0,50870 0,
4240001009574_420_00,550332996,72400 0,50870 0,
4240001009574_420_00,550332996,70580 0,72740 0,
4240001009574_420_00,550332996,71420 0,50860 0,
4240001009574_420_00,550332996,72500 0,50030 3,
4240001009574_420_00,550332996,72400 0,50060 4,
4240001009574_420_00,550332996,70580 0,50070 0,
4240001009574_420_00,550332996,49014 0,72800 0,
4240001009574_420_00,550332996,50830 1,72400 1,
4240001009574_420_00,550332996,50840 1,72390 1,
4240001009574_420_00,550332996,72400 0,50280 0,
4240001009574_420_00,550332996,70580 0,50060 10,
4240001009574_420_00,550332996,71420 0,72740 0,
4240001009574_420_00,550332996,72810 0,51010 0,
4240001009574_420_00,550332996,72400 0,50830 0,
4240001009574_420_00,550332996,72400 0,50850 0,
4240001009574_420_00,550332996,70580 0,50280 0,
4240001009574_420_00,550332996,50280 1,70580 1,
4240001009574_420_00,550332996,70580 0,50860 2,
4240001009574_420_00,550332996,70580 0,46044 0,
4240001009574_420_00,550332996,72390 0,72740 0,
4240001009574_420_00,550332996,72810 0,50030 3,
4240001009574_420_00,550332996,72800 1,49013 1,
4240001009574_420_00,550332996,72800 1,49014 1,
4240001009574_420_00,550332996,49013 0,72800 0,
4240001009574_420_00,550332996,50850 1,71420 1,
4240001009574_420_00,550332996,50060 11,71420 1,
4240001009574_420_00,550332996,72400 0,72740 0,
4240001009574_420_00,550332996,71420 0,50070 0,
4240001009574_420_00,550332996,50850 1,70580 1,
4240001009574_420_00,550332996,70580 0,50860 0,
4240001009574_420_00,550332996,71600 0,49013 1,
4240001009574_420_00,550332996,71600 0,49014 1,
4240001009574_420_00,550332996,70370 0,50030 3,
4240001009574_420_00,550332996,49014 0,71590 0,
4240001009574_420_00,550332996,50280 1,71420 1,
4240001009574_420_00,550332996,71420 0,50280 0,
4240001009574_420_00,550332996,50840 1,70580 1,
4240001009574_420_00,550332996,46044 1,70580 1,
4240001009574_420_00,550332996,72390 0,50860 0,
4240001009574_420_00,550332996,72400 0,50860 2,
4240001009574_420_00,550332996,71420 0,50860 2,
4240001009574_430_00,550332996,70740 0,50100 0,
4240001009574_430_00,550332996,71540 0,50105 0,
4240001009574_430_00,550332996,46013 0,74320 0,
4240001009574_430_00,550332996,50080 1,71540 1,
4240001009574_430_00,550332996,70740 0,50102 1,
4240001009574_430_00,550332996,70610 1,50105 1,
4240001009574_430_00,550332996,71540 0,50105 1,
4240001009574_430_00,550332996,70540 1,71540 1,
4240001009574_430_00,550332996,70520 1,71540 1,
4240001009574_430_00,550332996,70610 1,70540 0,
4240001009574_430_00,550332996,71540 0,70520 0,
4240001009574_430_00,550332996,70740 0,50090 0,
4240001009574_430_00,550332996,70740 0,50105 0,
4240001009574_430_00,550332996,70740 0,50080 0,
4240001009574_430_00,550332996,50080 1,70740 1,
4240001009574_430_00,550332996,50121 1,71540 1,
4240001009574_430_00,550332996,70610 1,50101 0,
4240001009574_430_00,550332996,70740 0,71440 0,
4240001009574_430_00,550332996,70610 1,71440 0,
4240001009574_430_00,550332996,50090 1,70740 1,
4240001009574_430_00,550332996,50105 1,71540 1,
4240001009574_430_00,550332996,50101 1,71540 1,
4240001009574_430_00,550332996,70740 0,50105 1,
4240001009574_430_00,550332996,70610 1,50121 1,
4240001009574_430_00,550332996,71540 0,50121 1,
4240001009574_430_00,550332996,70740 0,70540 0,
4240001009574_430_00,550332996,70610 1,70520 0,
4240001009574_430_00,550332996,71540 0,71440 0,
4240001009574_430_00,550332996,71540 0,70540 0,
4240001009574_430_00,550332996,71540 0,50080 0,
4240001009574_430_00,550332996,46012 0,74320 0,
4240001009574_430_00,550332996,70180 0,74320 0,
4240001009574_430_00,550332996,50105 1,70740 1,
4240001009574_430_00,550332996,50105 0,70610 999,
4240001009574_430_00,550332996,72610 1,70740 1,
4240001009574_430_00,550332996,70740 0,50101 0,
4240001009574_430_00,550332996,71540 0,50100 0,
4240001009574_430_00,550332996,71540 0,50101 0,
4240001009574_430_00,550332996,70610 1,50105 0,
4240001009574_430_00,550332996,70740 0,50110 0,
4240001009574_430_00,550332996,71540 0,50101 1,
4240001009574_430_00,550332996,50101 0,70740 1,
4240001009574_430_00,550332996,71440 1,70610 2,
4240001009574_430_00,550332996,71440 1,71540 1,
4240001009574_430_00,550332996,74320 1,46012 1,
4240001009574_430_00,550332996,70610 1,50080 0,
4240001009574_430_00,550332996,70180 0,70030 0,
4240001009574_430_00,550332996,50090 1,71540 1,
4240001009574_430_00,550332996,50110 0,71540 1,
4240001009574_430_00,550332996,50101 0,71540 1,
4240001009574_430_00,550332996,70520 1,70610 2,
4240001009574_430_00,550332996,70610 1,72610 0,
4240001009574_430_00,550332996,71540 0,72610 0,
4240001009574_430_00,550332996,50101 1,70610 2,
4240001009574_430_00,550332996,50110 0,70740 1,
4240001009574_430_00,550332996,70740 0,50101 1,
4240001009574_430_00,550332996,50105 0,71540 1,
4240001009574_430_00,550332996,70740 0,72610 0,
4240001009574_430_00,550332996,70610 1,50090 0,
4240001009574_430_00,550332996,74320 1,70180 1,
4240001009574_430_00,550332996,50090 1,70610 2,
4240001009574_430_00,550332996,50100 1,70610 2,
4240001009574_430_00,550332996,50100 1,70740 1,
4240001009574_430_00,550332996,50121 1,70740 1,
4240001009574_430_00,550332996,50121 1,70610 999,
4240001009574_430_00,550332996,50105 1,70610 999,
4240001009574_430_00,550332996,70740 0,70520 0,
4240001009574_430_00,550332996,70030 1,70180 1,
4240001009574_430_00,550332996,70610 1,50100 0,
4240001009574_430_00,550332996,50105 1,70610 2,
4240001009574_430_00,550332996,50101 1,70740 1,
4240001009574_430_00,550332996,70610 1,50110 0,
4240001009574_430_00,550332996,71540 0,50110 0,
4240001009574_430_00,550332996,50101 0,70610 999,
4240001009574_430_00,550332996,74320 1,46013 1,
4240001009574_430_00,550332996,70030 1,46012 1,
4240001009574_430_00,550332996,50110 0,70610 999,
4240001009574_430_00,550332996,70740 0,50121 1,
4240001009574_430_00,550332996,50105 0,70740 1,
4240001009574_430_00,550332996,50101 1,70610 999,
4240001009574_430_00,550332996,70610 1,50102 1,
4240001009574_430_00,550332996,71540 0,50102 1,
4240001009574_430_00,550332996,70540 1,70740 1,
4240001009574_430_00,550332996,71540 0,50090 0,
4240001009574_430_00,550332996,70030 1,46013 1,
4240001009574_430_00,550332996,46013 0,70030 0,
4240001009574_430_00,550332996,50080 1,70610 2,
4240001009574_430_00,550332996,70610 1,50101 1,
4240001009574_430_00,550332996,72610 1,70610 2,
4240001009574_430_00,550332996,72610 1,71540 1,
4240001009574_430_00,550332996,70540 1,70610 2,
4240001009574_430_00,550332996,46012 0,70030 0,
4240001009574_430_00,550332996,50100 1,71540 1,
4240001009574_430_00,550332996,71440 1,70740 1,
4240001009574_430_00,550332996,70520 1,70740 1,
4240001009574_440_00,550332996,70150 1,46057 1,
4240001009574_440_00,550332996,46059 0,70810 0,
4240001009574_440_00,550332996,70810 1,46058 1,
4240001009574_440_00,550332996,46048 1,70780 0,
4240001009574_440_00,550332996,46059 0,70800 0,
4240001009574_440_00,550332996,70800 1,46057 1,
4240001009574_440_00,550332996,70810 1,46049 1,
4240001009574_440_00,550332996,46048 1,70800 0,
4240001009574_440_00,550332996,46058 0,70150 0,
4240001009574_440_00,550332996,46058 0,70780 0,
4240001009574_440_00,550332996,70810 1,46014 1,
4240001009574_440_00,550332996,71560 1,46048 1,
4240001009574_440_00,550332996,46048 1,70810 0,
4240001009574_440_00,550332996,46058 0,70810 0,
4240001009574_440_00,550332996,70800 1,46048 1,
4240001009574_440_00,550332996,70800 1,46059 1,
4240001009574_440_00,550332996,70810 1,46048 1,
4240001009574_440_00,550332996,46014 0,70150 0,
4240001009574_440_00,550332996,46014 0,70780 0,
4240001009574_440_00,550332996,46048 1,70150 0,
4240001009574_440_00,550332996,70150 1,46058 1,
4240001009574_440_00,550332996,70150 1,46059 1,
4240001009574_440_00,550332996,70800 1,46014 1,
4240001009574_440_00,550332996,70810 1,46057 1,
4240001009574_440_00,550332996,71560 1,46049 1,
4240001009574_440_00,550332996,46014 0,70800 0,
4240001009574_440_00,550332996,46059 0,70150 0,
4240001009574_440_00,550332996,46014 0,70810 0,
4240001009574_440_00,550332996,46058 0,70800 0,
4240001009574_440_00,550332996,70150 1,46048 1,
4240001009574_440_00,550332996,70150 1,46049 1,
4240001009574_440_00,550332996,70800 1,46058 1,
4240001009574_440_00,550332996,71560 1,46059 1,
4240001009574_440_00,550332996,46048 1,71560 0,
4240001009574_440_00,550332996,46059 0,70780 0,
4240001009574_440_00,550332996,46058 0,71560 0,
4240001009574_440_00,550332996,70800 1,46049 1,
4240001009574_440_00,550332996,71560 1,46058 1,
4240001009574_440_00,550332996,71560 1,46014 1,
4240001009574_440_00,550332996,71560 1,46057 1,
4240001009574_440_00,550332996,46014 0,71560 0,
4240001009574_440_00,550332996,46059 0,71560 0,
4240001009574_440_00,550332996,70150 1,46014 1,
4240001009574_440_00,550332996,70810 1,46059 1,
4240001009574_450_00,550332996,46012 0,71590 0,
4240001009574_450_00,550332996,46012 0,72800 0,
4240001009574_450_00,550332996,72800 1,46012 1,
4240001009574_450_00,550332996,70180 0,71590 0,
4240001009574_450_00,550332996,71600 0,46013 1,
4240001009574_450_00,550332996,71600 0,46012 1,
4240001009574_450_00,550332996,71600 0,70180 1,
4240001009574_450_00,550332996,46013 0,72800 0,
4240001009574_450_00,550332996,46013 0,71590 0,
4240001009574_450_00,550332996,70180 0,72800 0,
4240001009574_450_00,550332996,72800 1,70180 1,
4240001009574_450_00,550332996,72800 1,46013 1,
4240001009574_460_00,550332996,50030 2,70970 1,
4240001009574_460_00,550332996,73270 0,50030 3,
4240001009574_460_00,550332996,51010 1,73270 1,
4240001009574_460_00,550332996,50030 2,73270 1,
4240001009574_460_00,550332996,50030 2,73300 1,
4240001009574_460_00,550332996,71400 0,50030 3,
4240001009574_460_00,550332996,51010 1,70970 1,
4240001009574_460_00,550332996,51010 1,71400 1,
4240001009574_460_00,550332996,70970 0,50030 3,
4240001009574_460_00,550332996,50030 2,71400 1,
4240001009574_460_00,550332996,71400 0,51010 0,
4240001009574_460_00,550332996,51010 1,73300 1,
4240001009574_460_00,550332996,73270 0,51010 0,
4240001009574_460_00,550332996,73300 0,51010 0,
4240001009574_460_00,550332996,70970 0,51010 0,
4240001009574_460_00,550332996,73300 0,50030 3,
4240001009574_470_00,550332996,46059 0,70030 0,
4240001009574_470_00,550332996,50830 1,71540 1,
4240001009574_470_00,550332996,50860 1,71540 1,
4240001009574_470_00,550332996,50060 11,71540 1,
4240001009574_470_00,550332996,71540 0,50830 0,
4240001009574_470_00,550332996,46048 1,70030 0,
4240001009574_470_00,550332996,46048 1,74320 0,
4240001009574_470_00,550332996,50280 1,70610 2,
4240001009574_470_00,550332996,46044 1,70610 2,
4240001009574_470_00,550332996,46044 1,71540 1,
4240001009574_470_00,550332996,50830 1,70740 1,
4240001009574_470_00,550332996,70740 0,50850 0,
4240001009574_470_00,550332996,70740 0,50280 0,
4240001009574_470_00,550332996,70610 1,50830 0,
4240001009574_470_00,550332996,70610 1,50850 0,
4240001009574_470_00,550332996,70610 1,46044 0,
4240001009574_470_00,550332996,71540 0,46044 0,
4240001009574_470_00,550332996,70610 1,50060 4,
4240001009574_470_00,550332996,46014 0,70030 0,
4240001009574_470_00,550332996,50840 1,71540 1,
4240001009574_470_00,550332996,50860 1,70740 1,
4240001009574_470_00,550332996,50060 11,70740 1,
4240001009574_470_00,550332996,50850 1,70610 2,
4240001009574_470_00,550332996,70740 0,50060 10,
4240001009574_470_00,550332996,71540 0,50060 10,
4240001009574_470_00,550332996,50850 1,71540 1,
4240001009574_470_00,550332996,70610 1,50860 0,
4240001009574_470_00,550332996,71540 0,50860 0,
4240001009574_470_00,550332996,70740 0,50830 0,
4240001009574_470_00,550332996,70740 0,46044 0,
4240001009574_470_00,550332996,70610 1,50870 0,
4240001009574_470_00,550332996,70610 1,50840 0,
4240001009574_470_00,550332996,70740 0,50070 0,
4240001009574_470_00,550332996,74320 1,46059 1,
4240001009574_470_00,550332996,70030 1,46057 1,
4240001009574_470_00,550332996,46058 0,70030 0,
4240001009574_470_00,550332996,46058 0,74320 0,
4240001009574_470_00,550332996,46044 1,70740 1,
4240001009574_470_00,550332996,50060 11,70610 2,
4240001009574_470_00,550332996,50840 1,70740 1,
4240001009574_470_00,550332996,70610 1,50860 2,
4240001009574_470_00,550332996,71540 0,50860 2,
4240001009574_470_00,550332996,70610 1,72740 0,
4240001009574_470_00,550332996,70610 1,50280 0,
4240001009574_470_00,550332996,71540 0,50840 0,
4240001009574_470_00,550332996,71540 0,50280 0,
4240001009574_470_00,550332996,71540 0,50060 4,
4240001009574_470_00,550332996,46059 0,74320 0,
4240001009574_470_00,550332996,50830 1,70610 2,
4240001009574_470_00,550332996,50860 1,70610 2,
4240001009574_470_00,550332996,70740 0,50860 0,
4240001009574_470_00,550332996,70610 1,50060 10,
4240001009574_470_00,550332996,74320 1,46058 1,
4240001009574_470_00,550332996,70030 1,46048 1,
4240001009574_470_00,550332996,70030 1,46049 1,
4240001009574_470_00,550332996,50280 1,70740 1,
4240001009574_470_00,550332996,70740 0,50870 0,
4240001009574_470_00,550332996,74320 1,46014 1,
4240001009574_470_00,550332996,74320 1,46057 1,
4240001009574_470_00,550332996,50840 1,70610 2,
4240001009574_470_00,550332996,70740 0,50860 2,
4240001009574_470_00,550332996,71540 0,72740 0,
4240001009574_470_00,550332996,70740 0,50840 0,
4240001009574_470_00,550332996,71540 0,50870 0,
4240001009574_470_00,550332996,70610 1,50070 0,
4240001009574_470_00,550332996,74320 1,46049 1,
4240001009574_470_00,550332996,50280 1,71540 1,
4240001009574_470_00,550332996,70740 0,72740 0,
4240001009574_470_00,550332996,71540 0,50850 0,
4240001009574_470_00,550332996,71540 0,50070 0,
4240001009574_470_00,550332996,70030 1,46059 1,
4240001009574_470_00,550332996,74320 1,46048 1,
4240001009574_470_00,550332996,70030 1,46058 1,
4240001009574_470_00,550332996,70740 0,50060 4,
4240001009574_470_00,550332996,46014 0,74320 0,
4240001009574_470_00,550332996,50850 1,70740 1,
4240001009574_470_00,550332996,70030 1,46014 1,
4240001009574_490_00,550332996,72390 0,50030 3,
4240001009574_490_00,550332996,46058 0,71590 0,
4240001009574_490_00,550332996,51010 1,71420 1,
4240001009574_490_00,550332996,72390 0,51010 0,
4240001009574_490_00,550332996,71600 0,46014 1,
4240001009574_490_00,550332996,71600 0,46059 1,
4240001009574_490_00,550332996,72400 0,50030 3,
4240001009574_490_00,550332996,71420 0,50030 3,
4240001009574_490_00,550332996,46058 0,72800 0,
4240001009574_490_00,550332996,51010 1,72390 1,
4240001009574_490_00,550332996,70580 0,51010 0,
4240001009574_490_00,550332996,71420 0,51010 0,
4240001009574_490_00,550332996,72800 1,46059 1,
4240001009574_490_00,550332996,46048 1,71590 0,
4240001009574_490_00,550332996,72800 1,46058 1,
4240001009574_490_00,550332996,46059 0,72800 0,
4240001009574_490_00,550332996,72800 1,46014 1,
4240001009574_490_00,550332996,70580 0,50030 3,
4240001009574_490_00,550332996,46048 1,72800 0,
4240001009574_490_00,550332996,46059 0,71590 0,
4240001009574_490_00,550332996,51010 1,70580 1,
4240001009574_490_00,550332996,50030 2,70580 1,
4240001009574_490_00,550332996,72400 0,51010 0,
4240001009574_490_00,550332996,71600 0,46048 1,
4240001009574_490_00,550332996,46014 0,72800 0,
4240001009574_490_00,550332996,46014 0,71590 0,
4240001009574_490_00,550332996,51010 1,72400 1,
4240001009574_490_00,550332996,72800 1,46057 1,
4240001009574_490_00,550332996,50030 2,72390 1,
4240001009574_490_00,550332996,72800 1,46049 1,
4240001009574_490_00,550332996,50030 2,72400 1,
4240001009574_490_00,550332996,50030 2,71420 1,
4240001009574_490_00,550332996,72800 1,46048 1,
4240001009574_490_00,550332996,71600 0,46057 1,
4240001009574_490_00,550332996,71600 0,46049 1,
4240001009574_490_00,550332996,71600 0,46058 1,
4240001009574_530_00,550332996,50030 2,70740 1,
4240001009574_530_00,550332996,71540 0,50030 3,
4240001009574_530_00,550332996,70610 1,50030 3,
4240001009574_530_00,550332996,70740 0,51010 0,
4240001009574_530_00,550332996,70740 0,50030 3,
4240001009574_530_00,550332996,50030 2,71540 1,
4240001009574_530_00,550332996,70610 1,51010 0,
4240001009574_530_00,550332996,71540 0,51010 0,
4240001009574_530_00,550332996,51010 1,70740 1,
4240001009574_530_00,550332996,50030 2,70610 2,
4240001009574_530_00,550332996,51010 1,70610 2,
4240001009574_530_00,550332996,51010 1,71540 1,
