shape_id,shape_pt_lat,shape_pt_lon,shape_pt_sequence,shape_dist_traveled
1010 0,34.3968844,132.4745086,1,
1010 0,34.3967474,132.4747775,2,
1010 0,34.3966835,132.4748553,3,
1010 0,34.3966107,132.474883,4,
1010 0,34.3965718,132.4748845,5,
1010 0,34.3965077,132.4748533,6,
1010 0,34.3962766,132.4748103,7,
1010 0,34.3961365,132.4747068,8,
1010 0,34.3960493,132.4746584,9,
1010 0,34.3955703,132.474272,10,
1010 0,34.3952687,132.4740335,11,
1010 0,34.3949727,132.4737976,12,
1010 0,34.3944205,132.473365,13,
1010 0,34.3939372,132.4729704,14,
1010 0,34.3936984,132.4727677,15,
1010 0,34.3934622,132.472569,16,
1010 0,34.3929937,132.472184,17,
1010 0,34.3924919,132.4717829,18,
1010 0,34.3926373,132.4706391,19,
1010 0,34.3927616,132.4700326,20,
1010 0,34.3928461,132.4694119,21,
1010 0,34.392926,132.4688916,22,
1010 0,34.3929872,132.4683726,23,
1010 0,34.3931038,132.4674227,24,
1010 0,34.3931871,132.4663228,25,
1010 0,34.3932188,132.4658222,26,
1010 0,34.3932643,132.4653289,27,
1010 0,34.3935537,132.4640563,28,
1010 0,34.3936836,132.4635561,29,
1010 0,34.3938136,132.4630464,30,
1010 0,34.3940074,132.4623132,31,
1010 0,34.3941532,132.4617562,32,
1010 0,34.3942963,132.4612066,33,
1010 0,34.3945513,132.4602473,34,
1010 0,34.394689,132.4597103,35,
1010 0,34.3948202,132.4591733,36,
1010 0,34.394994,132.4584511,37,
1010 0,34.3950914,132.458096,38,
1010 0,34.3951805,132.4577342,39,
1010 0,34.3950963,132.4576738,40,
1010 0,34.3947409,132.4575438,41,
1010 0,34.3942869,132.4573735,42,
1010 0,34.3940086,132.4572859,43,
1010 0,34.393733,132.4571942,44,
1010 0,34.3924837,132.456763,45,
1010 0,34.3918721,132.4565571,46,
1010 0,34.3915674,132.4564528,47,
1010 0,34.3912672,132.4563518,48,
1010 0,34.3909061,132.4562339,49,
1010 0,34.3905423,132.4561119,50,
1010 0,34.3903373,132.4560467,51,
1010 0,34.3901981,132.4560459,52,
1010 0,34.389953,132.4560692,53,
1010 0,34.3898581,132.4561264,54,
1010 0,34.389782,132.4562211,55,
1010 0,34.3897322,132.4562733,56,
1010 0,34.3895781,132.4568372,57,
1010 0,34.3894184,132.4574159,58,
1010 0,34.3891661,132.4583563,59,
1010 0,34.3889195,132.4593117,60,
1010 0,34.3887717,132.4598611,61,
1010 0,34.3885801,132.4605847,62,
1010 0,34.3883962,132.4613231,63,
1010 0,34.3881441,132.4622833,64,
1010 0,34.3879141,132.4631013,65,
1010 0,34.3876374,132.4641612,66,
1010 0,34.3876142,132.4643079,67,
1010 0,34.3875904,132.4645892,68,
1010 0,34.3875891,132.4647436,69,
1010 0,34.3876044,132.4648899,70,
1010 0,34.3876455,132.4650882,71,
1010 0,34.387695,132.4652986,72,
1010 0,34.3879677,132.4658101,73,
1010 0,34.3882546,132.4663492,74,
1010 0,34.3884014,132.4666184,75,
1010 0,34.3885462,132.4668839,76,
1010 0,34.3890937,132.4679028,77,
1010 0,34.3893318,132.4683508,78,
1010 0,34.3895768,132.4687948,79,
1010 0,34.3897547,132.4691198,80,
1010 0,34.3899359,132.469442,81,
1010 0,34.3902117,132.4699667,82,
1010 0,34.3904932,132.4704994,83,
1010 0,34.3905756,132.470667,84,
1010 0,34.3907875,132.4710392,85,
1010 0,34.3908519,132.4710923,86,
1010 0,34.3912241,132.4712047,87,
1010 0,34.3916608,132.4713574,88,
1010 0,34.3923718,132.4716,89,
1010 0,34.39269,132.4717047,90,
1010 0,34.3932831,132.4721729,91,
1010 0,34.3938761,132.4726437,92,
1010 0,34.3948822,132.4734316,93,
1010 0,34.3956203,132.4740387,94,
1010 0,34.395992,132.474336,95,
1010 0,34.3963848,132.4746079,96,
1010 0,34.3970337,132.4734616,97,
1010 0,34.3971637,132.4736101,98,
1010 0,34.3971875,132.4738192,99,
1010 0,34.3971868,132.4738887,100,
1010 0,34.3971513,132.473995,101,
1010 0,34.3968889,132.4744962,102,
1011 0,34.3854916,132.4541632,1,
1011 0,34.3855961,132.4541991,2,
1011 0,34.3857903,132.4543061,3,
1011 0,34.3861401,132.4544256,4,
1011 0,34.3868071,132.4546491,5,
1011 0,34.3871307,132.4547684,6,
1011 0,34.3874717,132.4548883,7,
1011 0,34.3879649,132.4550613,8,
1011 0,34.3883235,132.4551849,9,
1011 0,34.3886451,132.4553005,10,
1011 0,34.3889775,132.4554176,11,
1011 0,34.3893165,132.4555325,12,
1011 0,34.3898867,132.4557318,13,
1011 0,34.3897954,132.4560197,14,
1011 0,34.3895925,132.4567763,15,
1011 0,34.3894014,132.4574848,16,
1011 0,34.3891612,132.4583939,17,
1011 0,34.3889127,132.4593092,18,
1011 0,34.3885154,132.4608337,19,
1011 0,34.3883355,132.4615361,20,
1011 0,34.3881501,132.4622222,21,
1011 0,34.3879244,132.4630762,22,
1011 0,34.387849,132.4633419,23,
1011 0,34.3877809,132.4636056,24,
1011 0,34.3876318,132.4641584,25,
1011 0,34.3875915,132.4645798,26,
1011 0,34.3875891,132.4647436,27,
1011 0,34.3876044,132.4648899,28,
1011 0,34.3876455,132.4650923,29,
1011 0,34.3877017,132.4653176,30,
1011 0,34.3878248,132.465553,31,
1011 0,34.3884541,132.4667188,32,
1011 0,34.3885779,132.466949,33,
1011 0,34.3887495,132.4672653,34,
1011 0,34.3890759,132.467872,35,
1011 0,34.3893279,132.4683413,36,
1011 0,34.389466,132.4685998,37,
1011 0,34.3895827,132.4688088,38,
1011 0,34.3897742,132.4691685,39,
1011 0,34.3898758,132.4693696,40,
1011 0,34.389977,132.4695497,41,
1011 0,34.3901475,132.4698773,42,
1011 0,34.3902234,132.4700177,43,
1011 0,34.3902951,132.470152,44,
1011 0,34.3903604,132.470276,45,
1011 0,34.3904199,132.4703852,46,
1011 0,34.3904599,132.4704523,47,
1011 0,34.3905051,132.4705329,48,
1011 0,34.3905737,132.4706593,49,
1011 0,34.3906287,132.4707632,50,
1011 0,34.3906761,132.4708338,51,
1011 0,34.3907875,132.4710392,52,
1011 0,34.3909195,132.4710896,53,
1011 0,34.3913901,132.471265,54,
1011 0,34.3916337,132.4713512,55,
1011 0,34.391964,132.4714572,56,
1011 0,34.3921022,132.4715091,57,
1011 0,34.3923988,132.4716095,58,
1011 0,34.3926524,132.4716946,59,
1011 0,34.3931842,132.4720896,60,
1011 0,34.3934101,132.4722705,61,
1011 0,34.3937762,132.4725585,62,
1011 0,34.394036,132.4727652,63,
1011 0,34.3946736,132.4732657,64,
1011 0,34.3951635,132.47366,65,
1011 0,34.3954444,132.4738903,66,
1011 0,34.3956991,132.4740981,67,
1011 0,34.3958342,132.4742086,68,
1011 0,34.3959223,132.4742791,69,
1011 0,34.3960031,132.4743491,70,
1011 0,34.3961064,132.4744199,71,
1011 0,34.3962536,132.4745199,72,
1011 0,34.3962968,132.4745339,73,
1011 0,34.3963607,132.4745388,74,
1011 0,34.3964369,132.4745398,75,
1011 0,34.3964869,132.4744984,76,
1011 0,34.3967431,132.4740442,77,
1011 0,34.3968574,132.4738283,78,
1011 0,34.3970327,132.4735004,79,
1011 0,34.3971506,132.4736075,80,
1011 0,34.3971614,132.4736395,81,
1011 0,34.397182,132.4738492,82,
1011 0,34.3971665,132.4739518,83,
1011 0,34.3971116,132.4740638,84,
1020 9,34.3968844,132.4745086,1,
1020 9,34.3967474,132.4747775,2,
1020 9,34.3966835,132.4748553,3,
1020 9,34.3966107,132.474883,4,
1020 9,34.3965718,132.4748845,5,
1020 9,34.3965077,132.4748533,6,
1020 9,34.3962766,132.4748103,7,
1020 9,34.3961856,132.4747434,8,
1020 9,34.3960436,132.4746495,9,
1020 9,34.3959101,132.4745458,10,
1020 9,34.3950736,132.4738757,11,
1020 9,34.3946454,132.4735473,12,
1020 9,34.394225,132.4732082,13,
1020 9,34.39318,132.472333,14,
1020 9,34.392567,132.4718381,15,
1020 9,34.3923706,132.4717724,16,
1020 9,34.3919135,132.4716091,17,
1020 9,34.3914331,132.4714518,18,
1020 9,34.3908653,132.4712694,19,
1020 9,34.3906542,132.4711392,20,
1020 9,34.3903514,132.4705819,21,
1020 9,34.390053,132.4700272,22,
1020 9,34.3897652,132.4694996,23,
1020 9,34.3895765,132.4691426,24,
1020 9,34.3894669,132.4689726,25,
1020 9,34.3891912,132.4685178,26,
1020 9,34.3891034,132.4683738,27,
1020 9,34.3889282,132.4680502,28,
1020 9,34.3886543,132.4675396,29,
1020 9,34.3885049,132.4672639,30,
1020 9,34.388359,132.4669832,31,
1020 9,34.3876544,132.4656231,32,
1020 9,34.3873377,132.4650565,33,
1020 9,34.387541,132.4641989,34,
1020 9,34.3877488,132.4633615,35,
1020 9,34.3880326,132.4622714,36,
1020 9,34.388352,132.4610876,37,
1020 9,34.3886086,132.4601368,38,
1020 9,34.3889208,132.458957,39,
1020 9,34.3890874,132.458307,40,
1020 9,34.389233,132.4577703,41,
1020 9,34.3894762,132.4568605,42,
1020 9,34.3896322,132.456201,43,
1020 9,34.3897073,132.4558923,44,
1020 9,34.389925,132.4557196,45,
1020 9,34.3906422,132.4559811,46,
1020 9,34.3913683,132.4562284,47,
1020 9,34.3925204,132.456607,48,
1020 9,34.3931036,132.4568069,49,
1020 9,34.3938536,132.4570735,50,
1020 9,34.3943513,132.4572365,51,
1020 9,34.3948402,132.4574223,52,
1020 9,34.3950969,132.4575159,53,
1020 9,34.3953967,132.4576103,54,
1020 9,34.3951255,132.4586702,55,
1020 9,34.3949667,132.4592244,56,
1020 9,34.3948306,132.4597954,57,
1020 9,34.394584,132.4607439,58,
1020 9,34.3944415,132.4613236,59,
1020 9,34.3943022,132.4618898,60,
1020 9,34.3940918,132.4626845,61,
1020 9,34.3938713,132.4635784,62,
1020 9,34.3936863,132.4642526,63,
1020 9,34.3935113,132.4649296,64,
1020 9,34.3934263,132.465303,65,
1020 9,34.3933205,132.4665561,66,
1020 9,34.3932765,132.4672097,67,
1020 9,34.3932412,132.4675855,68,
1020 9,34.3932037,132.4678727,69,
1020 9,34.3929799,132.4692399,70,
1020 9,34.3927744,132.4706904,71,
1020 9,34.3927097,132.4711501,72,
1020 9,34.3926423,132.4716627,73,
1020 9,34.3934101,132.4722705,74,
1020 9,34.3939117,132.4726727,75,
1020 9,34.3944161,132.4730629,76,
1020 9,34.3950165,132.4735454,77,
1020 9,34.3956203,132.4740387,78,
1020 9,34.3960031,132.4743491,79,
1020 9,34.3963848,132.4746079,80,
1020 9,34.3970337,132.4734616,81,
1020 9,34.3971457,132.473598,82,
1020 9,34.3971745,132.4738212,83,
1020 9,34.3971702,132.4738887,84,
1020 9,34.396854,132.4744895,85,
1030 9,34.3969081,132.4744708,1,
1030 9,34.3967258,132.4748095,2,
1030 9,34.3966918,132.4748417,3,
1030 9,34.3965972,132.4748543,4,
1030 9,34.3965403,132.4748647,5,
1030 9,34.3964506,132.4748453,6,
1030 9,34.3963337,132.4748407,7,
1030 9,34.3961613,132.4747255,8,
1030 9,34.3956248,132.4743231,9,
1030 9,34.3951586,132.4739612,10,
1030 9,34.3948387,132.4737137,11,
1030 9,34.3940827,132.4731089,12,
1030 9,34.3937761,132.4728548,13,
1030 9,34.3934745,132.472608,14,
1030 9,34.3929555,132.4721986,15,
1030 9,34.3925729,132.4718841,16,
1030 9,34.3924256,132.4718048,17,
1030 9,34.3920042,132.4716504,18,
1030 9,34.391442,132.4714795,19,
1030 9,34.3910206,132.4713449,20,
1030 9,34.3907409,132.4712562,21,
1030 9,34.3906506,132.47115,22,
1030 9,34.3905592,132.4709734,23,
1030 9,34.3902245,132.4703401,24,
1030 9,34.3898468,132.4696206,25,
1030 9,34.3896983,132.4693357,26,
1030 9,34.3894555,132.4689193,27,
1030 9,34.3892457,132.468605,28,
1030 9,34.3892459,132.4686092,29,
1030 9,34.3891875,132.4685164,30,
1030 9,34.38913,132.4684129,31,
1030 9,34.3889599,132.4680982,32,
1030 9,34.3887978,132.4677912,33,
1030 9,34.3886529,132.4675286,34,
1030 9,34.3885165,132.4672716,35,
1030 9,34.3882777,132.4668132,36,
1030 9,34.3880995,132.4664788,37,
1030 9,34.3879363,132.4661697,38,
1030 9,34.3877925,132.4658767,39,
1030 9,34.3876609,132.4656307,40,
1030 9,34.3875167,132.4653503,41,
1030 9,34.3873451,132.4650007,42,
1030 9,34.3875374,132.4642786,43,
1030 9,34.3876348,132.4639183,44,
1030 9,34.3876989,132.4636555,45,
1030 9,34.3877492,132.4634586,46,
1030 9,34.3878789,132.4629426,47,
1030 9,34.3879351,132.4627237,48,
1030 9,34.3880895,132.4621421,49,
1030 9,34.3881541,132.4619036,50,
1030 9,34.3882349,132.4615985,51,
1030 9,34.3883058,132.4613179,52,
1030 9,34.3884343,132.4608299,53,
1030 9,34.3884962,132.4606101,54,
1030 9,34.3886996,132.4598549,55,
1030 9,34.3890191,132.4586059,56,
1030 9,34.3892234,132.4578553,57,
1030 9,34.3895577,132.4566252,58,
1030 9,34.3895961,132.4562383,59,
1030 9,34.3895924,132.4561451,60,
1030 9,34.3895775,132.4560443,61,
1030 9,34.3895438,132.4559705,62,
1030 9,34.3895027,132.455907,63,
1030 9,34.3894575,132.4558534,64,
1030 9,34.3893798,132.4557227,65,
1030 9,34.3887692,132.4555171,66,
1030 9,34.3881323,132.455305,67,
1030 9,34.3875489,132.4551094,68,
1030 9,34.386621,132.4547741,69,
2102 9,34.3971415,132.4739977,1,
2102 9,34.3970512,132.4741867,2,
2102 9,34.3969612,132.4743555,3,
2102 9,34.3968479,132.4745815,4,
2102 9,34.3967474,132.4747775,5,
2102 9,34.3966835,132.4748553,6,
2102 9,34.3966107,132.474883,7,
2102 9,34.396573,132.4748886,8,
2102 9,34.3965,132.474854,9,
2102 9,34.3962716,132.4748119,10,
2102 9,34.3961077,132.474687,11,
2102 9,34.3956305,132.4743298,12,
2102 9,34.3952538,132.4740211,13,
2102 9,34.3949061,132.4737632,14,
2102 9,34.39443,132.4733779,15,
2102 9,34.393995,132.4730238,16,
2102 9,34.3935755,132.4726791,17,
2102 9,34.3933375,132.4724921,18,
2102 9,34.3931101,132.4723044,19,
2102 9,34.3928018,132.472068,20,
2102 9,34.3924913,132.4718041,21,
2102 9,34.3925319,132.471467,22,
2102 9,34.392619,132.4708112,23,
2102 9,34.3927245,132.4701952,24,
2102 9,34.3928206,132.4695559,25,
2102 9,34.3928973,132.4690181,26,
2102 9,34.3929867,132.4683107,27,
2102 9,34.3930768,132.4676407,28,
2102 9,34.3931284,132.4670774,29,
2102 9,34.3931733,132.4664048,30,
2102 9,34.3932116,132.4658955,31,
2102 9,34.3932405,132.4654417,32,
2102 9,34.3933821,132.4648003,33,
2102 9,34.3935852,132.4639443,34,
2102 9,34.3937988,132.4630817,35,
2102 9,34.3939176,132.4626541,36,
2102 9,34.3940376,132.4621997,37,
2102 9,34.3941928,132.4615894,38,
2102 9,34.3943519,132.4609819,39,
2102 9,34.3945186,132.4603292,40,
2102 9,34.3947436,132.4594887,41,
2102 9,34.3949631,132.458608,42,
2102 9,34.3950525,132.4582647,43,
2102 9,34.3951498,132.4578786,44,
2102 9,34.3950586,132.4576701,45,
2102 9,34.3946641,132.4575139,46,
2102 9,34.394203,132.4573459,47,
2102 9,34.3934637,132.4570992,48,
2102 9,34.3927482,132.4568547,49,
2102 9,34.3922816,132.4566921,50,
2102 9,34.3917905,132.4565234,51,
2102 9,34.39122,132.4563349,52,
2102 9,34.3906523,132.456153,53,
2102 9,34.3898652,132.4559017,54,
2102 9,34.3888941,132.4555718,55,
2102 9,34.3877608,132.4551859,56,
2102 9,34.3869554,132.4549093,57,
2102 9,34.3861711,132.4546338,58,
2102 9,34.3854123,132.4543906,59,
2102 9,34.3844976,132.4540888,60,
2102 9,34.3843505,132.4539649,61,
2102 9,34.3838103,132.4538099,62,
2102 9,34.3836104,132.4537515,63,
2102 9,34.3834448,132.4537542,64,
2102 9,34.3834651,132.4538423,65,
2102 9,34.3834709,132.453913,66,
2102 9,34.3834516,132.4540624,67,
2102 9,34.3833686,132.4541626,68,
2102 9,34.382979,132.4544371,69,
2102 9,34.3825992,132.4547059,70,
2102 9,34.3820113,132.4551405,71,
2102 9,34.3813547,132.4556144,72,
2102 9,34.3806504,132.4561206,73,
2102 9,34.3801238,132.4564905,74,
2102 9,34.3796139,132.4568278,75,
2102 9,34.3791151,132.4571492,76,
2102 9,34.3784985,132.4575231,77,
2102 9,34.3778452,132.4579316,78,
2102 9,34.3769775,132.4585564,79,
2102 9,34.3759222,132.4592909,80,
2102 9,34.3753566,132.4597316,81,
2102 9,34.3752016,132.4599166,82,
2102 9,34.3751064,132.4601124,83,
2102 9,34.374989,132.4605575,84,
2102 9,34.3747291,132.461588,85,
2102 9,34.3746607,132.4618767,86,
2102 9,34.3745691,132.4626736,87,
2102 9,34.3743891,132.4634406,88,
2102 9,34.3740948,132.4646652,89,
2102 9,34.3738534,132.4646159,90,
2102 9,34.373107,132.4645883,91,
2102 9,34.3724872,132.4645666,92,
2102 9,34.3716571,132.4646414,93,
2102 9,34.3712387,132.4633133,94,
2102 9,34.3710144,132.4632057,95,
2102 9,34.3709303,132.4632186,96,
2102 9,34.3707099,132.4631899,97,
2102 9,34.3703367,132.4631529,98,
2102 9,34.3692924,132.4630535,99,
2102 9,34.3682064,132.4629576,100,
2102 9,34.3668382,132.4628291,101,
2102 9,34.3664511,132.4627901,102,
2102 9,34.3659472,132.4627445,103,
2102 9,34.365682,132.4627231,104,
2102 9,34.3654334,132.4626989,105,
2102 9,34.364909,132.4626492,106,
2102 9,34.3643846,132.4626022,107,
2102 9,34.3632602,132.4624909,108,
2102 9,34.3623526,132.4624157,109,
2102 9,34.3612828,132.4623177,110,
2102 9,34.3604083,132.462239,111,
2102 9,34.3593874,132.4621496,112,
2102 9,34.3584375,132.4620645,113,
2102 9,34.3573709,132.4619651,114,
2102 9,34.3564688,132.4618813,115,
2102 9,34.3554222,132.4617961,116,
2102 9,34.3543868,132.4617188,117,
2102 9,34.3540414,132.4616625,118,
2102 9,34.3540695,132.4609185,119,
2102 9,34.3541667,132.4601655,120,
2102 9,34.3543157,132.4596612,121,
2102 9,34.3542995,132.4595662,122,
2102 9,34.3542941,132.4594327,123,
2102 9,34.3543367,132.4592202,124,
2102 9,34.3546078,132.4585752,125,
2102 9,34.3546714,132.4585789,126,
2102 9,34.3547351,132.4585389,127,
2102 9,34.3548862,132.458181,128,
2102 9,34.3549144,132.4580136,129,
2102 9,34.3548911,132.4579919,130,
2102 9,34.3543722,132.4577043,131,
2102 9,34.3539223,132.4574815,132,
2102 9,34.3528724,132.4570816,133,
2102 9,34.3527847,132.4569557,134,
2102 9,34.352728,132.4568017,135,
2102 9,34.3527086,132.4566516,136,
2102 9,34.3527411,132.4564198,137,
2102 9,34.3526635,132.4563238,138,
2102 9,34.3526443,132.4562277,139,
2102 9,34.3528991,132.4552252,140,
2103 0,34.3532412,132.4533726,1,
2103 0,34.3535879,132.4534898,2,
2103 0,34.353219,132.4549511,3,
2103 0,34.3528328,132.4563903,4,
2103 0,34.3526635,132.4563238,5,
2103 0,34.3526446,132.4562234,6,
2103 0,34.3529925,132.4548837,7,
2103 0,34.3530042,132.454847,8,
2103 0,34.3530304,132.454811,9,
2103 0,34.3530688,132.4547928,10,
2103 0,34.3531265,132.4547894,11,
2103 0,34.3531662,132.4548163,12,
2103 0,34.3532336,132.4548916,13,
2103 0,34.3530466,132.4555911,14,
2103 0,34.3528246,132.4564255,15,
2103 0,34.3528079,132.4566921,16,
2103 0,34.3529246,132.4569421,17,
2103 0,34.3530435,132.4570459,18,
2103 0,34.3538724,132.4573751,19,
2103 0,34.3543442,132.4575893,20,
2103 0,34.3549759,132.4579196,21,
2103 0,34.3551411,132.4581586,22,
2103 0,34.3548456,132.4587911,23,
2103 0,34.3547122,132.4590946,24,
2103 0,34.3545411,132.4595751,25,
2103 0,34.3544212,132.4600859,26,
2103 0,34.3543211,132.4606917,27,
2103 0,34.3542289,132.4616498,28,
2103 0,34.3548911,132.4616996,29,
2103 0,34.3553339,132.4617417,30,
2103 0,34.3557744,132.461779,31,
2103 0,34.356356,132.461841,32,
2103 0,34.3569415,132.4618969,33,
2103 0,34.3574556,132.4619423,34,
2103 0,34.3579687,132.4619896,35,
2103 0,34.3586047,132.4620551,36,
2103 0,34.3589221,132.4620779,37,
2103 0,34.3592418,132.4621053,38,
2103 0,34.3600406,132.4621747,39,
2103 0,34.3611238,132.4622746,40,
2103 0,34.3621559,132.4623639,41,
2103 0,34.3632572,132.4624605,42,
2103 0,34.3650404,132.4626218,43,
2103 0,34.3655652,132.4626634,44,
2103 0,34.3658265,132.462689,45,
2103 0,34.3660878,132.4627128,46,
2103 0,34.3672373,132.4628218,47,
2103 0,34.3682564,132.4629242,48,
2103 0,34.3688458,132.4629732,49,
2103 0,34.3691399,132.4630024,50,
2103 0,34.369439,132.463033,51,
2103 0,34.3701554,132.4631019,52,
2103 0,34.3705138,132.463127,53,
2103 0,34.3706941,132.4631392,54,
2103 0,34.3708731,132.4631517,55,
2103 0,34.3710412,132.463164,56,
2103 0,34.3712597,132.4632696,57,
2103 0,34.3719478,132.4635592,58,
2103 0,34.3722824,132.463698,59,
2103 0,34.372611,132.4638348,60,
2103 0,34.3729729,132.4639879,61,
2103 0,34.3734427,132.464208,62,
2103 0,34.3736812,132.4643056,63,
2103 0,34.3740068,132.464441,64,
2103 0,34.3740336,132.4642781,65,
2103 0,34.3741484,132.4637793,66,
2103 0,34.3743872,132.4627566,67,
2103 0,34.3744724,132.462374,68,
2103 0,34.374554,132.4617252,69,
2103 0,34.3746605,132.4612762,70,
2103 0,34.3749723,132.4599742,71,
2103 0,34.3751889,132.4596409,72,
2103 0,34.3755581,132.4594033,73,
2103 0,34.3760586,132.459042,74,
2103 0,34.3769364,132.4584114,75,
2103 0,34.3773828,132.4580944,76,
2103 0,34.3783052,132.4575039,77,
2103 0,34.3790528,132.4570133,78,
2103 0,34.3798261,132.4565276,79,
2103 0,34.3806015,132.4559858,80,
2103 0,34.3813514,132.4554373,81,
2103 0,34.3822815,132.454762,82,
2103 0,34.3829079,132.4543011,83,
2103 0,34.3831435,132.4541358,84,
2103 0,34.3832501,132.4539411,85,
2103 0,34.3833024,132.4537155,86,
2103 0,34.3834364,132.4536063,87,
2103 0,34.3837584,132.4535888,88,
2103 0,34.3847201,132.4539327,89,
2103 0,34.3857111,132.4542757,90,
2103 0,34.3863238,132.4544854,91,
2103 0,34.3873687,132.4548514,92,
2103 0,34.3883886,132.4552142,93,
2103 0,34.3892085,132.4555041,94,
2103 0,34.3897663,132.4556935,95,
2103 0,34.3903251,132.4558667,96,
2103 0,34.3908434,132.456045,97,
2103 0,34.3913683,132.4562284,98,
2103 0,34.3919538,132.4564237,99,
2103 0,34.3925448,132.4566272,100,
2103 0,34.3930936,132.4568158,101,
2103 0,34.3936764,132.4570134,102,
2103 0,34.3942569,132.4572137,103,
2103 0,34.3948041,132.4574003,104,
2103 0,34.3953578,132.4575882,105,
2103 0,34.3958606,132.4577759,106,
2103 0,34.39637,132.4579567,107,
2103 0,34.3972466,132.4582854,108,
2103 0,34.3978415,132.4584959,109,
2103 0,34.3984309,132.4587172,110,
2103 0,34.3993285,132.4590425,111,
2103 0,34.3991586,132.4596831,112,
2103 0,34.3988754,132.4607515,113,
2103 0,34.3986365,132.4617396,114,
2103 0,34.3982044,132.4634247,115,
2103 0,34.3978812,132.464726,116,
2103 0,34.3976824,132.4654853,117,
2103 0,34.3973867,132.4666559,118,
2103 0,34.3971433,132.4676459,119,
2103 0,34.3969524,132.4684504,120,
2103 0,34.3966701,132.469539,121,
2103 0,34.3965201,132.4700807,122,
2103 0,34.3963579,132.4706075,123,
2103 0,34.3962001,132.4711331,124,
2103 0,34.3959871,132.4717613,125,
2103 0,34.3950315,132.4735315,126,
2103 0,34.3958047,132.4741489,127,
2103 0,34.3961043,132.4735919,128,
2113 0,34.3959339,132.4580478,1,
2113 0,34.3954878,132.4578799,2,
2113 0,34.3954393,132.4578894,3,
2113 0,34.395388,132.4579183,4,
2113 0,34.3953686,132.4579373,5,
2113 0,34.395337,132.4579911,6,
2113 0,34.3953127,132.4580745,7,
2113 0,34.3952878,132.45817,8,
2113 0,34.3952398,132.4583597,9,
2113 0,34.3951554,132.4586438,10,
2113 0,34.3951163,132.4587865,11,
2113 0,34.3950799,132.4589299,12,
2113 0,34.3949306,132.4595384,13,
2113 0,34.3949065,132.4596498,14,
2113 0,34.3948242,132.4599805,15,
2113 0,34.3947424,132.4602528,16,
2113 0,34.3946072,132.4607903,17,
2113 0,34.3945109,132.4611496,18,
2113 0,34.394326,132.4619118,19,
2113 0,34.3939347,132.4634316,20,
2113 0,34.3937125,132.4642953,21,
2113 0,34.393565,132.4648741,22,
2113 0,34.3935248,132.4650501,23,
2113 0,34.3934669,132.4653181,24,
2113 0,34.3934304,132.4656731,25,
2113 0,34.3934021,132.4660301,26,
2113 0,34.3933424,132.4667435,27,
2113 0,34.3932697,132.4676452,28,
2113 0,34.3932502,132.4678005,29,
2113 0,34.39315,132.468502,30,
2113 0,34.3930854,132.4689543,31,
2113 0,34.3930272,132.469055,32,
2113 0,34.3928643,132.4701562,33,
2113 0,34.3928849,132.4702898,34,
2113 0,34.3927978,132.4708937,35,
2113 0,34.3927672,132.4710188,36,
2113 0,34.3927326,132.4713471,37,
2113 0,34.3927148,132.4714743,38,
2113 0,34.3927147,132.4715352,39,
2113 0,34.3927251,132.4715935,40,
2113 0,34.3927456,132.4716361,41,
2113 0,34.3927886,132.471699,42,
2113 0,34.3933544,132.4721401,43,
2113 0,34.3938182,132.4725122,44,
2113 0,34.3942782,132.4728849,45,
2113 0,34.3946688,132.4731892,46,
2113 0,34.3948607,132.4733437,47,
2113 0,34.3950582,132.4734952,48,
2113 0,34.3951434,132.4735671,49,
2113 0,34.3952252,132.4736404,50,
2113 0,34.3954028,132.4737841,51,
2113 0,34.3955633,132.4739146,52,
2113 0,34.3957194,132.4740451,53,
2113 0,34.3957616,132.4740448,54,
2113 0,34.3957885,132.4740428,55,
2113 0,34.3958129,132.4740297,56,
2113 0,34.3958397,132.4740127,57,
2113 0,34.3958797,132.4739626,58,
2113 0,34.3959316,132.4738663,59,
2113 0,34.3959898,132.473777,60,
2113 0,34.3960499,132.4736615,61,
2113 0,34.3960741,132.4736131,62,
2113 0,34.3960936,132.4735755,63,
2113 0,34.3961286,132.473515,64,
2113 0,34.3962831,132.4732376,65,
2113 0,34.3964348,132.4729583,66,
2113 0,34.3965104,132.472822,67,
2113 0,34.3965639,132.4727373,68,
2113 0,34.3966577,132.4726097,69,
2113 0,34.3967444,132.4725096,70,
2113 0,34.3968396,132.4724077,71,
2113 0,34.3968989,132.4723533,72,
2113 0,34.397065,132.4722184,73,
2113 0,34.3971249,132.4721785,74,
2113 0,34.3971726,132.4721512,75,
2113 0,34.3975953,132.4719072,76,
2113 0,34.3977294,132.4718438,77,
2113 0,34.3977831,132.4718281,78,
2113 0,34.3979009,132.4721996,79,
2113 0,34.397878,132.4722211,80,
2113 0,34.3978061,132.4723364,81,
2113 0,34.397712,132.4725014,82,
2113 0,34.3975539,132.4727931,83,
2113 0,34.3974256,132.4730479,84,
2113 0,34.397175,132.4734951,85,
2113 0,34.3970754,132.4736513,86,
2113 0,34.3969841,132.4738135,87,
2113 0,34.3965918,132.4745422,88,
2113 0,34.3964793,132.4747231,89,
2113 0,34.3963738,132.4749297,90,
2113 0,34.3963513,132.4749749,91,
2113 0,34.3963266,132.4750296,92,
2113 0,34.3962609,132.4751855,93,
2113 0,34.3960309,132.4756015,94,
2113 0,34.3960062,132.4756685,95,
2113 0,34.3959787,132.4757302,96,
2113 0,34.3959046,132.4758348,97,
2113 0,34.3957751,132.4760115,98,
2113 0,34.3955681,132.4763598,99,
2113 0,34.395546,132.4764258,100,
2113 0,34.3954801,132.4765467,101,
2113 0,34.3953133,132.4767982,102,
2113 0,34.3951549,132.4770142,103,
2113 0,34.3949567,132.4772348,104,
2113 0,34.3945624,132.4775756,105,
2113 0,34.394142,132.4779141,106,
2113 0,34.3934705,132.4784947,107,
2113 0,34.3929796,132.4789363,108,
2113 0,34.3922923,132.4794731,109,
2113 0,34.3920275,132.4797302,110,
2113 0,34.3919432,132.479833,111,
2113 0,34.3918665,132.4799451,112,
2113 0,34.391787,132.4800862,113,
2113 0,34.3917476,132.4801611,114,
2113 0,34.3917121,132.480238,115,
2113 0,34.391584,132.480594,116,
2113 0,34.3914999,132.4808759,117,
2113 0,34.3914817,132.4809446,118,
2113 0,34.3914132,132.4811772,119,
2113 0,34.3913934,132.4812535,120,
2113 0,34.3913448,132.4814097,121,
2113 0,34.3911767,132.4819285,122,
2113 0,34.3908794,132.4827646,123,
2113 0,34.3905566,132.4837065,124,
2113 0,34.3904889,132.4839015,125,
2113 0,34.3903645,132.4842061,126,
2113 0,34.3902615,132.484484,127,
2113 0,34.3901586,132.4847418,128,
2113 0,34.3901115,132.4848537,129,
2113 0,34.3897077,132.4860468,130,
2113 0,34.3896374,132.4862254,131,
2113 0,34.3895742,132.486412,132,
2113 0,34.3894333,132.4868164,133,
2113 0,34.3891958,132.4876164,134,
2113 0,34.3886615,132.4894386,135,
2113 0,34.3881092,132.4913448,136,
2113 0,34.387868,132.4921588,137,
2113 0,34.3876444,132.4929337,138,
2113 0,34.3876383,132.4929933,139,
2113 0,34.387524,132.4933865,140,
2113 0,34.3874905,132.4934605,141,
2113 0,34.3874257,132.4936803,142,
2113 0,34.3873289,132.4940248,143,
2113 0,34.3868087,132.4959747,144,
2113 0,34.3866207,132.4966905,145,
2113 0,34.386595,132.4968536,146,
2113 0,34.3865871,132.4969593,147,
2113 0,34.3865731,132.4970562,148,
2113 0,34.386512,132.497329,149,
2113 0,34.3864316,132.4976806,150,
2113 0,34.3863125,132.4982045,151,
2113 0,34.3861741,132.4987001,152,
2113 0,34.3860429,132.4991831,153,
2113 0,34.3860217,132.4992641,154,
2113 0,34.3859042,132.4996092,155,
2113 0,34.3858666,132.4997581,156,
2113 0,34.385829,132.4998768,157,
2113 0,34.3857631,132.500195,158,
2113 0,34.3857337,132.5002259,159,
2113 0,34.3857025,132.5002689,160,
2113 0,34.3855383,132.5006546,161,
2113 0,34.3854295,132.5009014,162,
2113 0,34.3853993,132.5009049,163,
2113 0,34.3853488,132.5009549,164,
2113 0,34.3853014,132.5010275,165,
2113 0,34.3852745,132.5010426,166,
2113 0,34.3852154,132.5010839,167,
2113 0,34.3851034,132.5011704,168,
2113 0,34.3848489,132.5012852,169,
2113 0,34.3846011,132.5013824,170,
2113 0,34.3844338,132.5014346,171,
2113 0,34.3841912,132.5014861,172,
2113 0,34.3841571,132.5014913,173,
2113 0,34.3840311,132.5014871,174,
2113 0,34.3835899,132.5015081,175,
2113 0,34.3833503,132.5015425,176,
2113 0,34.3831118,132.5015956,177,
2113 0,34.3828838,132.5016637,178,
2113 0,34.3826378,132.5017638,179,
2113 0,34.3824275,132.5018723,180,
2113 0,34.3822134,132.5019902,181,
2113 0,34.3818138,132.50225,182,
2113 0,34.3814193,132.5024976,183,
2113 0,34.3804486,132.5031041,184,
2113 0,34.3797614,132.5035362,185,
2113 0,34.3794299,132.5037562,186,
2113 0,34.3791983,132.503885,187,
2113 0,34.3790951,132.503936,188,
2113 0,34.3789132,132.5040117,189,
2113 0,34.3787307,132.5040654,190,
2113 0,34.3785289,132.5041184,191,
2113 0,34.3783911,132.5041473,192,
2113 0,34.3782599,132.5041976,193,
2113 0,34.3779544,132.5042566,194,
2113 0,34.3774113,132.50437,195,
2113 0,34.3768039,132.5045015,196,
2113 0,34.3763146,132.5046228,197,
2113 0,34.3759831,132.5046949,198,
2113 0,34.3759601,132.5047128,199,
2113 0,34.3757788,132.5047831,200,
2113 0,34.3754837,132.5049832,201,
2113 0,34.375203,132.505186,202,
2113 0,34.3750101,132.5053797,203,
2113 0,34.3748881,132.5051583,204,
2113 0,34.374775,132.5049896,205,
2113 0,34.374736,132.504943,206,
2113 0,34.3746791,132.5049091,207,
2113 0,34.3738049,132.5050868,208,
2113 0,34.3727412,132.5053242,209,
2113 0,34.371517,132.5056003,210,
2113 0,34.3713636,132.5056307,211,
2113 0,34.3712211,132.5055682,212,
2113 0,34.3711847,132.50556,213,
2113 0,34.3708135,132.5055733,214,
2113 0,34.3701233,132.5056604,215,
2113 0,34.3700755,132.5056557,216,
2113 0,34.3700408,132.5056463,217,
2113 0,34.3699669,132.5056148,218,
2113 0,34.3698368,132.5055299,219,
2113 0,34.3696945,132.5054129,220,
2113 0,34.3695147,132.5052625,221,
2113 0,34.3693664,132.5051138,222,
2113 0,34.3693675,132.5050907,223,
2113 0,34.3693542,132.5050581,224,
2113 0,34.369342,132.5050397,225,
2113 0,34.3693081,132.5050103,226,
2113 0,34.3689078,132.5049436,227,
2113 0,34.3684237,132.5048931,228,
2113 0,34.3674294,132.5047977,229,
2113 0,34.3671694,132.5047709,230,
2113 0,34.3669282,132.5047481,231,
2113 0,34.3664602,132.5047051,232,
2113 0,34.3664303,132.5047571,233,
2113 0,34.3664247,132.5048145,234,
2113 0,34.3664789,132.5049413,235,
2113 0,34.3665435,132.5051094,236,
2113 9,34.3666143,132.5054041,1,
2113 9,34.3664871,132.5050565,2,
2113 9,34.3663953,132.5048014,3,
2113 9,34.3664181,132.50468,4,
2113 9,34.3665018,132.504674,5,
2113 9,34.3670373,132.5047243,6,
2113 9,34.3678044,132.5047956,7,
2113 9,34.3685922,132.5048672,8,
2113 9,34.3689327,132.5048987,9,
2113 9,34.3692635,132.5049405,10,
2113 9,34.3693734,132.504963,11,
2113 9,34.3694372,132.5049897,12,
2113 9,34.3694767,132.5050163,13,
2113 9,34.3695668,132.5051164,14,
2113 9,34.3696284,132.5052232,15,
2113 9,34.3697085,132.5053467,16,
2113 9,34.3698164,132.5054439,17,
2113 9,34.3699496,132.505538,18,
2113 9,34.3700803,132.5056012,19,
2113 9,34.3701285,132.5056122,20,
2113 9,34.37049,132.505567,21,
2113 9,34.3708477,132.5055339,22,
2113 9,34.3712146,132.5055135,23,
2113 9,34.3714082,132.5055821,24,
2113 9,34.3716096,132.5055307,25,
2113 9,34.3721723,132.5054061,26,
2113 9,34.3729744,132.5052233,27,
2113 9,34.3738787,132.5050224,28,
2113 9,34.3743012,132.5049315,29,
2113 9,34.3745122,132.5048894,30,
2113 9,34.374706,132.5048573,31,
2113 9,34.374961,132.5052173,32,
2113 9,34.3754518,132.5048189,33,
2113 9,34.3757563,132.5047204,34,
2113 9,34.3759238,132.5046422,35,
2113 9,34.3763238,132.5045438,36,
2113 9,34.37736,132.5043159,37,
2113 9,34.3778068,132.504212,38,
2113 9,34.3780277,132.5041473,39,
2113 9,34.3782486,132.5041055,40,
2113 9,34.3785356,132.5040584,41,
2113 9,34.3786794,132.5040231,42,
2113 9,34.3788238,132.5039811,43,
2113 9,34.3789115,132.5039604,44,
2113 9,34.3791885,132.5038405,45,
2113 9,34.3793894,132.5037287,46,
2113 9,34.3796488,132.5035596,47,
2113 9,34.3799081,132.5033847,48,
2113 9,34.3803225,132.5031203,49,
2113 9,34.3808082,132.502814,50,
2113 9,34.3810525,132.5026633,51,
2113 9,34.3811757,132.5025879,52,
2113 9,34.3812987,132.5025125,53,
2113 9,34.3818338,132.5021794,54,
2113 9,34.3820958,132.5020058,55,
2113 9,34.3822321,132.5019267,56,
2113 9,34.38237,132.5018487,57,
2113 9,34.3826096,132.501723,58,
2113 9,34.3828564,132.5016214,59,
2113 9,34.3831051,132.5015362,60,
2113 9,34.383363,132.5014856,61,
2113 9,34.3836898,132.5014544,62,
2113 9,34.3838573,132.5014428,63,
2113 9,34.3840215,132.5014359,64,
2113 9,34.3842942,132.5013935,65,
2113 9,34.384427,132.5013543,66,
2113 9,34.3845567,132.5013116,67,
2113 9,34.3846904,132.5012637,68,
2113 9,34.384822,132.5012137,69,
2113 9,34.3849444,132.5011726,70,
2113 9,34.3850823,132.501096,71,
2113 9,34.3851882,132.5010224,72,
2113 9,34.385283,132.5009341,73,
2113 9,34.385352,132.5008626,74,
2113 9,34.3854806,132.5006489,75,
2113 9,34.3856495,132.5002532,76,
2113 9,34.3857701,132.4998955,77,
2113 9,34.3858885,132.4995371,78,
2113 9,34.3859699,132.4992488,79,
2113 9,34.3860471,132.4989572,80,
2113 9,34.3861235,132.4986381,81,
2113 9,34.3862229,132.4981463,82,
2113 9,34.3863347,132.497665,83,
2113 9,34.3864309,132.4972821,84,
2113 9,34.386521,132.4969174,85,
2113 9,34.386638,132.4964357,86,
2113 9,34.3867622,132.4959631,87,
2113 9,34.386893,132.4954516,88,
2113 9,34.3870285,132.4949471,89,
2113 9,34.3871795,132.4943717,90,
2113 9,34.387258,132.4940823,91,
2113 9,34.3873363,132.4937949,92,
2113 9,34.387493,132.4932469,93,
2113 9,34.3875723,132.4929719,94,
2113 9,34.3876554,132.4926982,95,
2113 9,34.3879548,132.4916709,96,
2113 9,34.3882576,132.49064,97,
2113 9,34.388403,132.4901273,98,
2113 9,34.3884852,132.4898725,99,
2113 9,34.3885582,132.4896121,100,
2113 9,34.3887086,132.489107,101,
2113 9,34.3887827,132.4888528,102,
2113 9,34.3888543,132.4886103,103,
2113 9,34.389003,132.4880998,104,
2113 9,34.3890759,132.4878501,105,
2113 9,34.3891548,132.4875799,106,
2113 9,34.3893158,132.4870236,107,
2113 9,34.3894052,132.4867511,108,
2113 9,34.389497,132.4864777,109,
2113 9,34.3896677,132.4859499,110,
2113 9,34.3897608,132.48569,111,
2113 9,34.3898491,132.4854308,112,
2113 9,34.3899676,132.4850978,113,
2113 9,34.3900819,132.4847722,114,
2113 9,34.3901502,132.4845955,115,
2113 9,34.3902175,132.4844006,116,
2113 9,34.3902654,132.4842564,117,
2113 9,34.3903459,132.4840242,118,
2113 9,34.3905078,132.4835479,119,
2113 9,34.3906304,132.483099,120,
2113 9,34.3908024,132.482511,121,
2113 9,34.3909953,132.4819471,122,
2113 9,34.3911775,132.4814268,123,
2113 9,34.391352,132.4809959,124,
2113 9,34.3915581,132.4804395,125,
2113 9,34.3917786,132.4799099,126,
2113 9,34.391922,132.4797241,127,
2113 9,34.3920725,132.4795635,128,
2113 9,34.3926308,132.4790847,129,
2113 9,34.3928002,132.4789089,130,
2113 9,34.3930749,132.4786844,131,
2113 9,34.3931878,132.4786118,132,
2113 9,34.3933528,132.4784667,133,
2113 9,34.3943039,132.4776385,134,
2113 9,34.3947622,132.477197,135,
2113 9,34.394988,132.4769728,136,
2113 9,34.3950975,132.4768494,137,
2113 9,34.3952038,132.4767219,138,
2113 9,34.3956304,132.4760472,139,
2113 9,34.3958465,132.4756292,140,
2113 9,34.3960581,132.4752112,141,
2113 9,34.3962763,132.4748225,142,
2113 9,34.3953037,132.4740721,143,
2113 9,34.3942371,132.4732389,144,
2113 9,34.3931706,132.472389,145,
2113 9,34.3924919,132.4717829,146,
2113 9,34.3925252,132.4714736,147,
2113 9,34.3926039,132.4709058,148,
2113 9,34.3928039,132.4697225,149,
2113 9,34.3929483,132.4686687,150,
2113 9,34.3930177,132.4681187,151,
2113 9,34.3931038,132.4674061,152,
2113 9,34.3931705,132.4663728,153,
2113 9,34.3932265,132.4656062,154,
2113 9,34.393247,132.4654353,155,
2113 9,34.3933615,132.464905,156,
2113 9,34.3935371,132.4641563,157,
2113 9,34.3938037,132.4631064,158,
2113 9,34.3940203,132.4622564,159,
2113 9,34.3944279,132.4606579,160,
2113 9,34.3947296,132.459538,161,
2113 9,34.3948591,132.459022,162,
2113 9,34.3949863,132.458506,163,
2113 9,34.3952385,132.4575479,164,
2113 9,34.395787,132.4577568,165,
2113 9,34.3963338,132.4579476,166,
2113 9,34.3970154,132.4582036,167,
2122 0,34.396545,132.4582615,1,
2122 0,34.3959261,132.4580422,2,
2122 0,34.39549,132.4578745,3,
2122 0,34.3954405,132.4578859,4,
2122 0,34.395386,132.4579154,5,
2122 0,34.3953678,132.4579332,6,
2122 0,34.3953352,132.4579887,7,
2122 0,34.3952911,132.4581494,8,
2122 0,34.395247,132.4583228,9,
2122 0,34.3952311,132.4583834,10,
2122 0,34.3951795,132.4585539,11,
2122 0,34.3951463,132.4586685,12,
2122 0,34.3951143,132.4587864,13,
2122 0,34.3950553,132.4590216,14,
2122 0,34.3949189,132.4595832,15,
2122 0,34.3949045,132.4596506,16,
2122 0,34.3948221,132.4599793,17,
2122 0,34.3947402,132.4602523,18,
2122 0,34.394629,132.460695,19,
2122 0,34.3945053,132.4611627,20,
2122 0,34.3943867,132.461639,21,
2122 0,34.3943248,132.4619033,22,
2122 0,34.3942087,132.4623479,23,
2122 0,34.3938559,132.4637272,24,
2122 0,34.3935525,132.46491,25,
2122 0,34.3934645,132.4653185,26,
2122 0,34.3934277,132.465678,27,
2122 0,34.3933837,132.4662316,28,
2122 0,34.3932753,132.4675298,29,
2122 0,34.393267,132.4676437,30,
2122 0,34.3931716,132.4683286,31,
2122 0,34.3930812,132.4689556,32,
2122 0,34.3930262,132.4690499,33,
2122 0,34.3930047,132.4691942,34,
2122 0,34.3929716,132.46942,35,
2122 0,34.3929176,132.4697856,36,
2122 0,34.3928621,132.4701568,37,
2122 0,34.3928825,132.4702894,38,
2122 0,34.3927944,132.4708893,39,
2122 0,34.3927646,132.4710192,40,
2122 0,34.3927304,132.4713466,41,
2122 0,34.3927128,132.4714727,42,
2122 0,34.3927126,132.4715371,43,
2122 0,34.3927233,132.4715938,44,
2122 0,34.392745,132.4716389,45,
2122 0,34.3927871,132.4717016,46,
2122 0,34.3929713,132.4718432,47,
2122 0,34.3935947,132.4723362,48,
2122 0,34.3942286,132.4728473,49,
2122 0,34.3947328,132.4732436,50,
2122 0,34.3952204,132.4736554,51,
2122 0,34.3954718,132.4738513,52,
2122 0,34.3957193,132.4740485,53,
2122 0,34.3957884,132.4740486,54,
2122 0,34.3958462,132.4740144,55,
2122 0,34.3958815,132.4739641,56,
2122 0,34.3959333,132.4738677,57,
2122 0,34.3959886,132.4737821,58,
2122 0,34.3959953,132.4737769,59,
2122 0,34.3960418,132.4736834,60,
2122 0,34.396091,132.4735892,61,
2122 0,34.3963079,132.4731956,62,
2122 0,34.3964634,132.4729106,63,
2122 0,34.3965086,132.4728296,64,
2122 0,34.3965538,132.4727566,65,
2122 0,34.3966596,132.4726106,66,
2122 0,34.3967468,132.4725107,67,
2122 0,34.3968402,132.472411,68,
2122 0,34.3968916,132.4723632,69,
2122 0,34.3969453,132.47232,70,
2122 0,34.3970636,132.4722242,71,
2122 0,34.3971276,132.4721806,72,
2122 0,34.397195,132.4721424,73,
2122 0,34.397328,132.4720652,74,
2122 0,34.3975929,132.471913,75,
2122 0,34.3977302,132.4718463,76,
2122 0,34.397782,132.4718307,77,
2122 0,34.3978987,132.472199,78,
2122 0,34.3978739,132.47222,79,
2122 0,34.397759,132.4724133,80,
2122 0,34.3976463,132.4726152,81,
2122 0,34.3975333,132.4728269,82,
2122 0,34.3974203,132.4730473,83,
2122 0,34.3971719,132.4734903,84,
2122 0,34.3970725,132.4736519,85,
2122 0,34.3969703,132.473833,86,
2122 0,34.3967764,132.4741925,87,
2122 0,34.3965918,132.4745375,88,
2122 0,34.3964764,132.4747245,89,
2122 0,34.3963798,132.4749105,90,
2122 0,34.3963718,132.4749186,91,
2122 0,34.3963422,132.4749832,92,
2122 0,34.3963265,132.4750182,93,
2122 0,34.3962577,132.4751863,94,
2122 0,34.3960292,132.4755981,95,
2122 0,34.3960043,132.4756685,96,
2122 0,34.3959764,132.4757295,97,
2122 0,34.3957709,132.4760141,98,
2122 0,34.3955642,132.4763582,99,
2122 0,34.3955436,132.4764257,100,
2122 0,34.395478,132.4765452,101,
2122 0,34.3953108,132.4767972,102,
2122 0,34.395153,132.4770127,103,
2122 0,34.3949554,132.4772321,104,
2122 0,34.3943074,132.4777785,105,
2122 0,34.3941602,132.4778963,106,
2122 0,34.3940158,132.4780189,107,
2122 0,34.3937269,132.4782646,108,
2122 0,34.3929895,132.4789201,109,
2122 0,34.392597,132.4792288,110,
2122 0,34.3924521,132.4793449,111,
2122 0,34.3922909,132.479469,112,
2122 0,34.3920223,132.4797286,113,
2122 0,34.391942,132.479831,114,
2122 0,34.3918653,132.4799428,115,
2122 0,34.391793,132.4800708,116,
2122 0,34.3917513,132.4801496,117,
2122 0,34.3917096,132.4802371,118,
2122 0,34.3915805,132.4805979,119,
2122 0,34.3914999,132.4808693,120,
2122 0,34.3914771,132.480954,121,
2122 0,34.3914109,132.4811771,122,
2122 0,34.3913916,132.4812517,123,
2122 0,34.3911815,132.4819051,124,
2122 0,34.3908243,132.4829083,125,
2122 0,34.3904872,132.4838989,126,
2122 0,34.390361,132.4842071,127,
2122 0,34.3901711,132.4846881,128,
2122 0,34.390112,132.4848469,129,
2122 0,34.3900541,132.4850083,130,
2122 0,34.3899359,132.4853554,131,
2122 0,34.3897063,132.4860374,132,
2122 0,34.3896151,132.486274,133,
2122 0,34.3894243,132.4868292,134,
2122 0,34.3893283,132.4871631,135,
2122 0,34.3891925,132.4876221,136,
2122 0,34.3890566,132.4880838,137,
2122 0,34.3885453,132.4898297,138,
2122 0,34.3883886,132.4903707,139,
2122 0,34.3881018,132.4913626,140,
2122 0,34.3878694,132.4921489,141,
2122 0,34.3876403,132.4929372,142,
2122 0,34.3876365,132.4929921,143,
2122 0,34.3875223,132.4933852,144,
2122 0,34.3874884,132.493461,145,
2122 0,34.3873717,132.4938593,146,
2122 0,34.3869523,132.4954214,147,
2122 0,34.3867851,132.4960503,148,
2122 0,34.3866187,132.4966902,149,
2122 0,34.3865925,132.496854,150,
2122 0,34.3865852,132.4969583,151,
2122 0,34.3865714,132.4970537,152,
2122 0,34.3863085,132.4982046,153,
2122 0,34.3861316,132.4988442,154,
2122 0,34.3860177,132.4992656,155,
2122 0,34.3859015,132.4996099,156,
2122 0,34.3858647,132.4997576,157,
2122 0,34.3858256,132.4998771,158,
2122 0,34.3857612,132.5001937,159,
2122 0,34.3857318,132.5002242,160,
2122 0,34.3856999,132.5002683,161,
2122 0,34.3855658,132.500583,162,
2122 0,34.3854284,132.5008971,163,
2122 0,34.385398,132.5009021,164,
2122 0,34.385346,132.5009538,165,
2122 0,34.3852995,132.5010261,166,
2122 0,34.3852677,132.5010436,167,
2122 0,34.385206,132.5010874,168,
2122 0,34.3851025,132.5011681,169,
2122 0,34.3845981,132.5013777,170,
2122 0,34.3844619,132.5014212,171,
2122 0,34.3841597,132.5014856,172,
2122 0,34.38402,132.5014848,173,
2122 0,34.3838786,132.5014901,174,
2122 0,34.3835909,132.5015007,175,
2122 0,34.3833552,132.5015374,176,
2122 0,34.38311,132.5015938,177,
2122 0,34.3828831,132.5016603,178,
2122 0,34.3826375,132.5017573,179,
2122 0,34.3822171,132.5019822,180,
2122 0,34.3816403,132.5023562,181,
2122 0,34.3809046,132.5028141,182,
2122 0,34.3797649,132.5035306,183,
2122 0,34.3794286,132.5037505,184,
2122 0,34.3790951,132.5039306,185,
2122 0,34.3789105,132.5040064,186,
2122 0,34.3785281,132.5041161,187,
2122 0,34.3783938,132.5041449,188,
2122 0,34.3782584,132.5041951,189,
2122 0,34.3778457,132.5042759,190,
2122 0,34.3774324,132.5043594,191,
2122 0,34.3770181,132.5044513,192,
2122 0,34.3768117,132.5044962,193,
2122 0,34.3766054,132.5045465,194,
2122 0,34.3763139,132.5046187,195,
2122 0,34.3759794,132.5046906,196,
2122 0,34.3759591,132.5047068,197,
2122 0,34.375776,132.5047809,198,
2122 0,34.3754644,132.5049918,199,
2122 0,34.3752016,132.5051809,200,
2122 0,34.3750101,132.5053726,201,
2122 0,34.3748905,132.505154,202,
2122 0,34.3747784,132.5049862,203,
2122 0,34.3747382,132.5049415,204,
2122 0,34.3746797,132.5049054,205,
2122 0,34.3736598,132.5051128,206,
2122 0,34.3726421,132.505343,207,
2122 0,34.3720253,132.5054776,208,
2122 0,34.3717258,132.5055492,209,
2122 0,34.3713643,132.5056279,210,
2122 0,34.3712219,132.5055649,211,
2122 0,34.371187,132.5055582,212,
2122 0,34.3708145,132.5055703,213,
2122 0,34.3705992,132.505598,214,
2122 0,34.3702472,132.5056426,215,
2122 0,34.3701259,132.5056571,216,
2122 0,34.3700766,132.5056534,217,
2122 0,34.3700431,132.5056443,218,
2122 0,34.3699711,132.5056148,219,
2122 0,34.3698404,132.5055263,220,
2122 0,34.3695967,132.5053277,221,
2122 0,34.36948,132.5052237,222,
2122 0,34.3693701,132.5051117,223,
2122 0,34.3693713,132.5050893,224,
2122 0,34.3693583,132.5050581,225,
2122 0,34.3693477,132.5050386,226,
2122 0,34.3693156,132.5050062,227,
2122 0,34.3689087,132.5049406,228,
2122 0,34.3686126,132.5049098,229,
2122 0,34.3681894,132.5048698,230,
2122 0,34.367596,132.5048164,231,
2122 0,34.3668593,132.5047483,232,
2122 0,34.3663309,132.5047085,233,
2122 0,34.3661673,132.5044581,234,
2122 0,34.3659168,132.5040549,235,
2122 0,34.3656613,132.5036457,236,
2122 0,34.3656355,132.5036319,237,
2122 0,34.3656124,132.503629,238,
2122 0,34.3655983,132.5036362,239,
2122 0,34.3654511,132.5037682,240,
2122 0,34.3652184,132.5039751,241,
2122 0,34.3651909,132.5040051,242,
2122 0,34.3651705,132.5040352,243,
2122 0,34.3651548,132.5040764,244,
2122 0,34.3651519,132.5040946,245,
2122 0,34.3651518,132.5041202,246,
2122 0,34.3651619,132.5041569,247,
2122 0,34.3652616,132.5042771,248,
2122 0,34.3653838,132.5044021,249,
2122 0,34.3654352,132.5044548,250,
2122 0,34.3656961,132.5048205,251,
2122 0,34.3653457,132.5050944,252,
2122 0,34.3651866,132.5052441,253,
2122 0,34.3651003,132.505329,254,
2122 0,34.3650335,132.5054099,255,
2122 0,34.3650002,132.505457,256,
2122 0,34.3648573,132.5057261,257,
2122 0,34.3646713,132.5061408,258,
2122 0,34.3646125,132.5062545,259,
2122 0,34.364593,132.5062854,260,
2122 0,34.364567,132.5063227,261,
2122 0,34.3645255,132.5063648,262,
2122 0,34.3642748,132.506594,263,
2122 0,34.3639951,132.5068604,264,
2122 0,34.3639176,132.5069271,265,
2122 0,34.3638419,132.5070046,266,
2122 0,34.3637713,132.5070687,267,
2122 0,34.3636915,132.5071346,268,
2122 0,34.3634734,132.5072903,269,
2122 0,34.3627725,132.5077521,270,
2122 0,34.3622204,132.5081351,271,
2122 0,34.3620405,132.5082566,272,
2122 0,34.3620288,132.5082681,273,
2122 0,34.3620194,132.5082899,274,
2122 0,34.3620194,132.508322,275,
2122 0,34.3620296,132.5083577,276,
2122 0,34.3623435,132.5090353,277,
2122 0,34.3627731,132.5099503,278,
2122 0,34.362921,132.5102627,279,
2122 0,34.3629947,132.5104074,280,
2122 0,34.3630733,132.5105487,281,
2122 0,34.3631953,132.5107588,282,
2122 0,34.3633193,132.510942,283,
2122 0,34.3634505,132.5111205,284,
2122 0,34.3636132,132.5113185,285,
2122 0,34.3637004,132.5114168,286,
2122 0,34.3637953,132.5115111,287,
2122 0,34.3639923,132.5117001,288,
2122 0,34.3641152,132.5117932,289,
2122 0,34.3643075,132.51194,290,
2122 0,34.3647784,132.5122934,291,
2122 0,34.3652268,132.5126315,292,
2122 0,34.365257,132.5126327,293,
2122 0,34.3652881,132.5126155,294,
2122 0,34.365387,132.5124094,295,
2122 0,34.3654925,132.5122059,296,
2122 0,34.3657078,132.5117972,297,
2122 0,34.3658096,132.511599,298,
2122 0,34.3659076,132.5114008,299,
2122 0,34.3661113,132.5110137,300,
2122 0,34.3661164,132.5109794,301,
2122 0,34.3661033,132.5109417,302,
2122 0,34.3660652,132.5109104,303,
2122 0,34.3660255,132.5108791,304,
2122 0,34.3659439,132.5108179,305,
2122 0,34.36578,132.5106948,306,
2122 0,34.3654551,132.5104493,307,
2122 0,34.365252,132.5102942,308,
2122 0,34.3651788,132.5102428,309,
2122 0,34.3650032,132.5101024,310,
2122 0,34.3649165,132.5100353,311,
2122 0,34.3648309,132.5099627,312,
2122 0,34.3647201,132.5098521,313,
2122 0,34.3646192,132.509738,314,
2122 0,34.3645222,132.5096136,315,
2122 0,34.3644385,132.5094959,316,
2122 0,34.3643536,132.5093596,317,
2122 0,34.3642985,132.5092575,318,
2122 0,34.3642748,132.5092063,319,
2122 0,34.364136,132.5089287,320,
2122 0,34.3640477,132.508743,321,
2122 9,34.3620711,132.5084673,1,
2122 9,34.3626577,132.5097287,2,
2122 9,34.362795,132.5100226,3,
2122 9,34.3631953,132.5107588,4,
2122 9,34.3633917,132.5110701,5,
2122 9,34.3635511,132.5112691,6,
2122 9,34.3637268,132.5114593,7,
2122 9,34.3639832,132.5117024,8,
2122 9,34.3642085,132.5118825,9,
2122 9,34.3646888,132.5122477,10,
2122 9,34.3652365,132.512649,11,
2122 9,34.365288,132.512642,12,
2122 9,34.3656274,132.5119837,13,
2122 9,34.3661287,132.5110002,14,
2122 9,34.3661168,132.5109395,15,
2122 9,34.3656988,132.5106204,16,
2122 9,34.3649077,132.5100081,17,
2122 9,34.3647333,132.5098437,18,
2122 9,34.3645944,132.5096872,19,
2122 9,34.3644576,132.5095039,20,
2122 9,34.3644088,132.5094326,21,
2122 9,34.3642997,132.5092406,22,
2122 9,34.3640887,132.5087992,23,
2122 9,34.3633921,132.5073078,24,
2122 9,34.3637463,132.5070576,25,
2122 9,34.3641953,132.5066202,26,
2122 9,34.3644774,132.5063568,27,
2122 9,34.3645364,132.506303,28,
2122 9,34.3645978,132.5062214,29,
2122 9,34.3646575,132.5060929,30,
2122 9,34.3649691,132.5054526,31,
2122 9,34.3650623,132.5053285,32,
2122 9,34.365572,132.5048412,33,
2122 9,34.3655799,132.5047197,34,
2122 9,34.3653951,132.5044584,35,
2122 9,34.365179,132.5042464,36,
2122 9,34.365062,132.5040738,37,
2122 9,34.3656373,132.5035537,38,
2122 9,34.3661074,132.5042876,39,
2122 9,34.3663295,132.5046457,40,
2122 9,34.3664181,132.50468,41,
2122 9,34.3673417,132.504753,42,
2122 9,34.3684249,132.5048535,43,
2122 9,34.3693803,132.5049674,44,
2122 9,34.3694767,132.5050163,45,
2122 9,34.3695668,132.5051164,46,
2122 9,34.3696403,132.505254,47,
2122 9,34.3697085,132.5053467,48,
2122 9,34.3698164,132.5054439,49,
2122 9,34.3699496,132.505538,50,
2122 9,34.3700803,132.5056012,51,
2122 9,34.3701285,132.5056122,52,
2122 9,34.3705223,132.5055668,53,
2122 9,34.3712146,132.5055135,54,
2122 9,34.3714082,132.5055821,55,
2122 9,34.3715355,132.5055493,56,
2122 9,34.372341,132.5053747,57,
2122 9,34.3731743,132.5051807,58,
2122 9,34.3741932,132.5049647,59,
2122 9,34.374706,132.5048573,60,
2122 9,34.3749731,132.5052371,61,
2122 9,34.3752891,132.5049608,62,
2122 9,34.3754518,132.5048189,63,
2122 9,34.3756922,132.5047399,64,
2122 9,34.3759238,132.5046422,65,
2122 9,34.3762929,132.5045513,66,
2122 9,34.3773205,132.5043227,67,
2122 9,34.3781326,132.5041359,68,
2122 9,34.3785356,132.5040584,69,
2122 9,34.3789049,132.5039706,70,
2122 9,34.3791573,132.5038623,71,
2122 9,34.3793742,132.5037379,72,
2122 9,34.3801213,132.5032585,73,
2122 9,34.3811301,132.5026217,74,
2122 9,34.3821866,132.5019611,75,
2122 9,34.3828434,132.5016294,76,
2122 9,34.3831753,132.5015195,77,
2122 9,34.3836477,132.5014565,78,
2122 9,34.3841459,132.5014335,79,
2122 9,34.3843498,132.5013998,80,
2122 9,34.384965,132.5011692,81,
2122 9,34.3852179,132.5010348,82,
2122 9,34.385386,132.5008358,83,
2122 9,34.3854841,132.5006906,84,
2122 9,34.3857559,132.4999902,85,
2122 9,34.3859639,132.4993302,86,
2122 9,34.3861385,132.4986704,87,
2122 9,34.3863305,132.4977952,88,
2122 9,34.386545,132.4968673,89,
2122 9,34.386773,132.4959456,90,
2122 9,34.3871049,132.4946874,91,
2122 9,34.3874725,132.493331,92,
2122 9,34.3877581,132.4923401,93,
2122 9,34.3880581,132.49133,94,
2122 9,34.3884289,132.4900686,95,
2122 9,34.388638,132.4893711,96,
2122 9,34.3890022,132.4881421,97,
2122 9,34.3893167,132.4870425,98,
2122 9,34.3896722,132.4859861,99,
2122 9,34.3900565,132.4848848,100,
2122 9,34.3904576,132.4836887,101,
2122 9,34.3907697,132.4826403,102,
2122 9,34.3910876,132.4817036,103,
2122 9,34.3914688,132.4806895,104,
2122 9,34.3917608,132.4799432,105,
2122 9,34.3920573,132.4795739,106,
2122 9,34.3928983,132.4788373,107,
2122 9,34.3931878,132.4786118,108,
2122 9,34.3942126,132.4777231,109,
2122 9,34.3945705,132.4774052,110,
2122 9,34.3949705,132.4770218,111,
2122 9,34.3953704,132.4765052,112,
2122 9,34.3955704,132.4761885,113,
2122 9,34.3959703,132.4754219,114,
2122 9,34.3962869,132.474822,115,
2122 9,34.3956037,132.474272,116,
2122 9,34.3946371,132.4734888,117,
2122 9,34.3935039,132.4726389,118,
2122 9,34.3926206,132.471889,119,
2122 9,34.3925103,132.4717324,120,
2122 9,34.3925373,132.4713558,121,
2122 9,34.3926539,132.4705558,122,
2122 9,34.3927494,132.4700608,123,
2122 9,34.3929326,132.4686839,124,
2122 9,34.3930705,132.4676727,125,
2122 9,34.3931316,132.4666094,126,
2122 9,34.3931672,132.4661822,127,
2122 9,34.3932156,132.4656263,128,
2122 9,34.3933038,132.4651562,129,
2122 9,34.393587,132.4639563,130,
2122 9,34.393837,132.4629231,131,
2122 9,34.394037,132.4621231,132,
2122 9,34.3944369,132.4606399,133,
2122 9,34.3946535,132.4598399,134,
2122 9,34.3949415,132.4586396,135,
2122 9,34.395175,132.4575026,136,
2122 9,34.39637,132.4579567,137,
2122 9,34.3971532,132.4582233,138,
2126 0,34.3436066,132.4636159,1,
2126 0,34.3433374,132.4637616,2,
2126 0,34.3431692,132.4637897,3,
2126 0,34.3431124,132.4637991,4,
2126 0,34.3430358,132.463723,5,
2126 0,34.3430512,132.4635993,6,
2126 0,34.3431567,132.4635412,7,
2126 0,34.3432566,132.4635966,8,
2126 0,34.3433188,132.4636949,9,
2126 0,34.3435656,132.4635748,10,
2126 0,34.3437355,132.4634797,11,
2126 0,34.3439837,132.4633217,12,
2126 0,34.3442868,132.4631545,13,
2126 0,34.3443629,132.4632299,14,
2126 0,34.3444507,132.4632777,15,
2126 0,34.3445621,132.4632858,16,
2126 0,34.3446901,132.4632544,17,
2126 0,34.3448815,132.4632088,18,
2126 0,34.3450728,132.4631641,19,
2126 0,34.3452639,132.463119,20,
2126 0,34.3454539,132.4630715,21,
2126 0,34.345873,132.4629813,22,
2126 0,34.3462921,132.4628818,23,
2126 0,34.3466571,132.4627928,24,
2126 0,34.3468418,132.4627463,25,
2126 0,34.3470243,132.4627038,26,
2126 0,34.3473887,132.4626108,27,
2126 0,34.3475737,132.4625622,28,
2126 0,34.3477271,132.4625432,29,
2126 0,34.3478547,132.4625971,30,
2126 0,34.3479645,132.4627207,31,
2126 0,34.3480782,132.4628255,32,
2126 0,34.3481456,132.4628679,33,
2126 0,34.3482321,132.4628857,34,
2126 0,34.3482812,132.462885,35,
2126 0,34.3483342,132.4628748,36,
2126 0,34.3486788,132.4628061,37,
2126 0,34.3488495,132.462767,38,
2126 0,34.3490191,132.4627296,39,
2126 0,34.3492965,132.4626688,40,
2126 0,34.3494347,132.4626386,41,
2126 0,34.3495685,132.4625999,42,
2126 0,34.3497401,132.4625759,43,
2126 0,34.3498301,132.462577,44,
2126 0,34.349919,132.4625834,45,
2126 0,34.3500585,132.4625993,46,
2126 0,34.350178,132.4625923,47,
2126 0,34.3503756,132.4625303,48,
2126 0,34.3504914,132.4624876,49,
2126 0,34.3506072,132.4624382,50,
2126 0,34.3506789,132.4623891,51,
2126 0,34.3507395,132.462332,52,
2126 0,34.3507847,132.4622807,53,
2126 0,34.3508222,132.4622254,54,
2126 0,34.35086,132.4621669,55,
2126 0,34.3508939,132.4621031,56,
2126 0,34.350954,132.4619844,57,
2126 0,34.3510087,132.4618624,58,
2126 0,34.3510472,132.4617432,59,
2126 0,34.351085,132.4616228,60,
2126 0,34.3511085,132.4615154,61,
2126 0,34.3511244,132.4614025,62,
2126 0,34.3511374,132.461288,63,
2126 0,34.3511405,132.4611695,64,
2126 0,34.3511438,132.4610357,65,
2126 0,34.3511383,132.4609032,66,
2126 0,34.3511188,132.4607727,67,
2126 0,34.3510911,132.4606456,68,
2126 0,34.3510307,132.4604255,69,
2126 0,34.3509582,132.4602142,70,
2126 0,34.3508984,132.4600391,71,
2126 0,34.350895,132.459939,72,
2126 0,34.3509683,132.459723,73,
2126 0,34.3514599,132.459763,74,
2126 0,34.3519509,132.4598037,75,
2126 0,34.3522434,132.4598329,76,
2126 0,34.352537,132.4598655,77,
2126 0,34.352812,132.4598928,78,
2126 0,34.3530792,132.4599193,79,
2126 0,34.3531319,132.4594341,80,
2126 0,34.3531444,132.4593491,81,
2126 0,34.3531719,132.4589403,82,
2126 0,34.3532309,132.4580993,83,
2126 0,34.3532667,132.4573449,84,
2126 0,34.3531707,132.4571949,85,
2126 0,34.3530492,132.4571472,86,
2126 0,34.3528724,132.4570816,87,
2126 0,34.3527847,132.4569557,88,
2126 0,34.352728,132.4568017,89,
2126 0,34.352708,132.4566588,90,
2126 0,34.3527411,132.4564198,91,
2126 0,34.3527029,132.4563732,92,
2126 0,34.3526801,132.4563445,93,
2126 0,34.3526635,132.4563238,94,
2126 0,34.3526446,132.4562234,95,
2126 0,34.3527893,132.455667,96,
2126 0,34.3528821,132.4553013,97,
2126 0,34.3529651,132.4549827,98,
2126 0,34.3529914,132.454893,99,
2126 0,34.3530276,132.4548305,100,
2126 0,34.353142,132.4547882,101,
2126 0,34.3531513,132.4547566,102,
2126 0,34.3532913,132.4542599,103,
2126 0,34.3534346,132.4537067,104,
2126 0,34.3535406,132.4532595,105,
2126 0,34.3536345,132.4530401,106,
2126 0,34.3537206,132.4529195,107,
2126 0,34.3538522,132.4527922,108,
2126 0,34.35404,132.4526519,109,
2126 0,34.3542073,132.452531,110,
2126 0,34.3548055,132.4535755,111,
2126 0,34.3554189,132.4546213,112,
2126 0,34.3557089,132.4551363,113,
2126 0,34.3560049,132.4556352,114,
2126 0,34.3563202,132.4561707,115,
2126 0,34.3566232,132.4567184,116,
2126 0,34.3570009,132.4573563,117,
2126 0,34.3571748,132.457575,118,
2126 0,34.3574598,132.4579063,119,
2126 0,34.3576426,132.4580549,120,
2126 0,34.3578286,132.4581902,121,
2126 0,34.3581458,132.4583375,122,
2126 0,34.3583761,132.458429,123,
2126 0,34.358619,132.4584923,124,
2126 0,34.3589021,132.4585418,125,
2126 0,34.3591939,132.4585766,126,
2126 0,34.3597139,132.4586001,127,
2126 0,34.3602272,132.4586572,128,
2126 0,34.3611105,132.4587351,129,
2126 0,34.3620489,132.4588323,130,
2126 0,34.3629725,132.4589149,131,
2126 0,34.3636716,132.4589681,132,
2126 0,34.3641124,132.45901,133,
2126 0,34.3645589,132.4590381,134,
2126 0,34.3647373,132.4590265,135,
2126 0,34.3649134,132.4589987,136,
2126 0,34.3651733,132.4589271,137,
2126 0,34.3653916,132.4588403,138,
2126 0,34.3655977,132.4587374,139,
2126 0,34.3658457,132.4585728,140,
2126 0,34.3659365,132.4585021,141,
2126 0,34.3660823,132.4583859,142,
2126 0,34.3663764,132.4580577,143,
2126 0,34.3668419,132.457483,144,
2126 0,34.3670686,132.4572637,145,
2126 0,34.3672437,132.4571056,146,
2126 0,34.3675119,132.4569179,147,
2126 0,34.3677508,132.456787,148,
2126 0,34.3679897,132.4566736,149,
2126 0,34.3684861,132.4565096,150,
2126 0,34.3691805,132.4562935,151,
2126 0,34.3696804,132.4561027,152,
2126 0,34.3699949,132.4559599,153,
2126 0,34.3703128,132.4558077,154,
2126 0,34.3710693,132.4554052,155,
2126 0,34.3715903,132.4551438,156,
2126 0,34.3720475,132.4549113,157,
2126 0,34.3726269,132.4546559,158,
2126 0,34.3730991,132.4545038,159,
2126 0,34.3735991,132.4543391,160,
2126 0,34.3740089,132.4542325,161,
2126 0,34.3743406,132.4541425,162,
2126 0,34.3746689,132.4540497,163,
2126 0,34.3754011,132.4538204,164,
2126 0,34.3760376,132.4536091,165,
2126 0,34.3766376,132.4533819,166,
2126 0,34.3771075,132.4532286,167,
2126 0,34.3777208,132.4530275,168,
2126 0,34.3782896,132.4528172,169,
2126 0,34.3789884,132.4525732,170,
2126 0,34.3791595,132.452509,171,
2126 0,34.3793151,132.4524018,172,
2126 0,34.3795984,132.452369,173,
2126 0,34.3797062,132.4523656,174,
2126 0,34.3798317,132.4523889,175,
2126 0,34.3804817,132.4526184,176,
2126 0,34.3811005,132.4528272,177,
2126 0,34.3817726,132.4530596,178,
2126 0,34.3824736,132.4532946,179,
2126 0,34.3829003,132.4534462,180,
2126 0,34.3831636,132.4535445,181,
2126 0,34.383448,132.4536053,182,
2126 0,34.3837584,132.4535888,183,
2126 0,34.3840469,132.4536932,184,
2126 0,34.3850623,132.4540507,185,
2126 0,34.3858,132.4543057,186,
2126 0,34.3866721,132.4545976,187,
2126 0,34.3876776,132.4549577,188,
2126 0,34.3887685,132.4553296,189,
2126 0,34.3893963,132.4555455,190,
2126 0,34.3899143,132.455714,191,
2126 0,34.3902873,132.4558491,192,
2126 0,34.3912067,132.4561689,193,
2126 0,34.3917608,132.4563578,194,
2126 0,34.3923177,132.4565386,195,
2126 0,34.3929898,132.4567597,196,
2126 0,34.3940519,132.4571378,197,
2126 0,34.3953967,132.4576103,198,
2126 0,34.3951535,132.4585734,199,
2126 0,34.3948591,132.4596688,200,
2126 0,34.3947247,132.4601978,201,
2126 0,34.3945858,132.4607376,202,
2126 0,34.3945189,132.4610049,203,
2126 0,34.3944603,132.4612469,204,
2126 0,34.3943924,132.4615177,205,
2126 0,34.3943377,132.4617576,206,
2126 0,34.3941588,132.4624364,207,
2126 0,34.3940665,132.4627799,208,
2126 0,34.3939803,132.4631207,209,
2126 0,34.3938713,132.4635784,210,
2126 0,34.3936714,132.4643026,211,
2126 0,34.3935169,132.4649123,212,
2126 0,34.3934391,132.4652524,213,
2126 0,34.3934119,132.465522,214,
2126 0,34.3933606,132.4660555,215,
2126 0,34.3933182,132.4665844,216,
2126 0,34.3932807,132.4671262,217,
2126 0,34.3932479,132.4675121,218,
2126 0,34.3932325,132.4676864,219,
2126 0,34.393206,132.4678606,220,
2126 0,34.3931188,132.4683952,221,
2126 0,34.3930304,132.4689277,222,
2126 0,34.3929494,132.4694486,223,
2126 0,34.3928756,132.4699719,224,
2126 0,34.392824,132.4703359,225,
2126 0,34.3927743,132.4706881,226,
2126 0,34.3927053,132.4711746,227,
2126 0,34.3926446,132.4716574,228,
2126 0,34.3931398,132.4720549,229,
2126 0,34.3936445,132.47246,230,
2126 0,34.3941602,132.4728618,231,
2126 0,34.3944161,132.4730629,232,
2126 0,34.3945418,132.4731586,233,
2126 0,34.3946736,132.4732657,234,
2126 0,34.394942,132.4734795,235,
2126 0,34.3952146,132.4736895,236,
2126 0,34.3954814,132.4739061,237,
2126 0,34.3958047,132.4741489,238,
2126 0,34.3960927,132.4736048,239,
2126 9,34.3967176,132.4745731,1,
2126 9,34.3965123,132.4748515,2,
2126 9,34.3962866,132.4748058,3,
2126 9,34.3960243,132.4746174,4,
2126 9,34.3957738,132.4744322,5,
2126 9,34.3953893,132.4741375,6,
2126 9,34.3948161,132.4736937,7,
2126 9,34.3937128,132.4727783,8,
2126 9,34.3933778,132.472521,9,
2126 9,34.3930539,132.4722557,10,
2126 9,34.3926873,132.4719724,11,
2126 9,34.392506,132.4717624,12,
2126 9,34.3925373,132.4714891,13,
2126 9,34.3925873,132.4710724,14,
2126 9,34.3927039,132.4703058,15,
2126 9,34.3928117,132.4696205,16,
2126 9,34.3928969,132.4690319,17,
2126 9,34.3929521,132.4685854,18,
2126 9,34.3930872,132.4675394,19,
2126 9,34.3931871,132.4663228,20,
2126 9,34.3932371,132.4654562,21,
2126 9,34.3934594,132.4644422,22,
2126 9,34.3937827,132.463153,23,
2126 9,34.394087,132.4620231,24,
2126 9,34.3944603,132.4605532,25,
2126 9,34.3946336,132.4598932,26,
2126 9,34.3948041,132.4592366,27,
2126 9,34.39499,132.4585073,28,
2126 9,34.3951498,132.4578786,29,
2126 9,34.3950586,132.4576701,30,
2126 9,34.394933,132.4576145,31,
2126 9,34.3941597,132.4573325,32,
2126 9,34.3932384,132.4570219,33,
2126 9,34.3923638,132.4567167,34,
2126 9,34.3912861,132.4563575,35,
2126 9,34.3906373,132.4561435,36,
2126 9,34.3896907,132.4558497,37,
2126 9,34.3882477,132.4553465,38,
2126 9,34.3873544,132.4550486,39,
2126 9,34.386451,132.4547312,40,
2126 9,34.3851668,132.4543092,41,
2126 9,34.3844976,132.4540888,42,
2126 9,34.3843608,132.4539689,43,
2126 9,34.3836104,132.4537515,44,
2126 9,34.3834224,132.4537302,45,
2126 9,34.3832465,132.453662,46,
2126 9,34.3828981,132.4535478,47,
2126 9,34.3822942,132.4533392,48,
2126 9,34.3816904,132.4531294,49,
2126 9,34.3806382,132.4527745,50,
2126 9,34.379855,132.4525079,51,
2126 9,34.3797357,132.45247,52,
2126 9,34.37954,132.4524535,53,
2126 9,34.3792267,132.4525929,54,
2126 9,34.3780829,132.4530162,55,
2126 9,34.3771669,132.4533335,56,
2126 9,34.3757765,132.4538007,57,
2126 9,34.3747067,132.4541473,58,
2126 9,34.373654,132.454462,59,
2126 9,34.3727808,132.4547226,60,
2126 9,34.3722284,132.4549448,61,
2126 9,34.3716898,132.4552026,62,
2126 9,34.3713096,132.4554027,63,
2126 9,34.3709706,132.4555672,64,
2126 9,34.3706338,132.455731,65,
2126 9,34.3701071,132.456011,66,
2126 9,34.369566,132.4562628,67,
2126 9,34.3694546,132.4563195,68,
2126 9,34.369051,132.4564648,69,
2126 9,34.3685128,132.4566318,70,
2126 9,34.3679406,132.456821,71,
2126 9,34.3676213,132.4569605,72,
2126 9,34.367395,132.4570893,73,
2126 9,34.3670947,132.4573404,74,
2126 9,34.3668785,132.4575619,75,
2126 9,34.3664418,132.4581257,76,
2126 9,34.3661327,132.4584656,77,
2126 9,34.3658932,132.4586573,78,
2126 9,34.3656296,132.4588267,79,
2126 9,34.3653527,132.458964,80,
2126 9,34.3650502,132.4590622,81,
2126 9,34.3647428,132.4591215,82,
2126 9,34.3643742,132.4591335,83,
2126 9,34.3640029,132.4591119,84,
2126 9,34.3628736,132.4590187,85,
2126 9,34.361657,132.4589082,86,
2126 9,34.3608339,132.4588299,87,
2126 9,34.3605738,132.4588083,88,
2126 9,34.3594906,132.4586917,89,
2126 9,34.3591329,132.4586717,90,
2126 9,34.3587757,132.4586336,91,
2126 9,34.3586138,132.4586119,92,
2126 9,34.3583723,132.4585487,93,
2126 9,34.3578183,132.4583169,94,
2126 9,34.3575575,132.4585418,95,
2126 9,34.3574649,132.4585586,96,
2126 9,34.3571298,132.4585299,97,
2126 9,34.3567082,132.4584992,98,
2126 9,34.3564418,132.4584692,99,
2126 9,34.3561765,132.4584398,100,
2126 9,34.3558551,132.4583835,101,
2126 9,34.3556283,132.4582876,102,
2126 9,34.3550911,132.4580919,103,
2126 9,34.35468,132.4578688,104,
2126 9,34.3542656,132.4576552,105,
2126 9,34.3539223,132.4574815,106,
2126 9,34.3535662,132.4573483,107,
2126 9,34.353206,132.4572083,108,
2126 9,34.3528724,132.4570816,109,
2126 9,34.3527847,132.4569557,110,
2126 9,34.352728,132.4568017,111,
2126 9,34.352708,132.4566421,112,
2126 9,34.3527411,132.4564198,113,
2126 9,34.3526635,132.4563238,114,
2126 9,34.3526446,132.4562234,115,
2126 9,34.3527247,132.4559181,116,
2126 9,34.3528919,132.4552549,117,
2126 9,34.3529914,132.454893,118,
2126 9,34.3530276,132.4548305,119,
2126 9,34.3531282,132.4547928,120,
2126 9,34.3531662,132.4548163,121,
2126 9,34.3532336,132.4548916,122,
2126 9,34.3529579,132.4559255,123,
2126 9,34.3528243,132.4564281,124,
2126 9,34.3528079,132.4566921,125,
2126 9,34.3529246,132.4569421,126,
2126 9,34.3530435,132.4570459,127,
2126 9,34.3533412,132.4571587,128,
2126 9,34.3532646,132.4580467,129,
2126 9,34.3532101,132.458988,130,
2126 9,34.3531474,132.4596249,131,
2126 9,34.3531162,132.4599681,132,
2126 9,34.3526241,132.4599134,133,
2126 9,34.3521078,132.4598533,134,
2126 9,34.3515887,132.4598127,135,
2126 9,34.3510655,132.4597707,136,
2126 9,34.3509744,132.459856,137,
2126 9,34.3509432,132.4600245,138,
2126 9,34.3511315,132.4606546,139,
2126 9,34.3511582,132.4607752,140,
2126 9,34.3511749,132.4609296,141,
2126 9,34.3511788,132.4611691,142,
2126 9,34.3511716,132.4613309,143,
2126 9,34.3511478,132.4614933,144,
2126 9,34.3511227,132.4616135,145,
2126 9,34.3510455,132.4618691,146,
2126 9,34.3509882,132.4619997,147,
2126 9,34.3508715,132.4622205,148,
2126 9,34.3508071,132.4623115,149,
2126 9,34.3507416,132.4623918,150,
2126 9,34.3506571,132.4624555,151,
2126 9,34.3504665,132.4625464,152,
2126 9,34.3504043,132.4625689,153,
2126 9,34.3501902,132.462632,154,
2126 9,34.350063,132.462636,155,
2126 9,34.3499911,132.462628,156,
2126 9,34.3498362,132.4626149,157,
2126 9,34.3497576,132.4626153,158,
2126 9,34.3496698,132.4626237,159,
2126 9,34.3495417,132.4626575,160,
2126 9,34.3492545,132.4627231,161,
2126 9,34.3489663,132.4627814,162,
2126 9,34.3483143,132.4629253,163,
2126 9,34.3482424,132.4629318,164,
2126 9,34.3481394,132.4629087,165,
2126 9,34.3480642,132.4628577,166,
2126 9,34.3479313,132.4627301,167,
2126 9,34.3478109,132.4626301,168,
2126 9,34.3477282,132.4625958,169,
2126 9,34.3476104,132.4626003,170,
2126 9,34.3474584,132.4626369,171,
2126 9,34.3471925,132.4626955,172,
2126 9,34.3467016,132.4628203,173,
2126 9,34.3462047,132.462941,174,
2126 9,34.3456149,132.463083,175,
2126 9,34.3452563,132.4631593,176,
2126 9,34.3448922,132.4632504,177,
2126 9,34.3445746,132.4633263,178,
2126 9,34.3444986,132.4633343,179,
2126 9,34.3444379,132.463325,180,
2126 9,34.344313,132.4632673,181,
2126 9,34.3442302,132.4632713,182,
2126 9,34.3439083,132.4634416,183,
2126 9,34.3436371,132.4636137,184,
2127 0,34.3436066,132.4636159,1,
2127 0,34.3433374,132.4637616,2,
2127 0,34.3431124,132.4637991,3,
2127 0,34.3430358,132.463723,4,
2127 0,34.3430512,132.4635993,5,
2127 0,34.3431567,132.4635412,6,
2127 0,34.3432566,132.4635966,7,
2127 0,34.3433188,132.4636949,8,
2127 0,34.3435955,132.4635567,9,
2127 0,34.3438922,132.4633782,10,
2127 0,34.3440257,132.4633087,11,
2127 0,34.3442868,132.4631545,12,
2127 0,34.3443629,132.4632299,13,
2127 0,34.3444507,132.4632777,14,
2127 0,34.3445621,132.4632858,15,
2127 0,34.3448577,132.4632148,16,
2127 0,34.3459343,132.4629695,17,
2127 0,34.3466043,132.4628176,18,
2127 0,34.3472063,132.4626631,19,
2127 0,34.3475475,132.4625803,20,
2127 0,34.3477271,132.4625432,21,
2127 0,34.3478626,132.4626054,22,
2127 0,34.347956,132.4627155,23,
2127 0,34.3480782,132.4628255,24,
2127 0,34.3481487,132.4628767,25,
2127 0,34.3482161,132.4628889,26,
2127 0,34.3482812,132.462885,27,
2127 0,34.3486585,132.4628085,28,
2127 0,34.349234,132.4626885,29,
2127 0,34.3495685,132.4625999,30,
2127 0,34.3497401,132.4625759,31,
2127 0,34.3500585,132.4625993,32,
2127 0,34.3501944,132.462603,33,
2127 0,34.3502872,132.4625665,34,
2127 0,34.3506207,132.4624465,35,
2127 0,34.3507073,132.4623988,36,
2127 0,34.3507672,132.4623269,37,
2127 0,34.3508617,132.4621764,38,
2127 0,34.3509704,132.4619731,39,
2127 0,34.3510416,132.4617751,40,
2127 0,34.3511126,132.4615676,41,
2127 0,34.3511415,132.4613252,42,
2127 0,34.3511526,132.4609003,43,
2127 0,34.3510427,132.4604359,44,
2127 0,34.350925,132.4600971,45,
2127 0,34.3509033,132.4600206,46,
2127 0,34.3509082,132.4599253,47,
2127 0,34.3509626,132.4597376,48,
2127 0,34.3515871,132.4597795,49,
2127 0,34.3524681,132.459862,50,
2127 0,34.353046,132.4599239,51,
2127 0,34.3530959,132.4598731,52,
2127 0,34.3531341,132.4594876,53,
2127 0,34.353199,132.4587186,54,
2127 0,34.3532335,132.4579801,55,
2127 0,34.3532667,132.4573449,56,
2127 0,34.3531825,132.4572001,57,
2127 0,34.3529315,132.4571049,58,
2127 0,34.3528724,132.4570816,59,
2127 0,34.3527847,132.4569557,60,
2127 0,34.352728,132.4568017,61,
2127 0,34.352708,132.4565921,62,
2127 0,34.3527368,132.4564291,63,
2127 0,34.3526635,132.4563238,64,
2127 0,34.3526413,132.4562588,65,
2127 0,34.3526824,132.4560969,66,
2127 0,34.3528173,132.4555589,67,
2127 0,34.352961,132.4549914,68,
2127 0,34.3529896,132.4549,69,
2127 0,34.3530246,132.4548427,70,
2127 0,34.3530707,132.4548255,71,
2127 0,34.3531562,132.454806,72,
2127 0,34.3532134,132.4545669,73,
2127 0,34.3533578,132.4540423,74,
2127 0,34.3535911,132.4531424,75,
2127 0,34.3536736,132.452988,76,
2127 0,34.3537805,132.4528511,77,
2127 0,34.3542177,132.4525329,78,
2127 0,34.3545878,132.4531837,79,
2127 0,34.3552143,132.4542683,80,
2127 0,34.3558076,132.4552921,81,
2127 0,34.3563309,132.4562,82,
2127 0,34.3565398,132.4565551,83,
2127 0,34.356752,132.4569222,84,
2127 0,34.3570242,132.4573752,85,
2127 0,34.3572665,132.4576729,86,
2127 0,34.3575343,132.4579573,87,
2127 0,34.3579353,132.4582406,88,
2127 0,34.3582818,132.4583812,89,
2127 0,34.3585508,132.4584752,90,
2127 0,34.3591196,132.458562,91,
2127 0,34.3597027,132.458598,92,
2127 0,34.3602361,132.4586501,93,
2127 0,34.3609138,132.4587322,94,
2127 0,34.3615105,132.4587846,95,
2127 0,34.3622768,132.458854,96,
2127 0,34.3630301,132.4589166,97,
2127 0,34.3637269,132.4589698,98,
2127 0,34.3641491,132.4590123,99,
2127 0,34.3645589,132.4590381,100,
2127 0,34.364902,132.4590037,101,
2127 0,34.3651265,132.4589416,102,
2127 0,34.3653685,132.4588632,103,
2127 0,34.3655485,132.4587741,104,
2127 0,34.3658457,132.4585728,105,
2127 0,34.3660903,132.4583925,106,
2127 0,34.366294,132.4581517,107,
2127 0,34.3667794,132.4575575,108,
2127 0,34.3671595,132.4571745,109,
2127 0,34.3675119,132.4569179,110,
2127 0,34.3679702,132.456687,111,
2127 0,34.3690572,132.4563421,112,
2127 0,34.3697561,132.4560677,113,
2127 0,34.3704637,132.4557192,114,
2127 0,34.3711726,132.4553414,115,
2127 0,34.3718059,132.4550247,116,
2127 0,34.3723346,132.454779,117,
2127 0,34.3728401,132.4545841,118,
2127 0,34.373349,132.4544368,119,
2127 0,34.3739266,132.4542562,120,
2127 0,34.3750166,132.4539327,121,
2127 0,34.3757786,132.4536881,122,
2127 0,34.3763853,132.4534728,123,
2127 0,34.3769572,132.4532802,124,
2127 0,34.377444,132.4531183,125,
2127 0,34.3779661,132.4529429,126,
2127 0,34.3787448,132.4526579,127,
2127 0,34.3791595,132.452509,128,
2127 0,34.3793713,132.4523932,129,
2127 0,34.3796717,132.4523579,130,
2127 0,34.3800417,132.4524653,131,
2127 0,34.3806626,132.4526761,132,
2127 0,34.3811603,132.4528473,133,
2127 0,34.3821081,132.4531673,134,
2127 0,34.3831636,132.4535445,135,
2127 0,34.383448,132.4536053,136,
2127 0,34.3837584,132.4535888,137,
2127 0,34.3841712,132.4537409,138,
2127 0,34.3852211,132.4540909,139,
2127 0,34.3859544,132.4543575,140,
2127 0,34.3869598,132.4546996,141,
2127 0,34.3880042,132.4550747,142,
2127 0,34.3890552,132.4554448,143,
2127 0,34.3898573,132.4557146,144,
2127 0,34.3901678,132.45582,145,
2127 0,34.3905209,132.4559259,146,
2127 0,34.3915871,132.4562904,147,
2127 0,34.3926537,132.456657,148,
2127 0,34.393037,132.4567903,149,
2127 0,34.3934369,132.4569402,150,
2127 0,34.3943702,132.4572235,151,
2127 0,34.3953867,132.4575901,152,
2127 0,34.3951035,132.4586567,153,
2127 0,34.3947369,132.4600733,154,
2127 0,34.3944702,132.4611732,155,
2127 0,34.394187,132.4622064,156,
2127 0,34.3939625,132.4631284,157,
2127 0,34.3936569,132.4643099,158,
2127 0,34.3934204,132.4653229,159,
2127 0,34.3933205,132.4663895,160,
2127 0,34.3932637,132.4672649,161,
2127 0,34.3932037,132.4678727,162,
2127 0,34.3930872,132.4684893,163,
2127 0,34.3929349,132.4694557,164,
2127 0,34.3927872,132.4705058,165,
2127 0,34.3926449,132.4716724,166,
2127 0,34.3928373,132.471839,167,
2127 0,34.3939038,132.4726556,168,
2127 0,34.3950165,132.4735454,169,
2127 0,34.395737,132.474122,170,
2127 0,34.3958733,132.4740291,171,
2127 0,34.3962646,132.473294,172,
2127 0,34.3965618,132.4727966,173,
2127 0,34.3967641,132.4725273,174,
2127 0,34.3969254,132.4723801,175,
2127 0,34.3970202,132.4723055,176,
2127 0,34.397426,132.4720432,177,
2127 0,34.3977879,132.4718536,178,
2127 0,34.3978765,132.4721633,179,
2127 0,34.3974828,132.4728335,180,
2127 0,34.3968702,132.4739387,181,
2127 0,34.3964714,132.4746586,182,
2127 0,34.3961536,132.4751886,183,
2127 0,34.3956037,132.4762385,184,
2127 0,34.3953582,132.4766917,185,
2127 0,34.3950263,132.4771209,186,
2127 0,34.3940806,132.4779269,187,
2127 0,34.3931207,132.4787718,188,
2127 0,34.3921885,132.4795433,189,
2127 0,34.3919981,132.4797316,190,
2127 0,34.3918564,132.47992,191,
2127 0,34.3917036,132.4802099,192,
2127 0,34.3915509,132.4806286,193,
2127 0,34.3913159,132.4813826,194,
2127 0,34.3910543,132.4820883,195,
2127 0,34.390621,132.4834215,196,
2127 0,34.3902044,132.4845381,197,
2127 0,34.3897878,132.485738,198,
2127 0,34.3894261,132.4868057,199,
2127 0,34.3891223,132.4878581,200,
2127 0,34.3888658,132.4887052,201,
2127 0,34.3884046,132.4902871,202,
2127 0,34.3880825,132.4913681,203,
2127 0,34.3877327,132.4925829,204,
2127 0,34.3872104,132.4944259,205,
2127 0,34.3869271,132.4954868,206,
2127 0,34.386655,132.4964873,207,
2127 0,34.3864217,132.4975205,208,
2127 0,34.3862006,132.4985344,209,
2127 0,34.3860611,132.4990809,210,
2127 0,34.3858884,132.4996461,211,
2127 0,34.3856983,132.5002192,212,
2127 0,34.3854374,132.500846,213,
2127 0,34.385172,132.5011075,214,
2127 0,34.3848845,132.5012511,215,
2127 0,34.3845887,132.5013536,216,
2127 0,34.3841463,132.5014694,217,
2127 0,34.383586,132.5014933,218,
2127 0,34.3831032,132.5015772,219,
2127 0,34.382766,132.5016908,220,
2127 0,34.3824333,132.5018472,221,
2127 0,34.3813479,132.5025294,222,
2127 0,34.3804336,132.5031025,223,
2127 0,34.3798204,132.503493,224,
2127 0,34.379205,132.5038675,225,
2127 0,34.3789423,132.50399,226,
2127 0,34.3787372,132.5040428,227,
2127 0,34.3782384,132.5041698,228,
2127 0,34.3772584,132.5043901,229,
2127 0,34.3766685,132.504508,230,
2127 0,34.3758803,132.5046989,231,
2127 0,34.3754383,132.5049862,232,
2127 0,34.3750129,132.5053641,233,
2127 0,34.3749276,132.5052092,234,
2127 0,34.3747692,132.5049564,235,
2127 0,34.3746838,132.5048967,236,
2127 0,34.373781,132.5050828,237,
2127 0,34.3726866,132.5053322,238,
2127 0,34.3713691,132.5056149,239,
2127 0,34.3711979,132.5055435,240,
2127 0,34.3701938,132.5056383,241,
2127 0,34.3700522,132.5056329,242,
2127 0,34.369957,132.5055873,243,
2127 0,34.3698182,132.5054961,244,
2127 0,34.3696727,132.5053761,245,
2127 0,34.3695904,132.5053017,246,
2127 0,34.369407,132.505154,247,
2127 0,34.3693592,132.5050076,248,
2127 0,34.3689236,132.5049434,249,
2127 0,34.3681272,132.5048577,250,
2127 0,34.3671174,132.5047726,251,
2127 0,34.3664436,132.5047145,252,
2127 0,34.3664378,132.5048505,253,
2127 0,34.3665128,132.5050362,254,
2127 9,34.3666143,132.5054041,1,
2127 9,34.3663973,132.5047887,2,
2127 9,34.3664155,132.5046863,3,
2127 9,34.3666762,132.5046923,4,
2127 9,34.3675771,132.5047777,5,
2127 9,34.3686393,132.504875,6,
2127 9,34.3693734,132.504963,7,
2127 9,34.3694767,132.5050163,8,
2127 9,34.3695668,132.5051164,9,
2127 9,34.369657,132.5052707,10,
2127 9,34.3697085,132.5053467,11,
2127 9,34.3698236,132.505454,12,
2127 9,34.3699496,132.505538,13,
2127 9,34.3700803,132.5056012,14,
2127 9,34.3701285,132.5056122,15,
2127 9,34.3704302,132.5055781,16,
2127 9,34.3710879,132.5055194,17,
2127 9,34.3712146,132.5055135,18,
2127 9,34.3714082,132.5055821,19,
2127 9,34.3720811,132.505428,20,
2127 9,34.3731864,132.5051772,21,
2127 9,34.3738495,132.5050366,22,
2127 9,34.3747529,132.5048588,23,
2127 9,34.3749577,132.5051878,24,
2127 9,34.3750219,132.505189,25,
2127 9,34.3754518,132.5048189,26,
2127 9,34.3757563,132.5047204,27,
2127 9,34.3759474,132.5046375,28,
2127 9,34.3767962,132.5044367,29,
2127 9,34.3778949,132.5041932,30,
2127 9,34.3783624,132.5040918,31,
2127 9,34.3785583,132.5040506,32,
2127 9,34.378798,132.5039952,33,
2127 9,34.3789115,132.5039604,34,
2127 9,34.379103,132.5038816,35,
2127 9,34.3792635,132.5037974,36,
2127 9,34.3800691,132.5032999,37,
2127 9,34.3806279,132.5029405,38,
2127 9,34.3816656,132.5022845,39,
2127 9,34.3821209,132.5019932,40,
2127 9,34.3825143,132.5017823,41,
2127 9,34.382732,132.5016771,42,
2127 9,34.3828691,132.5016173,43,
2127 9,34.3832054,132.5015119,44,
2127 9,34.3838021,132.5014479,45,
2127 9,34.3841363,132.5014331,46,
2127 9,34.3843362,132.5014044,47,
2127 9,34.3848718,132.5012079,48,
2127 9,34.3849915,132.5011636,49,
2127 9,34.3852218,132.501017,50,
2127 9,34.3853629,132.5008559,51,
2127 9,34.385476,132.5006879,52,
2127 9,34.3857451,132.4999945,53,
2127 9,34.3859451,132.499371,54,
2127 9,34.3861217,132.4987139,55,
2127 9,34.3863339,132.4977148,56,
2127 9,34.3865661,132.4967706,57,
2127 9,34.3868293,132.4957513,58,
2127 9,34.3871049,132.4946874,59,
2127 9,34.3873126,132.4939296,60,
2127 9,34.3877048,132.4925324,61,
2127 9,34.3880581,132.49133,62,
2127 9,34.3883413,132.4903684,63,
2127 9,34.388739,132.4890378,64,
2127 9,34.3890723,132.4878769,65,
2127 9,34.3891944,132.4874632,66,
2127 9,34.3893561,132.4869179,67,
2127 9,34.3895289,132.4863968,68,
2127 9,34.3898635,132.4854103,69,
2127 9,34.3901935,132.4844652,70,
2127 9,34.3905478,132.4834461,71,
2127 9,34.3906874,132.4828977,72,
2127 9,34.3909775,132.4820155,73,
2127 9,34.3911351,132.481555,74,
2127 9,34.3913175,132.481078,75,
2127 9,34.3915746,132.4804095,76,
2127 9,34.3917786,132.4799099,77,
2127 9,34.3920253,132.4796068,78,
2127 9,34.3925529,132.4791519,79,
2127 9,34.3931183,132.4786667,80,
2127 9,34.3940872,132.4778385,81,
2127 9,34.3947411,132.4772682,82,
2127 9,34.3949938,132.4769978,83,
2127 9,34.3951204,132.4768052,84,
2127 9,34.3954704,132.4763219,85,
2127 9,34.3956704,132.4759386,86,
2127 9,34.3960036,132.4753254,87,
2127 9,34.3970035,132.4734554,88,
2127 9,34.3971979,132.4736251,89,
2127 9,34.3971702,132.473922,90,
2127 9,34.3969702,132.4742886,91,
2127 9,34.3965844,132.4748878,92,
2127 9,34.3962744,132.4748331,93,
2127 9,34.3961016,132.474694,94,
2127 9,34.3953537,132.4740721,95,
2127 9,34.3942705,132.4732055,96,
2127 9,34.3931372,132.4723056,97,
2127 9,34.3927039,132.471939,98,
2127 9,34.392506,132.4717624,99,
2127 9,34.3925538,132.4712697,100,
2127 9,34.3926039,132.4708058,101,
2127 9,34.3928206,132.4695559,102,
2127 9,34.3929872,132.468256,103,
2127 9,34.3930872,132.4672894,104,
2127 9,34.3931538,132.4663061,105,
2127 9,34.3932538,132.4653729,106,
2127 9,34.393587,132.463873,107,
2127 9,34.3939037,132.4627397,108,
2127 9,34.3942536,132.4613565,109,
2127 9,34.3945036,132.4603899,110,
2127 9,34.3947702,132.45929,111,
2127 9,34.3950368,132.4583067,112,
2127 9,34.3951646,132.4577171,113,
2127 9,34.395097,132.4576181,114,
2127 9,34.3942759,132.4573519,115,
2127 9,34.3931095,132.4569692,116,
2127 9,34.3904751,132.4560786,117,
2127 9,34.3897651,132.4558482,118,
2127 9,34.3886143,132.4554596,119,
2127 9,34.3853779,132.4543558,120,
2127 9,34.3847034,132.4541556,121,
2127 9,34.3837949,132.4538032,122,
2127 9,34.3834545,132.4537279,123,
2127 9,34.3828796,132.4535385,124,
2127 9,34.381787,132.4531625,125,
2127 9,34.380727,132.452818,126,
2127 9,34.379905,132.4525246,127,
2127 9,34.3797357,132.45247,128,
2127 9,34.37954,132.4524535,129,
2127 9,34.3792267,132.4525929,130,
2127 9,34.3784718,132.4528579,131,
2127 9,34.3779098,132.4530649,132,
2127 9,34.3773108,132.4532804,133,
2127 9,34.3767613,132.4534497,134,
2127 9,34.3758221,132.4537869,135,
2127 9,34.3747622,132.4541268,136,
2127 9,34.3737223,132.4544414,137,
2127 9,34.3728369,132.4547006,138,
2127 9,34.3722148,132.4549543,139,
2127 9,34.3716237,132.4552456,140,
2127 9,34.3711226,132.4555081,141,
2127 9,34.3705537,132.4557757,142,
2127 9,34.3694761,132.4563083,143,
2127 9,34.3681306,132.4567644,144,
2127 9,34.3676213,132.4569605,145,
2127 9,34.367395,132.4570893,146,
2127 9,34.3670947,132.4573404,147,
2127 9,34.3661402,132.4584617,148,
2127 9,34.3658233,132.458708,149,
2127 9,34.36539,132.4589414,150,
2127 9,34.36489,132.4590914,151,
2127 9,34.3643401,132.4591414,152,
2127 9,34.3633933,132.4590602,153,
2127 9,34.3628603,132.4590076,154,
2127 9,34.361757,132.4589082,155,
2127 9,34.3607905,132.4588238,156,
2127 9,34.3597084,132.4587158,157,
2127 9,34.3588573,132.4586417,158,
2127 9,34.3585097,132.4585873,159,
2127 9,34.358123,132.4584417,160,
2127 9,34.3578051,132.4583027,161,
2127 9,34.3575741,132.4585084,162,
2127 9,34.3574649,132.4585586,163,
2127 9,34.356741,132.4584901,164,
2127 9,34.3561567,132.4584166,165,
2127 9,34.3558551,132.4583835,166,
2127 9,34.355241,132.4581258,167,
2127 9,34.3548959,132.4579918,168,
2127 9,34.3542121,132.4576516,169,
2127 9,34.3539552,132.4575082,170,
2127 9,34.3531825,132.4572001,171,
2127 9,34.3528724,132.4570816,172,
2127 9,34.3527746,132.4569088,173,
2127 9,34.352708,132.4567255,174,
2127 9,34.352708,132.4565588,175,
2127 9,34.3527368,132.4564291,176,
2127 9,34.3526635,132.4563238,177,
2127 9,34.3526413,132.4562089,178,
2127 9,34.3528912,132.4552922,179,
2127 9,34.352961,132.4549914,180,
2127 9,34.3530246,132.4548427,181,
2127 9,34.3530788,132.4548143,182,
2127 9,34.3531485,132.4548105,183,
2127 9,34.3532115,132.454895,184,
2127 9,34.3532102,132.4549714,185,
2127 9,34.3528746,132.4562088,186,
2127 9,34.3528068,132.4566303,187,
2127 9,34.3528468,132.4568161,188,
2127 9,34.3529413,132.4569921,189,
2127 9,34.3533333,132.457152,190,
2127 9,34.3532335,132.4585928,191,
2127 9,34.3531881,132.4592147,192,
2127 9,34.3531162,132.4599681,193,
2127 9,34.3526536,132.4599135,194,
2127 9,34.3516293,132.4598188,195,
2127 9,34.3510655,132.4597707,196,
2127 9,34.3509744,132.459856,197,
2127 9,34.3509432,132.4600245,198,
2127 9,34.3509582,132.4600753,199,
2127 9,34.3511582,132.4607752,200,
2127 9,34.3511749,132.4608752,201,
2127 9,34.3511759,132.4613121,202,
2127 9,34.3511478,132.4614933,203,
2127 9,34.3511082,132.4616418,204,
2127 9,34.3510455,132.4618691,205,
2127 9,34.3509082,132.4621418,206,
2127 9,34.3508111,132.4622992,207,
2127 9,34.3507249,132.4624084,208,
2127 9,34.3506571,132.4624555,209,
2127 9,34.3504665,132.4625464,210,
2127 9,34.3501902,132.462632,211,
2127 9,34.350063,132.462636,212,
2127 9,34.3497664,132.4626128,213,
2127 9,34.3495484,132.46265,214,
2127 9,34.3490851,132.4627474,215,
2127 9,34.348305,132.4629273,216,
2127 9,34.3481394,132.4629087,217,
2127 9,34.3479313,132.4627301,218,
2127 9,34.3478109,132.4626301,219,
2127 9,34.3477282,132.4625958,220,
2127 9,34.3476206,132.462602,221,
2127 9,34.3471853,132.462694,222,
2127 9,34.3466122,132.4628351,223,
2127 9,34.3460821,132.4629682,224,
2127 9,34.3455257,132.463098,225,
2127 9,34.3450213,132.4632117,226,
2127 9,34.3445746,132.4633263,227,
2127 9,34.3444986,132.4633343,228,
2127 9,34.3444379,132.463325,229,
2127 9,34.344313,132.4632673,230,
2127 9,34.3442302,132.4632713,231,
2127 9,34.3439083,132.4634416,232,
2127 9,34.3436371,132.4636137,233,
2128 0,34.3436066,132.4636159,1,
2128 0,34.3433374,132.4637616,2,
2128 0,34.3431124,132.4637991,3,
2128 0,34.3430358,132.463723,4,
2128 0,34.3430512,132.4635993,5,
2128 0,34.3431567,132.4635412,6,
2128 0,34.3432566,132.4635966,7,
2128 0,34.3433188,132.4636949,8,
2128 0,34.3435656,132.4635748,9,
2128 0,34.3442868,132.4631545,10,
2128 0,34.3443629,132.4632299,11,
2128 0,34.3444507,132.4632777,12,
2128 0,34.3445621,132.4632858,13,
2128 0,34.3452383,132.4631259,14,
2128 0,34.3459787,132.4629553,15,
2128 0,34.3466976,132.4627967,16,
2128 0,34.347192,132.4626752,17,
2128 0,34.3476041,132.462558,18,
2128 0,34.347684,132.4625494,19,
2128 0,34.3477271,132.4625432,20,
2128 0,34.3478626,132.4626054,21,
2128 0,34.347956,132.4627155,22,
2128 0,34.3480782,132.4628255,23,
2128 0,34.3481456,132.4628679,24,
2128 0,34.3482241,132.4628943,25,
2128 0,34.3485085,132.4628418,26,
2128 0,34.3490378,132.4627235,27,
2128 0,34.3493197,132.4626684,28,
2128 0,34.3495685,132.4625999,29,
2128 0,34.3497401,132.4625759,30,
2128 0,34.3500041,132.4625946,31,
2128 0,34.3501417,132.4626012,32,
2128 0,34.3502083,132.4625918,33,
2128 0,34.3504638,132.4625068,34,
2128 0,34.3506207,132.4624465,35,
2128 0,34.3506749,132.4624084,36,
2128 0,34.3507739,132.4623233,37,
2128 0,34.3508528,132.4621899,38,
2128 0,34.3509638,132.4619824,39,
2128 0,34.3510376,132.4618307,40,
2128 0,34.3510847,132.461679,41,
2128 0,34.3511082,132.4615418,42,
2128 0,34.3511448,132.4613777,43,
2128 0,34.3511548,132.4611975,44,
2128 0,34.3511603,132.4610226,45,
2128 0,34.3511415,132.4608585,46,
2128 0,34.3510604,132.4605032,47,
2128 0,34.3509616,132.4601961,48,
2128 0,34.3509183,132.4600774,49,
2128 0,34.3509082,132.4599586,50,
2128 0,34.3509626,132.4597376,51,
2128 0,34.3515158,132.4597779,52,
2128 0,34.3520535,132.4598235,53,
2128 0,34.3526029,132.4598738,54,
2128 0,34.353046,132.4599239,55,
2128 0,34.3530959,132.4598731,56,
2128 0,34.3531812,132.4589573,57,
2128 0,34.3532312,132.4580878,58,
2128 0,34.3532667,132.4573449,59,
2128 0,34.3531825,132.4572001,60,
2128 0,34.3528724,132.4570816,61,
2128 0,34.3527847,132.4569557,62,
2128 0,34.352728,132.4568017,63,
2128 0,34.352708,132.4566088,64,
2128 0,34.3527411,132.4564198,65,
2128 0,34.3526635,132.4563238,66,
2128 0,34.3526464,132.4562407,67,
2128 0,34.3526446,132.4562234,68,
2128 0,34.3529635,132.454991,69,
2128 0,34.3529996,132.4548662,70,
2128 0,34.3530702,132.4548085,71,
2128 0,34.3531485,132.4548105,72,
2128 0,34.3534468,132.4536929,73,
2128 0,34.3535406,132.4532595,74,
2128 0,34.3536411,132.4530257,75,
2128 0,34.3537661,132.4528908,76,
2128 0,34.3542077,132.4525091,77,
2128 0,34.3545455,132.4531154,78,
2128 0,34.3548922,132.4537044,79,
2128 0,34.3555199,132.4547891,80,
2128 0,34.356101,132.4557888,81,
2128 0,34.3566909,132.4568086,82,
2128 0,34.3570009,132.4573563,83,
2128 0,34.3574863,132.4579242,84,
2128 0,34.3578468,132.4581756,85,
2128 0,34.3582241,132.4583584,86,
2128 0,34.3584313,132.4584436,87,
2128 0,34.3586939,132.4585019,88,
2128 0,34.3590933,132.4585598,89,
2128 0,34.3594628,132.4586003,90,
2128 0,34.3603271,132.4586723,91,
2128 0,34.360947,132.4587295,92,
2128 0,34.3619159,132.4588183,93,
2128 0,34.3624952,132.4588694,94,
2128 0,34.3630923,132.4589177,95,
2128 0,34.3641756,132.4590198,96,
2128 0,34.3645983,132.4590402,97,
2128 0,34.36499,132.4589747,98,
2128 0,34.3653727,132.4588528,99,
2128 0,34.3655928,132.4587462,100,
2128 0,34.3657798,132.4586102,101,
2128 0,34.3660896,132.4583816,102,
2128 0,34.3663764,132.4580577,103,
2128 0,34.3668419,132.457483,104,
2128 0,34.3671595,132.4571745,105,
2128 0,34.3672437,132.4571056,106,
2128 0,34.3675119,132.4569179,107,
2128 0,34.3677508,132.456787,108,
2128 0,34.3679702,132.456687,109,
2128 0,34.3684211,132.4565398,110,
2128 0,34.3691931,132.4562885,111,
2128 0,34.3695095,132.4561688,112,
2128 0,34.3699776,132.4559735,113,
2128 0,34.3703771,132.4557634,114,
2128 0,34.3715615,132.4551626,115,
2128 0,34.3720653,132.4548963,116,
2128 0,34.3725402,132.4547011,117,
2128 0,34.3736401,132.4543303,118,
2128 0,34.3747154,132.454029,119,
2128 0,34.3768897,132.4533036,120,
2128 0,34.377983,132.4529262,121,
2128 0,34.3791379,132.4525282,122,
2128 0,34.3793549,132.4524035,123,
2128 0,34.3796717,132.4523579,124,
2128 0,34.3800417,132.4524653,125,
2128 0,34.3811603,132.4528473,126,
2128 0,34.3821826,132.4531921,127,
2128 0,34.3829571,132.4534726,128,
2128 0,34.3831636,132.4535445,129,
2128 0,34.383448,132.4536053,130,
2128 0,34.3837584,132.4535888,131,
2128 0,34.3841899,132.4537502,132,
2128 0,34.3850378,132.4540575,133,
2128 0,34.3856711,132.4542908,134,
2128 0,34.386371,132.4545241,135,
2128 0,34.3871042,132.4547407,136,
2128 0,34.3880886,132.4551035,137,
2128 0,34.3891707,132.4554572,138,
2128 0,34.3896907,132.4556754,139,
2128 0,34.3907872,132.4560238,140,
2128 0,34.3918038,132.4563904,141,
2128 0,34.3928314,132.4567158,142,
2128 0,34.3936177,132.456986,143,
2128 0,34.3944578,132.4572484,144,
2128 0,34.3954367,132.4575901,145,
2128 0,34.3951368,132.4586734,146,
2128 0,34.3949535,132.45924,147,
2128 0,34.3948035,132.4598733,148,
2128 0,34.3945036,132.4610065,149,
2128 0,34.3942714,132.4619704,150,
2128 0,34.3939943,132.463037,151,
2128 0,34.3935547,132.4647356,152,
2128 0,34.3934242,132.4652971,153,
2128 0,34.3933142,132.4665894,154,
2128 0,34.3932176,132.4676444,155,
2128 0,34.3931038,132.468356,156,
2128 0,34.3929206,132.4696225,157,
2128 0,34.3927872,132.4705058,158,
2128 0,34.3927039,132.4710891,159,
2128 0,34.3926418,132.4716998,160,
2128 0,34.3936205,132.4724223,161,
2128 0,34.3947204,132.4733055,162,
2128 0,34.3957703,132.4741554,163,
2128 0,34.395906,132.473985,164,
2128 0,34.39646,132.4729309,165,
2128 0,34.3966523,132.4726483,166,
2128 0,34.3968423,132.4724328,167,
2128 0,34.3970812,132.4722327,168,
2128 0,34.3973201,132.4720888,169,
2128 0,34.3978367,132.4718388,170,
2128 0,34.397867,132.4721627,171,
2128 0,34.39779,132.4723137,172,
2128 0,34.3973201,132.4730554,173,
2128 0,34.3967536,132.474022,174,
2128 0,34.3963869,132.4747386,175,
2128 0,34.3957136,132.4760474,176,
2128 0,34.3953582,132.4766917,177,
2128 0,34.3948538,132.4772385,178,
2128 0,34.3943074,132.4777785,179,
2128 0,34.3937206,132.4782551,180,
2128 0,34.393104,132.4787884,181,
2128 0,34.3920708,132.4796551,182,
2128 0,34.3919142,132.4798457,183,
2128 0,34.391773,132.4800712,184,
2128 0,34.3915753,132.4805438,185,
2128 0,34.3914308,132.4810191,186,
2128 0,34.3910998,132.482027,187,
2128 0,34.3907364,132.4831278,188,
2128 0,34.3903587,132.4841931,189,
2128 0,34.3901588,132.4846883,190,
2128 0,34.3897977,132.4857568,191,
2128 0,34.3894045,132.4868679,192,
2128 0,34.389099,132.4879204,193,
2128 0,34.388838,132.4887999,194,
2128 0,34.3885424,132.4898021,195,
2128 0,34.3882304,132.4908602,196,
2128 0,34.388051,132.4914818,197,
2128 0,34.3876536,132.4928424,198,
2128 0,34.3872047,132.4944522,199,
2128 0,34.3869523,132.4954214,200,
2128 0,34.3867882,132.4960314,201,
2128 0,34.3866194,132.4966544,202,
2128 0,34.3863916,132.4976893,203,
2128 0,34.3861317,132.4987965,204,
2128 0,34.3859428,132.4994549,205,
2128 0,34.3857163,132.5001737,206,
2128 0,34.385453,132.5008111,207,
2128 0,34.3852572,132.5010272,208,
2128 0,34.3851283,132.5011272,209,
2128 0,34.3849552,132.5012165,210,
2128 0,34.3843909,132.5014226,211,
2128 0,34.3841463,132.5014694,212,
2128 0,34.3839271,132.5014744,213,
2128 0,34.3834688,132.5015073,214,
2128 0,34.3831032,132.5015772,215,
2128 0,34.3828033,132.50167,216,
2128 0,34.3823372,132.5019016,217,
2128 0,34.3818755,132.5021936,218,
2128 0,34.3806768,132.5029527,219,
2128 0,34.379205,132.5038675,220,
2128 0,34.3789132,132.5040117,221,
2128 0,34.3785716,132.5040853,222,
2128 0,34.3781061,132.5042037,223,
2128 0,34.3769895,132.5044537,224,
2128 0,34.3766151,132.5045238,225,
2128 0,34.3763384,132.5045993,226,
2128 0,34.3758803,132.5046989,227,
2128 0,34.3754636,132.5049701,228,
2128 0,34.375203,132.505186,229,
2128 0,34.3750119,132.5053553,230,
2128 0,34.3747715,132.5049678,231,
2128 0,34.3746838,132.5048967,232,
2128 0,34.373553,132.5051371,233,
2128 0,34.3726955,132.5053228,234,
2128 0,34.3713707,132.5056209,235,
2128 0,34.3711979,132.5055435,236,
2128 0,34.3709003,132.5055562,237,
2128 0,34.3701749,132.5056415,238,
2128 0,34.3700606,132.5056329,239,
2128 0,34.3699466,132.5055909,240,
2128 0,34.3698182,132.5054961,241,
2128 0,34.3695903,132.5053123,242,
2128 0,34.369407,132.505154,243,
2128 0,34.3693592,132.5050076,244,
2128 0,34.3692573,132.5049875,245,
2128 0,34.3689404,132.5049403,246,
2128 0,34.3678862,132.5048357,247,
2128 0,34.3669373,132.5047525,248,
2128 0,34.3663309,132.5047085,249,
2128 0,34.3656485,132.5036109,250,
2128 0,34.3656065,132.5036177,251,
2128 0,34.365197,132.5039755,252,
2128 0,34.3651439,132.5040543,253,
2128 0,34.3651417,132.5041503,254,
2128 0,34.3654222,132.5044673,255,
2128 0,34.3655491,132.5046432,256,
2128 0,34.365627,132.5047647,257,
2128 0,34.3655742,132.5048943,258,
2128 0,34.3650776,132.5053346,259,
2128 0,34.3649995,132.5054397,260,
2128 0,34.3646129,132.5062353,261,
2128 0,34.3645079,132.5063617,262,
2128 0,34.3637664,132.5070568,263,
2128 0,34.3634002,132.5073306,264,
2128 0,34.362011,132.5082454,265,
2128 0,34.3620019,132.5083398,266,
2128 0,34.3621412,132.5086152,267,
2128 0,34.3625745,132.5095706,268,
2128 0,34.3630345,132.5105039,269,
2128 0,34.3632278,132.5108272,270,
2128 0,34.3634411,132.5111371,271,
2128 0,34.3637472,132.5114795,272,
2128 0,34.364091,132.511787,273,
2128 0,34.364661,132.5122267,274,
2128 0,34.3652365,132.512649,275,
2128 0,34.365288,132.512642,276,
2128 0,34.3656614,132.5119029,277,
2128 0,34.3661287,132.5110002,278,
2128 0,34.3661168,132.5109395,279,
2128 0,34.3648954,132.51,280,
2128 0,34.3646939,132.5098057,281,
2128 0,34.3645299,132.5095979,282,
2128 0,34.3642994,132.509232,283,
2128 0,34.3641344,132.5088746,284,
2128 9,34.3620711,132.5084673,1,
2128 9,34.3621933,132.5087288,2,
2128 9,34.3627711,132.5099706,3,
2128 9,34.3631944,132.5107723,4,
2128 9,34.3633819,132.5110509,5,
2128 9,34.3636126,132.5113294,6,
2128 9,34.3637268,132.5114593,7,
2128 9,34.3638411,132.5115704,8,
2128 9,34.3640608,132.511766,9,
2128 9,34.3642085,132.5118825,10,
2128 9,34.3644154,132.5120391,11,
2128 9,34.3652365,132.512649,12,
2128 9,34.365288,132.512642,13,
2128 9,34.3658625,132.5114944,14,
2128 9,34.3661281,132.5109886,15,
2128 9,34.3661168,132.5109395,16,
2128 9,34.365882,132.5107624,17,
2128 9,34.3648763,132.5099881,18,
2128 9,34.3647417,132.509859,19,
2128 9,34.3646381,132.5097405,20,
2128 9,34.364519,132.5095926,21,
2128 9,34.3644088,132.5094326,22,
2128 9,34.3642994,132.509232,23,
2128 9,34.3641933,132.5090206,24,
2128 9,34.3640771,132.5087921,25,
2128 9,34.3639444,132.5085019,26,
2128 9,34.3633921,132.5073078,27,
2128 9,34.363751,132.5070457,28,
2128 9,34.3641953,132.5066202,29,
2128 9,34.3645364,132.506303,30,
2128 9,34.3645978,132.5062214,31,
2128 9,34.3648208,132.5057469,32,
2128 9,34.3649888,132.5054215,33,
2128 9,34.3650623,132.5053285,34,
2128 9,34.365572,132.5048412,35,
2128 9,34.3655799,132.5047197,36,
2128 9,34.3654023,132.5044779,37,
2128 9,34.365179,132.5042464,38,
2128 9,34.365062,132.5040738,39,
2128 9,34.3656373,132.5035537,40,
2128 9,34.3659807,132.5040839,41,
2128 9,34.3661645,132.5043784,42,
2128 9,34.3663295,132.5046457,43,
2128 9,34.3664081,132.5046797,44,
2128 9,34.3673072,132.5047495,45,
2128 9,34.3683538,132.5048468,46,
2128 9,34.369367,132.5049627,47,
2128 9,34.3694709,132.5050145,48,
2128 9,34.3695703,132.5051186,49,
2128 9,34.369657,132.5052707,50,
2128 9,34.3697077,132.505352,51,
2128 9,34.3698236,132.5054494,52,
2128 9,34.3699403,132.5055373,53,
2128 9,34.3700803,132.5056012,54,
2128 9,34.3701285,132.5056122,55,
2128 9,34.3703674,132.505582,56,
2128 9,34.3706284,132.5055541,57,
2128 9,34.3712146,132.5055135,58,
2128 9,34.3712658,132.5055313,59,
2128 9,34.3713251,132.5055517,60,
2128 9,34.3714082,132.5055821,61,
2128 9,34.3718624,132.505476,62,
2128 9,34.3723177,132.5053753,63,
2128 9,34.373291,132.505154,64,
2128 9,34.3739943,132.5050013,65,
2128 9,34.374706,132.5048573,66,
2128 9,34.374961,132.5052173,67,
2128 9,34.3749898,132.5052204,68,
2128 9,34.3754518,132.5048189,69,
2128 9,34.3757224,132.5047283,70,
2128 9,34.3759238,132.5046422,71,
2128 9,34.3766061,132.5044808,72,
2128 9,34.3778209,132.504215,73,
2128 9,34.3781971,132.5041165,74,
2128 9,34.3785356,132.5040584,75,
2128 9,34.3789115,132.5039604,76,
2128 9,34.3791885,132.5038405,77,
2128 9,34.3794059,132.5037203,78,
2128 9,34.3800624,132.5032899,79,
2128 9,34.3811557,132.5026039,80,
2128 9,34.3822783,132.5018978,81,
2128 9,34.3826422,132.5017092,82,
2128 9,34.3828821,132.5016119,83,
2128 9,34.3830705,132.5015497,84,
2128 9,34.3833168,132.5014897,85,
2128 9,34.3835588,132.50147,86,
2128 9,34.3840969,132.5014345,87,
2128 9,34.3843362,132.5014044,88,
2128 9,34.3848927,132.5011942,89,
2128 9,34.3849821,132.5011722,90,
2128 9,34.38521,132.5010332,91,
2128 9,34.3853625,132.5008648,92,
2128 9,34.3854873,132.500674,93,
2128 9,34.385754,132.5000071,94,
2128 9,34.3859895,132.4992446,95,
2128 9,34.3861385,132.4986704,96,
2128 9,34.3862118,132.4982343,97,
2128 9,34.3863961,132.4974498,98,
2128 9,34.386655,132.496354,99,
2128 9,34.3867911,132.49585,100,
2128 9,34.3869315,132.4953433,101,
2128 9,34.3871883,132.4943708,102,
2128 9,34.3875293,132.4931308,103,
2128 9,34.3878215,132.4921209,104,
2128 9,34.3881381,132.4910377,105,
2128 9,34.3882941,132.4905304,106,
2128 9,34.3884336,132.49005,107,
2128 9,34.3887556,132.4889786,108,
2128 9,34.3889669,132.4882469,109,
2128 9,34.3892001,132.4874748,110,
2128 9,34.389369,132.486865,111,
2128 9,34.3897533,132.4857221,112,
2128 9,34.390051,132.4848741,113,
2128 9,34.390229,132.484373,114,
2128 9,34.3905665,132.483333,115,
2128 9,34.3908176,132.4824936,116,
2128 9,34.3910553,132.481773,117,
2128 9,34.3913175,132.481078,118,
2128 9,34.3914908,132.4806297,119,
2128 9,34.3916963,132.4801045,120,
2128 9,34.3917786,132.4799099,121,
2128 9,34.3920573,132.4795739,122,
2128 9,34.3923329,132.4793459,123,
2128 9,34.3926308,132.4790847,124,
2128 9,34.3931878,132.4786118,125,
2128 9,34.3941039,132.4778051,126,
2128 9,34.3941986,132.4777332,127,
2128 9,34.3944441,132.4775028,128,
2128 9,34.3947205,132.4772885,129,
2128 9,34.3950038,132.4770052,130,
2128 9,34.3954204,132.4763885,131,
2128 9,34.3957537,132.4758386,132,
2128 9,34.3962703,132.474872,133,
2128 9,34.3970227,132.4734667,134,
2128 9,34.3971637,132.4736101,135,
2128 9,34.3971947,132.4738536,136,
2128 9,34.3967474,132.4747775,137,
2128 9,34.3966835,132.4748553,138,
2128 9,34.3965844,132.4748878,139,
2128 9,34.396504,132.4748548,140,
2128 9,34.3962653,132.4748215,141,
2128 9,34.3957037,132.4743887,142,
2128 9,34.3946871,132.4735721,143,
2128 9,34.3936539,132.4727556,144,
2128 9,34.392604,132.4719057,145,
2128 9,34.3925137,132.4717558,146,
2128 9,34.3926016,132.4710052,147,
2128 9,34.3926885,132.4704097,148,
2128 9,34.3928372,132.4693892,149,
2128 9,34.3929705,132.4683726,150,
2128 9,34.3930872,132.4675727,151,
2128 9,34.3931371,132.4668728,152,
2128 9,34.3931871,132.4659062,153,
2128 9,34.3932371,132.4653562,154,
2128 9,34.3935204,132.4642063,155,
2128 9,34.393787,132.4632397,156,
2128 9,34.393937,132.4626064,157,
2128 9,34.3942203,132.4615398,158,
2128 9,34.3944369,132.4606566,159,
2128 9,34.3946535,132.4598066,160,
2128 9,34.3948535,132.4591067,161,
2128 9,34.3950258,132.4584264,162,
2128 9,34.3951669,132.4578686,163,
2128 9,34.3950963,132.4576738,164,
2128 9,34.3947459,132.4575352,165,
2128 9,34.3938036,132.4571902,166,
2128 9,34.3929449,132.4569138,167,
2128 9,34.3920785,132.4566187,168,
2128 9,34.3911674,132.4563101,169,
2128 9,34.3901367,132.4559849,170,
2128 9,34.3889887,132.4555904,171,
2128 9,34.3881323,132.455305,172,
2128 9,34.387107,132.454961,173,
2128 9,34.386571,132.4547574,174,
2128 9,34.3861882,132.454631,175,
2128 9,34.3844976,132.4540888,176,
2128 9,34.3843608,132.4539689,177,
2128 9,34.3836104,132.4537515,178,
2128 9,34.3834224,132.4537302,179,
2128 9,34.383288,132.4536743,180,
2128 9,34.3830514,132.4535904,181,
2128 9,34.3828796,132.4535385,182,
2128 9,34.3826348,132.4534544,183,
2128 9,34.3817981,132.4531723,184,
2128 9,34.3807882,132.4528245,185,
2128 9,34.3804383,132.4527079,186,
2128 9,34.3799972,132.4525479,187,
2128 9,34.3797357,132.45247,188,
2128 9,34.37954,132.4524535,189,
2128 9,34.3792267,132.4525929,190,
2128 9,34.3786673,132.4528009,191,
2128 9,34.3778518,132.4530949,192,
2128 9,34.376942,132.4534089,193,
2128 9,34.3760779,132.4537007,194,
2128 9,34.3755317,132.4538858,195,
2128 9,34.3749279,132.4540708,196,
2128 9,34.3737681,132.4544303,197,
2128 9,34.3729992,132.4546542,198,
2128 9,34.3725727,132.4548022,199,
2128 9,34.3722436,132.4549395,200,
2128 9,34.371567,132.455266,201,
2128 9,34.3704438,132.455837,202,
2128 9,34.3694546,132.4563195,203,
2128 9,34.3679406,132.456821,204,
2128 9,34.367395,132.4570893,205,
2128 9,34.3671094,132.4573278,206,
2128 9,34.3667955,132.4576677,207,
2128 9,34.3664418,132.4581257,208,
2128 9,34.3661327,132.4584656,209,
2128 9,34.3658678,132.4586682,210,
2128 9,34.3657708,132.4587462,211,
2128 9,34.3653233,132.4589747,212,
2128 9,34.3651733,132.4590247,213,
2128 9,34.3650502,132.4590622,214,
2128 9,34.3647428,132.4591215,215,
2128 9,34.3643234,132.4591414,216,
2128 9,34.3632569,132.4590581,217,
2128 9,34.3628069,132.4590081,218,
2128 9,34.361657,132.4589082,219,
2128 9,34.3606571,132.4588249,220,
2128 9,34.3595606,132.4586905,221,
2128 9,34.3588477,132.4586427,222,
2128 9,34.3586574,132.4586084,223,
2128 9,34.358463,132.4585739,224,
2128 9,34.3582908,132.4585099,225,
2128 9,34.3578183,132.4583169,226,
2128 9,34.3575575,132.4585418,227,
2128 9,34.3574649,132.4585586,228,
2128 9,34.3567082,132.4584992,229,
2128 9,34.3562108,132.4584468,230,
2128 9,34.3558551,132.4583835,231,
2128 9,34.355791,132.4583585,232,
2128 9,34.3548911,132.4579919,233,
2128 9,34.3543978,132.457725,234,
2128 9,34.3539134,132.4574755,235,
2128 9,34.3528724,132.4570816,236,
2128 9,34.3527847,132.4569557,237,
2128 9,34.352728,132.4568017,238,
2128 9,34.352708,132.4566588,239,
2128 9,34.3527411,132.4564198,240,
2128 9,34.3526635,132.4563238,241,
2128 9,34.3526446,132.4562234,242,
2128 9,34.3528746,132.4553422,243,
2128 9,34.3529889,132.454896,244,
2128 9,34.3530169,132.4548467,245,
2128 9,34.3530863,132.4548095,246,
2128 9,34.3531391,132.4548153,247,
2128 9,34.3531918,132.4548659,248,
2128 9,34.3532245,132.4549232,249,
2128 9,34.3528246,132.4564255,250,
2128 9,34.3528057,132.4566808,251,
2128 9,34.3529246,132.4569421,252,
2128 9,34.3530435,132.4570459,253,
2128 9,34.3533412,132.4571587,254,
2128 9,34.3532646,132.4580467,255,
2128 9,34.3532075,132.4590094,256,
2128 9,34.3531162,132.4599681,257,
2128 9,34.3525126,132.4599028,258,
2128 9,34.3515137,132.4598055,259,
2128 9,34.3510655,132.4597707,260,
2128 9,34.3509744,132.459856,261,
2128 9,34.3509432,132.4600245,262,
2128 9,34.3510848,132.460498,263,
2128 9,34.3511582,132.4607752,264,
2128 9,34.3511749,132.4609296,265,
2128 9,34.3511749,132.4612252,266,
2128 9,34.3511716,132.4613309,267,
2128 9,34.3511478,132.4614933,268,
2128 9,34.3510455,132.4618691,269,
2128 9,34.3509082,132.4621418,270,
2128 9,34.3508071,132.4623115,271,
2128 9,34.3507416,132.4623918,272,
2128 9,34.3506571,132.4624555,273,
2128 9,34.3504735,132.4625451,274,
2128 9,34.3501902,132.462632,275,
2128 9,34.350056,132.4626374,276,
2128 9,34.3498362,132.4626149,277,
2128 9,34.3497576,132.4626153,278,
2128 9,34.3496698,132.4626237,279,
2128 9,34.3487684,132.4628235,280,
2128 9,34.3483143,132.4629253,281,
2128 9,34.3482252,132.4629252,282,
2128 9,34.3481394,132.4629087,283,
2128 9,34.3480642,132.4628577,284,
2128 9,34.3479313,132.4627301,285,
2128 9,34.3478109,132.4626301,286,
2128 9,34.3477282,132.4625958,287,
2128 9,34.3476104,132.4626003,288,
2128 9,34.3472221,132.4626909,289,
2128 9,34.346151,132.4629529,290,
2128 9,34.3456149,132.463083,291,
2128 9,34.3452672,132.4631524,292,
2128 9,34.3447467,132.4632809,293,
2128 9,34.3445746,132.4633263,294,
2128 9,34.3444986,132.4633343,295,
2128 9,34.3444379,132.463325,296,
2128 9,34.344313,132.4632673,297,
2128 9,34.3442302,132.4632713,298,
2128 9,34.3438971,132.4634472,299,
2128 9,34.3436371,132.4636137,300,
2130 0,34.3528803,132.4553116,1,
2130 0,34.3529715,132.4549636,2,
2130 0,34.3529919,132.4548909,3,
2130 0,34.3530276,132.4548305,4,
2130 0,34.353142,132.4547882,5,
2130 0,34.3532738,132.4543319,6,
2130 0,34.3533918,132.4538717,7,
2130 0,34.3535406,132.4532595,8,
2130 0,34.3536364,132.4530357,9,
2130 0,34.3537289,132.4529105,10,
2130 0,34.3538522,132.4527922,11,
2130 0,34.3542073,132.452531,12,
2130 0,34.3542538,132.4526131,13,
2130 0,34.3548328,132.4536244,14,
2130 0,34.3553533,132.454511,15,
2130 0,34.3559866,132.4556055,16,
2130 0,34.356289,132.4561187,17,
2130 0,34.3565804,132.4566387,18,
2130 0,34.356724,132.4568927,19,
2130 0,34.3568748,132.457144,20,
2130 0,34.3570009,132.4573563,21,
2130 0,34.3571842,132.4575859,22,
2130 0,34.3574598,132.4579063,23,
2130 0,34.3576426,132.4580549,24,
2130 0,34.3578286,132.4581902,25,
2130 0,34.3581411,132.4583358,26,
2130 0,34.3583761,132.458429,27,
2130 0,34.358619,132.4584923,28,
2130 0,34.3588924,132.4585433,29,
2130 0,34.3591875,132.4585758,30,
2130 0,34.3594073,132.4585868,31,
2130 0,34.3597139,132.4586001,32,
2130 0,34.3598861,132.4586187,33,
2130 0,34.3603716,132.4586708,34,
2130 0,34.3608705,132.458714,35,
2130 0,34.3613615,132.4587584,36,
2130 0,34.3620215,132.4588291,37,
2130 0,34.3625725,132.4588791,38,
2130 0,34.363108,132.4589258,39,
2130 0,34.3635713,132.458961,40,
2130 0,34.3641124,132.45901,41,
2130 0,34.3645589,132.4590381,42,
2130 0,34.3647373,132.4590265,43,
2130 0,34.3649134,132.4589987,44,
2130 0,34.3651733,132.4589271,45,
2130 0,34.3653916,132.4588403,46,
2130 0,34.3655977,132.4587374,47,
2130 0,34.3658574,132.458566,48,
2130 0,34.3660823,132.4583859,49,
2130 0,34.3663764,132.4580577,50,
2130 0,34.3666302,132.4577453,51,
2130 0,34.3668419,132.457483,52,
2130 0,34.3669718,132.4573558,53,
2130 0,34.3672437,132.4571056,54,
2130 0,34.3675119,132.4569179,55,
2130 0,34.367744,132.4567897,56,
2130 0,34.367955,132.4566897,57,
2130 0,34.3685406,132.4564913,58,
2130 0,34.3691805,132.4562935,59,
2130 0,34.3695461,132.4561604,60,
2130 0,34.3701076,132.4559089,61,
2130 0,34.3706692,132.4556238,62,
2130 0,34.3711681,132.4553548,63,
2130 0,34.3715659,132.4551535,64,
2130 0,34.3721147,132.4548768,65,
2130 0,34.3726174,132.4546565,66,
2130 0,34.3732257,132.4544655,67,
2130 0,34.3737407,132.4543001,68,
2130 0,34.3741811,132.4541862,69,
2130 0,34.3746578,132.4540548,70,
2130 0,34.3752266,132.4538821,71,
2130 0,34.3759065,132.4536534,72,
2130 0,34.3764698,132.4534452,73,
2130 0,34.3770474,132.4532476,74,
2130 0,34.3777107,132.453035,75,
2130 0,34.3781751,132.4528595,76,
2130 0,34.3787251,132.4526641,77,
2130 0,34.3791595,132.452509,78,
2130 0,34.3793151,132.4524018,79,
2130 0,34.3795219,132.4523767,80,
2130 0,34.3797,132.4523639,81,
2130 0,34.3798383,132.4523912,82,
2130 0,34.380265,132.4525428,83,
2130 0,34.3808005,132.452728,84,
2130 0,34.3811171,132.4528339,85,
2130 0,34.3820937,132.4531687,86,
2130 0,34.3828725,132.4534353,87,
2130 0,34.3831636,132.4535445,88,
2130 0,34.383448,132.4536053,89,
2130 0,34.383579,132.453596,90,
2130 0,34.3837584,132.4535888,91,
2130 0,34.3842512,132.453767,92,
2130 0,34.3849661,132.454015,93,
2130 0,34.3855355,132.4542149,94,
2130 0,34.3866199,132.4545815,95,
2130 0,34.3876408,132.454948,96,
2130 0,34.3881991,132.4551483,97,
2130 0,34.3887613,132.455347,98,
2130 0,34.3891793,132.4554908,99,
2130 0,34.3895985,132.45564,100,
2130 0,34.3903728,132.4558804,101,
2130 0,34.3913071,132.4562016,102,
2130 0,34.3919654,132.4564256,103,
2130 0,34.3926253,132.4566529,104,
2130 0,34.3932058,132.4568521,105,
2130 0,34.3937958,132.4570514,106,
2130 0,34.3953967,132.4576103,107,
2130 0,34.3951888,132.4584074,108,
2130 0,34.3949744,132.4592313,109,
2130 0,34.3948034,132.4598867,110,
2130 0,34.394569,132.460802,111,
2130 0,34.3943413,132.4616992,112,
2130 0,34.3941313,132.4625244,113,
2130 0,34.3939124,132.4633618,114,
2130 0,34.3937036,132.464159,115,
2130 0,34.3935636,132.4646939,116,
2130 0,34.3934391,132.4652423,117,
2130 0,34.3934148,132.4654323,118,
2130 0,34.3933626,132.4659642,119,
2130 0,34.3933204,132.4665701,120,
2130 0,34.3932479,132.4675121,121,
2130 0,34.3932329,132.4677263,122,
2130 0,34.3931847,132.46797,123,
2130 0,34.393116,132.4684306,124,
2130 0,34.3930649,132.468718,125,
2130 0,34.3930193,132.468998,126,
2130 0,34.3928821,132.4699218,127,
2130 0,34.3927889,132.4705725,128,
2130 0,34.3927128,132.4711197,129,
2130 0,34.3926423,132.4716627,130,
2130 0,34.3929272,132.4718758,131,
2130 0,34.3938833,132.4726463,132,
2130 0,34.3949609,132.4734961,133,
2130 0,34.3958013,132.4741522,134,
2130 0,34.3958919,132.4739842,135,
2130 0,34.3962318,132.4733686,136,
2130 9,34.3968844,132.4745086,1,
2130 9,34.3967474,132.4747775,2,
2130 9,34.3966835,132.4748553,3,
2130 9,34.3966107,132.474883,4,
2130 9,34.3965718,132.4748845,5,
2130 9,34.3965122,132.4748579,6,
2130 9,34.396283,132.4748186,7,
2130 9,34.3961249,132.4746981,8,
2130 9,34.3958165,132.4744635,9,
2130 9,34.3954977,132.474215,10,
2130 9,34.3947905,132.473675,11,
2130 9,34.3940206,132.4730404,12,
2130 9,34.3933872,132.4725223,13,
2130 9,34.3929901,132.4722051,14,
2130 9,34.3927039,132.4719557,15,
2130 9,34.3924919,132.4717829,16,
2130 9,34.3925201,132.4715957,17,
2130 9,34.3925706,132.4711865,18,
2130 9,34.3926539,132.4705558,19,
2130 9,34.3926885,132.4704097,20,
2130 9,34.3927601,132.4699705,21,
2130 9,34.3928395,132.4694212,22,
2130 9,34.3929089,132.4689469,23,
2130 9,34.3929725,132.468472,24,
2130 9,34.3930232,132.4680807,25,
2130 9,34.39307,132.4676887,26,
2130 9,34.3930892,132.4675381,27,
2130 9,34.3931043,132.4673607,28,
2130 9,34.3931322,132.4670387,29,
2130 9,34.3931626,132.4666411,30,
2130 9,34.3931855,132.4662395,31,
2130 9,34.3932371,132.4654562,32,
2130 9,34.3934596,132.4644543,33,
2130 9,34.3936023,132.4638516,34,
2130 9,34.3936839,132.4635503,35,
2130 9,34.3937613,132.463246,36,
2130 9,34.393885,132.4627792,37,
2130 9,34.3940054,132.4623201,38,
2130 9,34.3941289,132.4618507,39,
2130 9,34.3942497,132.4613805,40,
2130 9,34.3944536,132.4605899,41,
2130 9,34.3946288,132.4599216,42,
2130 9,34.3948168,132.459191,43,
2130 9,34.394991,132.4585019,44,
2130 9,34.3951498,132.4578786,45,
2130 9,34.3950565,132.4576654,46,
2130 9,34.3944897,132.4574458,47,
2130 9,34.3936481,132.4571567,48,
2130 9,34.3925416,132.4567828,49,
2130 9,34.3915761,132.4564515,50,
2130 9,34.3909339,132.456241,51,
2130 9,34.3903518,132.4560546,52,
2130 9,34.3897552,132.455871,53,
2130 9,34.3888775,132.455567,54,
2130 9,34.3879487,132.4552445,55,
2130 9,34.3869554,132.4549093,56,
2130 9,34.3863388,132.4546873,57,
2130 9,34.3857473,132.4545035,58,
2130 9,34.3851668,132.4543092,59,
2130 9,34.3844976,132.4540888,60,
2130 9,34.3843505,132.4539649,61,
2130 9,34.3841547,132.4539133,62,
2130 9,34.3836228,132.4537553,63,
2130 9,34.3834224,132.4537302,64,
2130 9,34.3832696,132.4536725,65,
2130 9,34.3830197,132.4535871,66,
2130 9,34.3825986,132.4534458,67,
2130 9,34.381787,132.4531625,68,
2130 9,34.381301,132.4529978,69,
2130 9,34.3807527,132.4528132,70,
2130 9,34.3803677,132.4526819,71,
2130 9,34.3800778,132.4525839,72,
2130 9,34.3798777,132.4525164,73,
2130 9,34.3797357,132.45247,74,
2130 9,34.37954,132.4524535,75,
2130 9,34.3793597,132.4525335,76,
2130 9,34.3792137,132.4525961,77,
2130 9,34.3786673,132.4528009,78,
2130 9,34.3780518,132.4530255,79,
2130 9,34.3775896,132.4531878,80,
2130 9,34.3771669,132.4533335,81,
2130 9,34.3763731,132.4536001,82,
2130 9,34.3760387,132.453708,83,
2130 9,34.3754282,132.4539128,84,
2130 9,34.3749889,132.454058,85,
2130 9,34.3744928,132.4542117,86,
2130 9,34.3739995,132.4543581,87,
2130 9,34.373486,132.4545101,88,
2130 9,34.3729741,132.4546634,89,
2130 9,34.3727872,132.4547201,90,
2130 9,34.3723497,132.4548968,91,
2130 9,34.372145,132.4549855,92,
2130 9,34.3719436,132.4550808,93,
2130 9,34.371567,132.455266,94,
2130 9,34.3712603,132.4554274,95,
2130 9,34.3709099,132.4555974,96,
2130 9,34.3699967,132.4560635,97,
2130 9,34.3694546,132.4563195,98,
2130 9,34.3688294,132.4565424,99,
2130 9,34.3681805,132.4567426,100,
2130 9,34.3679406,132.456821,101,
2130 9,34.3676285,132.456956,102,
2130 9,34.367395,132.4570893,103,
2130 9,34.3671497,132.4572956,104,
2130 9,34.3668785,132.4575619,105,
2130 9,34.3667797,132.4576882,106,
2130 9,34.3664418,132.4581257,107,
2130 9,34.3661327,132.4584656,108,
2130 9,34.3658888,132.4586592,109,
2130 9,34.3658083,132.4587141,110,
2130 9,34.3656296,132.4588267,111,
2130 9,34.36539,132.4589414,112,
2130 9,34.3653527,132.458964,113,
2130 9,34.3650635,132.459059,114,
2130 9,34.3647428,132.4591215,115,
2130 9,34.36439,132.4591335,116,
2130 9,34.3637402,132.4590914,117,
2130 9,34.363433,132.4590642,118,
2130 9,34.3631258,132.4590402,119,
2130 9,34.362007,132.458941,120,
2130 9,34.360941,132.4588417,121,
2130 9,34.3595906,132.4587017,122,
2130 9,34.3591258,132.4586698,123,
2130 9,34.3587685,132.4586338,124,
2130 9,34.3586138,132.4586119,125,
2130 9,34.3583574,132.4585417,126,
2130 9,34.3581427,132.4584527,127,
2130 9,34.3578141,132.4583172,128,
2130 9,34.3575575,132.4585418,129,
2130 9,34.3574649,132.4585586,130,
2130 9,34.3570542,132.4585233,131,
2130 9,34.3567082,132.4584992,132,
2130 9,34.3561916,132.4584433,133,
2130 9,34.3558511,132.4583839,134,
2130 9,34.3557266,132.4583293,135,
2130 9,34.3556283,132.4582876,136,
2130 9,34.3552988,132.4581687,137,
2130 9,34.3550911,132.4580919,138,
2130 9,34.3548723,132.4579742,139,
2130 9,34.3545934,132.4578241,140,
2130 9,34.3541345,132.4575855,141,
2130 9,34.3539258,132.4574839,142,
2130 9,34.3530957,132.457167,143,
2130 9,34.3528724,132.4570816,144,
2130 9,34.3527847,132.4569557,145,
2130 9,34.352728,132.4568017,146,
2130 9,34.3527086,132.4566516,147,
2130 9,34.3527411,132.4564198,148,
2130 9,34.3526635,132.4563238,149,
2130 9,34.3526443,132.4562277,150,
2130 9,34.3529115,132.4551789,151,
2131 0,34.3528689,132.4553516,1,
2131 0,34.3529412,132.4550756,2,
2131 0,34.3530169,132.4548467,3,
2131 0,34.3530788,132.4548143,4,
2131 0,34.3531562,132.454806,5,
2131 0,34.3533745,132.453959,6,
2131 0,34.3535245,132.453459,7,
2131 0,34.3536124,132.4530897,8,
2131 0,34.3537206,132.4529195,9,
2131 0,34.3538477,132.4528005,10,
2131 0,34.3542177,132.4525329,11,
2131 0,34.3548756,132.4536791,12,
2131 0,34.3554932,132.4547389,13,
2131 0,34.3560742,132.4557587,14,
2131 0,34.3566821,132.4567987,15,
2131 0,34.3570242,132.4573752,16,
2131 0,34.3574863,132.4579242,17,
2131 0,34.3578463,132.4581869,18,
2131 0,34.3582207,132.4583678,19,
2131 0,34.358441,132.4584509,20,
2131 0,34.3588241,132.4585233,21,
2131 0,34.359445,132.4585894,22,
2131 0,34.3603949,132.4586753,23,
2131 0,34.3610225,132.4587366,24,
2131 0,34.3621181,132.4588398,25,
2131 0,34.3626947,132.4588863,26,
2131 0,34.3633778,132.4589451,27,
2131 0,34.3643119,132.4590223,28,
2131 0,34.3645905,132.4590351,29,
2131 0,34.3649134,132.4589987,30,
2131 0,34.3651879,132.4589262,31,
2131 0,34.3653916,132.4588403,32,
2131 0,34.3656049,132.4587392,33,
2131 0,34.3658345,132.458576,34,
2131 0,34.3660823,132.4583859,35,
2131 0,34.3668352,132.4574941,36,
2131 0,34.3671595,132.4571745,37,
2131 0,34.3675119,132.4569179,38,
2131 0,34.3679808,132.4566772,39,
2131 0,34.3687824,132.4564238,40,
2131 0,34.3695095,132.4561688,41,
2131 0,34.3697814,132.4560395,42,
2131 0,34.3708382,132.4555322,43,
2131 0,34.3718392,132.4550247,44,
2131 0,34.3724946,132.4547042,45,
2131 0,34.3732578,132.4544414,46,
2131 0,34.3739555,132.4542494,47,
2131 0,34.374561,132.4540774,48,
2131 0,34.3752266,132.4538821,49,
2131 0,34.3758554,132.453658,50,
2131 0,34.3763763,132.4534907,51,
2131 0,34.3770716,132.4532315,52,
2131 0,34.3775381,132.4530902,53,
2131 0,34.377983,132.4529262,54,
2131 0,34.3785758,132.4527166,55,
2131 0,34.3790344,132.4525612,56,
2131 0,34.3793713,132.4523932,57,
2131 0,34.3796717,132.4523579,58,
2131 0,34.380135,132.452488,59,
2131 0,34.3806626,132.4526761,60,
2131 0,34.3810825,132.4528255,61,
2131 0,34.3823904,132.4532591,62,
2131 0,34.3828725,132.4534353,63,
2131 0,34.3831636,132.4535445,64,
2131 0,34.383448,132.4536053,65,
2131 0,34.3837584,132.4535888,66,
2131 0,34.3840712,132.4537076,67,
2131 0,34.3850101,132.4540564,68,
2131 0,34.3857322,132.4542977,69,
2131 0,34.3868209,132.4546574,70,
2131 0,34.3879042,132.4550407,71,
2131 0,34.3889374,132.4553906,72,
2131 0,34.3896207,132.4556405,73,
2131 0,34.3903373,132.4558738,74,
2131 0,34.3914038,132.4562237,75,
2131 0,34.392437,132.4565737,76,
2131 0,34.3931203,132.4568236,77,
2131 0,34.3942035,132.4571569,78,
2131 0,34.3948201,132.4573901,79,
2131 0,34.3952368,132.4575568,80,
2131 0,34.3953034,132.4578734,81,
2131 0,34.3950535,132.45879,82,
2131 0,34.3947035,132.4601233,83,
2131 0,34.3944536,132.4610899,84,
2131 0,34.394187,132.4621898,85,
2131 0,34.3939703,132.4630064,86,
2131 0,34.3936537,132.4641563,87,
2131 0,34.3934569,132.4651419,88,
2131 0,34.3933527,132.4657141,89,
2131 0,34.3933371,132.4663561,90,
2131 0,34.3932371,132.4672561,91,
2131 0,34.3931728,132.4680606,92,
2131 0,34.3929539,132.4691559,93,
2131 0,34.3928372,132.4700725,94,
2131 0,34.3927039,132.4709058,95,
2131 0,34.3926506,132.4716073,96,
2131 0,34.3927206,132.4717224,97,
2131 0,34.3928094,132.4718099,98,
2131 0,34.3937538,132.4725223,99,
2131 0,34.3949037,132.4734721,100,
2131 0,34.3958047,132.4741489,101,
2131 0,34.3962367,132.4733409,102,
2131 0,34.3965369,132.4728388,103,
2131 0,34.3967346,132.4725673,104,
2131 0,34.3969523,132.4723388,105,
2131 0,34.397426,132.4720432,106,
2131 0,34.3978201,132.4718388,107,
2131 0,34.3978765,132.4721633,108,
2131 0,34.3972613,132.4732037,109,
2131 0,34.3967702,132.474072,110,
2131 0,34.3964536,132.4746386,111,
2131 0,34.3958703,132.4758219,112,
2131 0,34.3953704,132.4766552,113,
2131 0,34.3950871,132.4770218,114,
2131 0,34.3948538,132.4772718,115,
2131 0,34.3943321,132.477746,116,
2131 0,34.3937772,132.4781986,117,
2131 0,34.3931863,132.4787168,118,
2131 0,34.3920165,132.4796882,119,
2131 0,34.3917311,132.4801327,120,
2131 0,34.3913543,132.481255,121,
2131 0,34.3910376,132.4822049,122,
2131 0,34.390671,132.4832882,123,
2131 0,34.3903044,132.4843214,124,
2131 0,34.3901679,132.4846553,125,
2131 0,34.3897789,132.4857949,126,
2131 0,34.3894212,132.486788,127,
2131 0,34.3891223,132.4878581,128,
2131 0,34.3888269,132.48883,129,
2131 0,34.3881914,132.4909898,130,
2131 0,34.3878737,132.4920659,131,
2131 0,34.3875118,132.4933513,132,
2131 0,34.3871539,132.4946198,133,
2131 0,34.3868573,132.4957701,134,
2131 0,34.3866316,132.4966173,135,
2131 0,34.3863916,132.4976893,136,
2131 0,34.3862689,132.4983025,137,
2131 0,34.3860688,132.4990435,138,
2131 0,34.3858115,132.4999037,139,
2131 0,34.3855618,132.5005318,140,
2131 0,34.3854127,132.5008745,141,
2131 0,34.3852318,132.5010646,142,
2131 0,34.3850884,132.5011719,143,
2131 0,34.3848187,132.5012793,144,
2131 0,34.3845397,132.5013653,145,
2131 0,34.3841463,132.5014694,146,
2131 0,34.3839705,132.5014659,147,
2131 0,34.3836524,132.5014826,148,
2131 0,34.3832267,132.5015407,149,
2131 0,34.3828166,132.5016734,150,
2131 0,34.3822933,132.5019353,151,
2131 0,34.3818081,132.5022282,152,
2131 0,34.3807714,132.502888,153,
2131 0,34.3803268,132.5031694,154,
2131 0,34.3792703,132.5038373,155,
2131 0,34.3789132,132.5040117,156,
2131 0,34.3785262,132.5040933,157,
2131 0,34.3781727,132.5041767,158,
2131 0,34.3771261,132.5044154,159,
2131 0,34.3767107,132.5044961,160,
2131 0,34.3759698,132.5046687,161,
2131 0,34.3757387,132.5047842,162,
2131 0,34.3754674,132.5049262,163,
2131 0,34.3750177,132.505317,164,
2131 0,34.3749321,132.5052392,165,
2131 0,34.3747624,132.5049561,166,
2131 0,34.3746791,132.5049091,167,
2131 0,34.3739145,132.5050483,168,
2131 0,34.373189,132.5052096,169,
2131 0,34.3724178,132.5053795,170,
2131 0,34.3716404,132.5055543,171,
2131 0,34.3713691,132.5056149,172,
2131 0,34.3711979,132.5055435,173,
2131 0,34.3707736,132.5055757,174,
2131 0,34.3701938,132.5056383,175,
2131 0,34.3700522,132.5056329,176,
2131 0,34.369957,132.5055873,177,
2131 0,34.369776,132.5054534,178,
2131 0,34.3695904,132.5053017,179,
2131 0,34.369407,132.505154,180,
2131 0,34.3693592,132.5050076,181,
2131 0,34.3686564,132.5049109,182,
2131 0,34.3677031,132.5048244,183,
2131 0,34.3664436,132.5047145,184,
2131 0,34.3664378,132.5048505,185,
2131 0,34.3665518,132.5051547,186,
2131 9,34.3666143,132.5054041,1,
2131 9,34.3665573,132.5052375,2,
2131 9,34.3663953,132.5048014,3,
2131 9,34.3664155,132.5046863,4,
2131 9,34.3665828,132.5046883,5,
2131 9,34.3676138,132.5047729,6,
2131 9,34.3686648,132.5048702,7,
2131 9,34.3693734,132.504963,8,
2131 9,34.3694767,132.5050163,9,
2131 9,34.3695668,132.5051164,10,
2131 9,34.3696377,132.5052456,11,
2131 9,34.3697085,132.5053467,12,
2131 9,34.3698236,132.505454,13,
2131 9,34.3699496,132.505538,14,
2131 9,34.3700803,132.5056012,15,
2131 9,34.3701285,132.5056122,16,
2131 9,34.3703769,132.5055827,17,
2131 9,34.3712146,132.5055135,18,
2131 9,34.3714082,132.5055821,19,
2131 9,34.3716511,132.5055213,20,
2131 9,34.3726244,132.505306,21,
2131 9,34.3733588,132.5051379,22,
2131 9,34.3744253,132.5049094,23,
2131 9,34.374706,132.5048573,24,
2131 9,34.3747837,132.5049193,25,
2131 9,34.3749577,132.5051878,26,
2131 9,34.3750101,132.5051998,27,
2131 9,34.3754518,132.5048189,28,
2131 9,34.3757563,132.5047204,29,
2131 9,34.3759667,132.5046269,30,
2131 9,34.376504,132.5045039,31,
2131 9,34.3775504,132.5042658,32,
2131 9,34.3788904,132.5039767,33,
2131 9,34.3791535,132.5038625,34,
2131 9,34.3793978,132.5037222,35,
2131 9,34.3797158,132.5035203,36,
2131 9,34.380139,132.5032491,37,
2131 9,34.380899,132.5027591,38,
2131 9,34.3814878,132.5023959,39,
2131 9,34.3819974,132.5020672,40,
2131 9,34.3825646,132.50176,41,
2131 9,34.3828078,132.5016418,42,
2131 9,34.3830377,132.5015665,43,
2131 9,34.3831753,132.5015195,44,
2131 9,34.3835194,132.5014692,45,
2131 9,34.3841363,132.5014331,46,
2131 9,34.3843362,132.5014044,47,
2131 9,34.3848451,132.5012116,48,
2131 9,34.3849915,132.5011636,49,
2131 9,34.3852218,132.501017,50,
2131 9,34.3853625,132.5008648,51,
2131 9,34.3854627,132.5007042,52,
2131 9,34.3855694,132.5004602,53,
2131 9,34.3857151,132.5000822,54,
2131 9,34.3859638,132.4993112,55,
2131 9,34.386125,132.4986733,56,
2131 9,34.3862506,132.4980765,57,
2131 9,34.3864051,132.4974039,58,
2131 9,34.3866039,132.4966233,59,
2131 9,34.3868793,132.495548,60,
2131 9,34.3871604,132.4945014,61,
2131 9,34.3874882,132.4932708,62,
2131 9,34.3877715,132.4922709,63,
2131 9,34.3880581,132.49133,64,
2131 9,34.3884336,132.49005,65,
2131 9,34.3888119,132.4887813,66,
2131 9,34.3890712,132.4878879,67,
2131 9,34.3892213,132.4873379,68,
2131 9,34.3893712,132.4868546,69,
2131 9,34.3898222,132.485538,70,
2131 9,34.3900766,132.4848263,71,
2131 9,34.3902614,132.4843108,72,
2131 9,34.3905454,132.4834785,73,
2131 9,34.3906877,132.4828716,74,
2131 9,34.3909409,132.4821151,75,
2131 9,34.3911775,132.4814268,76,
2131 9,34.3913397,132.4810285,77,
2131 9,34.3915581,132.4804395,78,
2131 9,34.3917608,132.4799432,79,
2131 9,34.3919596,132.4796804,80,
2131 9,34.392118,132.479516,81,
2131 9,34.3927607,132.4789733,82,
2131 9,34.3932205,132.4785912,83,
2131 9,34.3936873,132.4781718,84,
2131 9,34.3942705,132.4776718,85,
2131 9,34.3945705,132.4774052,86,
2131 9,34.3948538,132.4771718,87,
2131 9,34.3952204,132.4767052,88,
2131 9,34.3954704,132.4763219,89,
2131 9,34.3957204,132.4758719,90,
2131 9,34.3959703,132.4754219,91,
2131 9,34.3961703,132.4750719,92,
2131 9,34.3970035,132.473572,93,
2131 9,34.3972368,132.473772,94,
2131 9,34.3967869,132.4746053,95,
2131 9,34.3965982,132.4748614,96,
2131 9,34.3962766,132.4748103,97,
2131 9,34.3959101,132.4745458,98,
2131 9,34.3954704,132.4741721,99,
2131 9,34.3943205,132.4732555,100,
2131 9,34.3933206,132.4724723,101,
2131 9,34.3926005,132.4718806,102,
2131 9,34.3925241,132.4717286,103,
2131 9,34.3925948,132.4710684,104,
2131 9,34.3926515,132.4706529,105,
2131 9,34.3927615,132.4699496,106,
2131 9,34.3929205,132.4688726,107,
2131 9,34.3930038,132.4680893,108,
2131 9,34.3931038,132.4670561,109,
2131 9,34.3931205,132.4666395,110,
2131 9,34.3932038,132.4659728,111,
2131 9,34.3932704,132.4652896,112,
2131 9,34.3935204,132.464173,113,
2131 9,34.3937537,132.4632564,114,
2131 9,34.3939037,132.4626731,115,
2131 9,34.394087,132.4620065,116,
2131 9,34.3943036,132.4611399,117,
2131 9,34.3945702,132.4601566,118,
2131 9,34.3948202,132.4591567,119,
2131 9,34.395017,132.4584245,120,
2131 9,34.3951493,132.4578531,121,
2131 9,34.3950439,132.4576305,122,
2131 9,34.3947869,132.4575447,123,
2131 9,34.3942928,132.4573986,124,
2131 9,34.3938536,132.4571902,125,
2131 9,34.3927051,132.4568138,126,
2131 9,34.3898082,132.4558378,127,
2131 9,34.3888941,132.4555718,128,
2131 9,34.3872656,132.4550089,129,
2131 9,34.3868043,132.4548074,130,
2131 9,34.3862043,132.4545908,131,
2131 9,34.3851891,132.4542849,132,
2131 9,34.3842545,132.4539409,133,
2131 9,34.3836104,132.4537515,134,
2131 9,34.3834315,132.4537344,135,
2131 9,34.3828981,132.4535478,136,
2131 9,34.3819922,132.4532313,137,
2131 9,34.3808872,132.4528605,138,
2131 9,34.3804383,132.4527079,139,
2131 9,34.3799972,132.4525479,140,
2131 9,34.3797357,132.45247,141,
2131 9,34.37954,132.4524535,142,
2131 9,34.3792885,132.4525664,143,
2131 9,34.3783474,132.4529142,144,
2131 9,34.3773108,132.4532804,145,
2131 9,34.3768365,132.4534369,146,
2131 9,34.3757433,132.4538219,147,
2131 9,34.3747222,132.4541247,148,
2131 9,34.373639,132.4544747,149,
2131 9,34.3730653,132.4546253,150,
2131 9,34.3725891,132.454808,151,
2131 9,34.3715059,132.4552914,152,
2131 9,34.3708393,132.4556081,153,
2131 9,34.370295,132.4559098,154,
2131 9,34.3694546,132.4563195,155,
2131 9,34.368578,132.4566075,156,
2131 9,34.3679406,132.456821,157,
2131 9,34.3674357,132.4570663,158,
2131 9,34.3671497,132.4572956,159,
2131 9,34.3669018,132.4575326,160,
2131 9,34.3661402,132.4584617,161,
2131 9,34.3658932,132.4586573,162,
2131 9,34.3656733,132.4587914,163,
2131 9,34.3654299,132.4589268,164,
2131 9,34.3651733,132.4590247,165,
2131 9,34.36489,132.4590914,166,
2131 9,34.3646401,132.4591081,167,
2131 9,34.3641568,132.4591081,168,
2131 9,34.3636213,132.4590769,169,
2131 9,34.3630636,132.4590269,170,
2131 9,34.3624659,132.458963,171,
2131 9,34.3615237,132.4588749,172,
2131 9,34.3608816,132.4588234,173,
2131 9,34.3604072,132.4587749,174,
2131 9,34.3593906,132.4586917,175,
2131 9,34.358824,132.4586417,176,
2131 9,34.3584907,132.4585751,177,
2131 9,34.3581741,132.4584751,178,
2131 9,34.3578051,132.4583027,179,
2131 9,34.3575575,132.4585418,180,
2131 9,34.3574649,132.4585586,181,
2131 9,34.3565533,132.4584729,182,
2131 9,34.3558551,132.4583835,183,
2131 9,34.3553259,132.4581619,184,
2131 9,34.3549104,132.4579904,185,
2131 9,34.3544507,132.4577679,186,
2131 9,34.3540579,132.4575635,187,
2131 9,34.3531246,132.4571754,188,
2131 9,34.3529315,132.4571049,189,
2131 9,34.3528081,132.4569873,190,
2131 9,34.352708,132.4567255,191,
2131 9,34.3527368,132.4564291,192,
2131 9,34.3526635,132.4563238,193,
2131 9,34.3526568,132.456209,194,
2131 9,34.3526713,132.4561089,195,
2131 9,34.3529246,132.4551589,196,
2132 0,34.3529079,132.4552089,1,
2132 0,34.352961,132.4549914,2,
2132 0,34.3530169,132.4548467,3,
2132 0,34.3530841,132.4548025,4,
2132 0,34.3531512,132.4548013,5,
2132 0,34.3532151,132.4545923,6,
2132 0,34.3534412,132.4537257,7,
2132 0,34.3536146,132.4531049,8,
2132 0,34.3536981,132.4529448,9,
2132 0,34.3539421,132.4527217,10,
2132 0,34.3542177,132.4525329,11,
2132 0,34.3545878,132.4531837,12,
2132 0,34.3549533,132.4538143,13,
2132 0,34.3555788,132.4548943,14,
2132 0,34.3561954,132.4559608,15,
2132 0,34.356812,132.4570268,16,
2132 0,34.3570009,132.4573563,17,
2132 0,34.3572408,132.4576419,18,
2132 0,34.3574414,132.4578775,19,
2132 0,34.3576508,132.4580514,20,
2132 0,34.3580315,132.458284,21,
2132 0,34.358234,132.4583718,22,
2132 0,34.3585508,132.4584752,23,
2132 0,34.3589457,132.4585461,24,
2132 0,34.3594073,132.4585868,25,
2132 0,34.3603827,132.4586727,26,
2132 0,34.360947,132.4587295,27,
2132 0,34.3612904,132.4587524,28,
2132 0,34.3621447,132.4588471,29,
2132 0,34.3631969,132.4589271,30,
2132 0,34.3641415,132.459011,31,
2132 0,34.3645983,132.4590402,32,
2132 0,34.3649134,132.4589987,33,
2132 0,34.3651265,132.4589416,34,
2132 0,34.3653685,132.4588632,35,
2132 0,34.3656158,132.4587345,36,
2132 0,34.3658457,132.4585728,37,
2132 0,34.3660896,132.4583816,38,
2132 0,34.3663285,132.4581073,39,
2132 0,34.3668352,132.4574941,40,
2132 0,34.3672437,132.4571056,41,
2132 0,34.3675119,132.4569179,42,
2132 0,34.3679702,132.456687,43,
2132 0,34.3685928,132.4564754,44,
2132 0,34.3694848,132.4561811,45,
2132 0,34.3705592,132.4556703,46,
2132 0,34.3715615,132.4551626,47,
2132 0,34.372088,132.4548801,48,
2132 0,34.3726412,132.4546623,49,
2132 0,34.3736401,132.4543303,50,
2132 0,34.3746722,132.4540413,51,
2132 0,34.3756888,132.4537247,52,
2132 0,34.3762097,132.45353,53,
2132 0,34.3771507,132.4532116,54,
2132 0,34.3782526,132.4528354,55,
2132 0,34.3791595,132.452509,56,
2132 0,34.3793713,132.4523932,57,
2132 0,34.3796717,132.4523746,58,
2132 0,34.3798317,132.4523889,59,
2132 0,34.3800216,132.4524579,60,
2132 0,34.3803962,132.4525885,61,
2132 0,34.3811171,132.4528339,62,
2132 0,34.3823904,132.4532591,63,
2132 0,34.382813,132.4534109,64,
2132 0,34.3831636,132.4535445,65,
2132 0,34.3834046,132.4536076,66,
2132 0,34.3837584,132.4535888,67,
2132 0,34.3846367,132.4539043,68,
2132 0,34.3855833,132.4542361,69,
2132 0,34.3862664,132.4544563,70,
2132 0,34.3869709,132.4547074,71,
2132 0,34.3879287,132.4550504,72,
2132 0,34.3890063,132.4554228,73,
2132 0,34.3896373,132.4556405,74,
2132 0,34.3907205,132.4560071,75,
2132 0,34.3917038,132.4563237,76,
2132 0,34.392537,132.456607,77,
2132 0,34.393337,132.4568903,78,
2132 0,34.3940369,132.4571069,79,
2132 0,34.3953867,132.4576068,80,
2132 0,34.3952034,132.4583067,81,
2132 0,34.3949868,132.4591067,82,
2132 0,34.3947868,132.4598899,83,
2132 0,34.3945536,132.4607899,84,
2132 0,34.3943869,132.4614732,85,
2132 0,34.3941703,132.4623064,86,
2132 0,34.3939537,132.463173,87,
2132 0,34.3936537,132.464273,88,
2132 0,34.3933871,132.4653895,89,
2132 0,34.3933371,132.4661895,90,
2132 0,34.3932705,132.4669394,91,
2132 0,34.3931705,132.4680227,92,
2132 0,34.3929705,132.4692059,93,
2132 0,34.3928039,132.4703558,94,
2132 0,34.3927206,132.4709724,95,
2132 0,34.3927039,132.4712558,96,
2132 0,34.3926539,132.4716391,97,
2132 0,34.3927373,132.4717557,98,
2132 0,34.3936539,132.4724223,99,
2132 0,34.3946538,132.4732388,100,
2132 0,34.3958047,132.4741489,101,
2132 0,34.3963048,132.4732181,102,
2132 0,34.3967369,132.4725388,103,
2132 0,34.3970202,132.4723055,104,
2132 0,34.3972766,132.4721415,105,
2132 0,34.3977701,132.4718721,106,
2132 0,34.3978686,132.4721363,107,
2132 0,34.3973035,132.4731387,108,
2132 0,34.3967702,132.4740887,109,
2132 0,34.3964703,132.4746053,110,
2132 0,34.3962536,132.4750719,111,
2132 0,34.395787,132.4759052,112,
2132 0,34.3954037,132.4766052,113,
2132 0,34.3951372,132.4770115,114,
2132 0,34.3948538,132.4772718,115,
2132 0,34.3944239,132.4776534,116,
2132 0,34.393985,132.4780109,117,
2132 0,34.3932041,132.4787061,118,
2132 0,34.3925787,132.4792222,119,
2132 0,34.3920387,132.4796781,120,
2132 0,34.3918698,132.4798907,121,
2132 0,34.3917541,132.4801034,122,
2132 0,34.3915753,132.4805438,123,
2132 0,34.391391,132.4811843,124,
2132 0,34.3910876,132.4820216,125,
2132 0,34.3907364,132.4831278,126,
2132 0,34.3903711,132.4840881,127,
2132 0,34.3901211,132.4847714,128,
2132 0,34.3897878,132.485738,129,
2132 0,34.3894801,132.4866288,130,
2132 0,34.3892379,132.4873712,131,
2132 0,34.3889213,132.4884926,132,
2132 0,34.3886557,132.4893845,133,
2132 0,34.3883881,132.4903044,134,
2132 0,34.3881048,132.491321,135,
2132 0,34.3877715,132.4924376,136,
2132 0,34.3875215,132.4933042,137,
2132 0,34.3873289,132.4940248,138,
2132 0,34.3871038,132.4948523,139,
2132 0,34.3868087,132.4959747,140,
2132 0,34.3866475,132.4965424,141,
2132 0,34.3865438,132.4970189,142,
2132 0,34.3862828,132.4982238,143,
2132 0,34.3860417,132.4991572,144,
2132 0,34.385723,132.5001411,145,
2132 0,34.3854374,132.500846,146,
2132 0,34.3852318,132.5010646,147,
2132 0,34.3849386,132.5012259,148,
2132 0,34.3843486,132.5014272,149,
2132 0,34.3841463,132.5014694,150,
2132 0,34.3835854,132.5014837,151,
2132 0,34.3831441,132.5015623,152,
2132 0,34.3828599,132.501655,153,
2132 0,34.3826378,132.5017638,154,
2132 0,34.3817482,132.5022845,155,
2132 0,34.3809904,132.5027476,156,
2132 0,34.3802708,132.5032033,157,
2132 0,34.3793627,132.5037815,158,
2132 0,34.3789132,132.5040117,159,
2132 0,34.3787047,132.5040659,160,
2132 0,34.378356,132.5041428,161,
2132 0,34.3773772,132.5043568,162,
2132 0,34.3767329,132.5044982,163,
2132 0,34.3758338,132.5047298,164,
2132 0,34.3754383,132.5049862,165,
2132 0,34.3750129,132.5053641,166,
2132 0,34.3747692,132.5049564,167,
2132 0,34.3746838,132.5048967,168,
2132 0,34.3735333,132.5051429,169,
2132 0,34.372807,132.5052983,170,
2132 0,34.3718756,132.5055035,171,
2132 0,34.3713691,132.5056149,172,
2132 0,34.3711979,132.5055435,173,
2132 0,34.3708414,132.5055608,174,
2132 0,34.3701276,132.5056382,175,
2132 0,34.3700522,132.5056329,176,
2132 0,34.369957,132.5055873,177,
2132 0,34.3696772,132.5053902,178,
2132 0,34.3694147,132.5051519,179,
2132 0,34.3693592,132.5050076,180,
2132 0,34.3686716,132.5049129,181,
2132 0,34.3680481,132.5048524,182,
2132 0,34.3668187,132.504739,183,
2132 0,34.3663309,132.5047085,184,
2132 0,34.3656485,132.5036109,185,
2132 0,34.3656065,132.5036177,186,
2132 0,34.3651749,132.5040108,187,
2132 0,34.3651439,132.5040543,188,
2132 0,34.3651417,132.5041503,189,
2132 0,34.3654222,132.5044673,190,
2132 0,34.365627,132.5047647,191,
2132 0,34.3655742,132.5048943,192,
2132 0,34.3650776,132.5053346,193,
2132 0,34.3649995,132.5054397,194,
2132 0,34.3645802,132.5062955,195,
2132 0,34.3641911,132.5066635,196,
2132 0,34.3637567,132.5070748,197,
2132 0,34.3630813,132.5075394,198,
2132 0,34.362011,132.5082454,199,
2132 0,34.3620019,132.5083398,200,
2132 0,34.3621745,132.5087207,201,
2132 0,34.3627578,132.5099706,202,
2132 0,34.3631321,132.5106705,203,
2132 0,34.3633233,132.5109732,204,
2132 0,34.3635411,132.5112704,205,
2132 0,34.3639254,132.5116517,206,
2132 0,34.3643077,132.5119703,207,
2132 0,34.3648343,132.5123444,208,
2132 0,34.3652365,132.512649,209,
2132 0,34.365288,132.512642,210,
2132 0,34.3657863,132.5116751,211,
2132 0,34.3661287,132.5110002,212,
2132 0,34.3661168,132.5109395,213,
2132 0,34.3651076,132.5101538,214,
2132 0,34.3648763,132.5099881,215,
2132 0,34.364541,132.5096205,216,
2132 0,34.3643759,132.5093776,217,
2132 0,34.3641576,132.5089039,218,
2132 9,34.3620711,132.5084673,1,
2132 9,34.362795,132.5100226,2,
2132 9,34.3631953,132.5107588,3,
2132 9,34.3633021,132.5109362,4,
2132 9,34.3634411,132.5111371,5,
2132 9,34.3635583,132.511277,6,
2132 9,34.3637197,132.511449,7,
2132 9,34.3637971,132.5115299,8,
2132 9,34.3639919,132.5117138,9,
2132 9,34.3641447,132.5118366,10,
2132 9,34.3642244,132.511887,11,
2132 9,34.3643731,132.5120109,12,
2132 9,34.3647454,132.512277,13,
2132 9,34.3652365,132.512649,14,
2132 9,34.365288,132.512642,15,
2132 9,34.3661287,132.5110002,16,
2132 9,34.3661168,132.5109395,17,
2132 9,34.3654554,132.5104346,18,
2132 9,34.3648763,132.5099881,19,
2132 9,34.3647417,132.509859,20,
2132 9,34.364541,132.5096205,21,
2132 9,34.3644088,132.5094326,22,
2132 9,34.3642208,132.5090674,23,
2132 9,34.3636632,132.5078843,24,
2132 9,34.3633921,132.5073078,25,
2132 9,34.3637463,132.5070576,26,
2132 9,34.3639892,132.5068161,27,
2132 9,34.3642895,132.5065332,28,
2132 9,34.3645364,132.506303,29,
2132 9,34.3645978,132.5062214,30,
2132 9,34.3647828,132.5058268,31,
2132 9,34.3649888,132.5054215,32,
2132 9,34.3650623,132.5053285,33,
2132 9,34.365572,132.5048412,34,
2132 9,34.3655799,132.5047197,35,
2132 9,34.3653994,132.5044737,36,
2132 9,34.365179,132.5042464,37,
2132 9,34.365062,132.5040738,38,
2132 9,34.3653613,132.5038027,39,
2132 9,34.3656373,132.5035537,40,
2132 9,34.366174,132.5043876,41,
2132 9,34.3663295,132.5046457,42,
2132 9,34.3664081,132.5046797,43,
2132 9,34.3665623,132.5046896,44,
2132 9,34.3674383,132.5047683,45,
2132 9,34.3684249,132.5048535,46,
2132 9,34.3691456,132.5049373,47,
2132 9,34.3693803,132.5049674,48,
2132 9,34.3694767,132.5050163,49,
2132 9,34.3695668,132.5051164,50,
2132 9,34.3696403,132.505254,51,
2132 9,34.3697085,132.5053467,52,
2132 9,34.3698236,132.505454,53,
2132 9,34.3699403,132.5055373,54,
2132 9,34.3700803,132.5056012,55,
2132 9,34.3701285,132.5056122,56,
2132 9,34.3702546,132.5056007,57,
2132 9,34.3705057,132.5055727,58,
2132 9,34.3712146,132.5055135,59,
2132 9,34.3714082,132.5055821,60,
2132 9,34.3722978,132.5053815,61,
2132 9,34.3733065,132.50515,62,
2132 9,34.3744253,132.5049094,63,
2132 9,34.374706,132.5048573,64,
2132 9,34.374961,132.5052173,65,
2132 9,34.3749898,132.5052204,66,
2132 9,34.3754518,132.5048189,67,
2132 9,34.3757224,132.5047283,68,
2132 9,34.3759238,132.5046422,69,
2132 9,34.376504,132.5045039,70,
2132 9,34.3776203,132.5042585,71,
2132 9,34.378307,132.5040999,72,
2132 9,34.3788904,132.5039767,73,
2132 9,34.3791885,132.5038405,74,
2132 9,34.3793894,132.5037287,75,
2132 9,34.3800158,132.5033225,76,
2132 9,34.3809892,132.5027035,77,
2132 9,34.3820958,132.5020058,78,
2132 9,34.3825646,132.50176,79,
2132 9,34.3828564,132.5016214,80,
2132 9,34.3831051,132.5015362,81,
2132 9,34.3834049,132.5014793,82,
2132 9,34.3841961,132.5014235,83,
2132 9,34.3843498,132.5013998,84,
2132 9,34.3849821,132.5011722,85,
2132 9,34.3852053,132.5010203,86,
2132 9,34.385352,132.5008626,87,
2132 9,34.3854793,132.5007014,88,
2132 9,34.385754,132.5000071,89,
2132 9,34.3861239,132.4987367,90,
2132 9,34.3861806,132.4984102,91,
2132 9,34.3864804,132.4970915,92,
2132 9,34.3871614,132.4945207,93,
2132 9,34.3873315,132.4938467,94,
2132 9,34.387517,132.4931774,95,
2132 9,34.3878247,132.4921043,96,
2132 9,34.3881714,132.490971,97,
2132 9,34.3884336,132.49005,98,
2132 9,34.3887711,132.4889491,99,
2132 9,34.38902,132.4880519,100,
2132 9,34.3893067,132.487054,101,
2132 9,34.3897066,132.4858606,102,
2132 9,34.3900819,132.4847722,103,
2132 9,34.390514,132.4835073,104,
2132 9,34.3908231,132.4824716,105,
2132 9,34.3911351,132.481555,106,
2132 9,34.3914385,132.4807709,107,
2132 9,34.3915775,132.4804,108,
2132 9,34.3917608,132.4799432,109,
2132 9,34.3920573,132.4795739,110,
2132 9,34.3922018,132.4794566,111,
2132 9,34.3931271,132.4786578,112,
2132 9,34.3937373,132.4781218,113,
2132 9,34.3942705,132.4776718,114,
2132 9,34.3947872,132.4772218,115,
2132 9,34.3950038,132.4770052,116,
2132 9,34.3953036,132.4765807,117,
2132 9,34.3955649,132.4761644,118,
2132 9,34.3957537,132.4758219,119,
2132 9,34.3970035,132.4734554,120,
2132 9,34.3971605,132.4735995,121,
2132 9,34.3971882,132.4738737,122,
2132 9,34.3967474,132.4747775,123,
2132 9,34.3966835,132.4748553,124,
2132 9,34.3965844,132.4748878,125,
2132 9,34.3965077,132.4748533,126,
2132 9,34.3962766,132.4748103,127,
2132 9,34.3955517,132.474264,128,
2132 9,34.3944705,132.4733722,129,
2132 9,34.3934539,132.4725556,130,
2132 9,34.3924873,132.4718391,131,
2132 9,34.3925904,132.471023,132,
2132 9,34.3926438,132.4706585,133,
2132 9,34.3927206,132.4702752,134,
2132 9,34.3928334,132.4694949,135,
2132 9,34.3929406,132.4687722,136,
2132 9,34.3930872,132.4675727,137,
2132 9,34.3931705,132.4665228,138,
2132 9,34.3931867,132.4661177,139,
2132 9,34.393234,132.4654028,140,
2132 9,34.3936014,132.463827,141,
2132 9,34.3939037,132.4626564,142,
2132 9,34.3941536,132.4617231,143,
2132 9,34.3944536,132.4605066,144,
2132 9,34.3947569,132.4594089,145,
2132 9,34.3948825,132.4589009,146,
2132 9,34.3950525,132.4582647,147,
2132 9,34.3951637,132.4577376,148,
2132 9,34.3950439,132.4576305,149,
2132 9,34.3947868,132.4575235,150,
2132 9,34.3938369,132.4572235,151,
2132 9,34.3929203,132.4568903,152,
2132 9,34.3918016,132.4565225,153,
2132 9,34.3904662,132.4560882,154,
2132 9,34.3896744,132.4558315,155,
2132 9,34.3888233,132.4555415,156,
2132 9,34.388159,132.455319,157,
2132 9,34.3875155,132.4550957,158,
2132 9,34.386621,132.4547741,159,
2132 9,34.3857906,132.4545063,160,
2132 9,34.3847034,132.4541556,161,
2132 9,34.3844976,132.4540888,162,
2132 9,34.3843608,132.4539689,163,
2132 9,34.3836104,132.4537515,164,
2132 9,34.3834224,132.4537302,165,
2132 9,34.3831801,132.4536379,166,
2132 9,34.3828914,132.4535483,167,
2132 9,34.3821281,132.4532798,168,
2132 9,34.3807882,132.4528412,169,
2132 9,34.3800883,132.4525912,170,
2132 9,34.3797357,132.45247,171,
2132 9,34.37954,132.4524535,172,
2132 9,34.3792885,132.4525664,173,
2132 9,34.3787524,132.4527686,174,
2132 9,34.3782319,132.4529641,175,
2132 9,34.3777602,132.4531241,176,
2132 9,34.3772598,132.453299,177,
2132 9,34.3768365,132.4534369,178,
2132 9,34.3765787,132.4535281,179,
2132 9,34.3758044,132.4537932,180,
2132 9,34.3747289,132.454136,181,
2132 9,34.3737057,132.4544414,182,
2132 9,34.3729447,132.4546713,183,
2132 9,34.3723392,132.4548948,184,
2132 9,34.3715892,132.4552588,185,
2132 9,34.3711893,132.4554583,186,
2132 9,34.3709706,132.4555672,187,
2132 9,34.370295,132.4559098,188,
2132 9,34.3694546,132.4563195,189,
2132 9,34.3681805,132.4567426,190,
2132 9,34.3676398,132.4569589,191,
2132 9,34.367395,132.4570893,192,
2132 9,34.3672886,132.4571784,193,
2132 9,34.3670947,132.4573404,194,
2132 9,34.3668785,132.4575619,195,
2132 9,34.3666986,132.4577916,196,
2132 9,34.3664581,132.4581039,197,
2132 9,34.3661402,132.4584617,198,
2132 9,34.3658233,132.458708,199,
2132 9,34.3655733,132.4588494,200,
2132 9,34.3653233,132.4589747,201,
2132 9,34.3650635,132.459059,202,
2132 9,34.3647428,132.4591215,203,
2132 9,34.3643742,132.4591335,204,
2132 9,34.3637068,132.4590916,205,
2132 9,34.3627525,132.4590009,206,
2132 9,34.3617259,132.4589157,207,
2132 9,34.3608816,132.4588234,208,
2132 9,34.3597785,132.4587212,209,
2132 9,34.3589407,132.4586417,210,
2132 9,34.3586574,132.4586084,211,
2132 9,34.358463,132.4585739,212,
2132 9,34.3579574,132.4583751,213,
2132 9,34.3578183,132.4583169,214,
2132 9,34.357552,132.4585257,215,
2132 9,34.3574649,132.4585586,216,
2132 9,34.3564418,132.4584692,217,
2132 9,34.3558551,132.4583835,218,
2132 9,34.3550601,132.4580661,219,
2132 9,34.3540579,132.4575635,220,
2132 9,34.3538691,132.4574748,221,
2132 9,34.3530579,132.4571421,222,
2132 9,34.3528724,132.4570816,223,
2132 9,34.3527913,132.4569588,224,
2132 9,34.352728,132.4568017,225,
2132 9,34.352708,132.4566421,226,
2132 9,34.3527411,132.4564198,227,
2132 9,34.3526635,132.4563238,228,
2132 9,34.3526446,132.4562234,229,
2132 9,34.352939,132.4550614,230,
2134 0,34.3496237,132.4465998,1,
2134 0,34.3501119,132.4467409,2,
2134 0,34.3503184,132.4466822,3,
2134 0,34.3503969,132.4466802,4,
2134 0,34.3505329,132.4467265,5,
2134 0,34.3506697,132.4468032,6,
2134 0,34.3509234,132.4469949,7,
2134 0,34.3510535,132.4471246,8,
2134 0,34.3514579,132.4478096,9,
2134 0,34.3520279,132.4488223,10,
2134 0,34.3526578,132.449876,11,
2134 0,34.3533343,132.4510562,12,
2134 0,34.3538988,132.4520283,13,
2134 0,34.3542244,132.4526091,14,
2134 0,34.3536911,132.4531091,15,
2134 0,34.3534412,132.4540423,16,
2134 0,34.3531745,132.4550589,17,
2134 0,34.3529246,132.4561255,18,
2134 0,34.352829,132.4563542,19,
2134 0,34.3527524,132.4563546,20,
2134 0,34.3526635,132.4563238,21,
2134 0,34.3526579,132.4561768,22,
2134 0,34.3529279,132.4551102,23,
2134 0,34.3529715,132.4549636,24,
2134 0,34.3529914,132.454893,25,
2134 0,34.3530276,132.4548305,26,
2134 0,34.3531485,132.4548105,27,
2134 0,34.3533912,132.4538923,28,
2134 0,34.3535406,132.4532595,29,
2134 0,34.3536238,132.4530574,30,
2134 0,34.353718,132.4529357,31,
2134 0,34.3542077,132.4525091,32,
2134 0,34.35467,132.4533291,33,
2134 0,34.355291,132.4543978,34,
2134 0,34.3559618,132.4555626,35,
2134 0,34.3565021,132.4565016,36,
2134 0,34.3568905,132.4571291,37,
2134 0,34.3570686,132.4574402,38,
2134 0,34.3572936,132.4577014,39,
2134 0,34.3575076,132.4579439,40,
2134 0,34.3578148,132.4581774,41,
2134 0,34.3582241,132.4583584,42,
2134 0,34.3584546,132.4584462,43,
2134 0,34.3587228,132.4585179,44,
2134 0,34.3591864,132.4585942,45,
2134 0,34.3602117,132.4586474,46,
2134 0,34.3608705,132.458714,47,
2134 0,34.3619147,132.4588285,48,
2134 0,34.3629889,132.458907,49,
2134 0,34.3640523,132.459007,50,
2134 0,34.3645589,132.4590381,51,
2134 0,34.3649302,132.4589946,52,
2134 0,34.3651733,132.4589271,53,
2134 0,34.3655977,132.4587374,54,
2134 0,34.3658457,132.4585728,55,
2134 0,34.3660823,132.4583859,56,
2134 0,34.3668419,132.457483,57,
2134 0,34.3672437,132.4571056,58,
2134 0,34.3675119,132.4569179,59,
2134 0,34.367955,132.4566897,60,
2134 0,34.3691137,132.4563184,61,
2134 0,34.3700407,132.4559437,62,
2134 0,34.3711393,132.4553581,63,
2134 0,34.3722099,132.4548386,64,
2134 0,34.3725816,132.4546832,65,
2134 0,34.3732522,132.4544634,66,
2134 0,34.3743865,132.4541301,67,
2134 0,34.3753556,132.4538456,68,
2134 0,34.3757354,132.4537208,69,
2134 0,34.3762808,132.4535144,70,
2134 0,34.3767951,132.4533268,71,
2134 0,34.3778095,132.4529907,72,
2134 0,34.3787973,132.4526315,73,
2134 0,34.3791595,132.452509,74,
2134 0,34.3793151,132.4524018,75,
2134 0,34.3796717,132.4523579,76,
2134 0,34.3798317,132.4523889,77,
2134 0,34.3800216,132.4524579,78,
2134 0,34.3803962,132.4525885,79,
2134 0,34.381175,132.4528578,80,
2134 0,34.3823737,132.4532593,81,
2134 0,34.3831493,132.453535,82,
2134 0,34.383448,132.4536053,83,
2134 0,34.3837584,132.4535888,84,
2134 0,34.3838212,132.4536076,85,
2134 0,34.3843255,132.4537898,86,
2134 0,34.3849661,132.454015,87,
2134 0,34.3857111,132.4542757,88,
2134 0,34.3866876,132.4546074,89,
2134 0,34.3887374,132.4553239,90,
2134 0,34.3891163,132.4554701,91,
2134 0,34.3901039,132.4557905,92,
2134 0,34.3912038,132.4561571,93,
2134 0,34.3923204,132.4565237,94,
2134 0,34.392937,132.4567403,95,
2134 0,34.393287,132.4568569,96,
2134 0,34.3937702,132.4570069,97,
2134 0,34.3945868,132.4572902,98,
2134 0,34.3953867,132.4576401,99,
2134 0,34.3951868,132.45844,100,
2134 0,34.3950201,132.4590567,101,
2134 0,34.3947535,132.4600233,102,
2134 0,34.3944869,132.4610565,103,
2134 0,34.3942036,132.4621564,104,
2134 0,34.3939537,132.463173,105,
2134 0,34.393637,132.464373,106,
2134 0,34.3934038,132.4653895,107,
2134 0,34.3933371,132.4664561,108,
2134 0,34.3932538,132.4674394,109,
2134 0,34.3930872,132.4684893,110,
2134 0,34.3929039,132.4696392,111,
2134 0,34.3927706,132.4706891,112,
2134 0,34.3926706,132.4714724,113,
2134 0,34.3926706,132.4715891,114,
2134 0,34.3927206,132.4717224,115,
2134 0,34.3929039,132.4718557,116,
2134 0,34.3937538,132.4725223,117,
2134 0,34.3947038,132.4732555,118,
2134 0,34.3957361,132.4740536,119,
2134 0,34.3958537,132.4740181,120,
2134 0,34.3960524,132.4737047,121,
2134 0,34.3962517,132.4733222,122,
2134 0,34.3964779,132.4729438,123,
2134 0,34.3966615,132.4726596,124,
2134 0,34.3968562,132.4724249,125,
2134 0,34.3970735,132.4722395,126,
2134 0,34.3976081,132.4719228,127,
2134 0,34.3977577,132.4718662,128,
2134 0,34.3978348,132.4719598,129,
2134 0,34.3978765,132.4721633,130,
2134 0,34.3974035,132.4729554,131,
2134 0,34.3968535,132.473922,132,
2134 0,34.3964369,132.474672,133,
2134 0,34.3958537,132.4757719,134,
2134 0,34.3952704,132.4768218,135,
2134 0,34.3950038,132.4771052,136,
2134 0,34.3947538,132.4773385,137,
2134 0,34.3938873,132.4780885,138,
2134 0,34.3932273,132.4786707,139,
2134 0,34.392273,132.4794672,140,
2134 0,34.3920117,132.4797151,141,
2134 0,34.3918213,132.4799782,142,
2134 0,34.3916497,132.4803405,143,
2134 0,34.3914086,132.4811098,144,
2134 0,34.3910597,132.4821463,145,
2134 0,34.3907075,132.483243,146,
2134 0,34.3903354,132.484245,147,
2134 0,34.3901866,132.4846142,148,
2134 0,34.3898211,132.4856882,149,
2134 0,34.389409,132.486837,150,
2134 0,34.3891223,132.4878581,151,
2134 0,34.388829,132.4888113,152,
2134 0,34.388538,132.4898377,153,
2134 0,34.3882114,132.4909244,154,
2134 0,34.387887,132.492037,155,
2134 0,34.3875781,132.4931122,156,
2134 0,34.3874682,132.4934963,157,
2134 0,34.3872027,132.4944776,158,
2134 0,34.3869172,132.4955462,159,
2134 0,34.3866207,132.4966905,160,
2134 0,34.3864183,132.4975946,161,
2134 0,34.3862689,132.4983025,162,
2134 0,34.3861062,132.4988789,163,
2134 0,34.3859932,132.499286,164,
2134 0,34.3858115,132.4999037,165,
2134 0,34.3856466,132.5003615,166,
2134 0,34.3854374,132.500846,167,
2134 0,34.3852268,132.501053,168,
2134 0,34.384972,132.5012036,169,
2134 0,34.3847786,132.5012746,170,
2134 0,34.3843486,132.5014272,171,
2134 0,34.3841463,132.5014694,172,
2134 0,34.3838666,132.5014739,173,
2134 0,34.3835182,132.5014952,174,
2134 0,34.3831976,132.5015514,175,
2134 0,34.3828823,132.5016511,176,
2134 0,34.3826821,132.5017321,177,
2134 0,34.3822722,132.5019397,178,
2134 0,34.3818822,132.5021875,179,
2134 0,34.3807857,132.5028767,180,
2134 0,34.3801013,132.50331,181,
2134 0,34.3793461,132.5037965,182,
2134 0,34.3791083,132.5039201,183,
2134 0,34.3788886,132.5040141,184,
2134 0,34.3783911,132.5041473,185,
2134 0,34.3778643,132.504269,186,
2134 0,34.3769096,132.5044609,187,
2134 0,34.3765752,132.5045415,188,
2134 0,34.3758338,132.5047298,189,
2134 0,34.3754079,132.5050107,190,
2134 0,34.375203,132.505186,191,
2134 0,34.3750129,132.5053641,192,
2134 0,34.3747523,132.5049399,193,
2134 0,34.3746838,132.5048967,194,
2134 0,34.3736798,132.5050989,195,
2134 0,34.3728567,132.5052876,196,
2134 0,34.371788,132.505525,197,
2134 0,34.3713691,132.5056149,198,
2134 0,34.3711979,132.5055435,199,
2134 0,34.3708414,132.5055608,200,
2134 0,34.3701402,132.5056396,201,
2134 0,34.3700522,132.5056329,202,
2134 0,34.3699275,132.5055732,203,
2134 0,34.3698182,132.5054961,204,
2134 0,34.3697016,132.5053877,205,
2134 0,34.3696281,132.5053208,206,
2134 0,34.3695403,132.5052638,207,
2134 0,34.3694147,132.5051519,208,
2134 0,34.3693592,132.5050076,209,
2134 0,34.3685594,132.5048975,210,
2134 0,34.3674784,132.5048019,211,
2134 0,34.3664436,132.5047145,212,
2134 0,34.3664378,132.5048505,213,
2134 0,34.3665128,132.5050362,214,
2134 9,34.3666073,132.5053708,1,
2134 9,34.3663906,132.5047921,2,
2134 9,34.3664236,132.504683,3,
2134 9,34.3665018,132.504674,4,
2134 9,34.3672739,132.5047476,5,
2134 9,34.3676924,132.5047857,6,
2134 9,34.3687238,132.5048707,7,
2134 9,34.3693734,132.504963,8,
2134 9,34.3694767,132.5050163,9,
2134 9,34.3695668,132.5051164,10,
2134 9,34.3697,132.5053406,11,
2134 9,34.3698236,132.505454,12,
2134 9,34.3699496,132.505538,13,
2134 9,34.3700803,132.5056012,14,
2134 9,34.3701285,132.5056122,15,
2134 9,34.3703149,132.5055921,16,
2134 9,34.3707434,132.5055453,17,
2134 9,34.3712146,132.5055135,18,
2134 9,34.3714082,132.5055821,19,
2134 9,34.3717955,132.5054955,20,
2134 9,34.3724732,132.505346,21,
2134 9,34.373321,132.505146,22,
2134 9,34.3744475,132.5049107,23,
2134 9,34.374706,132.5048573,24,
2134 9,34.3747837,132.5049193,25,
2134 9,34.3748685,132.5050602,26,
2134 9,34.3749577,132.5051878,27,
2134 9,34.3750101,132.5051998,28,
2134 9,34.3754518,132.5048189,29,
2134 9,34.3757563,132.5047204,30,
2134 9,34.3759238,132.5046422,31,
2134 9,34.3765793,132.5044894,32,
2134 9,34.3775693,132.5042639,33,
2134 9,34.3779758,132.5041725,34,
2134 9,34.3783624,132.5040918,35,
2134 9,34.3788227,132.503987,36,
2134 9,34.3790368,132.5039104,37,
2134 9,34.3793513,132.5037451,38,
2134 9,34.3802368,132.503188,39,
2134 9,34.3812987,132.5025125,40,
2134 9,34.3822716,132.5019142,41,
2134 9,34.382585,132.5017477,42,
2134 9,34.3828564,132.5016214,43,
2134 9,34.3831226,132.5015456,44,
2134 9,34.38337,132.5014899,45,
2134 9,34.384122,132.501437,46,
2134 9,34.3843362,132.5014044,47,
2134 9,34.3849915,132.5011636,48,
2134 9,34.3851991,132.501037,49,
2134 9,34.3853625,132.5008648,50,
2134 9,34.385476,132.5006879,51,
2134 9,34.3856626,132.5002173,52,
2134 9,34.3858529,132.4996644,53,
2134 9,34.3860129,132.4991231,54,
2134 9,34.3861684,132.4984885,55,
2134 9,34.3863305,132.4977353,56,
2134 9,34.3864927,132.4970792,57,
2134 9,34.386755,132.495985,58,
2134 9,34.3870671,132.4948573,59,
2134 9,34.3873026,132.4939488,60,
2134 9,34.387493,132.4932469,61,
2134 9,34.3876869,132.4925724,62,
2134 9,34.3880053,132.491519,63,
2134 9,34.3880902,132.4912294,64,
2134 9,34.3883879,132.4902028,65,
2134 9,34.3886525,132.4893127,66,
2134 9,34.3888119,132.4887813,67,
2134 9,34.3889824,132.4881909,68,
2134 9,34.3891957,132.4874517,69,
2134 9,34.3893712,132.4868546,70,
2134 9,34.3897243,132.4858219,71,
2134 9,34.3901197,132.4846816,72,
2134 9,34.3904121,132.4838353,73,
2134 9,34.3905582,132.4833917,74,
2134 9,34.3907619,132.4826704,75,
2134 9,34.3910553,132.481773,76,
2134 9,34.3914997,132.4806004,77,
2134 9,34.3917844,132.4798975,78,
2134 9,34.3920029,132.4796317,79,
2134 9,34.39246,132.4792257,80,
2134 9,34.3928651,132.4788626,81,
2134 9,34.3931616,132.4786371,82,
2134 9,34.393654,132.4782051,83,
2134 9,34.3942506,132.4776891,84,
2134 9,34.3948084,132.4772031,85,
2134 9,34.395033,132.4769608,86,
2134 9,34.3953772,132.4764663,87,
2134 9,34.395587,132.4761052,88,
2134 9,34.3970177,132.4735046,89,
2134 9,34.3971637,132.4736101,90,
2134 9,34.3971702,132.4739053,91,
2134 9,34.3967369,132.4747219,92,
2134 9,34.3965982,132.4748614,93,
2134 9,34.3964506,132.4748453,94,
2134 9,34.3961856,132.4747434,95,
2134 9,34.3958703,132.4745053,96,
2134 9,34.3950037,132.4738221,97,
2134 9,34.3943871,132.4732888,98,
2134 9,34.3935872,132.4726556,99,
2134 9,34.3925521,132.4718743,100,
2134 9,34.3925209,132.4716973,101,
2134 9,34.3925894,132.4711876,102,
2134 9,34.3927539,132.4698225,103,
2134 9,34.3929039,132.4687226,104,
2134 9,34.3930538,132.4676394,105,
2134 9,34.3931538,132.4665395,106,
2134 9,34.3932371,132.4654395,107,
2134 9,34.3935037,132.464323,108,
2134 9,34.3938203,132.463123,109,
2134 9,34.3942536,132.4614232,110,
2134 9,34.3945535,132.4602899,111,
2134 9,34.3947636,132.4594132,112,
2134 9,34.395017,132.4584245,113,
2134 9,34.3951649,132.4577516,114,
2134 9,34.3951169,132.4576606,115,
2134 9,34.3947226,132.4575137,116,
2134 9,34.3939004,132.4572323,117,
2134 9,34.392985,132.4569104,118,
2134 9,34.3919272,132.456558,119,
2134 9,34.390875,132.4562006,120,
2134 9,34.389953,132.4558928,121,
2134 9,34.3888375,132.4555362,122,
2134 9,34.3881877,132.4553121,123,
2134 9,34.3876216,132.4551376,124,
2134 9,34.3870533,132.4549175,125,
2134 9,34.3848225,132.454169,126,
2134 9,34.3836104,132.4537515,127,
2134 9,34.3834315,132.4537344,128,
2134 9,34.383288,132.4536743,129,
2134 9,34.3827214,132.453491,130,
2134 9,34.3815881,132.4531078,131,
2134 9,34.3805716,132.4527579,132,
2134 9,34.3800383,132.4525746,133,
2134 9,34.3798351,132.4525074,134,
2134 9,34.3797357,132.45247,135,
2134 9,34.37954,132.4524535,136,
2134 9,34.3793217,132.4525413,137,
2134 9,34.3792267,132.4525929,138,
2134 9,34.3788895,132.4527215,139,
2134 9,34.378023,132.4530315,140,
2134 9,34.377101,132.4533559,141,
2134 9,34.3761721,132.4536746,142,
2134 9,34.3750411,132.4540459,143,
2134 9,34.3738723,132.4543747,144,
2134 9,34.3729224,132.4546914,145,
2134 9,34.3723758,132.4548782,146,
2134 9,34.3714104,132.4553573,147,
2134 9,34.3709099,132.4555974,148,
2134 9,34.3704194,132.4558431,149,
2134 9,34.3694546,132.4563195,150,
2134 9,34.3684807,132.4566426,151,
2134 9,34.3679406,132.456821,152,
2134 9,34.3674096,132.4570738,153,
2134 9,34.3671497,132.4572956,154,
2134 9,34.3668341,132.4576264,155,
2134 9,34.3664963,132.4580483,156,
2134 9,34.3661402,132.4584617,157,
2134 9,34.3658399,132.458708,158,
2134 9,34.3653067,132.4589914,159,
2134 9,34.3649895,132.4590671,160,
2134 9,34.3646546,132.4591255,161,
2134 9,34.3641401,132.4591081,162,
2134 9,34.3629714,132.4590189,163,
2134 9,34.3617348,132.4589063,164,
2134 9,34.3607283,132.4588244,165,
2134 9,34.3597239,132.4587083,166,
2134 9,34.358874,132.4586584,167,
2134 9,34.3583305,132.4585458,168,
2134 9,34.3580822,132.458445,169,
2134 9,34.3578051,132.4583027,170,
2134 9,34.3575752,132.4585165,171,
2134 9,34.3574649,132.4585586,172,
2134 9,34.3567077,132.4584899,173,
2134 9,34.3561718,132.4584307,174,
2134 9,34.3558551,132.4583835,175,
2134 9,34.3548959,132.4579918,176,
2134 9,34.354143,132.4575778,177,
2134 9,34.3528796,132.4570908,178,
2134 9,34.3527847,132.4569557,179,
2134 9,34.352728,132.4568017,180,
2134 9,34.3527114,132.4566261,181,
2134 9,34.3527368,132.4564291,182,
2134 9,34.352668,132.4563341,183,
2134 9,34.3526568,132.456209,184,
2134 9,34.3528912,132.4552423,185,
2134 9,34.352961,132.4549914,186,
2134 9,34.3530124,132.4548601,187,
2134 9,34.3530841,132.4548025,188,
2134 9,34.3531562,132.454806,189,
2134 9,34.3533245,132.4541757,190,
2134 9,34.3536078,132.4530757,191,
2134 9,34.3537414,132.4529046,192,
2134 9,34.3540872,132.4526111,193,
2134 9,34.3540366,132.4525148,194,
2134 9,34.3537957,132.4520984,195,
2134 9,34.3531924,132.4510679,196,
2134 9,34.3525724,132.4499914,197,
2134 9,34.3519746,132.4489761,198,
2134 9,34.3514191,132.4480176,199,
2134 9,34.351036,132.4473047,200,
2134 9,34.3508367,132.4470262,201,
2134 9,34.3505906,132.4468032,202,
2134 9,34.3504155,132.4467226,203,
2134 9,34.3502881,132.4467225,204,
2134 9,34.3501513,132.4467813,205,
2134 9,34.3495715,132.4466213,206,
2135 0,34.3496237,132.4465998,1,
2135 0,34.3500525,132.4467232,2,
2135 0,34.3501119,132.4467409,3,
2135 0,34.3501847,132.446731,4,
2135 0,34.3503184,132.4466822,5,
2135 0,34.3503969,132.4466802,6,
2135 0,34.3505329,132.4467265,7,
2135 0,34.3506697,132.4468032,8,
2135 0,34.3507943,132.4469028,9,
2135 0,34.3509234,132.4469949,10,
2135 0,34.3510535,132.4471246,11,
2135 0,34.3514246,132.4477596,12,
2135 0,34.3517446,132.4483102,13,
2135 0,34.3520579,132.4488595,14,
2135 0,34.3523629,132.4493778,15,
2135 0,34.3526662,132.4499062,16,
2135 0,34.3533146,132.4510093,17,
2135 0,34.3542333,132.4525898,18,
2135 0,34.3537411,132.4530424,19,
2135 0,34.3536598,132.453236,20,
2135 0,34.3535673,132.4535676,21,
2135 0,34.3534317,132.4541117,22,
2135 0,34.3531634,132.4551636,23,
2135 0,34.3528328,132.4563903,24,
2135 0,34.352708,132.4563422,25,
2135 0,34.3526635,132.4563238,26,
2135 0,34.3526446,132.4562234,27,
2135 0,34.3529412,132.4550756,28,
2135 0,34.3529914,132.454893,29,
2135 0,34.3530276,132.4548305,30,
2135 0,34.353142,132.4547882,31,
2135 0,34.3532563,132.4543961,32,
2135 0,34.3533818,132.4539083,33,
2135 0,34.3535406,132.4532595,34,
2135 0,34.3536345,132.4530401,35,
2135 0,34.3537206,132.4529195,36,
2135 0,34.3538522,132.4527922,37,
2135 0,34.3542073,132.452531,38,
2135 0,34.3544664,132.4529837,39,
2135 0,34.3547261,132.4534411,40,
2135 0,34.3550597,132.4540073,41,
2135 0,34.3553899,132.4545723,42,
2135 0,34.3556699,132.4550623,43,
2135 0,34.3559527,132.4555449,44,
2135 0,34.3562873,132.4561114,45,
2135 0,34.3566093,132.4566921,46,
2135 0,34.3569987,132.457352,47,
2135 0,34.3572386,132.4576465,48,
2135 0,34.3574598,132.4579063,49,
2135 0,34.3576426,132.4580549,50,
2135 0,34.3578286,132.4581902,51,
2135 0,34.3580508,132.4582951,52,
2135 0,34.3583761,132.458429,53,
2135 0,34.358619,132.4584923,54,
2135 0,34.3588924,132.4585433,55,
2135 0,34.3591981,132.4585771,56,
2135 0,34.359445,132.4585894,57,
2135 0,34.359749,132.4586025,58,
2135 0,34.360077,132.4586399,59,
2135 0,34.3604072,132.4586732,60,
2135 0,34.3612904,132.4587524,61,
2135 0,34.361987,132.4588284,62,
2135 0,34.3630397,132.4589203,63,
2135 0,34.3641491,132.4590123,64,
2135 0,34.3645589,132.4590381,65,
2135 0,34.3647373,132.4590265,66,
2135 0,34.3649134,132.4589987,67,
2135 0,34.3651733,132.4589271,68,
2135 0,34.3653961,132.4588402,69,
2135 0,34.3655977,132.4587374,70,
2135 0,34.3658574,132.458566,71,
2135 0,34.3660823,132.4583859,72,
2135 0,34.3663608,132.458072,73,
2135 0,34.3665054,132.4579003,74,
2135 0,34.3668419,132.457483,75,
2135 0,34.3672437,132.4571056,76,
2135 0,34.3675119,132.4569179,77,
2135 0,34.3676983,132.4568156,78,
2135 0,34.3679808,132.4566772,79,
2135 0,34.368213,132.4566005,80,
2135 0,34.3691716,132.4562965,81,
2135 0,34.3694516,132.4561951,82,
2135 0,34.3699317,132.4559886,83,
2135 0,34.3704106,132.4557567,84,
2135 0,34.3709763,132.4554548,85,
2135 0,34.3712628,132.4553081,86,
2135 0,34.3715465,132.4551629,87,
2135 0,34.3719862,132.4549435,88,
2135 0,34.372108,132.4548843,89,
2135 0,34.3722099,132.4548386,90,
2135 0,34.372443,132.4547356,91,
2135 0,34.3726218,132.4546567,92,
2135 0,34.3730615,132.454516,93,
2135 0,34.3734924,132.4543773,94,
2135 0,34.3740751,132.4542114,95,
2135 0,34.3743676,132.4541338,96,
2135 0,34.3746578,132.4540548,97,
2135 0,34.3751739,132.4538958,98,
2135 0,34.3756888,132.4537247,99,
2135 0,34.3760837,132.4535891,100,
2135 0,34.3764803,132.4534415,101,
2135 0,34.3768327,132.4533209,102,
2135 0,34.3771675,132.4532084,103,
2135 0,34.3775241,132.4530956,104,
2135 0,34.3778763,132.4529715,105,
2135 0,34.378373,132.4527882,106,
2135 0,34.3786279,132.4526978,107,
2135 0,34.378884,132.4526082,108,
2135 0,34.3791595,132.452509,109,
2135 0,34.3793151,132.4524018,110,
2135 0,34.3795219,132.4523767,111,
2135 0,34.3797,132.4523639,112,
2135 0,34.3798383,132.4523912,113,
2135 0,34.3801488,132.4524994,114,
2135 0,34.3806363,132.452669,115,
2135 0,34.3811299,132.4528373,116,
2135 0,34.3817379,132.453046,117,
2135 0,34.3823548,132.453256,118,
2135 0,34.382813,132.4534109,119,
2135 0,34.3831636,132.4535445,120,
2135 0,34.3833349,132.4535798,121,
2135 0,34.3834431,132.4536018,122,
2135 0,34.3836379,132.453591,123,
2135 0,34.3837584,132.4535888,124,
2135 0,34.3839526,132.4536589,125,
2135 0,34.3841506,132.4537284,126,
2135 0,34.3846575,132.453906,127,
2135 0,34.3851672,132.4540876,128,
2135 0,34.3854619,132.454189,129,
2135 0,34.3857644,132.4542936,130,
2135 0,34.3862416,132.4544566,131,
2135 0,34.3867199,132.4546201,132,
2135 0,34.3872604,132.4548121,133,
2135 0,34.3877976,132.4550041,134,
2135 0,34.3883592,132.4552038,135,
2135 0,34.3889258,132.4554041,136,
2135 0,34.3893999,132.45557,137,
2135 0,34.3898867,132.4557318,138,
2135 0,34.3903069,132.4558581,139,
2135 0,34.3905209,132.4559259,140,
2135 0,34.3907294,132.4560037,141,
2135 0,34.391066,132.4561211,142,
2135 0,34.3914027,132.4562338,143,
2135 0,34.3921724,132.4565009,144,
2135 0,34.3925592,132.456632,145,
2135 0,34.3929443,132.4567651,146,
2135 0,34.3931801,132.4568454,147,
2135 0,34.3934181,132.456923,148,
2135 0,34.3937341,132.4570293,149,
2135 0,34.3940519,132.4571378,150,
2135 0,34.3946994,132.4573671,151,
2135 0,34.3950292,132.4574818,152,
2135 0,34.3953967,132.4576103,153,
2135 0,34.3952386,132.4582259,154,
2135 0,34.3950764,132.4588463,155,
2135 0,34.3949532,132.4593118,156,
2135 0,34.3948303,132.4597763,157,
2135 0,34.394703,132.4602691,158,
2135 0,34.3945741,132.4607659,159,
2135 0,34.3944377,132.4613012,160,
2135 0,34.3943007,132.4618318,161,
2135 0,34.3940945,132.4626631,162,
2135 0,34.3939602,132.4631734,163,
2135 0,34.393828,132.463675,164,
2135 0,34.3936825,132.4642454,165,
2135 0,34.3935398,132.4648143,166,
2135 0,34.3934362,132.4652789,167,
2135 0,34.3933548,132.4661156,168,
2135 0,34.3932943,132.4669228,169,
2135 0,34.3932371,132.4676894,170,
2135 0,34.3931621,132.4681261,171,
2135 0,34.3930585,132.468766,172,
2135 0,34.3929577,132.4694046,173,
2135 0,34.3928821,132.4699218,174,
2135 0,34.3928115,132.4704212,175,
2135 0,34.3927283,132.4710092,176,
2135 0,34.3926423,132.4716627,177,
2135 0,34.3937295,132.4725217,178,
2135 0,34.3946471,132.4732367,179,
2135 0,34.3957931,132.4741733,180,
2135 0,34.3961101,132.4735763,181,
2136 9,34.3620711,132.5084673,1,
2136 9,34.3626433,132.5096994,2,
2136 9,34.3630064,132.5104359,3,
2136 9,34.363156,132.5107217,4,
2136 9,34.3633078,132.5109538,5,
2136 9,34.3634255,132.5111199,6,
2136 9,34.3635666,132.5112844,7,
2136 9,34.3637268,132.5114593,8,
2136 9,34.3641744,132.5118704,9,
2136 9,34.364491,132.5121037,10,
2136 9,34.3652365,132.512649,11,
2136 9,34.365288,132.512642,12,
2136 9,34.3661287,132.5110002,13,
2136 9,34.3661168,132.5109395,14,
2136 9,34.3657355,132.510643,15,
2136 9,34.3652021,132.5102371,16,
2136 9,34.3648763,132.5099881,17,
2136 9,34.3647417,132.509859,18,
2136 9,34.364519,132.5095926,19,
2136 9,34.3644088,132.5094326,20,
2136 9,34.3642076,132.5090373,21,
2136 9,34.3637243,132.5080207,22,
2136 9,34.3633921,132.5073078,23,
2136 9,34.3635577,132.5071919,24,
2136 9,34.363751,132.5070457,25,
2136 9,34.3641252,132.5066848,26,
2136 9,34.3645364,132.506303,27,
2136 9,34.3645978,132.5062214,28,
2136 9,34.3646242,132.5061542,29,
2136 9,34.3649691,132.5054526,30,
2136 9,34.3650623,132.5053285,31,
2136 9,34.365572,132.5048412,32,
2136 9,34.3655799,132.5047197,33,
2136 9,34.3654023,132.5044779,34,
2136 9,34.365179,132.5042464,35,
2136 9,34.365062,132.5040738,36,
2136 9,34.3656373,132.5035537,37,
2136 9,34.3661384,132.5043309,38,
2136 9,34.3663295,132.5046457,39,
2136 9,34.3664081,132.5046797,40,
2136 9,34.3672884,132.5047423,41,
2136 9,34.3678044,132.5047956,42,
2136 9,34.3683238,132.5048382,43,
2136 9,34.3688465,132.5048982,44,
2136 9,34.3693734,132.504963,45,
2136 9,34.3694767,132.5050163,46,
2136 9,34.3695668,132.5051164,47,
2136 9,34.3696403,132.505254,48,
2136 9,34.3697085,132.5053467,49,
2136 9,34.3698164,132.5054439,50,
2136 9,34.3699403,132.5055373,51,
2136 9,34.3700803,132.5056012,52,
2136 9,34.3701285,132.5056122,53,
2136 9,34.3705069,132.5055539,54,
2136 9,34.3712146,132.5055135,55,
2136 9,34.3712967,132.5055434,56,
2136 9,34.3714082,132.5055821,57,
2136 9,34.3716443,132.5055227,58,
2136 9,34.3726543,132.5053027,59,
2136 9,34.3733775,132.5051346,60,
2136 9,34.3745497,132.504882,61,
2136 9,34.374706,132.5048573,62,
2136 9,34.3749731,132.5052371,63,
2136 9,34.3754518,132.5048189,64,
2136 9,34.3757224,132.5047283,65,
2136 9,34.3759238,132.5046422,66,
2136 9,34.3764196,132.5045252,67,
2136 9,34.3769783,132.5044002,68,
2136 9,34.3775404,132.5042711,69,
2136 9,34.3781971,132.5041165,70,
2136 9,34.3784172,132.5040759,71,
2136 9,34.3788227,132.503987,72,
2136 9,34.3789049,132.5039706,73,
2136 9,34.3791535,132.5038625,74,
2136 9,34.3793978,132.5037222,75,
2136 9,34.3799169,132.5033926,76,
2136 9,34.3809778,132.5027171,77,
2136 9,34.3820788,132.5020278,78,
2136 9,34.3824805,132.5018065,79,
2136 9,34.3828821,132.5016119,80,
2136 9,34.3831234,132.5015342,81,
2136 9,34.3834666,132.5014726,82,
2136 9,34.3841363,132.5014331,83,
2136 9,34.3843498,132.5013998,84,
2136 9,34.3846064,132.5013044,85,
2136 9,34.3849821,132.5011722,86,
2136 9,34.3852179,132.5010348,87,
2136 9,34.3853729,132.5008571,88,
2136 9,34.3854793,132.5007014,89,
2136 9,34.3856769,132.500199,90,
2136 9,34.385754,132.5000071,91,
2136 9,34.3859974,132.4992278,92,
2136 9,34.3861396,132.4986283,93,
2136 9,34.3862461,132.4981458,94,
2136 9,34.386456,132.4972709,95,
2136 9,34.3866438,132.4964752,96,
2136 9,34.3868217,132.4957873,97,
2136 9,34.3870904,132.494768,98,
2136 9,34.3873437,132.4938208,99,
2136 9,34.3875981,132.4929149,100,
2136 9,34.3879137,132.4918204,101,
2136 9,34.3882336,132.4907331,102,
2136 9,34.388579,132.4895776,103,
2136 9,34.3888113,132.488792,104,
2136 9,34.3890723,132.4878769,105,
2136 9,34.3893712,132.4868546,106,
2136 9,34.3897545,132.4857547,107,
2136 9,34.390101,132.4847442,108,
2136 9,34.3904576,132.4836887,109,
2136 9,34.3907821,132.4825875,110,
2136 9,34.3911407,132.4815322,111,
2136 9,34.3913685,132.4809563,112,
2136 9,34.3915686,132.4804244,113,
2136 9,34.3917342,132.4800051,114,
2136 9,34.3917844,132.4798975,115,
2136 9,34.3920029,132.4796317,116,
2136 9,34.392444,132.4792491,117,
2136 9,34.3927006,132.4790228,118,
2136 9,34.3929438,132.4788019,119,
2136 9,34.3932572,132.4785506,120,
2136 9,34.3940372,132.4778885,121,
2136 9,34.3948,132.4772145,122,
2136 9,34.3951507,132.4767813,123,
2136 9,34.3954548,132.476338,124,
2136 9,34.3955482,132.4761964,125,
2136 9,34.3956037,132.4761052,126,
2136 9,34.397011,132.4734778,127,
2136 9,34.3971565,132.4736135,128,
2136 9,34.3971868,132.4738887,129,
2136 9,34.3967474,132.4747775,130,
2136 9,34.3966692,132.4748608,131,
2136 9,34.3965844,132.4748878,132,
2136 9,34.3962766,132.4748103,133,
2136 9,34.3959665,132.4745775,134,
2136 9,34.3953069,132.4740565,135,
2136 9,34.3946871,132.4735221,136,
2136 9,34.3936539,132.4727556,137,
2136 9,34.3925199,132.4718923,138,
2136 9,34.3926048,132.4709708,139,
2136 9,34.3926683,132.4705279,140,
2136 9,34.3927372,132.4700725,141,
2136 9,34.3929105,132.4689073,142,
2136 9,34.3930705,132.4676727,143,
2136 9,34.3931538,132.4666228,144,
2136 9,34.3932204,132.4655562,145,
2136 9,34.3933871,132.4646229,146,
2136 9,34.393687,132.463423,147,
2136 9,34.3939037,132.4626397,148,
2136 9,34.3941536,132.4616232,149,
2136 9,34.3943702,132.4607732,150,
2136 9,34.3946202,132.4598899,151,
2136 9,34.3948825,132.4589009,152,
2136 9,34.3950971,132.4581322,153,
2136 9,34.3951868,132.4577234,154,
2136 9,34.3949992,132.4575857,155,
2136 9,34.3944672,132.4574271,156,
2136 9,34.3938036,132.4571902,157,
2136 9,34.391725,132.4564919,158,
2136 9,34.3905843,132.4561033,159,
2136 9,34.3898201,132.4558694,160,
2136 9,34.3890432,132.4555996,161,
2136 9,34.3875155,132.4550957,162,
2136 9,34.3864026,132.4547148,163,
2136 9,34.3851459,132.4542986,164,
2136 9,34.3844976,132.4540888,165,
2136 9,34.3843608,132.4539689,166,
2136 9,34.3838738,132.4538204,167,
2136 9,34.3836104,132.4537515,168,
2136 9,34.3834224,132.4537302,169,
2136 9,34.383288,132.4536743,170,
2136 9,34.3828981,132.4535478,171,
2136 9,34.381787,132.4531625,172,
2136 9,34.3806216,132.4527745,173,
2136 9,34.3800383,132.4525746,174,
2136 9,34.3797357,132.45247,175,
2136 9,34.37954,132.4524535,176,
2136 9,34.3794717,132.4524746,177,
2136 9,34.3792267,132.4525929,178,
2136 9,34.3782766,132.4529443,179,
2136 9,34.3773108,132.4532804,180,
2136 9,34.3768554,132.4534358,181,
2136 9,34.3756013,132.4538607,182,
2136 9,34.3746323,132.4541681,183,
2136 9,34.373639,132.4544414,184,
2136 9,34.3727391,132.4547414,185,
2136 9,34.3722892,132.4549081,186,
2136 9,34.3716392,132.4552247,187,
2136 9,34.370956,132.4555747,188,
2136 9,34.3700527,132.4560427,189,
2136 9,34.3694546,132.4563195,190,
2136 9,34.3681086,132.4567667,191,
2136 9,34.3674357,132.4570663,192,
2136 9,34.3671497,132.4572956,193,
2136 9,34.3666986,132.4577916,194,
2136 9,34.3661327,132.4584656,195,
2136 9,34.3659988,132.4585629,196,
2136 9,34.365803,132.4587304,197,
2136 9,34.3654566,132.4589247,198,
2136 9,34.3649567,132.4590747,199,
2136 9,34.3647428,132.4591215,200,
2136 9,34.3643234,132.4591414,201,
2136 9,34.3631069,132.4590403,202,
2136 9,34.3628069,132.4590081,203,
2136 9,34.3616915,132.4589103,204,
2136 9,34.3608339,132.4588299,205,
2136 9,34.3594573,132.4586917,206,
2136 9,34.3589407,132.4586417,207,
2136 9,34.358463,132.4585739,208,
2136 9,34.358263,132.4584961,209,
2136 9,34.3578183,132.4583169,210,
2136 9,34.3575575,132.4585418,211,
2136 9,34.3574649,132.4585586,212,
2136 9,34.3566439,132.4584805,213,
2136 9,34.3561765,132.4584398,214,
2136 9,34.3558719,132.4583897,215,
2136 9,34.3551577,132.4580919,216,
2136 9,34.3541579,132.4575936,217,
2136 9,34.3528724,132.4570816,218,
2136 9,34.3527847,132.4569557,219,
2136 9,34.352728,132.4568017,220,
2136 9,34.352708,132.4566588,221,
2136 9,34.3527411,132.4564198,222,
2136 9,34.3526635,132.4563238,223,
2136 9,34.3526413,132.4561755,224,
2136 9,34.3529001,132.4552176,225,
2136 9,34.3529947,132.4548768,226,
2136 9,34.3530702,132.4548085,227,
2136 9,34.3531485,132.4548105,228,
2136 9,34.3534763,132.4535237,229,
2136 9,34.3535406,132.4532595,230,
2136 9,34.3536364,132.4530357,231,
2136 9,34.3537245,132.4529091,232,
2136 9,34.3540942,132.452613,233,
2136 9,34.3533457,132.451326,234,
2136 9,34.3527245,132.4502593,235,
2136 9,34.3520912,132.4491713,236,
2136 9,34.3514502,132.4480801,237,
2136 9,34.3510388,132.4473164,238,
2136 9,34.3508367,132.4470262,239,
2136 9,34.3505906,132.4468032,240,
2136 9,34.3504155,132.4467226,241,
2136 9,34.3502881,132.4467225,242,
2136 9,34.3501436,132.4467748,243,
2136 9,34.3499041,132.4467138,244,
2136 9,34.3496193,132.4466339,245,
2137 0,34.350841361420414099255,132.4491928491699974559490,1,
2137 0,34.350924684174104806974,132.449109518999750620254,2,
2137 0,34.350941346924743094490,132.4490261917667362198928,3,
2137 0,34.350774692394498949502,132.4486762285727610589952,4,
2137 0,34.351574595197433121509,132.4479929151114010257316,5,
2137 0,34.352274541125352233741,132.4491761179152481038840,6,
2137 0,34.352957821496547486835,132.4503426563184532248040,7,
2137 0,34.353691098067265049013,132.4515758533545569711246,8,
2137 0,34.354257721258198244075,132.4525590786654318459566,9,
2137 0,34.354174399470201264626,132.4527090702994601437984,10,
2137 0,34.353724455197228606456,132.453142388216270997835,11,
2137 0,34.353341187595097875213,132.4545589549929124883274,12,
2137 0,34.352991248184545692154,132.4559088591671677670014,13,
2137 0,34.352874602944823528229,132.4563921576707996129992,14,
2137 0,34.352791277385340859907,132.4563754958434203049412,15,
2137 0,34.353124553159454112951,132.4551089191661982883406,16,
2137 0,34.353491156705900705870,132.4537090188217503038508,17,
2137 0,34.353657794493663333299,132.4530757302186658319974,18,
2137 0,34.354124403052700285016,132.4526090807356751174152,19,
2137 0,34.354257721258198244075,132.4525590786654318459566,20,
2137 0,34.354924337025965774422,132.4537256179679130792648,21,
2137 0,34.355607617820713249705,132.4549088216380634011568,22,
2137 0,34.356290898165709168184,132.4560586945103269489556,23,
2137 0,34.357007509702638105687,132.4572918920487595904906,24,
2137 0,34.357940759685256249460,132.4582251050751377773944,25,
2137 0,34.358107410088174562498,132.4583084236039004501896,26,
2137 0,34.359290621345959971593,132.4585916790567613958598,27,
2137 0,34.360457165195940274203,132.4586916172114375215630,28,
2137 0,34.360807128700234956623,132.4587415970309775348912,29,
2137 0,34.362023666757662845214,132.4588415328827742351512,30,
2137 0,34.362973567161433558372,132.4589248153484164179672,31,
2137 0,34.364173440483145568453,132.4590247519675062831188,32,
2137 0,34.365373309438750201957,132.4588747089243812800632,33,
2137 0,34.366406517274367261757,132.4580580628852327572318,34,
2137 0,34.367273075423076043373,132.4571081013254933900000,35,
2137 0,34.368389612415751314883,132.4565747613809941053754,36,
2137 0,34.369556147824790134293,132.4561914058731589844786,37,
2137 0,34.370656021181127476351,132.4556414010319705113668,38,
2137 0,34.371755893875335640699,132.4550913961908125246186,39,
2137 0,34.372872432535818147564,132.4546080516491636077304,40,
2137 0,34.374005638525519318237,132.4542580284748198169796,41,
2137 0,34.375205504253298928151,132.4539080022302668356840,42,
2137 0,34.375772106837695805982,132.4537246580756260067352,43,
2137 0,34.376955306400422352503,132.4533079715325730248910,44,
2137 0,34.378155170699064738680,132.4528912842212269519906,45,
2137 0,34.379305040790059542802,132.452474599211760396784,46,
2137 0,34.379555011670524579501,132.4523745958376036974076,47,
2137 0,34.37967166611960155867,132.452357925331516066252,48,
2137 0,34.379988300204558592353,132.4524412374845474097262,49,
2137 0,34.381138184028070059825,132.4528411509416869401970,50,
2137 0,34.382321398382909190701,132.4532410633951472447716,51,
2137 0,34.382888006841027918690,132.4534243553734378377292,52,
2137 0,34.383437951093074099290,132.4536076481179972922928,53,
2137 0,34.384587833647650395647,132.4538742399724333663200,54,
2137 0,34.385587732386287565369,132.4542241644024416583054,55,
2137 0,34.386787611569327885377,132.4546407412225802868612,56,
2137 0,34.38795416075089314256,132.455057319577329649944,57,
2137 0,34.388987389623300481542,132.455407243002677103785,58,
2137 0,34.390137273711792880648,132.4558071569907603383528,59,
2137 0,34.391337152272604534680,132.4562070686759519520112,60,
2137 0,34.392487035805161177025,132.4565903175290851193622,61,
2137 0,34.392953655266138056275,132.4567402827832980680240,62,
2137 0,34.394136869382197912844,132.4571568603697451969038,63,
2137 0,34.395286753205827898925,132.4575567748877966141478,64,
2137 0,34.395436738581857000412,132.4576234285189342065454,65,
2137 0,34.395136790189523623488,132.4587400163929726563978,66,
2137 0,34.394770186742475655659,132.4601399172673720519204,67,
2137 0,34.394436913535472772968,132.4615231509432179936514,68,
2137 0,34.394053645061535611052,132.4629063869209922257334,69,
2137 0,34.394036982072122712117,132.4630063795539712779188,70,
2137 0,34.393936999001006038885,132.4633730202906861169376,71,
2137 0,34.393587061349359451332,132.4647729203317490373342,72,
2137 0,34.393370442114078505534,132.4661728139694642126264,73,
2137 0,34.393320459019454701446,132.4668394276023659298498,74,
2137 0,34.393170501242359315185,132.4683226447035997032128,75,
2137 0,34.392937217853391812364,132.4697558694435271755714,76,
2137 0,34.392803917587839680164,132.4708557845096228767144,77,
2137 0,34.392703943487498561407,132.4717057183788685795870,78,
2137 0,34.393753844531066688688,132.4724889382376411943658,79,
2137 0,34.394753751949315353228,132.4733054906662180090828,80,
2137 0,34.395703664286833452418,132.4740720505237433699648,81,
2137 0,34.395820317967387854318,132.4740720451526667879608,82,
2137 0,34.395870312413605458686,132.4740553771868445510024,83,
2137 0,34.396170271045668090504,132.4735554051089523128244,84,
2137 9,34.397553464640535018218,132.473971973487759439286,1,
2137 9,34.397386823021897851249,132.4744219434954632925090,2,
2137 9,34.397086864971981871975,132.4749552469011921965590,3,
2137 9,34.396953544570538639226,132.4748719268388187061938,4,
2137 9,34.397170179284633429901,132.4743886232014230741488,5,
2137 9,34.397453474001678346226,132.4739053164948059730498,6,
2137 9,34.397070175547891556686,132.4735720293386491828448,7,
2137 9,34.396870203293347825911,132.4739553392831781838206,8,
2137 9,34.396653566541676750779,132.4743219853909696048434,9,
2137 9,34.396370271242503676286,132.4747719618286620975334,10,
2137 9,34.396303612881368363194,132.474805295166759383924,11,
2137 9,34.395253711890085066886,132.4740554055769357730904,12,
2137 9,34.394220474179387985090,132.4732221890180514384036,13,
2137 9,34.393203901734259382383,132.4723889722228054474560,14,
2137 9,34.392720612589312578038,132.4719556967448342126496,15,
2137 9,34.392570628034081628873,132.4719057077176785878356,16,
2137 9,34.392637269169994347624,132.4708557921826033627408,17,
2137 9,34.392870551976819825861,132.4693892363798172181152,18,
2137 9,34.392920540071966300915,132.4690392630789930197772,19,
2137 9,34.392920538907700746123,132.4689726020121877327062,20,
2137 9,34.393103827559377318304,132.467539379574164164370,21,
2137 9,34.393187135416174257408,132.4665727892085609349964,22,
2137 9,34.393337093484338341981,132.4651062375062675009644,23,
2137 9,34.393687031665831732065,132.4637063376641636594746,24,
2137 9,34.393936988813661604269,132.4627897347634889046046,25,
2137 9,34.394303592551782880906,132.461406499552007925061,26,
2137 9,34.394653530494601631412,132.4600232651088688138346,27,
2137 9,34.394986804231347851993,132.4586400314329984811712,28,
2137 9,34.395220096643380350758,132.4577234303585289532596,29,
2137 9,34.394753476891330162700,132.4575567994413975886188,30,
2137 9,34.394036882527320494189,132.4573068527720818243798,31,
2137 9,34.392853668702333946428,132.456906940848553111479,32,
2137 9,34.391703785169777304083,132.4565236919954199441280,33,
2137 9,34.390953861069273486917,132.4562737473906587015560,34,
2137 9,34.389820641981568631340,132.4558738326362700143798,35,
2137 9,34.388654093157260364419,132.4554739194154799493074,36,
2137 9,34.388004158848504164371,132.4552573010058036943796,37,
2137 9,34.386854274892497594390,132.4548573870177143597768,38,
2137 9,34.386487644269956583051,132.4547240817647425695806,39,
2137 9,34.385287766000208999371,132.4543408352135133016482,40,
2137 9,34.384171212416742617037,132.4539242545578203173858,41,
2137 9,34.383071323435200952448,132.4535909998646310394752,42,
2137 9,34.381938105168203515808,132.4532077502441803116964,43,
2137 9,34.380788221344692048336,132.4528078367870407812256,44,
2137 9,34.380471586968570954996,132.4527078595000470966292,45,
2137 9,34.379655002600345332540,132.4524579179645195139736,46,
2137 9,34.378521797774909734123,132.4528746022066685087524,47,
2137 9,34.377355263477742393307,132.4532912879824039301688,48,
2137 9,34.377005302884116234559,132.4534079610953550866016,49,
2137 9,34.375872097476543222054,132.4537913145386234857614,50,
2137 9,34.374688897331688534829,132.4541746708137517761536,51,
2137 9,34.373489031868771337940,132.454524696528336574773,52,
2137 9,34.372805775682306546509,132.4547580419869335180732,53,
2137 9,34.371672572312209829156,132.455258052959806132859,54,
2137 9,34.370589364261432193842,132.4557913918986995396782,55,
2137 9,34.369489491209967039232,132.456324731605898228416,56,
2137 9,34.368289626911415386440,132.4567414183872883095026,57,
2137 9,34.367189753647372632314,132.4573080888924042679048,58,
2137 9,34.366273203567344042183,132.4583580435597726609604,59,
2137 9,34.365239993112141040903,132.4590247028603043341768,60,
2137 9,34.364056787489407470348,132.4591247492043175342814,61,
2137 9,34.362873579433354637813,132.4590248118169101871412,62,
2137 9,34.361673705581999279147,132.4589248751978447083182,63,
2137 9,34.360923784657035637134,132.458841583524562523084,64,
2137 9,34.359757240515982008252,132.4587249797059680644448,65,
2137 9,34.358907330407509848695,132.4586583583014119371484,66,
2137 9,34.357790776055611605013,132.4582584422497740932668,67,
2137 9,34.357690790021550833056,132.4584251003150047457894,68,
2137 9,34.357590802293371940656,132.4585250967844984365242,69,
2137 9,34.357524143111319974097,132.4585417644587017855150,70,
2137 9,34.356307604497965567201,132.4584251640009110882912,71,
2137 9,34.356240944733785442474,132.458408501406189828873,72,
2137 9,34.355824321465329147167,132.4583418600518405305466,73,
2137 9,34.354691100498744749505,132.4578419539617280479254,74,
2137 9,34.353507885043224342983,132.4573420491135960590674,75,
2137 9,34.352941273821915880450,132.4570754309345980510168,76,
2137 9,34.352791286699483810083,132.4569087854377745759292,77,
2137 9,34.352757954899220975564,132.4567754648387503453818,78,
2137 9,34.352707952885363361741,132.4563588350749042724814,79,
2137 9,34.352691287223951950752,132.4562755091114494310374,80,
2137 9,34.352907913497123787531,132.4553089128724544437694,81,
2137 9,34.353041224875597385681,132.4548756090043919914788,82,
2137 9,34.353107883714181967234,132.4548089448683652399576,83,
2137 9,34.353191208214168703856,132.4548256061658373426704,84,
2137 9,34.353557811588128949147,132.4534423709553730471234,85,
2137 9,34.353657794493663333299,132.4530757302186658319974,86,
2137 9,34.354124403052700285016,132.4526090807356751174152,87,
2137 9,34.353424457290466350193,132.4514258780978066256282,88,
2137 9,34.352707845190693004349,132.4501926802954218222354,89,
2137 9,34.352024564528331368886,132.4490094766252654049122,90,
2137 9,34.351474607178284943790,132.4480762461489571129506,91,
2137 9,34.350774692394498949502,132.4486762285727610589952,92,
2137 9,34.351008007800892381868,132.4490761844973687369028,93,
2137 9,34.351108000477109153115,132.4492594980920034872728,94,
2137 9,34.351108001350308332307,132.4493094938928573902938,95,
2137 9,34.350991348356567911490,132.4494094909966796861754,96,
2138 0,34.350924684174104806974,132.449109518999750620254,1,
2138 0,34.350941346924743094490,132.4490261917667362198928,2,
2138 0,34.350774692394498949502,132.4486762285727610589952,3,
2138 0,34.351574595197433121509,132.4479929151114010257316,4,
2138 0,34.352274540834285840677,132.4491594526482968028770,5,
2138 0,34.352974486284752802888,132.450375986085087048255,6,
2138 0,34.353657767424463700043,132.4515258589563140880944,7,
2138 0,34.354257721258198244075,132.4525590786654318459566,8,
2138 0,34.354174399470201264626,132.4527090702994601437984,9,
2138 0,34.353724455197228606456,132.453142388216270997835,10,
2138 0,34.353357851315632252686,132.454492293158807172099,11,
2138 0,34.353007912867967501235,132.4558755276019695279116,12,
2138 0,34.352874602944823528229,132.4563921576707996129992,13,
2138 0,34.352791277385340859907,132.4563754958434203049412,14,
2138 0,34.353124553159454112951,132.4551089191661982883406,15,
2138 0,34.353491156705900705870,132.4537090188217503038508,16,
2138 0,34.353657794493663333299,132.4530757302186658319974,17,
2138 0,34.354124403052700285016,132.4526090807356751174152,18,
2138 0,34.354257721258198244075,132.4525590786654318459566,19,
2138 0,34.354924337025965774422,132.4537256179679130792648,20,
2138 0,34.355624282821400786465,132.4549088208707580361952,21,
2138 0,34.356324229357651443128,132.4561420197064520299018,22,
2138 0,34.357007509702638105687,132.4572918920487595904906,23,
2138 0,34.357940759685256249460,132.4582251050751377773944,24,
2138 0,34.358090744531560524897,132.4582917597662117351444,25,
2138 0,34.359257291874328235963,132.4585916805913477348506,26,
2138 0,34.360457165195940274203,132.4586916172114375215630,27,
2138 0,34.360807128409161612887,132.4587249313660592849982,28,
2138 0,34.360890452909157622893,132.4587415931944872918780,29,
2138 0,34.362106991787502164951,132.4588581947101779295378,30,
2138 0,34.362973567161433558372,132.4589248153484164179672,31,
2138 0,34.364173440483145568453,132.4590247519675062831188,32,
2138 0,34.365373309438750201957,132.4588747089243812800632,33,
2138 0,34.366406517274367261757,132.4580580628852327572318,34,
2138 0,34.367273075423076043373,132.4571081013254933900000,35,
2138 0,34.368389612415751314883,132.4565747613809941053754,36,
2138 0,34.369556147824790134293,132.4561914058731589844786,37,
2138 0,34.370656021181127476351,132.4556414010319705113668,38,
2138 0,34.371739229007033943759,132.4550913969581117941490,39,
2138 0,34.372922426982045007852,132.454591384213297357982,40,
2138 0,34.374088962708249583100,132.4542413595043550327742,41,
2138 0,34.375255498699425799134,132.4538913347944005905394,42,
2138 0,34.375772106837695805982,132.4537246580756260067352,43,
2138 0,34.376905311954295481520,132.4533246389684392700356,44,
2138 0,34.37805518262742769973,132.452941284757853310448,45,
2138 0,34.379221717163274290620,132.4525079338471312354162,46,
2138 0,34.379555011670524579501,132.4523745958376036974076,47,
2138 0,34.379738325062865029930,132.4523579222623433882704,48,
2138 0,34.379988300204558592353,132.4524412374845474097262,49,
2138 0,34.381138184028070059825,132.4528411509416869401970,50,
2138 0,34.382321398382909190701,132.4532410633951472447716,51,
2138 0,34.382888006841027918690,132.4534243553734378377292,52,
2138 0,34.383437951093074099290,132.4536076481179972922928,53,
2138 0,34.384587833647650395647,132.4538742399724333663200,54,
2138 0,34.385587732386287565369,132.4542241644024416583054,55,
2138 0,34.386737616623764028925,132.4546240783905180332112,56,
2138 0,34.387870835694870659872,132.4550239931449074846182,57,
2138 0,34.389004054623988018302,132.4554072422353717388234,58,
2138 0,34.390137273711792880648,132.4558071569907603383528,59,
2138 0,34.391337152272604534680,132.4562070686759519520112,60,
2138 0,34.392487035805161177025,132.4565903175290851193622,61,
2138 0,34.392970320001953924090,132.4567402820160048985286,62,
2138 0,34.394170198853929637779,132.4571568588351588533092,63,
2138 0,34.395320083498257786877,132.4575734379571922427406,64,
2138 0,34.395436738581857000412,132.4576234285189342065454,65,
2138 0,34.395136790771651764192,132.4587733466608973478498,66,
2138 0,34.394770186742475655659,132.4601399172673720519204,67,
2138 0,34.394420249090730231425,132.4615398173744294960828,68,
2138 0,34.394053645352608937324,132.4629230525849105586694,69,
2138 0,34.394036982072122712117,132.4630063795539712779188,70,
2138 0,34.393670379736949121906,132.464439610862257188823,71,
2138 0,34.393403767749455430238,132.4659228333015946801452,72,
2138 0,34.393320459892656185886,132.4668894235352088711948,73,
2138 0,34.393170500660226529057,132.4682893141696971011988,74,
2138 0,34.393070523701610962826,132.4690059259053566208618,75,
2138 0,34.393037194864401454793,132.4690725885067726424598,76,
2138 0,34.392837242350015137892,132.4705558079099103198452,77,
2138 0,34.392803917587839680164,132.4708557845096228767144,78,
2138 0,34.392703943487498561407,132.4717057183788685795870,79,
2138 0,34.393753844531066688688,132.4724889382376411943658,80,
2138 0,34.394753751949315353228,132.4733054906662180090828,81,
2138 0,34.395703664286833452418,132.4740720505237433699648,82,
2138 0,34.395820317967387854318,132.4740720451526667879608,83,
2138 0,34.395870312413605458686,132.4740553771868445510024,84,
2138 0,34.396536887538334940423,132.4728721118953363128444,85,
2138 0,34.397536765029009534928,132.4720054709279752050526,86,
2138 0,34.397686747494479357968,132.4719054721565776102954,87,
2138 0,34.397836730355601425146,132.4718888001169523435746,88,
2138 0,34.398020044912307437136,132.4719387876094972338616,89,
2138 0,34.398070038776396883336,132.4718887893747503884942,90,
2138 0,34.397336804126175782866,132.4730387274665067008286,91,
2138 0,34.397220154229400655693,132.4732553822328733857524,92,
2138 0,34.397186825153511880122,132.4733387099682761440088,93,
2138 0,34.396520251670497221638,132.4745553055286602041072,94,
2138 0,34.395853677127814403140,132.475771902148005112741,95,
2138 0,34.395120443059739972678,132.4769551715685980079044,96,
2138 0,34.395070449195732003943,132.4770051687434328742480,97,
2138 0,34.394087237314084000149,132.4779218054052998241424,98,
2138 0,34.393287334749814635488,132.4785884529047418803516,99,
2138 0,34.392287456438232643436,132.4794384287381650379536,100,
2138 0,34.391787520073765891889,132.4800384018883832442828,101,
2138 0,34.39160421337595469986,132.48043837673051293012,102,
2138 0,34.391604215122357651276,132.480538368595198895853,103,
2138 0,34.391154287996132677779,132.4819382734390530987374,104,
2138 0,34.390704359440761224625,132.4832715166861582228070,105,
2138 0,34.390221100010715546918,132.4845547656680200953396,106,
2138 0,34.38973784230087579126,132.485921341115615398808,107,
2138 0,34.389304578455125481802,132.487237918328463856909,108,
2138 0,34.388887981091693980880,132.4886544866387051066438,109,
2138 0,34.388488047299712821140,132.490004393115847821373,110,
2138 0,34.388088113772703302186,132.4913542995919784190752,111,
2138 0,34.387704845563637809215,132.4927375355697404556910,112,
2138 0,34.387538206353632760677,132.4932874974420997836796,113,
2138 0,34.387154937562439127002,132.4946374031519371288434,114,
2138 0,34.386771670567224628183,132.4960872996665461818354,115,
2138 0,34.386405067520234632805,132.4975205314018294078308,116,
2138 0,34.386105124896840821547,132.4989370941469614040388,117,
2138 0,34.385688526077972772968,132.5002703358594679936514,118,
2138 0,34.385455226680346927987,132.5007869705321058821800,119,
2138 0,34.384955287643890937770,132.5012036256168460990468,120,
2138 0,34.383755421016812803354,132.5014869905296035995964,121,
2138 0,34.382588883861371015064,132.5017703541717528378032,122,
2138 0,34.381539006790044195531,132.5024203483117544437282,123,
2138 0,34.380489130778108672969,132.5030703427156853490402,124,
2138 0,34.380422472708046686149,132.5031203417177009683668,125,
2138 0,34.379372595636624487807,132.5037703361216806555436,126,
2138 0,34.378189396312577208824,132.5041703575307469007294,127,
2138 0,34.376989529103366288280,132.504420391909601799265,128,
2138 0,34.376856210209537511648,132.504453728316944945642,129,
2138 0,34.375673009721224677873,132.5047870886592059037568,130,
2138 0,34.375006422080638163776,132.5052537473498183298598,131,
2138 0,34.374756442520661639028,132.5048871227264064188578,132,
2138 0,34.374639788310263909933,132.5048871280975073963980,133,
2138 0,34.373456586392804596501,132.5051538268430192756980,134,
2138 0,34.372773328751010179926,132.5053038461008485862012,135,
2138 0,34.371573462123827410781,132.5055872107476281807926,136,
2138 0,34.371423478467999603383,132.5056038833172460257258,137,
2138 0,34.370956860528526774811,132.5055372432048856046824,138,
2138 0,34.370056957945201863593,132.5056039462358469986622,139,
2138 0,34.369890307277302653849,132.5055206271781404556840,140,
2138 0,34.369457015250481232541,132.5052540028607368693624,141,
2138 0,34.368923733644389804326,132.504920721550331030336,142,
2138 0,34.367740524237786225659,132.5048041190290101193346,143,
2138 0,34.366523986710101657494,132.5047041831761891111852,144,
2138 0,34.366374001916100724870,132.5046708598139761318004,145,
2138 0,34.366224014211531240415,132.5044708835182720610938,146,
2138 0,34.365657392946472897874,132.5035543187452113359352,147,
2138 0,34.365090795653569722728,132.5040709687638589829852,148,
2138 0,34.365207452535956707957,132.5042542814592359118644,149,
2138 0,34.365374104632883896213,132.5044042610537795638412,150,
2138 0,34.365674078982545427799,132.5048042141741925573722,151,
2138 0,34.364824187741110657677,132.5057875052344902691596,152,
2138 0,34.364557558103330499797,132.5063208065767255458306,153,
2138 0,34.364057620231140064372,132.5068041227282710497684,154,
2138 0,34.363024410753908170624,132.5075874384985437460556,155,
2138 0,34.361991200880833327512,132.508287428068000027681,156,
2138 0,34.362124525066237301758,132.5085873964657516373384,157,
2138 0,34.362741148531547712151,132.5098705956007226117508,158,
2138 0,34.363257776223662173773,132.5108538226835804659360,159,
2138 0,34.364124367553990200717,132.5118037044440495853182,160,
2138 0,34.364724311491462874861,132.5122703048188445340364,161,
2138 0,34.365290924024615670619,132.5126869107964315792222,162,
2138 0,34.365924168222365279742,132.511420319778830072838,163,
2138 0,34.366190797964824327329,132.5109536795034488697066,164,
2138 0,34.365124231364623668071,132.5101537947480754824196,165,
2138 0,34.364457622767138649109,132.5094205531752808544714,166,
2201 0,34.4222851,132.4595188,1,
2201 0,34.4218673,132.4592221,2,
2201 0,34.4208174,132.4584222,3,
2201 0,34.4198175,132.4576723,4,
2201 0,34.4193342,132.4573057,5,
2201 0,34.4189175,132.4569891,6,
2201 0,34.417851,132.4562225,7,
2201 0,34.4173344,132.4558059,8,
2201 0,34.4162845,132.4550394,9,
2201 0,34.4158387,132.4547656,10,
2201 0,34.4156808,132.4547069,11,
2201 0,34.4153328,132.4545183,12,
2201 0,34.4148163,132.4542931,13,
2201 0,34.4141175,132.4540649,14,
2201 0,34.4125426,132.4536513,15,
2201 0,34.4118682,132.4534397,16,
2201 0,34.4111683,132.4532397,17,
2201 0,34.4099108,132.4529139,18,
2201 0,34.4094679,132.4528304,19,
2201 0,34.4093262,132.4526872,20,
2201 0,34.4093263,132.4523684,21,
2201 0,34.4092852,132.4517399,22,
2201 0,34.4092086,132.4511679,23,
2201 0,34.4091353,132.4504146,24,
2201 0,34.4090058,132.4502884,25,
2201 0,34.4080132,132.450147,26,
2201 0,34.4070444,132.4500197,27,
2201 0,34.4063226,132.4499148,28,
2201 0,34.4056759,132.4497477,29,
2201 0,34.4050491,132.4495919,30,
2201 0,34.4045285,132.4494572,31,
2201 0,34.4039036,132.4491619,32,
2201 0,34.4033091,132.448922,33,
2201 0,34.4028464,132.448784,34,
2201 0,34.402314,132.4486302,35,
2201 0,34.4015851,132.4483894,36,
2201 0,34.4008576,132.4482002,37,
2201 0,34.4002729,132.4480261,38,
2201 0,34.3996595,132.447883,39,
2201 0,34.3989739,132.4476837,40,
2201 0,34.3982274,132.447423,41,
2201 0,34.397577,132.4471945,42,
2201 0,34.397504,132.4472098,43,
2201 0,34.397453,132.4473242,44,
2201 0,34.3973197,132.4479908,45,
2201 0,34.3971197,132.4491907,46,
2201 0,34.3970041,132.4500056,47,
2201 0,34.3968365,132.4510739,48,
2201 0,34.3966365,132.4520905,49,
2201 0,34.3964032,132.4532404,50,
2201 0,34.3961533,132.4541737,51,
2201 0,34.39592,132.4552236,52,
2201 0,34.3957033,132.4560735,53,
2201 0,34.3953201,132.4578068,54,
2201 0,34.3950868,132.4587067,55,
2201 0,34.3948535,132.4595566,56,
2201 0,34.3947369,132.4600566,57,
2201 0,34.3944536,132.4611732,58,
2201 0,34.3941536,132.4623564,59,
2201 0,34.3939203,132.463273,60,
2201 0,34.3935704,132.4645563,61,
2201 0,34.3933538,132.4655729,62,
2201 0,34.3933038,132.4664395,63,
2201 0,34.3931872,132.4677227,64,
2201 0,34.3930372,132.4687393,65,
2201 0,34.3929039,132.4696059,66,
2201 0,34.392765,132.4706206,67,
2201 0,34.3927053,132.4711746,68,
2201 0,34.3926539,132.4716699,69,
2201 0,34.3936039,132.4724056,70,
2201 0,34.3947538,132.4732888,71,
2201 0,34.3958037,132.4741054,72,
2201 0,34.3959271,132.473944,73,
2201 0,34.3961568,132.4734782,74,
2203 0,34.4179699,132.4417837,1,
2203 0,34.41782,132.4419623,2,
2203 0,34.4176042,132.4422128,3,
2203 0,34.4175719,132.4423138,4,
2203 0,34.4175766,132.4425917,5,
2203 0,34.4175491,132.4426334,6,
2203 0,34.4172075,132.4427268,7,
2203 0,34.4171567,132.4427548,8,
2203 0,34.4171076,132.4427888,9,
2203 0,34.417077,132.4428449,10,
2203 0,34.417053,132.4429071,11,
2203 0,34.4169401,132.4432175,12,
2203 0,34.4168959,132.4434022,13,
2203 0,34.4168567,132.4437775,14,
2203 0,34.4168236,132.4441582,15,
2203 0,34.4167805,132.4446504,16,
2203 0,34.4167353,132.4448637,17,
2203 0,34.4166492,132.4449149,18,
2203 0,34.4165769,132.4449903,19,
2203 0,34.4163781,132.4451923,20,
2203 0,34.4162178,132.4453421,21,
2203 0,34.4161509,132.4453865,22,
2203 0,34.4160287,132.4454456,23,
2203 0,34.4159693,132.4454671,24,
2203 0,34.4159054,132.4454738,25,
2203 0,34.41574,132.4454565,26,
2203 0,34.4156004,132.4454384,27,
2203 0,34.415527,132.4454424,28,
2203 0,34.4154315,132.4454759,29,
2203 0,34.4152016,132.4460212,30,
2203 0,34.4155177,132.4462068,31,
2203 0,34.4156144,132.4463078,32,
2203 0,34.4163008,132.4467172,33,
2203 0,34.4160292,132.4472748,34,
2203 0,34.4155216,132.4483313,35,
2203 0,34.4150178,132.4493732,36,
2203 0,34.4152245,132.4496397,37,
2203 0,34.4156011,132.4499731,38,
2203 0,34.4156567,132.4500364,39,
2203 0,34.4157111,132.4501559,40,
2203 0,34.4157511,132.4502151,41,
2203 0,34.4160227,132.450454,42,
2203 0,34.4162844,132.4507064,43,
2203 0,34.4166915,132.4511676,44,
2203 0,34.4170091,132.4515619,45,
2203 0,34.4167843,132.451895,46,
2203 0,34.4167148,132.4519907,47,
2203 0,34.4165844,132.4523896,48,
2203 0,34.416454,132.4528219,49,
2203 0,34.4164099,132.4530089,50,
2203 0,34.4161944,132.4538741,51,
2203 0,34.4161287,132.4541133,52,
2203 0,34.415861,132.4546757,53,
2203 0,34.4156808,132.4547069,54,
2203 0,34.4150763,132.4544076,55,
2203 0,34.4149002,132.4543349,56,
2203 0,34.4143369,132.4541512,57,
2203 0,34.4138564,132.4540192,58,
2203 0,34.4128327,132.4537374,59,
2203 0,34.4123327,132.4536193,60,
2203 0,34.4120958,132.453541,61,
2203 0,34.4116088,132.453401,62,
2203 0,34.4108773,132.4531961,63,
2203 0,34.4098518,132.4529065,64,
2203 0,34.4094679,132.4528304,65,
2203 0,34.4093262,132.4526872,66,
2203 0,34.4092518,132.4517066,67,
2203 0,34.4091852,132.4509733,68,
2203 0,34.4091362,132.4504457,69,
2203 0,34.4090104,132.4503061,70,
2203 0,34.4088227,132.4502685,71,
2203 0,34.4079697,132.4501557,72,
2203 0,34.4074353,132.4500735,73,
2203 0,34.4067709,132.4499808,74,
2203 0,34.4063226,132.4499148,75,
2203 0,34.4061532,132.4498757,76,
2203 0,34.4055055,132.4497023,77,
2203 0,34.4048523,132.4495516,78,
2203 0,34.4045285,132.4494572,79,
2203 0,34.4042113,132.4493119,80,
2203 0,34.4037869,132.4491094,81,
2203 0,34.4033091,132.448922,82,
2203 0,34.402787,132.448764,83,
2203 0,34.4021076,132.4485568,84,
2203 0,34.4014194,132.4483402,85,
2203 0,34.4003705,132.4480709,86,
2203 0,34.3989739,132.4476837,87,
2203 0,34.3981974,132.4474056,88,
2203 0,34.397577,132.4471945,89,
2203 0,34.397504,132.4472098,90,
2203 0,34.397453,132.4473242,91,
2203 0,34.397303,132.4482408,92,
2203 0,34.3970531,132.4496573,93,
2203 0,34.3968865,132.4508239,94,
2203 0,34.3967019,132.4518493,95,
2203 0,34.3964865,132.4528738,96,
2203 0,34.3961533,132.4542237,97,
2203 0,34.3959422,132.455111,98,
2203 0,34.3957344,132.4559929,99,
2203 0,34.3954534,132.4572568,100,
2203 0,34.3952534,132.4580901,101,
2203 0,34.3950535,132.45884,102,
2203 0,34.3948702,132.4595566,103,
2203 0,34.3946147,132.4605453,104,
2203 0,34.3943814,132.4614853,105,
2203 0,34.3941068,132.4625838,106,
2203 0,34.3939124,132.4633618,107,
2203 0,34.3936114,132.4645309,108,
2203 0,34.3934371,132.4652729,109,
2203 0,34.3933671,132.4659729,110,
2203 0,34.3932938,132.466937,111,
2203 0,34.3932371,132.4676894,112,
2203 0,34.3930461,132.4688327,113,
2203 0,34.3928933,132.4698322,114,
2203 0,34.3927528,132.4708058,115,
2203 0,34.3926539,132.4716391,116,
2203 0,34.3927706,132.471739,117,
2203 0,34.3937173,132.4725072,118,
2203 0,34.3947204,132.4733055,119,
2203 0,34.3957931,132.4741733,120,
2203 0,34.3960524,132.4736855,121,
2203 9,34.3969561,132.4741472,1,
2203 9,34.3969366,132.4741827,2,
2203 9,34.3968972,132.474253,3,
2203 9,34.3968412,132.4743426,4,
2203 9,34.3967815,132.4744496,5,
2203 9,34.3966282,132.4747421,6,
2203 9,34.3965802,132.4748245,7,
2203 9,34.39655,132.4748379,8,
2203 9,34.3965215,132.4748465,9,
2203 9,34.3964759,132.4748432,10,
2203 9,34.3964304,132.4748451,11,
2203 9,34.3963928,132.4748512,12,
2203 9,34.396341,132.4748473,13,
2203 9,34.3962524,132.474836,14,
2203 9,34.396187,132.4747989,15,
2203 9,34.3960849,132.4747639,16,
2203 9,34.3959104,132.4746398,17,
2203 9,34.3957284,132.4744826,18,
2203 9,34.3956682,132.474422,19,
2203 9,34.3956002,132.4743654,20,
2203 9,34.3953067,132.4741204,21,
2203 9,34.3949645,132.4738619,22,
2203 9,34.3944399,132.4734489,23,
2203 9,34.3942095,132.4732621,24,
2203 9,34.393912,132.4730204,25,
2203 9,34.3934247,132.4726252,26,
2203 9,34.3933011,132.4725245,27,
2203 9,34.3931786,132.4724158,28,
2203 9,34.3929408,132.4721976,29,
2203 9,34.3927012,132.4719907,30,
2203 9,34.3925797,132.4718889,31,
2203 9,34.3924848,132.4718324,32,
2203 9,34.3925258,132.4714483,33,
2203 9,34.3925783,132.4710756,34,
2203 9,34.3926258,132.4707049,35,
2203 9,34.392687,132.4703726,36,
2203 9,34.3927256,132.4701544,37,
2203 9,34.3927674,132.4698907,38,
2203 9,34.3928075,132.469627,39,
2203 9,34.3928787,132.4690838,40,
2203 9,34.3929477,132.46854,41,
2203 9,34.3929666,132.4684144,42,
2203 9,34.3929877,132.4682889,43,
2203 9,34.3930227,132.4680297,44,
2203 9,34.393059,132.4677404,45,
2203 9,34.3930718,132.4676124,46,
2203 9,34.3930785,132.4674957,47,
2203 9,34.3931107,132.4669579,48,
2203 9,34.3931316,132.4666094,49,
2203 9,34.393147,132.4664312,50,
2203 9,34.3931948,132.4659547,51,
2203 9,34.393216,132.4657011,52,
2203 9,34.3932341,132.4654457,53,
2203 9,34.3935037,132.4642396,54,
2203 9,34.3938095,132.4630444,55,
2203 9,34.393945,132.4625334,56,
2203 9,34.3940703,132.4620231,57,
2203 9,34.3943344,132.4609882,58,
2203 9,34.394469,132.4604554,59,
2203 9,34.3946013,132.4599344,60,
2203 9,34.3947054,132.4595282,61,
2203 9,34.3948128,132.4591253,62,
2203 9,34.3949347,132.4586887,63,
2203 9,34.3950035,132.4584057,64,
2203 9,34.3951029,132.4580415,65,
2203 9,34.3951493,132.4578531,66,
2203 9,34.3951714,132.4577605,67,
2203 9,34.3952006,132.457672,68,
2203 9,34.3952298,132.4573242,69,
2203 9,34.3953707,132.4567545,70,
2203 9,34.3956521,132.4555777,71,
2203 9,34.3959155,132.4544414,72,
2203 9,34.3961811,132.4533191,73,
2203 9,34.3964122,132.4523064,74,
2203 9,34.3966455,132.4512888,75,
2203 9,34.396792,132.4503033,76,
2203 9,34.3969477,132.4492719,77,
2203 9,34.3971531,132.4480667,78,
2203 9,34.3973485,132.4468605,79,
2203 9,34.3975947,132.4469911,80,
2203 9,34.3984339,132.4472828,81,
2203 9,34.3995028,132.4476407,82,
2203 9,34.4002694,132.447874,83,
2203 9,34.4012026,132.4481073,84,
2203 9,34.4023192,132.4484239,85,
2203 9,34.4034191,132.4487405,86,
2203 9,34.4040569,132.4490467,87,
2203 9,34.4043523,132.4491904,88,
2203 9,34.4052479,132.4495244,89,
2203 9,34.4063232,132.4497652,90,
2203 9,34.4073621,132.4499076,91,
2203 9,34.4080919,132.4500064,92,
2203 9,34.4090571,132.4501396,93,
2203 9,34.4091351,132.4502234,94,
2203 9,34.4092816,132.4504703,95,
2203 9,34.4093473,132.4513273,96,
2203 9,34.4094239,132.4522533,97,
2203 9,34.4094663,132.4526856,98,
2203 9,34.4104517,132.4529731,99,
2203 9,34.4112683,132.4531897,100,
2203 9,34.4117849,132.453323,101,
2203 9,34.4124693,132.4535224,102,
2203 9,34.413818,132.4538896,103,
2203 9,34.414418,132.4540728,104,
2203 9,34.4149513,132.4542395,105,
2203 9,34.4156345,132.4545561,106,
2203 9,34.4158345,132.4546227,107,
2203 9,34.4159695,132.4543601,108,
2203 9,34.4161011,132.4540894,109,
2203 9,34.4162947,132.4533175,110,
2203 9,34.4164678,132.4526454,111,
2203 9,34.4166918,132.451952,112,
2203 9,34.4169441,132.4515427,113,
2203 9,34.4167983,132.451355,114,
2203 9,34.416175,132.4506311,115,
2203 9,34.4156605,132.4501787,116,
2203 9,34.4156211,132.4500423,117,
2203 9,34.4155928,132.4500103,118,
2203 9,34.4151431,132.4496037,119,
2203 9,34.4149706,132.4494319,120,
2203 9,34.4151114,132.4491056,121,
2203 9,34.415596,132.448098,122,
2203 9,34.416182,132.4468726,123,
2203 9,34.4161994,132.4467963,124,
2203 9,34.416166,132.4467099,125,
2203 9,34.4155087,132.4463274,126,
2203 9,34.415507,132.4462408,127,
2203 9,34.4154362,132.4462004,128,
2203 9,34.415144,132.4460299,129,
2203 9,34.4153895,132.4454419,130,
2203 9,34.4154739,132.4454275,131,
2203 9,34.4156164,132.4454058,132,
2203 9,34.4159103,132.4454441,133,
2203 9,34.4159652,132.4454344,134,
2203 9,34.4161801,132.4453376,135,
2203 9,34.4164331,132.4450977,136,
2203 9,34.4167176,132.4448235,137,
2203 9,34.4167429,132.4446347,138,
2203 9,34.4167681,132.4443909,139,
2203 9,34.4168048,132.4439586,140,
2203 9,34.4168676,132.4433689,141,
2203 9,34.4170741,132.4427443,142,
2203 9,34.4175508,132.4425903,143,
2203 9,34.417553,132.4422639,144,
2203 9,34.4175854,132.4421928,145,
2203 9,34.4177427,132.4420064,146,
2203 9,34.4179407,132.4417548,147,
2206 0,34.4220838,132.4593602,1,
2206 0,34.4209673,132.4585103,2,
2206 0,34.4198841,132.4577271,3,
2206 0,34.4196174,132.4575271,4,
2206 0,34.4186008,132.4567606,5,
2206 0,34.4175676,132.4560273,6,
2206 0,34.4173676,132.4558607,7,
2206 0,34.416401,132.4551275,8,
2206 0,34.4158553,132.4547871,9,
2206 0,34.4154255,132.4556064,10,
2206 0,34.4148622,132.4567337,11,
2206 0,34.4143223,132.4577668,12,
2206 0,34.4137601,132.4588256,13,
2206 0,34.4132348,132.4598272,14,
2206 0,34.4126516,132.4609438,15,
2206 0,34.412135,132.4619938,16,
2206 0,34.411585,132.4630104,17,
2206 0,34.4111018,132.4629104,18,
2206 0,34.4106685,132.4627604,19,
2206 0,34.4097019,132.4624272,20,
2206 0,34.4094108,132.462303,21,
2206 0,34.4091353,132.4621439,22,
2206 0,34.408552,132.4615273,23,
2206 0,34.4079616,132.460948,24,
2206 0,34.4074354,132.4602774,25,
2206 0,34.4068688,132.4596775,26,
2206 0,34.4064689,132.4592609,27,
2206 0,34.406,132.458991,28,
2206 0,34.4056189,132.458811,29,
2206 0,34.4052523,132.458661,30,
2206 0,34.4045857,132.4584777,31,
2206 0,34.4035191,132.4580611,32,
2206 0,34.4024693,132.4576779,33,
2206 0,34.4014449,132.4573052,34,
2206 0,34.4004195,132.4569447,35,
2206 0,34.3999362,132.4567614,36,
2206 0,34.3995196,132.458278,37,
2206 0,34.399275,132.4591917,38,
2206 0,34.3981697,132.4588113,39,
2206 0,34.3973865,132.4585281,40,
2206 0,34.3963532,132.4581615,41,
2206 0,34.39572,132.4579282,42,
2206 0,34.39537,132.4578115,43,
2206 0,34.3951034,132.4586615,44,
2206 0,34.3947868,132.4599281,45,
2206 0,34.3945368,132.460878,46,
2206 0,34.3942535,132.4620446,47,
2206 0,34.3939869,132.4630945,48,
2206 0,34.3937703,132.4638278,49,
2206 0,34.3934204,132.4652777,50,
2206 0,34.3933037,132.4666942,51,
2206 0,34.3932038,132.4677775,52,
2206 0,34.3930038,132.4689941,53,
2206 0,34.3928038,132.4703606,54,
2206 0,34.3927039,132.4710606,55,
2206 0,34.3926705,132.4716939,56,
2206 0,34.3933871,132.4722604,57,
2206 0,34.3944037,132.4730437,58,
2206 0,34.3957869,132.4741435,59,
2206 0,34.3961505,132.4734874,60,
2302 0,34.409718,132.4499533,1,
2302 0,34.4097446,132.4503636,2,
2302 0,34.4096505,132.4504217,3,
2302 0,34.4093394,132.4502651,4,
2302 0,34.4092353,132.4502829,5,
2302 0,34.4092728,132.4507849,6,
2302 0,34.4093227,132.4512708,7,
2302 0,34.4094071,132.4523635,8,
2302 0,34.4094283,132.4534827,9,
2302 0,34.4093203,132.4542955,10,
2302 0,34.4091348,132.4549888,11,
2302 0,34.4088918,132.4555079,12,
2302 0,34.4083618,132.4563362,13,
2302 0,34.4074564,132.4575738,14,
2302 0,34.4066744,132.4586491,15,
2302 0,34.4064966,132.4589821,16,
2302 0,34.4064233,132.459264,17,
2302 0,34.4063057,132.4592132,18,
2302 0,34.4061367,132.4590699,19,
2302 0,34.4059013,132.4589481,20,
2302 0,34.4049357,132.4585562,21,
2302 0,34.404506,132.4584447,22,
2302 0,34.4045034,132.4583063,23,
2302 0,34.4046462,132.4577577,24,
2302 0,34.4047613,132.4573083,25,
2302 0,34.4046978,132.4572298,26,
2302 0,34.4045725,132.4571623,27,
2302 0,34.4043078,132.4570842,28,
2302 0,34.4037013,132.4568506,29,
2302 0,34.4035994,132.4567725,30,
2302 0,34.4033502,132.456187,31,
2302 0,34.4032547,132.4561468,32,
2302 0,34.4022,132.4557539,33,
2302 0,34.402133,132.4556272,34,
2302 0,34.4020682,132.4557244,35,
2302 0,34.4019503,132.456169,36,
2302 0,34.401698,132.4571562,37,
2302 0,34.4016404,132.4573816,38,
2302 0,34.4007362,132.4570399,39,
2302 0,34.4002302,132.4568751,40,
2302 0,34.3999036,132.4568337,41,
2302 0,34.3993383,132.4590052,42,
2302 0,34.39927,132.459076,43,
2302 0,34.3991817,132.4591226,44,
2302 0,34.3990835,132.459129,45,
2302 0,34.3989543,132.4591139,46,
2302 0,34.3982566,132.4588521,47,
2302 0,34.3969445,132.4583281,48,
2302 0,34.3960356,132.4580088,49,
2302 0,34.3954867,132.4578067,50,
2302 0,34.3953368,132.4577568,51,
2302 0,34.3952701,132.4578901,52,
2302 0,34.3950701,132.4586567,53,
2302 0,34.3947369,132.4600733,54,
2302 0,34.394458,132.4611477,55,
2302 0,34.3942402,132.4620733,56,
2302 0,34.3939305,132.4632213,57,
2302 0,34.3938203,132.4635897,58,
2302 0,34.3936306,132.4635466,59,
2302 0,34.3932217,132.4634085,60,
2302 0,34.3919572,132.4630101,61,
2302 0,34.3915259,132.4628846,62,
2302 0,34.3909529,132.4627054,63,
2302 0,34.3900707,132.4624399,64,
2302 0,34.3888631,132.4620463,65,
2302 0,34.3882556,132.461873,66,
2302 0,34.3877078,132.4617078,67,
2302 0,34.3869774,132.4614774,68,
2302 0,34.3862249,132.4612579,69,
2302 0,34.3856592,132.4610832,70,
2302 0,34.3854508,132.4610266,71,
2302 0,34.3852401,132.4610558,72,
2302 0,34.3844232,132.4613704,73,
2302 0,34.3843689,132.4614931,74,
2302 0,34.3843289,132.4619328,75,
2302 0,34.3841957,132.4630369,76,
2302 0,34.3840859,132.4641237,77,
2302 0,34.383947,132.4655037,78,
2302 0,34.383853,132.4663632,79,
2302 0,34.3838083,132.4665533,80,
2302 0,34.3837591,132.4666897,81,
2302 0,34.3834126,132.4675931,82,
2302 0,34.3831027,132.4683884,83,
2302 0,34.3829448,132.4684917,84,
2302 0,34.3827715,132.4683482,85,
2302 0,34.3827316,132.4683482,86,
2302 0,34.3820908,132.4686123,87,
2302 0,34.3808975,132.4691461,88,
2302 0,34.3803216,132.4693949,89,
2302 0,34.3802095,132.4694745,90,
2302 0,34.3798297,132.4706235,91,
2302 0,34.3791675,132.472748,92,
2302 0,34.3788388,132.4738062,93,
2302 0,34.379099,132.4741618,94,
2302 0,34.3798131,132.475035,95,
2302 0,34.3796667,132.4752333,96,
2302 0,34.3795979,132.4753927,97,
2302 0,34.3796221,132.4755227,98,
2302 0,34.3798375,132.4762086,99,
2302 0,34.3801883,132.4773932,100,
2302 0,34.3802121,132.4775743,101,
2302 0,34.3802259,132.4779107,102,
2302 0,34.380372,132.4784057,103,
2302 0,34.3803557,132.4784713,104,
2302 0,34.3802289,132.4785327,105,
2302 0,34.380207,132.4782839,106,
2302 0,34.3801772,132.4782519,107,
2302 0,34.3800999,132.4779868,108,
2302 9,34.3800647,132.4778467,1,
2302 9,34.3800219,132.4776038,2,
2302 9,34.380047,132.4774855,3,
2302 9,34.3801031,132.4773671,4,
2302 9,34.3801079,132.4773051,5,
2302 9,34.3800487,132.4770134,6,
2302 9,34.3798377,132.4763059,7,
2302 9,34.3796387,132.4756727,8,
2302 9,34.3795813,132.4754712,9,
2302 9,34.3795725,132.4753596,10,
2302 9,34.3796728,132.4751372,11,
2302 9,34.3796664,132.4750705,12,
2302 9,34.3791188,132.4743655,13,
2302 9,34.3786721,132.4738729,14,
2302 9,34.3787721,132.4735229,15,
2302 9,34.3788719,132.4731729,16,
2302 9,34.3793729,132.4716217,17,
2302 9,34.3797296,132.4705037,18,
2302 9,34.3800648,132.4694353,19,
2302 9,34.3803144,132.4693488,20,
2302 9,34.3811417,132.468986,21,
2302 9,34.3814384,132.4688565,22,
2302 9,34.382505,132.4683898,23,
2302 9,34.3826259,132.4683183,24,
2302 9,34.3827916,132.4681931,25,
2302 9,34.3829537,132.4683129,26,
2302 9,34.3830626,132.4682568,27,
2302 9,34.3836048,132.4669065,28,
2302 9,34.3837548,132.4664732,29,
2302 9,34.3838415,132.4658039,30,
2302 9,34.3839381,132.46484,31,
2302 9,34.3840714,132.4635068,32,
2302 9,34.3841892,132.4624448,33,
2302 9,34.3843093,132.4612991,34,
2302 9,34.3853214,132.4609104,35,
2302 9,34.3857948,132.461001,36,
2302 9,34.3862207,132.4611492,37,
2302 9,34.3866671,132.4612854,38,
2302 9,34.3871621,132.4614484,39,
2302 9,34.3880209,132.4616901,40,
2302 9,34.3890875,132.46204,41,
2302 9,34.3901473,132.4623684,42,
2302 9,34.3907993,132.4625549,43,
2302 9,34.3918039,132.4628732,44,
2302 9,34.3926038,132.4631398,45,
2302 9,34.3936755,132.4634473,46,
2302 9,34.3937202,132.4634035,47,
2302 9,34.3940935,132.4619459,48,
2302 9,34.3944868,132.4603772,49,
2302 9,34.3947558,132.4593645,50,
2302 9,34.3952201,132.4575568,51,
2302 9,34.3955367,132.4576401,52,
2302 9,34.3967199,132.4580733,53,
2302 9,34.3972066,132.4582683,54,
2302 9,34.3981698,132.4586066,55,
2302 9,34.3992002,132.4589969,56,
2302 9,34.3992407,132.4589338,57,
2302 9,34.3998034,132.4567511,58,
2302 9,34.4000154,132.4566849,59,
2302 9,34.4015934,132.457248,60,
2302 9,34.4016638,132.4571747,61,
2302 9,34.4019015,132.4562464,62,
2302 9,34.4020148,132.45581,63,
2302 9,34.4021059,132.4555641,64,
2302 9,34.4021601,132.4556145,65,
2302 9,34.4022235,132.4557334,66,
2302 9,34.4033592,132.4561521,67,
2302 9,34.4034114,132.4562262,68,
2302 9,34.4036252,132.4567468,69,
2302 9,34.4037119,132.4568176,70,
2302 9,34.4042314,132.457008,71,
2302 9,34.4046993,132.4571767,72,
2302 9,34.4048231,132.4570978,73,
2302 9,34.404889,132.4569878,74,
2302 9,34.4052335,132.4573418,75,
2302 9,34.4060801,132.4582591,76,
2302 9,34.406469,132.4586615,77,
2302 9,34.4065359,132.4586319,78,
2302 9,34.4073654,132.457435,79,
2302 9,34.4081993,132.4563097,80,
2302 9,34.4086593,132.4556404,81,
2302 9,34.4089617,132.4551064,82,
2302 9,34.4091172,132.4547233,83,
2302 9,34.4092395,132.4542947,84,
2302 9,34.4093527,132.4535283,85,
2302 9,34.4093685,132.4531065,86,
2302 9,34.4092518,132.4513233,87,
2302 9,34.4092256,132.4511054,88,
2302 9,34.4092127,132.4509143,89,
2302 9,34.409177,132.4505161,90,
2302 9,34.4091706,132.4504157,91,
2302 9,34.4091864,132.4503274,92,
2302 9,34.409229,132.4502245,93,
2302 9,34.409276,132.4501552,94,
2302 9,34.4093362,132.4501074,95,
2302 9,34.4093882,132.4500787,96,
2302 9,34.4094136,132.4500433,97,
2302 9,34.4094068,132.4499411,98,
2302 9,34.4094399,132.4498174,99,
2302 9,34.4095324,132.4497811,100,
2302 9,34.4096271,132.4497718,101,
2302 9,34.4097307,132.4498483,102,
2302 9,34.4097714,132.4502294,103,
2303 0,34.409782,132.450214,1,
2303 0,34.4097775,132.4503076,2,
2303 0,34.4097508,132.4503785,3,
2303 0,34.4096505,132.4504217,4,
2303 0,34.4093394,132.4502651,5,
2303 0,34.4092486,132.4502941,6,
2303 0,34.4093084,132.4510427,7,
2303 0,34.4093412,132.4515539,8,
2303 0,34.4093851,132.4520732,9,
2303 0,34.4094262,132.4527393,10,
2303 0,34.4094235,132.4531398,11,
2303 0,34.4094286,132.4535285,12,
2303 0,34.4093858,132.4538938,13,
2303 0,34.4093241,132.4542725,14,
2303 0,34.4091348,132.4549888,15,
2303 0,34.4088948,132.4555036,16,
2303 0,34.4083618,132.4563362,17,
2303 0,34.4080252,132.4567906,18,
2303 0,34.4073242,132.4577572,19,
2303 0,34.4066363,132.4587194,20,
2303 0,34.4064966,132.4589821,21,
2303 0,34.406415,132.4592479,22,
2303 0,34.4058943,132.458949,23,
2303 0,34.4054743,132.4587665,24,
2303 0,34.4050055,132.4585854,25,
2303 0,34.404506,132.4584447,26,
2303 0,34.4045034,132.4583063,27,
2303 0,34.4047613,132.4573083,28,
2303 0,34.4046978,132.4572298,29,
2303 0,34.4045725,132.4571623,30,
2303 0,34.4043078,132.4570842,31,
2303 0,34.4036858,132.4568398,32,
2303 0,34.4035994,132.4567725,33,
2303 0,34.4033502,132.456187,34,
2303 0,34.4026887,132.4559296,35,
2303 0,34.4022,132.4557539,36,
2303 0,34.402133,132.4556272,37,
2303 0,34.4020633,132.4557325,38,
2303 0,34.4019637,132.4561033,39,
2303 0,34.4016404,132.4573816,40,
2303 0,34.4007939,132.457068,41,
2303 0,34.4001607,132.4568583,42,
2303 0,34.3999036,132.4568337,43,
2303 0,34.3997306,132.4575173,44,
2303 0,34.3993383,132.4590052,45,
2303 0,34.39927,132.459076,46,
2303 0,34.3991817,132.4591226,47,
2303 0,34.3990505,132.459134,48,
2303 0,34.3989692,132.4591209,49,
2303 0,34.3980209,132.4587558,50,
2303 0,34.3968989,132.4583374,51,
2303 0,34.3958556,132.4579479,52,
2303 0,34.3953534,132.4577901,53,
2303 0,34.3951368,132.4586067,54,
2303 0,34.3947578,132.4600479,55,
2303 0,34.3944901,132.4611181,56,
2303 0,34.3941947,132.4622925,57,
2303 0,34.3938435,132.4636018,58,
2303 0,34.3930472,132.4633593,59,
2303 0,34.3924361,132.4631639,60,
2303 0,34.3914551,132.4628655,61,
2303 0,34.3904974,132.4625775,62,
2303 0,34.389698,132.4623171,63,
2303 0,34.3889086,132.4620835,64,
2303 0,34.3885883,132.4619925,65,
2303 0,34.3883363,132.4620826,66,
2303 0,34.3882358,132.4621893,67,
2303 0,34.3881419,132.462296,68,
2303 0,34.3877353,132.463774,69,
2303 0,34.3874187,132.4649866,70,
2303 0,34.387151,132.4659986,71,
2303 0,34.3868812,132.467023,72,
2303 0,34.3864889,132.4684885,73,
2303 0,34.3863295,132.4689137,74,
2303 0,34.3861424,132.4693202,75,
2303 0,34.385669,132.4703102,76,
2303 0,34.3852214,132.4711561,77,
2303 0,34.3851356,132.4714572,78,
2303 0,34.3851095,132.4717636,79,
2303 0,34.3851398,132.4720808,80,
2303 0,34.3852211,132.4725763,81,
2303 0,34.3855513,132.4738051,82,
2303 0,34.3859158,132.4752217,83,
2303 0,34.3861381,132.4761723,84,
2303 0,34.3863991,132.4772952,85,
2303 0,34.3852726,132.4773563,86,
2303 0,34.3842072,132.4774357,87,
2303 0,34.3837717,132.4774557,88,
2303 0,34.3831884,132.4774944,89,
2303 0,34.3828362,132.4775103,90,
2303 0,34.3826029,132.477513,91,
2303 0,34.3824529,132.4774952,92,
2303 0,34.3819841,132.4773713,93,
2303 0,34.3817798,132.4772826,94,
2303 0,34.3816142,132.477182,95,
2303 0,34.3812553,132.4769391,96,
2303 0,34.3810364,132.4767509,97,
2303 0,34.380832,132.4765193,98,
2303 0,34.3804219,132.4759931,99,
2303 0,34.380123,132.4756286,100,
2303 0,34.3797887,132.475256,101,
2303 0,34.3797221,132.475256,102,
2303 0,34.3796605,132.4752916,103,
2303 0,34.379613,132.4753698,104,
2303 0,34.3796115,132.4754607,105,
2303 0,34.3796221,132.4755227,106,
2303 0,34.3797027,132.4757765,107,
2303 0,34.3797984,132.4760883,108,
2303 0,34.3799812,132.4767052,109,
2303 0,34.3800727,132.4770135,110,
2303 0,34.3801168,132.477168,111,
2303 0,34.3801883,132.4773932,112,
2303 0,34.3802121,132.4775743,113,
2303 0,34.3802259,132.4779107,114,
2303 0,34.380372,132.4784057,115,
2303 0,34.3803557,132.4784713,116,
2303 0,34.3802289,132.4785327,117,
2303 0,34.380207,132.4782839,118,
2303 0,34.3801772,132.4782519,119,
2303 0,34.3800999,132.4779868,120,
2303 9,34.3800647,132.4778467,1,
2303 9,34.3800219,132.4776038,2,
2303 9,34.380047,132.4774855,3,
2303 9,34.3801031,132.4773671,4,
2303 9,34.3801079,132.4773051,5,
2303 9,34.3800487,132.4770134,6,
2303 9,34.3799377,132.4766561,7,
2303 9,34.3796721,132.475756,8,
2303 9,34.3795699,132.4754455,9,
2303 9,34.3795706,132.4753332,10,
2303 9,34.3797856,132.4750123,11,
2303 9,34.3799487,132.4752198,12,
2303 9,34.3802722,132.4756182,13,
2303 9,34.3810298,132.4765359,14,
2303 9,34.38133,132.476842,15,
2303 9,34.3818781,132.4771723,16,
2303 9,34.3824695,132.4773599,17,
2303 9,34.3827778,132.4773804,18,
2303 9,34.3833341,132.4773634,19,
2303 9,34.3844983,132.4772593,20,
2303 9,34.3862692,132.4771404,21,
2303 9,34.3860837,132.4762694,22,
2303 9,34.3856305,132.4745265,23,
2303 9,34.385139,132.4726351,24,
2303 9,34.3850327,132.4721017,25,
2303 9,34.3850039,132.4717573,26,
2303 9,34.3850227,132.4714872,27,
2303 9,34.3850725,132.4712814,28,
2303 9,34.385158,132.4710352,29,
2303 9,34.3853679,132.4706908,30,
2303 9,34.3855379,132.470341,31,
2303 9,34.3858643,132.4696957,32,
2303 9,34.3862546,132.468863,33,
2303 9,34.3864388,132.4684192,34,
2303 9,34.3868045,132.4671064,35,
2303 9,34.3872044,132.4654565,36,
2303 9,34.3874243,132.4646815,37,
2303 9,34.3876265,132.4638959,38,
2303 9,34.3881665,132.4617309,39,
2303 9,34.3892519,132.4620883,40,
2303 9,34.3902496,132.4623754,41,
2303 9,34.3907993,132.4625549,42,
2303 9,34.3919237,132.4629161,43,
2303 9,34.3928681,132.4632214,44,
2303 9,34.3936704,132.4634564,45,
2303 9,34.3937122,132.4634061,46,
2303 9,34.3939203,132.4626397,47,
2303 9,34.3941369,132.4617065,48,
2303 9,34.3945179,132.4602995,49,
2303 9,34.3948202,132.4590233,50,
2303 9,34.3950701,132.4579901,51,
2303 9,34.3951642,132.4575323,52,
2303 9,34.3953534,132.4575734,53,
2303 9,34.39612,132.4578567,54,
2303 9,34.3971699,132.4582566,55,
2303 9,34.3981531,132.4586232,56,
2303 9,34.3991456,132.4589831,57,
2303 9,34.3992407,132.4589338,58,
2303 9,34.3994863,132.4578732,59,
2303 9,34.3998529,132.4566233,60,
2303 9,34.4007528,132.4569566,61,
2303 9,34.4015934,132.457248,62,
2303 9,34.4016638,132.4571747,63,
2303 9,34.4019527,132.4560399,64,
2303 9,34.4020182,132.4558013,65,
2303 9,34.4021059,132.4555641,66,
2303 9,34.4021581,132.4556058,67,
2303 9,34.4022235,132.4557334,68,
2303 9,34.4033592,132.4561521,69,
2303 9,34.4034114,132.4562262,70,
2303 9,34.4036252,132.4567468,71,
2303 9,34.4037119,132.4568176,72,
2303 9,34.4046993,132.4571767,73,
2303 9,34.4048163,132.4570923,74,
2303 9,34.404889,132.4569878,75,
2303 9,34.4054289,132.457554,76,
2303 9,34.4059467,132.4581135,77,
2303 9,34.406469,132.4586615,78,
2303 9,34.4065359,132.4586319,79,
2303 9,34.4067855,132.4582709,80,
2303 9,34.4073718,132.4574219,81,
2303 9,34.4082519,132.4562369,82,
2303 9,34.4086496,132.4556569,83,
2303 9,34.4089617,132.4551064,84,
2303 9,34.4091172,132.4547233,85,
2303 9,34.4092395,132.4542947,86,
2303 9,34.4093527,132.4535283,87,
2303 9,34.4093685,132.4527565,88,
2303 9,34.4092518,132.4517399,89,
2303 9,34.4091852,132.4508734,90,
2303 9,34.4091436,132.4504986,91,
2303 9,34.4091542,132.4503683,92,
2303 9,34.4091925,132.4502381,93,
2303 9,34.4093511,132.4500958,94,
2303 9,34.409384,132.4500749,95,
2303 9,34.4093969,132.4500192,96,
2303 9,34.409404,132.4498683,97,
2303 9,34.4094549,132.4497874,98,
2303 9,34.4095416,132.4497575,99,
2303 9,34.4096621,132.449762,100,
2303 9,34.4097046,132.449779,101,
2303 9,34.4097123,132.4498758,102,
2303 9,34.4097239,132.4499908,103,
2303 9,34.4097443,132.4501012,104,
2303 9,34.4097757,132.450217,105,
2401 0,34.3605858,132.4418305,1,
2401 0,34.361941,132.4423743,2,
2401 0,34.3615844,132.4436738,3,
2401 0,34.3620078,132.4438376,4,
2401 0,34.3629022,132.4441975,5,
2401 0,34.3639422,132.4446089,6,
2401 0,34.3645438,132.4448402,7,
2401 0,34.3651487,132.4450983,8,
2401 0,34.3656931,132.4453091,9,
2401 0,34.3662352,132.4455198,10,
2401 0,34.3668613,132.4457646,11,
2401 0,34.3674974,132.4460282,12,
2401 0,34.3680879,132.4462577,13,
2401 0,34.3686783,132.44649,14,
2401 0,34.3695905,132.4468746,15,
2401 0,34.3697068,132.4469457,16,
2401 0,34.3699559,132.4470088,17,
2401 0,34.3706526,132.4472743,18,
2401 0,34.3711747,132.4474709,19,
2401 0,34.3716969,132.4476675,20,
2401 0,34.3722208,132.4478652,21,
2401 0,34.3727546,132.4480521,22,
2401 0,34.3732923,132.4482628,23,
2401 0,34.37383,132.4484654,24,
2401 0,34.3741511,132.4485746,25,
2401 0,34.3743132,132.4486618,26,
2401 0,34.3747144,132.4488108,27,
2401 0,34.3752832,132.4490161,28,
2401 0,34.3760443,132.4492892,29,
2401 0,34.376336,132.4493656,30,
2401 0,34.3766897,132.4494018,31,
2401 0,34.377303,132.4493675,32,
2401 0,34.3774993,132.4493738,33,
2401 0,34.377824,132.4493184,34,
2401 0,34.3783484,132.4492318,35,
2401 0,34.3794716,132.4490249,36,
2401 0,34.3797438,132.4489837,37,
2401 0,34.3808381,132.4487915,38,
2401 0,34.381427,132.4486959,39,
2401 0,34.3816917,132.4486514,40,
2401 0,34.3819386,132.4486257,41,
2401 0,34.3824557,132.4485916,42,
2401 0,34.3827885,132.4485941,43,
2401 0,34.383129,132.4485979,44,
2401 0,34.3837034,132.4485948,45,
2401 0,34.3842711,132.4485824,46,
2401 0,34.3848116,132.4485892,47,
2401 0,34.3853554,132.4485974,48,
2401 0,34.3857649,132.448604,49,
2401 0,34.3862242,132.448624,50,
2401 0,34.3866664,132.4486348,51,
2401 0,34.3869627,132.4486449,52,
2401 0,34.3871041,132.4486765,53,
2401 0,34.3875385,132.4487874,54,
2401 0,34.3879374,132.4489412,55,
2401 0,34.3887706,132.4494744,56,
2401 0,34.3899327,132.4502249,57,
2401 0,34.3904587,132.4505651,58,
2401 0,34.3911038,132.4510075,59,
2401 0,34.3909904,132.4513883,60,
2401 0,34.3908404,132.4519341,61,
2401 0,34.3905615,132.4530001,62,
2401 0,34.3902872,132.4540073,63,
2401 0,34.3901644,132.4544853,64,
2401 0,34.3900161,132.4550934,65,
2401 0,34.389989,132.4554404,66,
2401 0,34.3900206,132.4555639,67,
2401 0,34.390054,132.4556324,68,
2401 0,34.3902084,132.4558187,69,
2401 0,34.3909628,132.4560847,70,
2401 0,34.3919038,132.456407,71,
2401 0,34.3929703,132.4567736,72,
2401 0,34.3940858,132.4571473,73,
2401 0,34.3953967,132.4576103,74,
2401 0,34.3951368,132.4586067,75,
2401 0,34.3947889,132.4599327,76,
2401 0,34.3945457,132.46086,77,
2401 0,34.3942801,132.4619046,78,
2401 0,34.394019,132.4629271,79,
2401 0,34.3937036,132.464159,80,
2401 0,34.3934391,132.4652423,81,
2401 0,34.3933054,132.4667054,82,
2401 0,34.3932371,132.4676894,83,
2401 0,34.3930749,132.4686681,84,
2401 0,34.3929099,132.4697245,85,
2401 0,34.3927872,132.4705891,86,
2401 0,34.3926861,132.4713217,87,
2401 0,34.3926423,132.4716627,88,
2401 0,34.3936039,132.4724223,89,
2401 0,34.3946277,132.4732216,90,
2401 0,34.3957931,132.4741733,91,
2401 0,34.3960993,132.4736074,92,
2401 9,34.3967735,132.4745369,1,
2401 9,34.3967349,132.4746022,2,
2401 9,34.3967194,132.474631,3,
2401 9,34.3966956,132.4746717,4,
2401 9,34.3966755,132.4747187,5,
2401 9,34.3966544,132.4747595,6,
2401 9,34.3966313,132.4748142,7,
2401 9,34.3966018,132.4748718,8,
2401 9,34.396573,132.4748779,9,
2401 9,34.3965,132.474854,10,
2401 9,34.3962361,132.4748245,11,
2401 9,34.3962362,132.4747969,12,
2401 9,34.3961878,132.4747659,13,
2401 9,34.3960646,132.4746744,14,
2401 9,34.395942,132.4745742,15,
2401 9,34.3956911,132.4743791,16,
2401 9,34.3952058,132.4739997,17,
2401 9,34.3948387,132.4737137,18,
2401 9,34.3945514,132.4734886,19,
2401 9,34.394325,132.47331,20,
2401 9,34.3936173,132.4727478,21,
2401 9,34.3931705,132.4723918,22,
2401 9,34.3929003,132.4721511,23,
2401 9,34.3926792,132.4719677,24,
2401 9,34.3924423,132.4717635,25,
2401 9,34.3924717,132.4714425,26,
2401 9,34.3925441,132.470973,27,
2401 9,34.3926143,132.4705029,28,
2401 9,34.3926659,132.4701517,29,
2401 9,34.3926961,132.4701418,30,
2401 9,34.3927118,132.4701207,31,
2401 9,34.3927712,132.4697181,32,
2401 9,34.3928716,132.4690364,33,
2401 9,34.392872,132.4690142,34,
2401 9,34.3928573,132.4689558,35,
2401 9,34.3928495,132.46894,36,
2401 9,34.3928448,132.4689169,37,
2401 9,34.3928885,132.4686215,38,
2401 9,34.3929288,132.4683261,39,
2401 9,34.3929686,132.4680313,40,
2401 9,34.3930139,132.4677379,41,
2401 9,34.3930428,132.4675958,42,
2401 9,34.3931514,132.4661984,43,
2401 9,34.3931581,132.4660337,44,
2401 9,34.393179,132.4657529,45,
2401 9,34.3932021,132.4654721,46,
2401 9,34.3932242,132.4652941,47,
2401 9,34.39329,132.4649621,48,
2401 9,34.3933464,132.4647246,49,
2401 9,34.393629,132.4636394,50,
2401 9,34.3938648,132.4627106,51,
2401 9,34.3938862,132.462677,52,
2401 9,34.3941166,132.4617583,53,
2401 9,34.3941852,132.4614904,54,
2401 9,34.3942195,132.4613571,55,
2401 9,34.3942522,132.4612212,56,
2401 9,34.3944322,132.4605437,57,
2401 9,34.3946056,132.4598608,58,
2401 9,34.3946694,132.4596098,59,
2401 9,34.3947303,132.4593589,60,
2401 9,34.3948512,132.458857,61,
2401 9,34.3948527,132.4588002,62,
2401 9,34.3949151,132.4585441,63,
2401 9,34.3949366,132.4584889,64,
2401 9,34.3950101,132.4582296,65,
2401 9,34.3950934,132.4579012,66,
2401 9,34.3950915,132.4578374,67,
2401 9,34.395079,132.4577831,68,
2401 9,34.3950528,132.4577358,69,
2401 9,34.3950265,132.4577051,70,
2401 9,34.3950032,132.4576931,71,
2401 9,34.3947856,132.4576134,72,
2401 9,34.3946589,132.4575736,73,
2401 9,34.3945349,132.4575292,74,
2401 9,34.3942879,132.4574378,75,
2401 9,34.3941601,132.4574094,76,
2401 9,34.3941106,132.4574052,77,
2401 9,34.3940775,132.4573988,78,
2401 9,34.3934242,132.4571537,79,
2401 9,34.39274,132.4569153,80,
2401 9,34.3924538,132.4568046,81,
2401 9,34.3921697,132.4567093,82,
2401 9,34.3916017,132.4565235,83,
2401 9,34.3905577,132.4561714,84,
2401 9,34.390145,132.4560387,85,
2401 9,34.389698,132.4558737,86,
2401 9,34.3898358,132.4553596,87,
2401 9,34.3898333,132.4552629,88,
2401 9,34.3899234,132.4549134,89,
2401 9,34.3899913,132.4547812,90,
2401 9,34.390199,132.4540872,91,
2401 9,34.3904325,132.4532099,92,
2401 9,34.3904968,132.4529281,93,
2401 9,34.3905639,132.4526578,94,
2401 9,34.3907091,132.4521056,95,
2401 9,34.3907095,132.4519971,96,
2401 9,34.3907497,132.4518167,97,
2401 9,34.3907645,132.4517839,98,
2401 9,34.390826,132.4515503,99,
2401 9,34.3908486,132.4514143,100,
2401 9,34.3908519,132.4512261,101,
2401 9,34.3908314,132.451092,102,
2401 9,34.3907878,132.4509895,103,
2401 9,34.3907602,132.4509656,104,
2401 9,34.3906299,132.45091,105,
2401 9,34.3906171,132.4508537,106,
2401 9,34.3905979,132.4508159,107,
2401 9,34.3905732,132.4507876,108,
2401 9,34.3896881,132.4502032,109,
2401 9,34.3889493,132.4497152,110,
2401 9,34.3888271,132.4496511,111,
2401 9,34.3887845,132.4496415,112,
2401 9,34.388618,132.4495324,113,
2401 9,34.3885707,132.4494544,114,
2401 9,34.3880054,132.4491041,115,
2401 9,34.387846,132.4490184,116,
2401 9,34.3874011,132.4488522,117,
2401 9,34.3870042,132.4487574,118,
2401 9,34.3859767,132.4487278,119,
2401 9,34.3857237,132.4487148,120,
2401 9,34.3854629,132.4487124,121,
2401 9,34.3849491,132.448705,122,
2401 9,34.382467,132.448692,123,
2401 9,34.381827,132.448726,124,
2401 9,34.3811295,132.4488208,125,
2401 9,34.3795677,132.4491152,126,
2401 9,34.3783654,132.4493241,127,
2401 9,34.3775354,132.4494523,128,
2401 9,34.3774219,132.4494583,129,
2401 9,34.3768719,132.449475,130,
2401 9,34.3764886,132.449475,131,
2401 9,34.3753221,132.4491084,132,
2401 9,34.3742722,132.4487085,133,
2401 9,34.3734889,132.4484085,134,
2401 9,34.3725057,132.4480586,135,
2401 9,34.3714225,132.447642,136,
2401 9,34.3708059,132.4473921,137,
2401 9,34.3696427,132.4469537,138,
2401 9,34.3693528,132.446851,139,
2401 9,34.368308,132.4464327,140,
2401 9,34.3670567,132.4459437,141,
2401 9,34.3660897,132.4455258,142,
2401 9,34.3656249,132.4453641,143,
2401 9,34.3655407,132.4455441,144,
2401 9,34.3655268,132.4454493,145,
2401 9,34.3654953,132.4453828,146,
2401 9,34.3654491,132.4453402,147,
2401 9,34.3650298,132.4451594,148,
2401 9,34.3640899,132.4447926,149,
2401 9,34.3629733,132.444326,150,
2401 9,34.3619901,132.4439428,151,
2401 9,34.3616234,132.4437761,152,
2401 9,34.3614728,132.4437004,153,
2401 9,34.3616234,132.4431929,154,
2401 9,34.3620234,132.4417763,155,
2401 9,34.3620012,132.4416547,156,
2401 9,34.3606624,132.4411126,157,
2401 9,34.3604225,132.4410193,158,
2402 0,34.368724,132.4515858,1,
2402 0,34.3686467,132.4514908,2,
2402 0,34.3681451,132.4512961,3,
2402 0,34.3674674,132.4510234,4,
2402 0,34.3663442,132.4505863,5,
2402 0,34.3659887,132.4504562,6,
2402 0,34.3657876,132.4503748,7,
2402 0,34.3658098,132.4501501,8,
2402 0,34.3660731,132.4491755,9,
2402 0,34.3664063,132.4479922,10,
2402 0,34.3666896,132.446959,11,
2402 0,34.3669921,132.4458219,12,
2402 0,34.3675385,132.4460446,13,
2402 0,34.3685506,132.4464413,14,
2402 0,34.3691622,132.4466939,15,
2402 0,34.3695905,132.4468746,16,
2402 0,34.3697068,132.4469457,17,
2402 0,34.3699559,132.4470088,18,
2402 0,34.3702226,132.4471077,19,
2402 0,34.371307,132.4475189,20,
2402 0,34.3716969,132.4476675,21,
2402 0,34.3721236,132.4478269,22,
2402 0,34.3727546,132.4480521,23,
2402 0,34.3732338,132.4482397,24,
2402 0,34.3736656,132.4484035,25,
2402 0,34.3741511,132.4485746,26,
2402 0,34.3743132,132.4486618,27,
2402 0,34.3747505,132.448821,28,
2402 0,34.3753599,132.4490473,29,
2402 0,34.3760443,132.4492892,30,
2402 0,34.3763284,132.4493683,31,
2402 0,34.3766897,132.4494018,32,
2402 0,34.3770552,132.4493807,33,
2402 0,34.3774993,132.4493738,34,
2402 0,34.378134,132.4492665,35,
2402 0,34.3792103,132.449073,36,
2402 0,34.3797694,132.4489791,37,
2402 0,34.3809588,132.4487731,38,
2402 0,34.381608,132.4486658,39,
2402 0,34.3821475,132.4486117,40,
2402 0,34.382446,132.4485913,41,
2402 0,34.3827046,132.4485924,42,
2402 0,34.3835501,132.448601,43,
2402 0,34.3843333,132.4485808,44,
2402 0,34.385271,132.4485913,45,
2402 0,34.3861476,132.4486194,46,
2402 0,34.3869627,132.4486449,47,
2402 0,34.3875385,132.4487874,48,
2402 0,34.3879374,132.4489412,49,
2402 0,34.3887706,132.4494744,50,
2402 0,34.3893348,132.4498383,51,
2402 0,34.3897972,132.4501404,52,
2402 0,34.3905202,132.4506088,53,
2402 0,34.3911038,132.4510075,54,
2402 0,34.3908371,132.4519241,55,
2402 0,34.3907949,132.4521101,56,
2402 0,34.3905847,132.4529108,57,
2402 0,34.3902578,132.4541193,58,
2402 0,34.3900163,132.4550826,59,
2402 0,34.3899873,132.4554572,60,
2402 0,34.3900206,132.4555639,61,
2402 0,34.3900706,132.4556572,62,
2402 0,34.3902084,132.4558187,63,
2402 0,34.3903856,132.4558825,64,
2402 0,34.3908915,132.4560573,65,
2402 0,34.3923593,132.4565618,66,
2402 0,34.3930648,132.456809,67,
2402 0,34.3942835,132.4572229,68,
2402 0,34.3953967,132.4576103,69,
2402 0,34.3953079,132.4579581,70,
2402 0,34.3951456,132.4585954,71,
2402 0,34.3950073,132.4591126,72,
2402 0,34.3948262,132.4597854,73,
2402 0,34.3947453,132.460101,74,
2402 0,34.3946057,132.4606279,75,
2402 0,34.3942425,132.4620578,76,
2402 0,34.3941031,132.4626368,77,
2402 0,34.3939537,132.4632064,78,
2402 0,34.3938037,132.463773,79,
2402 0,34.3936704,132.4643063,80,
2402 0,34.3935001,132.4649773,81,
2402 0,34.3934371,132.4652729,82,
2402 0,34.3933576,132.4661228,83,
2402 0,34.3932371,132.4676894,84,
2402 0,34.3931205,132.468406,85,
2402 0,34.3930286,132.4689429,86,
2402 0,34.3929433,132.4694919,87,
2402 0,34.3928619,132.4700655,88,
2402 0,34.39278,132.4706398,89,
2402 0,34.3926772,132.4713778,90,
2402 0,34.3926423,132.4716627,91,
2402 0,34.3928206,132.4718057,92,
2402 0,34.3933539,132.472209,93,
2402 0,34.3939911,132.4727304,94,
2402 0,34.3945107,132.4731376,95,
2402 0,34.3947689,132.4733391,96,
2402 0,34.3950259,132.4735447,97,
2402 0,34.3957937,132.4741685,98,
2402 0,34.3961082,132.4735925,99,
2402 9,34.3968239,132.474436,1,
2402 9,34.3967993,132.4744807,2,
2402 9,34.3967457,132.4745801,3,
2402 9,34.3966935,132.4746766,4,
2402 9,34.3966256,132.4748034,5,
2402 9,34.3966077,132.4748375,6,
2402 9,34.3965972,132.4748543,7,
2402 9,34.3965713,132.4748552,8,
2402 9,34.3964578,132.474841,9,
2402 9,34.3962883,132.4748165,10,
2402 9,34.3962287,132.4747814,11,
2402 9,34.3961266,132.4747153,12,
2402 9,34.3959203,132.4745459,13,
2402 9,34.3958711,132.4745114,14,
2402 9,34.3958327,132.4744831,15,
2402 9,34.3957883,132.4744483,16,
2402 9,34.3957382,132.474412,17,
2402 9,34.3956906,132.4743722,18,
2402 9,34.3956653,132.4743529,19,
2402 9,34.3955632,132.4742753,20,
2402 9,34.3954965,132.4742219,21,
2402 9,34.3954164,132.4741589,22,
2402 9,34.395193,132.4739778,23,
2402 9,34.3945377,132.4734675,24,
2402 9,34.3938291,132.472895,25,
2402 9,34.3934571,132.4725961,26,
2402 9,34.3932944,132.4724546,27,
2402 9,34.3932206,132.4723946,28,
2402 9,34.3931558,132.4723403,29,
2402 9,34.3930811,132.4722787,30,
2402 9,34.3929448,132.4721743,31,
2402 9,34.39274,132.4719997,32,
2402 9,34.3924963,132.4717776,33,
2402 9,34.3925065,132.4715891,34,
2402 9,34.3925199,132.4714602,35,
2402 9,34.3926009,132.4709109,36,
2402 9,34.392716,132.4702524,37,
2402 9,34.3927245,132.4701952,38,
2402 9,34.3927383,132.4701229,39,
2402 9,34.3927696,132.4699109,40,
2402 9,34.3928328,132.4694737,41,
2402 9,34.3928958,132.4690438,42,
2402 9,34.3929024,132.4689903,43,
2402 9,34.3929155,132.4688894,44,
2402 9,34.3929355,132.4687615,45,
2402 9,34.3929547,132.4686403,46,
2402 9,34.3929725,132.468472,47,
2402 9,34.39301,132.4681703,48,
2402 9,34.3930569,132.4677865,49,
2402 9,34.3930787,132.4676038,50,
2402 9,34.3931693,132.4665799,51,
2402 9,34.3931924,132.4662324,52,
2402 9,34.3932044,132.4660412,53,
2402 9,34.393237,132.4656723,54,
2402 9,34.3932538,132.4655062,55,
2402 9,34.3932623,132.465377,56,
2402 9,34.3932783,132.4652796,57,
2402 9,34.3933318,132.4650207,58,
2402 9,34.3934128,132.4646591,59,
2402 9,34.393587,132.4639563,60,
2402 9,34.3938879,132.4628151,61,
2402 9,34.3939203,132.4626897,62,
2402 9,34.394125,132.461878,63,
2402 9,34.3942001,132.4615791,64,
2402 9,34.3942355,132.4614314,65,
2402 9,34.3942791,132.4612689,66,
2402 9,34.3944194,132.4607147,67,
2402 9,34.3945425,132.4602417,68,
2402 9,34.3946606,132.4597894,69,
2402 9,34.3947603,132.4593817,70,
2402 9,34.3948733,132.4589425,71,
2402 9,34.3948933,132.4588787,72,
2402 9,34.3949127,132.4587943,73,
2402 9,34.3949487,132.4586243,74,
2402 9,34.3949747,132.4585231,75,
2402 9,34.3950006,132.4584313,76,
2402 9,34.3950403,132.4582886,77,
2402 9,34.3951242,132.4579389,78,
2402 9,34.39514,132.457878,79,
2402 9,34.3951468,132.4578381,80,
2402 9,34.3951409,132.4577808,81,
2402 9,34.3951082,132.4577295,82,
2402 9,34.395052,132.4576429,83,
2402 9,34.3948573,132.4575752,84,
2402 9,34.3947136,132.4575307,85,
2402 9,34.3945806,132.4574895,86,
2402 9,34.3943925,132.4574266,87,
2402 9,34.3942432,132.4573696,88,
2402 9,34.3941763,132.457348,89,
2402 9,34.394108,132.4573253,90,
2402 9,34.3934748,132.4571154,91,
2402 9,34.3929174,132.4569246,92,
2402 9,34.3923842,132.456742,93,
2402 9,34.3917343,132.4565251,94,
2402 9,34.3911371,132.4563149,95,
2402 9,34.3908556,132.4562206,96,
2402 9,34.3905869,132.4561418,97,
2402 9,34.3900948,132.4559674,98,
2402 9,34.3898289,132.455874,99,
2402 9,34.389804,132.4556239,100,
2402 9,34.3898246,132.4555295,101,
2402 9,34.3898635,132.4553447,102,
2402 9,34.389904,132.4551572,103,
2402 9,34.3899954,132.4549003,104,
2402 9,34.3900867,132.4546365,105,
2402 9,34.3902252,132.454093,106,
2402 9,34.3904389,132.4532605,107,
2402 9,34.3905487,132.4528387,108,
2402 9,34.390733,132.4521533,109,
2402 9,34.3907758,132.4520023,110,
2402 9,34.3908199,132.4518299,111,
2402 9,34.3908383,132.4517648,112,
2402 9,34.3908516,132.4515725,113,
2402 9,34.3908566,132.451423,114,
2402 9,34.3908621,132.4512332,115,
2402 9,34.3908439,132.4511046,116,
2402 9,34.390807,132.4510061,117,
2402 9,34.390781,132.4509557,118,
2402 9,34.3907417,132.4508886,119,
2402 9,34.3907069,132.4508506,120,
2402 9,34.3906842,132.4508169,121,
2402 9,34.3906177,132.4507715,122,
2402 9,34.3903111,132.4505717,123,
2402 9,34.3898346,132.4502563,124,
2402 9,34.3892889,132.4499147,125,
2402 9,34.3890026,132.4497172,126,
2402 9,34.3888489,132.4496161,127,
2402 9,34.3887194,132.4495194,128,
2402 9,34.3885937,132.449445,129,
2402 9,34.3880863,132.4491264,130,
2402 9,34.3878611,132.4490011,131,
2402 9,34.3875926,132.4488965,132,
2402 9,34.38742,132.448837,133,
2402 9,34.3869874,132.4487388,134,
2402 9,34.3858553,132.4486865,135,
2402 9,34.3854202,132.4486807,136,
2402 9,34.3850941,132.4486814,137,
2402 9,34.3847546,132.4486806,138,
2402 9,34.3840974,132.4486776,139,
2402 9,34.382467,132.448692,140,
2402 9,34.3821363,132.4487098,141,
2402 9,34.381827,132.448726,142,
2402 9,34.3811386,132.4488227,143,
2402 9,34.3793938,132.449145,144,
2402 9,34.3787377,132.4492544,145,
2402 9,34.3779733,132.4493808,146,
2402 9,34.3775354,132.4494523,147,
2402 9,34.3767408,132.449477,148,
2402 9,34.3764886,132.449475,149,
2402 9,34.3763448,132.449431,150,
2402 9,34.376081,132.4493478,151,
2402 9,34.3758327,132.4492632,152,
2402 9,34.3756838,132.4492228,153,
2402 9,34.3755535,132.4491805,154,
2402 9,34.3753221,132.4491084,155,
2402 9,34.3748529,132.4489273,156,
2402 9,34.3745939,132.4488295,157,
2402 9,34.3744109,132.448759,158,
2402 9,34.3736601,132.4484738,159,
2402 9,34.3734082,132.4483776,160,
2402 9,34.3728526,132.4481812,161,
2402 9,34.3723624,132.4480064,162,
2402 9,34.371943,132.4478437,163,
2402 9,34.3718543,132.4478137,164,
2402 9,34.3713095,132.4476053,165,
2402 9,34.3707701,132.4474062,166,
2402 9,34.3701349,132.4471698,167,
2402 9,34.3696812,132.4469856,168,
2402 9,34.3693811,132.4468773,169,
2402 9,34.368267,132.446434,170,
2402 9,34.3671319,132.4459854,171,
2402 9,34.3670771,132.4459649,172,
2402 9,34.367032,132.445968,173,
2402 9,34.3669988,132.4459819,174,
2402 9,34.3666134,132.4473983,175,
2402 9,34.3660609,132.4494238,176,
2402 9,34.365854,132.4501624,177,
2402 9,34.3658521,132.4502631,178,
2402 9,34.3658808,132.4503228,179,
2402 9,34.3659156,132.4503678,180,
2402 9,34.366087,132.450429,181,
2402 9,34.3661973,132.4504666,182,
2402 9,34.3663104,132.4505102,183,
2402 9,34.3665938,132.4506329,184,
2402 9,34.3673101,132.450899,185,
2402 9,34.3683371,132.4513101,186,
2402 9,34.3686595,132.4514285,187,
2402 9,34.3687683,132.4513255,188,
2402 9,34.368846,132.4513712,189,
2402 9,34.368873,132.4514812,190,
2402 9,34.3688289,132.4515623,191,
2402 9,34.3687438,132.4515657,192,
2501 9,34.3971006,132.4741072,1,
2501 9,34.3968744,132.4745293,2,
2501 9,34.3967784,132.4747041,3,
2501 9,34.3967327,132.4747848,4,
2501 9,34.396678,132.4748441,5,
2501 9,34.3966064,132.4748766,6,
2501 9,34.3965403,132.4748647,7,
2501 9,34.3964795,132.4748513,8,
2501 9,34.3963775,132.474843,9,
2501 9,34.3963271,132.474832,10,
2501 9,34.3962766,132.4748103,11,
2501 9,34.3961016,132.474694,12,
2501 9,34.395737,132.4743554,13,
2501 9,34.3951037,132.4738554,14,
2501 9,34.3945538,132.4734388,15,
2501 9,34.3935039,132.4725889,16,
2501 9,34.3928539,132.472039,17,
2501 9,34.392554,132.4718057,18,
2501 9,34.3925916,132.4709445,19,
2501 9,34.3927151,132.4703193,20,
2501 9,34.3929205,132.4688726,21,
2501 9,34.3930705,132.4676727,22,
2501 9,34.3931493,132.4665588,23,
2501 9,34.3932482,132.4653456,24,
2501 9,34.3934037,132.4647229,25,
2501 9,34.3935371,132.4641396,26,
2501 9,34.393837,132.4630231,27,
2501 9,34.3941703,132.4617231,28,
2501 9,34.3945213,132.4603466,29,
2501 9,34.3947368,132.4595066,30,
2501 9,34.3949235,132.4587799,31,
2501 9,34.3951201,132.4580234,32,
2501 9,34.3951445,132.4577407,33,
2501 9,34.3949647,132.4575857,34,
2501 9,34.3946613,132.457467,35,
2501 9,34.3941826,132.4573137,36,
2501 9,34.3933894,132.4570504,37,
2501 9,34.3923716,132.4567098,38,
2501 9,34.3913118,132.4563634,39,
2501 9,34.3904202,132.4560786,40,
2501 9,34.3899758,132.4559077,41,
2501 9,34.3898143,132.45582,42,
2501 9,34.389804,132.4556239,43,
2501 9,34.389904,132.4551572,44,
2501 9,34.3900873,132.4546406,45,
2501 9,34.3904134,132.4533575,46,
2501 9,34.3906368,132.4525047,47,
2501 9,34.3908093,132.4518741,48,
2501 9,34.3911204,132.4506409,49,
2501 9,34.391387,132.4496409,50,
2501 9,34.3916203,132.4484744,51,
2501 9,34.3918524,132.4472911,52,
2501 9,34.3920869,132.4461079,53,
2501 9,34.3922723,132.4451246,54,
2501 9,34.3924112,132.444508,55,
2501 9,34.3925967,132.4436,56,
2501 9,34.3927868,132.4426081,57,
2501 9,34.3930155,132.4415055,58,
2501 9,34.3931098,132.4409749,59,
2501 9,34.393321,132.4399244,60,
2501 9,34.3935954,132.4386477,61,
2501 9,34.3937842,132.4376924,62,
2501 9,34.3938893,132.4369883,63,
2501 9,34.3942353,132.4355646,64,
2501 9,34.3943787,132.4350888,65,
2501 9,34.3945818,132.4346237,66,
2501 9,34.3949941,132.4336703,67,
2501 9,34.3955916,132.432375,68,
2501 9,34.3961105,132.431281,69,
2501 9,34.3966237,132.4301563,70,
2501 9,34.3971368,132.4290947,71,
2501 9,34.3971946,132.4289578,72,
2501 9,34.3971694,132.4288424,73,
2501 9,34.3968606,132.4284446,74,
2501 9,34.396604,132.4280327,75,
2501 9,34.3962217,132.4274596,76,
2501 9,34.395504,132.4268367,77,
2501 9,34.3942798,132.4258562,78,
2501 9,34.3940043,132.4256095,79,
2501 9,34.3930198,132.4247929,80,
2501 9,34.3923198,132.4242263,81,
2501 9,34.3921032,132.4240597,82,
2501 9,34.3918711,132.4238493,83,
2501 9,34.3913866,132.4232098,84,
2501 9,34.39042,132.4219766,85,
2501 9,34.38977,132.4211601,86,
2501 9,34.3890201,132.4201768,87,
2501 9,34.388748,132.4198515,88,
2501 9,34.3884913,132.4195048,89,
2501 9,34.3879959,132.4190264,90,
2501 9,34.3869359,132.4179851,91,
2501 9,34.3859304,132.4170234,92,
2501 9,34.3852684,132.4163687,93,
2501 9,34.3843039,132.4153775,94,
2501 9,34.3836605,132.4147511,95,
2501 9,34.3835206,132.4145942,96,
2501 9,34.3828707,132.4139443,97,
2501 9,34.3826704,132.4134137,98,
2501 9,34.382054,132.4116279,99,
2501 9,34.3817041,132.4106446,100,
2501 9,34.3815751,132.4102732,101,
2501 9,34.3814041,132.4097947,102,
2501 9,34.3810541,132.4087948,103,
2501 9,34.3807041,132.4077782,104,
2501 9,34.3805874,132.407395,105,
2501 9,34.3801875,132.4063284,106,
2501 9,34.3801129,132.4061087,107,
2501 9,34.3797875,132.4053618,108,
2501 9,34.3793375,132.4043619,109,
2501 9,34.3789709,132.403512,110,
2501 9,34.3784709,132.4024121,111,
2501 9,34.3780376,132.4013456,112,
2501 9,34.3779287,132.4010474,113,
2501 9,34.377841,132.4006771,114,
2501 9,34.377771,132.4002623,115,
2501 9,34.3776876,132.3997124,116,
2501 9,34.3775543,132.3986791,117,
2501 9,34.3774043,132.3974959,118,
2501 9,34.3773164,132.3969109,119,
2501 9,34.3771577,132.3962294,120,
2501 9,34.3769717,132.3956028,121,
2501 9,34.3768055,132.3951934,122,
2501 9,34.3763444,132.3940995,123,
2501 9,34.3759585,132.3931889,124,
2501 9,34.3755956,132.3925541,125,
2501 9,34.3749644,132.3928824,126,
2501 9,34.3747922,132.3929705,127,
2501 9,34.3736555,132.393597,128,
2501 9,34.3736766,132.3936576,129,
2501 9,34.3737187,132.3937278,130,
2501 9,34.3737625,132.3938258,131,
2501 9,34.3739066,132.3938749,132,
2501 9,34.3740776,132.3942928,133,
2501 9,34.3740907,132.3944066,134,
2501 9,34.3739977,132.3944953,135,
2501 9,34.3739235,132.3944698,136,
2501 9,34.3738655,132.394435,137,
2501 9,34.3737999,132.3942922,138,
2501 9,34.3737073,132.3940558,139,
2501 9,34.3736633,132.3939684,140,
2501 9,34.3736866,132.3938376,141,
2501 9,34.3736628,132.3937547,142,
2501 9,34.3736388,132.3936865,143,
2501 9,34.3736024,132.3936135,144,
2501 9,34.3734719,132.3936829,145,
2501 9,34.373338,132.3937631,146,
2501 9,34.3722327,132.3944437,147,
2501 9,34.3721561,132.3945935,148,
2501 9,34.3721371,132.3948077,149,
2501 9,34.3722266,132.3951021,150,
2501 9,34.3723394,132.3953905,151,
2501 9,34.3727404,132.3964203,152,
2501 9,34.3733547,132.3979294,153,
2501 9,34.3732216,132.3980275,154,
2501 9,34.3719704,132.3987497,155,
2501 9,34.3713766,132.3991073,156,
2501 9,34.3711038,132.3992395,157,
2501 9,34.3709371,132.3987049,158,
2501 9,34.3707705,132.3983312,159,
2501 9,34.3705749,132.3979192,160,
2501 9,34.3702951,132.3972497,161,
2501 9,34.3699217,132.3962964,162,
2501 9,34.3697659,132.3958816,163,
2501 9,34.3694718,132.3951798,164,
2501 9,34.3692607,132.3946315,165,
2501 9,34.3690496,132.3940899,166,
2501 9,34.3688418,132.3936193,167,
2501 9,34.3684218,132.3924967,168,
2501 9,34.3682718,132.3918635,169,
2501 9,34.3680718,132.3912969,170,
2501 9,34.3676719,132.390347,171,
2501 9,34.3673963,132.3896296,172,
2501 9,34.3671879,132.3891393,173,
2501 9,34.3669176,132.3885243,174,
2501 9,34.3665417,132.3877239,175,
2501 9,34.3660585,132.3866295,176,
2501 9,34.3656387,132.3855974,177,
2501 9,34.365372,132.3848142,178,
2501 9,34.3651892,132.3842901,179,
2501 9,34.3649519,132.3835984,180,
2501 9,34.3645221,132.3827977,181,
2503 0,34.3648123,132.3825339,1,
2503 0,34.3650978,132.3835547,2,
2503 0,34.3654099,132.384164,3,
2503 0,34.3657032,132.3848096,4,
2503 0,34.3658631,132.3851682,5,
2503 0,34.3661515,132.385791,6,
2503 0,34.366502,132.3866909,7,
2503 0,34.366682,132.3872206,8,
2503 0,34.3669156,132.3879537,9,
2503 0,34.3670375,132.3883213,10,
2503 0,34.3674053,132.3892605,11,
2503 0,34.3679142,132.3905452,12,
2503 0,34.3682485,132.3914091,13,
2503 0,34.3683718,132.3916135,14,
2503 0,34.3688218,132.3925301,15,
2503 0,34.3690374,132.3930881,16,
2503 0,34.3692501,132.3936323,17,
2503 0,34.369363,132.3938428,18,
2503 0,34.3694596,132.3940839,19,
2503 0,34.3696807,132.3946153,20,
2503 0,34.3699173,132.3951445,21,
2503 0,34.3700717,132.3952631,22,
2503 0,34.3702726,132.395276,23,
2503 0,34.3703989,132.3952605,24,
2503 0,34.3706714,132.395092,25,
2503 0,34.3717469,132.3944754,26,
2503 0,34.3727214,132.3938964,27,
2503 0,34.3731668,132.3936711,28,
2503 0,34.3735155,132.3935175,29,
2503 0,34.3736302,132.3935464,30,
2503 0,34.373713,132.3937391,31,
2503 0,34.3737625,132.3938258,32,
2503 0,34.3739066,132.3938749,33,
2503 0,34.3740776,132.3942928,34,
2503 0,34.3740907,132.3944066,35,
2503 0,34.3739977,132.3944953,36,
2503 0,34.3738685,132.3944437,37,
2503 0,34.3736633,132.3939684,38,
2503 0,34.3736744,132.393785,39,
2503 0,34.373529,132.3934132,40,
2503 0,34.3736543,132.3933529,41,
2503 0,34.3742802,132.3929836,42,
2503 0,34.374435,132.392883,43,
2503 0,34.3749007,132.3926642,44,
2503 0,34.3755197,132.39236,45,
2503 0,34.375821,132.392863,46,
2503 0,34.375971,132.3931463,47,
2503 0,34.3764377,132.3942129,48,
2503 0,34.3768876,132.3952961,49,
2503 0,34.3770848,132.3958627,50,
2503 0,34.3772376,132.3964293,51,
2503 0,34.3773574,132.3969532,52,
2503 0,34.3774441,132.3974521,53,
2503 0,34.3776865,132.3994032,54,
2503 0,34.377821,132.4004123,55,
2503 0,34.3778921,132.4007629,56,
2503 0,34.3779765,132.4010516,57,
2503 0,34.378125,132.4014832,58,
2503 0,34.3783997,132.4021509,59,
2503 0,34.3788376,132.4031287,60,
2503 0,34.3792298,132.4040367,61,
2503 0,34.3797542,132.4052285,62,
2503 0,34.3801875,132.4062117,63,
2503 0,34.3803022,132.4064814,64,
2503 0,34.3805874,132.4073116,65,
2503 0,34.3809541,132.4083615,66,
2503 0,34.3812207,132.4091114,67,
2503 0,34.3814757,132.4098471,68,
2503 0,34.382004,132.4113612,69,
2503 0,34.3824207,132.4125611,70,
2503 0,34.3828485,132.4137853,71,
2503 0,34.3829402,132.4139508,72,
2503 0,34.3833745,132.4144078,73,
2503 0,34.3836539,132.4146609,74,
2503 0,34.3840293,132.4150446,75,
2503 0,34.3850205,132.4160274,76,
2503 0,34.3855325,132.4165449,77,
2503 0,34.3860822,132.4170786,78,
2503 0,34.3870369,132.4180104,79,
2503 0,34.3880535,132.418977,80,
2503 0,34.3883035,132.4192103,81,
2503 0,34.3888035,132.4198102,82,
2503 0,34.3900867,132.42146,83,
2503 0,34.39047,132.42196,84,
2503 0,34.3912532,132.4229432,85,
2503 0,34.3915199,132.4232931,86,
2503 0,34.3919032,132.4237931,87,
2503 0,34.3920193,132.4238914,88,
2503 0,34.3922532,132.4241097,89,
2503 0,34.3924254,132.4242338,90,
2503 0,34.3929123,132.4246481,91,
2503 0,34.393543,132.4251643,92,
2503 0,34.3941441,132.4256583,93,
2503 0,34.3951229,132.4264555,94,
2503 0,34.3959727,132.4271554,95,
2503 0,34.3962706,132.4274092,96,
2503 0,34.3964861,132.4277425,97,
2503 0,34.3966393,132.4279699,98,
2503 0,34.3972127,132.4288317,99,
2503 0,34.397293,132.4287801,100,
2503 0,34.3975527,132.4284924,101,
2503 0,34.397486,132.4283091,102,
2503 0,34.3976027,132.4281924,103,
2503 0,34.3979257,132.4286006,104,
2503 0,34.3977926,132.4287382,105,
2503 0,34.3976625,132.428638,106,
2503 0,34.3975736,132.4286819,107,
2503 0,34.3973192,132.4289619,108,
2503 0,34.3965361,132.430559,109,
2503 0,34.3960862,132.4315256,110,
2503 0,34.3955819,132.432678,111,
2503 0,34.3951197,132.4336421,112,
2503 0,34.3946698,132.4346522,113,
2503 0,34.3944531,132.4352087,114,
2503 0,34.3942365,132.4360253,115,
2503 0,34.3939699,132.4370919,116,
2503 0,34.3937366,132.4381418,117,
2503 0,34.39352,132.4392584,118,
2503 0,34.3933033,132.4402916,119,
2503 0,34.3931534,132.4410249,120,
2503 0,34.3929201,132.4421748,121,
2503 0,34.3926868,132.4433414,122,
2503 0,34.3924702,132.4444413,123,
2503 0,34.3922702,132.4454079,124,
2503 0,34.3920702,132.4465412,125,
2503 0,34.3919536,132.4470245,126,
2503 0,34.391737,132.4481077,127,
2503 0,34.3915336,132.4492059,128,
2503 0,34.3914001,132.4498857,129,
2503 0,34.3910859,132.4510477,130,
2503 0,34.3908538,132.4518575,131,
2503 0,34.3906977,132.4524976,132,
2503 0,34.3905548,132.4530342,133,
2503 0,34.3902738,132.454064,134,
2503 0,34.3900206,132.4550739,135,
2503 0,34.3899873,132.4554572,136,
2503 0,34.3900206,132.4555639,137,
2503 0,34.3900706,132.4556572,138,
2503 0,34.3902084,132.4558187,139,
2503 0,34.3907372,132.4559904,140,
2503 0,34.3911205,132.4561238,141,
2503 0,34.3921871,132.4564903,142,
2503 0,34.393137,132.4568069,143,
2503 0,34.3937869,132.4570236,144,
2503 0,34.3943035,132.4571902,145,
2503 0,34.3953867,132.4576068,146,
2503 0,34.3951368,132.4585567,147,
2503 0,34.3949535,132.4592233,148,
2503 0,34.3945869,132.4606232,149,
2503 0,34.3942869,132.4618398,150,
2503 0,34.394087,132.4626564,151,
2503 0,34.3939537,132.463173,152,
2503 0,34.3937037,132.464123,153,
2503 0,34.3934204,132.4653229,154,
2503 0,34.3933038,132.4666394,155,
2503 0,34.3932371,132.4673894,156,
2503 0,34.3930872,132.468456,157,
2503 0,34.3928372,132.4700725,158,
2503 0,34.3927706,132.4706058,159,
2503 0,34.3926706,132.4713224,160,
2503 0,34.3926423,132.4716627,161,
2503 0,34.3927292,132.4717497,162,
2503 0,34.3928094,132.4718099,163,
2503 0,34.3934205,132.4722556,164,
2503 0,34.3939538,132.4726889,165,
2503 0,34.3948371,132.4733888,166,
2503 0,34.3958214,132.4741843,167,
2503 0,34.3959902,132.4738389,168,
2503 0,34.3961303,132.4735418,169,
2503 9,34.3971006,132.4741072,1,
2503 9,34.3968985,132.4744838,2,
2503 9,34.3968447,132.4745962,3,
2503 9,34.3967886,132.4747013,4,
2503 9,34.3967519,132.4747715,5,
2503 9,34.3967119,132.4748229,6,
2503 9,34.396662,132.4748588,7,
2503 9,34.3966116,132.4748666,8,
2503 9,34.3965781,132.4748631,9,
2503 9,34.3965463,132.4748583,10,
2503 9,34.3964759,132.4748432,11,
2503 9,34.3964301,132.4748411,12,
2503 9,34.3963834,132.4748306,13,
2503 9,34.3963348,132.4748269,14,
2503 9,34.3962873,132.4748099,15,
2503 9,34.3960436,132.4746495,16,
2503 9,34.3954838,132.474215,17,
2503 9,34.3944538,132.4733388,18,
2503 9,34.3935062,132.4726177,19,
2503 9,34.3926274,132.4719057,20,
2503 9,34.3925137,132.4717558,21,
2503 9,34.3925373,132.4714557,22,
2503 9,34.3926093,132.4708432,23,
2503 9,34.3926915,132.4704426,24,
2503 9,34.3927494,132.4700608,25,
2503 9,34.3928249,132.4695195,26,
2503 9,34.3929539,132.468506,27,
2503 9,34.3930872,132.4677227,28,
2503 9,34.3931371,132.4670894,29,
2503 9,34.3931871,132.4662062,30,
2503 9,34.3932538,132.4655062,31,
2503 9,34.3934037,132.4647896,32,
2503 9,34.3936114,132.4638977,33,
2503 9,34.3938537,132.4629897,34,
2503 9,34.3940536,132.4622064,35,
2503 9,34.3942703,132.4612898,36,
2503 9,34.3945369,132.4602733,37,
2503 9,34.3947868,132.4593067,38,
2503 9,34.3950035,132.4585067,39,
2503 9,34.3951868,132.4577734,40,
2503 9,34.3950868,132.4576568,41,
2503 9,34.3948558,132.4575852,42,
2503 9,34.3942402,132.457339,43,
2503 9,34.3937726,132.4571757,44,
2503 9,34.3929203,132.4568903,45,
2503 9,34.3919096,132.4565559,46,
2503 9,34.3908386,132.4561979,47,
2503 9,34.390021,132.4559258,48,
2503 9,34.3898143,132.45582,49,
2503 9,34.3898373,132.4555572,50,
2503 9,34.3899394,132.45519,51,
2503 9,34.3900972,132.454596,52,
2503 9,34.3902415,132.4540847,53,
2503 9,34.3903705,132.4535407,54,
2503 9,34.3906282,132.4525309,55,
2503 9,34.3908237,132.4518349,56,
2503 9,34.3911136,132.4507075,57,
2503 9,34.391387,132.4496576,58,
2503 9,34.391587,132.4486244,59,
2503 9,34.391787,132.4475578,60,
2503 9,34.3920036,132.4464578,61,
2503 9,34.3922035,132.4453913,62,
2503 9,34.3922712,132.4451079,63,
2503 9,34.3925368,132.4438247,64,
2503 9,34.3927734,132.4427108,65,
2503 9,34.3929701,132.4416749,66,
2503 9,34.3931021,132.4410109,67,
2503 9,34.3931899,132.4405556,68,
2503 9,34.3934088,132.4395176,69,
2503 9,34.3936331,132.4384554,70,
2503 9,34.3938366,132.4374252,71,
2503 9,34.3940452,132.4364479,72,
2503 9,34.3942399,132.4355267,73,
2503 9,34.3944003,132.4350256,74,
2503 9,34.3950818,132.4334689,75,
2503 9,34.3956028,132.4323589,76,
2503 9,34.3961105,132.431281,77,
2503 9,34.3965993,132.4302182,78,
2503 9,34.3971946,132.4289578,79,
2503 9,34.3971694,132.4288424,80,
2503 9,34.3968606,132.4284446,81,
2503 9,34.3965463,132.4279425,82,
2503 9,34.3962217,132.4274596,83,
2503 9,34.3945708,132.4260868,84,
2503 9,34.393745,132.4254173,85,
2503 9,34.3928289,132.4246504,86,
2503 9,34.3920348,132.4240045,87,
2503 9,34.391849,132.4238302,88,
2503 9,34.3914699,132.4233265,89,
2503 9,34.3903766,132.4219192,90,
2503 9,34.38972,132.4210934,91,
2503 9,34.3887658,132.4198817,92,
2503 9,34.3884599,132.4194718,93,
2503 9,34.3879959,132.4190264,94,
2503 9,34.3876049,132.4186303,95,
2503 9,34.386556,132.4176245,96,
2503 9,34.3856227,132.4167181,97,
2503 9,34.3853784,132.4164666,98,
2503 9,34.3844705,132.4155441,99,
2503 9,34.3836605,132.4147511,100,
2503 9,34.382854,132.4139276,101,
2503 9,34.3824207,132.4126944,102,
2503 9,34.3820874,132.4117779,103,
2503 9,34.3817041,132.4106446,104,
2503 9,34.3814874,132.4100114,105,
2503 9,34.3810541,132.4087781,106,
2503 9,34.3806507,132.4076175,107,
2503 9,34.3804931,132.40718,108,
2503 9,34.3801541,132.4062284,109,
2503 9,34.3797208,132.4051952,110,
2503 9,34.3792542,132.4041453,111,
2503 9,34.3788376,132.403212,112,
2503 9,34.3783977,132.4022344,113,
2503 9,34.3781543,132.4016622,114,
2503 9,34.3780354,132.4013206,115,
2503 9,34.377921,132.4009789,116,
2503 9,34.3778371,132.4006206,117,
2503 9,34.377771,132.4002623,118,
2503 9,34.3775399,132.3985931,119,
2503 9,34.3774177,132.3975482,120,
2503 9,34.3773348,132.3970194,121,
2503 9,34.377221,132.396496,122,
2503 9,34.3770987,132.3960398,123,
2503 9,34.3769388,132.3955273,124,
2503 9,34.3764388,132.3942935,125,
2503 9,34.3759822,132.3932359,126,
2503 9,34.3755956,132.3925541,127,
2503 9,34.3749233,132.3929039,128,
2503 9,34.3736722,132.3936081,129,
2503 9,34.3737493,132.3938215,130,
2503 9,34.3739066,132.3938749,131,
2503 9,34.3740776,132.3942928,132,
2503 9,34.3740907,132.3944066,133,
2503 9,34.3739977,132.3944953,134,
2503 9,34.3738685,132.3944437,135,
2503 9,34.3736633,132.3939684,136,
2503 9,34.3736838,132.393878,137,
2503 9,34.3736744,132.393785,138,
2503 9,34.3735967,132.3936191,139,
2503 9,34.3733203,132.3937524,140,
2503 9,34.372938,132.3939798,141,
2503 9,34.3718703,132.3945786,142,
2503 9,34.3712815,132.3949399,143,
2503 9,34.3700407,132.3956403,144,
2503 9,34.3697383,132.395816,145,
2503 9,34.3696518,132.395606,146,
2503 9,34.3692051,132.3944799,147,
2503 9,34.3688187,132.3935614,148,
2503 9,34.3684718,132.3926134,149,
2503 9,34.3682385,132.3917468,150,
2503 9,34.3677219,132.3904636,151,
2503 9,34.3674885,132.3898606,152,
2503 9,34.3670719,132.3888804,153,
2503 9,34.3668469,132.3883686,154,
2503 9,34.3665777,132.3878085,155,
2503 9,34.366122,132.3867973,156,
2503 9,34.3656887,132.3857141,157,
2503 9,34.3653054,132.3846309,158,
2503 9,34.3649554,132.3836143,159,
2503 9,34.3645054,132.3827311,160,
2504 0,34.3648123,132.3825339,1,
2504 0,34.3650978,132.3835547,2,
2504 0,34.3651809,132.3837304,3,
2504 0,34.3653009,132.3839415,4,
2504 0,34.3654134,132.3841537,5,
2504 0,34.3657784,132.384968,6,
2504 0,34.3661202,132.3857258,7,
2504 0,34.3664981,132.3866753,8,
2504 0,34.3668804,132.3878296,9,
2504 0,34.3670026,132.3882448,10,
2504 0,34.3671794,132.3886821,11,
2504 0,34.3676108,132.3897899,12,
2504 0,34.3680087,132.3907877,13,
2504 0,34.3682544,132.3914288,14,
2504 0,34.3687341,132.3923186,15,
2504 0,34.3690218,132.3930467,16,
2504 0,34.369263,132.3936643,17,
2504 0,34.369363,132.3938428,18,
2504 0,34.3696807,132.3946153,19,
2504 0,34.3699173,132.3951445,20,
2504 0,34.3700717,132.3952631,21,
2504 0,34.3701717,132.3952798,22,
2504 0,34.3702726,132.395276,23,
2504 0,34.3704025,132.3952517,24,
2504 0,34.3705993,132.3951302,25,
2504 0,34.3714446,132.3946694,26,
2504 0,34.3725111,132.3940087,27,
2504 0,34.373187,132.3936629,28,
2504 0,34.3735155,132.3935175,29,
2504 0,34.3736302,132.3935464,30,
2504 0,34.373713,132.3937391,31,
2504 0,34.3737625,132.3938258,32,
2504 0,34.3739066,132.3938749,33,
2504 0,34.3740776,132.3942928,34,
2504 0,34.3740907,132.3944066,35,
2504 0,34.3739977,132.3944953,36,
2504 0,34.3738685,132.3944437,37,
2504 0,34.3736633,132.3939684,38,
2504 0,34.3736744,132.393785,39,
2504 0,34.373529,132.3934132,40,
2504 0,34.3735817,132.3933885,41,
2504 0,34.3741879,132.3930464,42,
2504 0,34.3744184,132.392902,43,
2504 0,34.3749145,132.3926664,44,
2504 0,34.3755269,132.3923473,45,
2504 0,34.3758666,132.3929464,46,
2504 0,34.376127,132.393502,47,
2504 0,34.3763731,132.3940683,48,
2504 0,34.3766043,132.3946129,49,
2504 0,34.3769043,132.3953461,50,
2504 0,34.3770837,132.3958396,51,
2504 0,34.377221,132.3963627,52,
2504 0,34.3773497,132.3968906,53,
2504 0,34.3774441,132.3974521,54,
2504 0,34.3775198,132.3980179,55,
2504 0,34.3775526,132.3983356,56,
2504 0,34.3775832,132.3986533,57,
2504 0,34.3776581,132.3991597,58,
2504 0,34.3777143,132.3996204,59,
2504 0,34.3778065,132.4003093,60,
2504 0,34.3778268,132.4004672,61,
2504 0,34.377926,132.4008935,62,
2504 0,34.3779765,132.4010516,63,
2504 0,34.3781265,132.4015002,64,
2504 0,34.3783298,132.4019815,65,
2504 0,34.3786697,132.4027561,66,
2504 0,34.3792187,132.4040087,67,
2504 0,34.3797465,132.405214,68,
2504 0,34.3801875,132.4062117,69,
2504 0,34.3802846,132.4064327,70,
2504 0,34.3805985,132.407331,71,
2504 0,34.3809541,132.4083782,72,
2504 0,34.3812541,132.4092281,73,
2504 0,34.3814757,132.4098471,74,
2504 0,34.3816906,132.4104526,75,
2504 0,34.3820485,132.4114886,76,
2504 0,34.3823373,132.4123111,77,
2504 0,34.3827117,132.4133928,78,
2504 0,34.3828485,132.4137853,79,
2504 0,34.3829243,132.413923,80,
2504 0,34.3833373,132.4143776,81,
2504 0,34.3839039,132.4149108,82,
2504 0,34.3850205,132.4160274,83,
2504 0,34.386037,132.4170106,84,
2504 0,34.3865203,132.4175105,85,
2504 0,34.3875369,132.4184937,86,
2504 0,34.3883123,132.4192274,87,
2504 0,34.3884701,132.4193936,88,
2504 0,34.3890368,132.4201268,89,
2504 0,34.38987,132.4211934,90,
2504 0,34.3904366,132.4218933,91,
2504 0,34.3909533,132.4225765,92,
2504 0,34.3918753,132.4237538,93,
2504 0,34.3922532,132.4241097,94,
2504 0,34.3924365,132.424243,95,
2504 0,34.3926198,132.424393,96,
2504 0,34.3936864,132.4252929,97,
2504 0,34.3942106,132.4257212,98,
2504 0,34.3947229,132.4261383,99,
2504 0,34.3951751,132.4264943,100,
2504 0,34.3962528,132.4273926,101,
2504 0,34.3965028,132.4277592,102,
2504 0,34.3968694,132.4283258,103,
2504 0,34.3972127,132.4288317,104,
2504 0,34.3973112,132.4287667,105,
2504 0,34.3975527,132.4284924,106,
2504 0,34.397486,132.4283091,107,
2504 0,34.3976027,132.4281924,108,
2504 0,34.3979257,132.4286006,109,
2504 0,34.3977926,132.4287382,110,
2504 0,34.3976625,132.428638,111,
2504 0,34.3975736,132.4286819,112,
2504 0,34.3973192,132.4289619,113,
2504 0,34.3970116,132.4295945,114,
2504 0,34.3973127,132.4298638,115,
2504 0,34.3973976,132.4299503,116,
2504 0,34.3982794,132.4305357,117,
2504 0,34.3988571,132.4309244,118,
2504 0,34.3989445,132.4309303,119,
2504 0,34.3990827,132.4309684,120,
2504 0,34.399428,132.4312598,121,
2504 0,34.3990459,132.4322376,122,
2504 0,34.3986459,132.433281,123,
2504 0,34.3982736,132.4342345,124,
2504 0,34.3978672,132.4353474,125,
2504 0,34.3977393,132.4357113,126,
2504 0,34.3973794,132.4367705,127,
2504 0,34.3971239,132.4374936,128,
2504 0,34.3967807,132.4385351,129,
2504 0,34.3964927,132.4393629,130,
2504 0,34.3963042,132.4399036,131,
2504 0,34.3962107,132.4402647,132,
2504 0,34.3960846,132.4408278,133,
2504 0,34.3957815,132.4420869,134,
2504 0,34.3955481,132.4430805,135,
2504 0,34.395462,132.4434829,136,
2504 0,34.3952199,132.4445079,137,
2504 0,34.3949033,132.4458078,138,
2504 0,34.3948084,132.4461787,139,
2504 0,34.3948154,132.4462384,140,
2504 0,34.3951866,132.4462577,141,
2504 0,34.3954699,132.4463077,142,
2504 0,34.3957698,132.446391,143,
2504 0,34.3961698,132.4465243,144,
2504 0,34.3971364,132.4468909,145,
2504 0,34.3974031,132.4470029,146,
2504 0,34.397453,132.4473242,147,
2504 0,34.397303,132.4482408,148,
2504 0,34.3971031,132.4493574,149,
2504 0,34.3970198,132.4499073,150,
2504 0,34.3968865,132.4508239,151,
2504 0,34.3967032,132.4518239,152,
2504 0,34.3964865,132.4528738,153,
2504 0,34.3962199,132.4539237,154,
2504 0,34.39587,132.4554403,155,
2504 0,34.39572,132.4560569,156,
2504 0,34.3954534,132.4572068,157,
2504 0,34.3952034,132.4582567,158,
2504 0,34.3950035,132.45899,159,
2504 0,34.3948035,132.4597733,160,
2504 0,34.3946202,132.4605566,161,
2504 0,34.3943703,132.4614732,162,
2504 0,34.394137,132.4624064,163,
2504 0,34.393987,132.4630564,164,
2504 0,34.3937204,132.4640896,165,
2504 0,34.3934871,132.4649729,166,
2504 0,34.3933538,132.4658395,167,
2504 0,34.3932871,132.4669561,168,
2504 0,34.3931705,132.467906,169,
2504 0,34.3929539,132.4692059,170,
2504 0,34.3928206,132.4702225,171,
2504 0,34.3927706,132.4706558,172,
2504 0,34.3926539,132.4714724,173,
2504 0,34.3926539,132.4716391,174,
2504 0,34.3927362,132.4717313,175,
2504 0,34.3930039,132.4719224,176,
2504 0,34.3935872,132.4724056,177,
2504 0,34.3941871,132.4728889,178,
2504 0,34.3955027,132.4739183,179,
2504 0,34.3958224,132.4741242,180,
2504 0,34.395969,132.4738736,181,
2504 0,34.3961124,132.4735936,182,
2504 9,34.3971006,132.4741072,1,
2504 9,34.3968645,132.4745399,2,
2504 9,34.3968087,132.4746555,3,
2504 9,34.396753,132.474767,4,
2504 9,34.3966918,132.4748417,5,
2504 9,34.3966463,132.4748624,6,
2504 9,34.396602,132.4748763,7,
2504 9,34.3964939,132.4748553,8,
2504 9,34.3962766,132.4748103,9,
2504 9,34.3961866,132.4747827,10,
2504 9,34.3960966,132.4747699,11,
2504 9,34.3957578,132.4744847,12,
2504 9,34.3953985,132.4741833,13,
2504 9,34.39467,132.4736564,14,
2504 9,34.3941371,132.4732364,15,
2504 9,34.3938494,132.4730116,16,
2504 9,34.3935742,132.4727734,17,
2504 9,34.393131,132.4723966,18,
2504 9,34.3926601,132.4719909,19,
2504 9,34.3925656,132.4719021,20,
2504 9,34.392506,132.4717624,21,
2504 9,34.3925252,132.4714736,22,
2504 9,34.3926061,132.4708851,23,
2504 9,34.3927449,132.4701856,24,
2504 9,34.3928894,132.4691852,25,
2504 9,34.3929721,132.4686536,26,
2504 9,34.3930404,132.4681367,27,
2504 9,34.3931205,132.4674061,28,
2504 9,34.3931538,132.4666728,29,
2504 9,34.3932105,132.4659148,30,
2504 9,34.3932522,132.4654127,31,
2504 9,34.3933038,132.4651562,32,
2504 9,34.3935438,132.4640776,33,
2504 9,34.3939037,132.4627064,34,
2504 9,34.3941914,132.4615638,35,
2504 9,34.3945748,132.4600443,36,
2504 9,34.3947569,132.4593388,37,
2504 9,34.3949225,132.4587463,38,
2504 9,34.3952034,132.4576734,39,
2504 9,34.3952701,132.4572901,40,
2504 9,34.3955367,132.4561902,41,
2504 9,34.39577,132.4552069,42,
2504 9,34.39597,132.4543237,43,
2504 9,34.3962532,132.4531738,44,
2504 9,34.3964699,132.4521905,45,
2504 9,34.3965964,132.451672,46,
2504 9,34.3966698,132.4512072,47,
2504 9,34.3967865,132.450474,48,
2504 9,34.3969531,132.449324,49,
2504 9,34.3971197,132.4483241,50,
2504 9,34.3971907,132.4479335,51,
2504 9,34.3972864,132.4473575,52,
2504 9,34.3972951,132.4471679,53,
2504 9,34.3972197,132.4470909,54,
2504 9,34.3962198,132.4467576,55,
2504 9,34.3954865,132.4465077,56,
2504 9,34.3947366,132.4464411,57,
2504 9,34.3950032,132.4452745,58,
2504 9,34.3952699,132.4441746,59,
2504 9,34.3954064,132.4436064,60,
2504 9,34.3955186,132.4430946,61,
2504 9,34.3957531,132.4420747,62,
2504 9,34.3960098,132.4410431,63,
2504 9,34.3960495,132.4408376,64,
2504 9,34.3960979,132.4406702,65,
2504 9,34.3961396,132.4404813,66,
2504 9,34.3962886,132.439881,67,
2504 9,34.3966696,132.4387583,68,
2504 9,34.3968862,132.4381333,69,
2504 9,34.3970983,132.4374869,70,
2504 9,34.3973574,132.4367732,71,
2504 9,34.3978192,132.435411,72,
2504 9,34.3979259,132.4351165,73,
2504 9,34.3982792,132.4341605,74,
2504 9,34.3986814,132.4331087,75,
2504 9,34.3989849,132.4323279,76,
2504 9,34.3994025,132.4312421,77,
2504 9,34.399697,132.4306109,78,
2504 9,34.3995807,132.4304596,79,
2504 9,34.3993759,132.4303083,80,
2504 9,34.3986593,132.4297852,81,
2504 9,34.3984371,132.4295337,82,
2504 9,34.3979995,132.4290289,83,
2504 9,34.3977404,132.4286773,84,
2504 9,34.3976625,132.428638,85,
2504 9,34.3975736,132.4286819,86,
2504 9,34.3972847,132.4290073,87,
2504 9,34.3969278,132.4285469,88,
2504 9,34.396604,132.4280327,89,
2504 9,34.3962217,132.4274596,90,
2504 9,34.3954529,132.4267961,91,
2504 9,34.3943932,132.4259433,92,
2504 9,34.3932865,132.4250364,93,
2504 9,34.3927698,132.424593,94,
2504 9,34.3919939,132.4239723,95,
2504 9,34.3918353,132.4238101,96,
2504 9,34.3917032,132.4236264,97,
2504 9,34.3912978,132.4231125,98,
2504 9,34.3905033,132.4220933,99,
2504 9,34.3897534,132.4211267,100,
2504 9,34.3894534,132.4207601,101,
2504 9,34.3883913,132.4193938,102,
2504 9,34.3876503,132.4186851,103,
2504 9,34.3867171,132.4177905,104,
2504 9,34.3862437,132.4173328,105,
2504 9,34.3857305,132.4168267,106,
2504 9,34.3846186,132.4157099,107,
2504 9,34.3839295,132.4150269,108,
2504 9,34.3833873,132.4144776,109,
2504 9,34.3828707,132.4139443,110,
2504 9,34.3825873,132.4131444,111,
2504 9,34.3822574,132.4122299,112,
2504 9,34.3818775,132.4111645,113,
2504 9,34.3815374,132.410128,114,
2504 9,34.3809264,132.408395,115,
2504 9,34.380523,132.4072526,116,
2504 9,34.3801875,132.4063117,117,
2504 9,34.3798831,132.4055785,118,
2504 9,34.3794953,132.4046992,119,
2504 9,34.3791375,132.4038786,120,
2504 9,34.3786986,132.4029121,121,
2504 9,34.3783931,132.4022194,122,
2504 9,34.3781648,132.40169,123,
2504 9,34.3779543,132.4011123,124,
2504 9,34.377841,132.4006771,125,
2504 9,34.3777543,132.4002123,126,
2504 9,34.377621,132.3991624,127,
2504 9,34.3775376,132.3984625,128,
2504 9,34.377421,132.3975792,129,
2504 9,34.3773664,132.3971475,130,
2504 9,34.3772543,132.396646,131,
2504 9,34.377041,132.3958302,132,
2504 9,34.3768549,132.3952964,133,
2504 9,34.376371,132.3941296,134,
2504 9,34.3759585,132.3931889,135,
2504 9,34.3755877,132.3925464,136,
2504 9,34.37522,132.3927429,137,
2504 9,34.3748622,132.3929326,138,
2504 9,34.3742884,132.393241,139,
2504 9,34.3739715,132.3934317,140,
2504 9,34.3736547,132.3935876,141,
2504 9,34.3737493,132.3938215,142,
2504 9,34.3739066,132.3938749,143,
2504 9,34.3740789,132.3943012,144,
2504 9,34.3740907,132.3944066,145,
2504 9,34.3739977,132.3944953,146,
2504 9,34.3738685,132.3944437,147,
2504 9,34.3737564,132.3941549,148,
2504 9,34.3736561,132.3939435,149,
2504 9,34.3736744,132.393785,150,
2504 9,34.3736217,132.3936003,151,
2504 9,34.3732547,132.3937964,152,
2504 9,34.3727714,132.3940797,153,
2504 9,34.3716671,132.3947181,154,
2504 9,34.3709977,132.39509,155,
2504 9,34.3703294,132.3954593,156,
2504 9,34.3697383,132.395816,157,
2504 9,34.3693718,132.3949298,158,
2504 9,34.3691079,132.3942299,159,
2504 9,34.3687986,132.3935219,160,
2504 9,34.3683885,132.3923801,161,
2504 9,34.3682385,132.3917468,162,
2504 9,34.3676552,132.3902636,163,
2504 9,34.3671886,132.3891304,164,
2504 9,34.366802,132.3882651,165,
2504 9,34.3666844,132.3880221,166,
2504 9,34.366222,132.3870306,167,
2504 9,34.3660292,132.3865409,168,
2504 9,34.3658387,132.3860807,169,
2504 9,34.3656887,132.3856974,170,
2504 9,34.3652898,132.384574,171,
2504 9,34.3649519,132.3835984,172,
2504 9,34.3647955,132.3833197,173,
2504 9,34.3644822,132.3827217,174,
2507 9,34.397836,132.4284757,1,
2507 9,34.3979257,132.4286006,2,
2507 9,34.3977926,132.4287382,3,
2507 9,34.3976705,132.4286401,4,
2507 9,34.3975736,132.4286819,5,
2507 9,34.3973066,132.4289808,6,
2507 9,34.3968194,132.4299423,7,
2507 9,34.3963195,132.4310423,8,
2507 9,34.3958117,132.432151,9,
2507 9,34.3953363,132.4331755,10,
2507 9,34.3948531,132.4342254,11,
2507 9,34.3944795,132.4351433,12,
2507 9,34.3941575,132.4363661,13,
2507 9,34.3939042,132.4374279,14,
2507 9,34.3936699,132.4384251,15,
2507 9,34.3934465,132.4395844,16,
2507 9,34.39322,132.4406249,17,
2507 9,34.39304,132.4416302,18,
2507 9,34.3928034,132.4427821,19,
2507 9,34.3925812,132.4438858,20,
2507 9,34.3923868,132.4447746,21,
2507 9,34.392177,132.4459773,22,
2507 9,34.3920024,132.4468153,23,
2507 9,34.3917858,132.4478894,24,
2507 9,34.3915768,132.4489291,25,
2507 9,34.391403,132.449861,26,
2507 9,34.3910771,132.4510897,27,
2507 9,34.3906977,132.4524976,28,
2507 9,34.3904916,132.45322,29,
2507 9,34.3902061,132.4543081,30,
2507 9,34.3899873,132.4552072,31,
2507 9,34.3898385,132.4558178,32,
2507 9,34.3896897,132.4558302,33,
2507 9,34.389152,132.4556576,34,
2507 9,34.3887875,132.4555356,35,
2507 9,34.3882113,132.4553266,36,
2507 9,34.3876701,132.4551562,37,
2507 9,34.3872656,132.4550089,38,
2507 9,34.38685,132.4548697,39,
2507 9,34.3867144,132.4548143,40,
2507 9,34.386571,132.4547574,41,
2508 0,34.3780672,132.4100662,1,
2508 0,34.3779761,132.4106743,2,
2508 0,34.3784571,132.4120646,3,
2508 0,34.3792137,132.4116788,4,
2508 0,34.3797431,132.4114128,5,
2508 0,34.3807597,132.4108968,6,
2508 0,34.3816786,132.4104233,7,
2508 0,34.3820552,132.411508,8,
2508 0,34.3824707,132.4126944,9,
2508 0,34.3828485,132.4137853,10,
2508 0,34.3829402,132.4139508,11,
2508 0,34.3833384,132.4143643,12,
2508 0,34.3839706,132.4149775,13,
2508 0,34.3850705,132.4160774,14,
2508 0,34.386037,132.4170272,15,
2508 0,34.386315,132.4173113,16,
2508 0,34.3865576,132.4175465,17,
2508 0,34.3870869,132.4180604,18,
2508 0,34.3877118,132.4186549,19,
2508 0,34.3879829,132.4189163,20,
2508 0,34.3882569,132.419173,21,
2508 0,34.3884701,132.4193936,22,
2508 0,34.3887201,132.4197102,23,
2508 0,34.3891368,132.4202435,24,
2508 0,34.3894764,132.4206784,25,
2508 0,34.3898189,132.4211173,26,
2508 0,34.3901311,132.4215173,27,
2508 0,34.3904444,132.4219239,28,
2508 0,34.3912071,132.4229051,29,
2508 0,34.3919032,132.4237931,30,
2508 0,34.3923698,132.424193,31,
2508 0,34.3926954,132.4244604,32,
2508 0,34.3937043,132.425307,33,
2508 0,34.394188,132.4257037,34,
2508 0,34.3947122,132.4261243,35,
2508 0,34.3952368,132.4265488,36,
2508 0,34.3962558,132.4273956,37,
2508 0,34.3965377,132.4278118,38,
2508 0,34.396756,132.4281484,39,
2508 0,34.3971071,132.4286758,40,
2508 0,34.3973066,132.4289808,41,
2508 0,34.3972771,132.4290505,42,
2508 0,34.3969198,132.4297818,43,
2508 0,34.3964214,132.4308116,44,
2508 0,34.3959122,132.4319297,45,
2508 0,34.3954252,132.4330128,46,
2508 0,34.3949241,132.4340961,47,
2508 0,34.3944864,132.435142,48,
2508 0,34.3942415,132.4360453,49,
2508 0,34.3939365,132.4373085,50,
2508 0,34.3938326,132.4377618,51,
2508 0,34.3936876,132.4383939,52,
2508 0,34.3936116,132.4387917,53,
2508 0,34.3933866,132.4398917,54,
2508 0,34.3931767,132.4409242,55,
2508 0,34.3929651,132.4419735,56,
2508 0,34.3927473,132.4430401,57,
2508 0,34.3925367,132.4440947,58,
2508 0,34.3923323,132.4451833,59,
2508 0,34.3921446,132.4461419,60,
2508 0,34.391933,132.4471818,61,
2508 0,34.391713,132.4482617,62,
2508 0,34.3915191,132.4492743,63,
2508 0,34.3914001,132.4498857,64,
2508 0,34.3912825,132.4503156,65,
2508 0,34.3909943,132.4513755,66,
2508 0,34.3908415,132.4519275,67,
2508 0,34.3905604,132.4530101,68,
2508 0,34.3902795,132.4540433,69,
2508 0,34.3900235,132.4550552,70,
2508 0,34.3899873,132.4554239,71,
2508 0,34.3900206,132.4555639,72,
2508 0,34.3900678,132.4556526,73,
2508 0,34.3902084,132.4558187,74,
2508 0,34.3907039,132.4559904,75,
2508 0,34.3917821,132.4563664,76,
2508 0,34.3928009,132.4567171,77,
2508 0,34.393783,132.4570496,78,
2508 0,34.3952637,132.4575528,79,
2508 0,34.3953368,132.4578567,80,
2508 0,34.3951139,132.4587048,81,
2508 0,34.3948451,132.4597199,82,
2508 0,34.3946246,132.4605732,83,
2508 0,34.394298,132.4618251,84,
2508 0,34.3940969,132.4626504,85,
2508 0,34.3939142,132.4633431,86,
2508 0,34.3935614,132.4647283,87,
2508 0,34.3934204,132.4653229,88,
2508 0,34.3933859,132.4657395,89,
2508 0,34.393307,132.4667268,90,
2508 0,34.3932371,132.4676894,91,
2508 0,34.3930304,132.4689277,92,
2508 0,34.392861,132.4700558,93,
2508 0,34.3927616,132.4707605,94,
2508 0,34.3926568,132.4716228,95,
2508 0,34.3927706,132.4717557,96,
2508 0,34.3937872,132.4725389,97,
2508 0,34.3948333,132.4733879,98,
2508 0,34.3958038,132.474181,99,
2508 0,34.3960877,132.4736165,100,
2513 0,34.3648123,132.3825339,1,
2513 0,34.3650978,132.3835547,2,
2513 0,34.3653904,132.3841381,3,
2513 0,34.3656143,132.3846222,4,
2513 0,34.3658537,132.385155,5,
2513 0,34.3661271,132.3857352,6,
2513 0,34.3662676,132.3860981,7,
2513 0,34.3664864,132.386655,8,
2513 0,34.3666853,132.3872333,9,
2513 0,34.3669156,132.3879537,10,
2513 0,34.3670724,132.3884067,11,
2513 0,34.3673885,132.3892137,12,
2513 0,34.367634,132.3898537,13,
2513 0,34.3678351,132.3903543,14,
2513 0,34.3682518,132.3914185,15,
2513 0,34.3687272,132.392313,16,
2513 0,34.3690295,132.3930687,17,
2513 0,34.369263,132.3936643,18,
2513 0,34.369363,132.3938428,19,
2513 0,34.3698043,132.3948964,20,
2513 0,34.3699173,132.3951445,21,
2513 0,34.3700717,132.3952631,22,
2513 0,34.3701818,132.3952869,23,
2513 0,34.3704025,132.3952517,24,
2513 0,34.3707926,132.3950249,25,
2513 0,34.3714246,132.3946786,26,
2513 0,34.3724813,132.3940367,27,
2513 0,34.373087,132.3936871,28,
2513 0,34.373513,132.3934535,29,
2513 0,34.3735934,132.3936104,30,
2513 0,34.3736712,132.3938657,31,
2513 0,34.3736974,132.393995,32,
2513 0,34.3737675,132.3941998,33,
2513 0,34.373828,132.3943841,34,
2513 0,34.3739667,132.3944953,35,
2513 0,34.3740598,132.3944316,36,
2513 0,34.3740776,132.3942928,37,
2513 0,34.3739066,132.3938749,38,
2513 0,34.3737493,132.3938215,39,
2513 0,34.3735898,132.3934277,40,
2513 0,34.3739173,132.3932271,41,
2513 0,34.374435,132.392883,42,
2513 0,34.3755197,132.39236,43,
2513 0,34.375871,132.392963,44,
2513 0,34.3760377,132.3932963,45,
2513 0,34.3764543,132.3942462,46,
2513 0,34.3768876,132.3952795,47,
2513 0,34.377067,132.3957915,48,
2513 0,34.3772043,132.3962794,49,
2513 0,34.3773574,132.3969532,50,
2513 0,34.3774231,132.397348,51,
2513 0,34.3775019,132.3979262,52,
2513 0,34.377621,132.3989125,53,
2513 0,34.3777543,132.399929,54,
2513 0,34.3778277,132.4004287,55,
2513 0,34.377871,132.4006779,56,
2513 0,34.377932,132.4009163,57,
2513 0,34.3781265,132.4015002,58,
2513 0,34.3783675,132.4020788,59,
2513 0,34.3788376,132.4031287,60,
2513 0,34.3792531,132.404088,61,
2513 0,34.3797708,132.4052618,62,
2513 0,34.380168,132.4061847,63,
2513 0,34.3802874,132.4064424,64,
2513 0,34.3806762,132.4075478,65,
2513 0,34.3809985,132.4084782,66,
2513 0,34.3813796,132.4095635,67,
2513 0,34.3817485,132.4106226,68,
2513 0,34.3820672,132.4115311,69,
2513 0,34.3828485,132.4137853,70,
2513 0,34.3829565,132.4139676,71,
2513 0,34.383204,132.4142276,72,
2513 0,34.3836039,132.4146275,73,
2513 0,34.3839295,132.4149409,74,
2513 0,34.3851938,132.4162074,75,
2513 0,34.3859304,132.416924,76,
2513 0,34.3863071,132.4173118,77,
2513 0,34.3871928,132.418161,78,
2513 0,34.3880691,132.4189998,79,
2513 0,34.388278,132.419193,80,
2513 0,34.3885358,132.4194688,81,
2513 0,34.3891368,132.4202435,82,
2513 0,34.38997,132.42131,83,
2513 0,34.39042,132.4218933,84,
2513 0,34.3912532,132.4229765,85,
2513 0,34.3919032,132.4237931,86,
2513 0,34.3928374,132.4245865,87,
2513 0,34.3933531,132.4250096,88,
2513 0,34.3938331,132.4254197,89,
2513 0,34.3947229,132.4261383,90,
2513 0,34.3954229,132.4266988,91,
2513 0,34.3962528,132.4273926,92,
2513 0,34.3965793,132.4278705,93,
2513 0,34.3968626,132.4283172,94,
2513 0,34.3972127,132.4288317,95,
2513 0,34.397293,132.4287801,96,
2513 0,34.3975527,132.4284924,97,
2513 0,34.397486,132.4283091,98,
2513 0,34.3976027,132.4281924,99,
2513 0,34.3979257,132.4286006,100,
2513 0,34.3978553,132.4286741,101,
2513 0,34.3977926,132.4287382,102,
2513 0,34.3976625,132.428638,103,
2513 0,34.3975736,132.4286819,104,
2513 0,34.3973192,132.4289619,105,
2513 0,34.3964517,132.4307457,106,
2513 0,34.3959528,132.4318451,107,
2513 0,34.3954751,132.4329036,108,
2513 0,34.3949808,132.4339796,109,
2513 0,34.3946053,132.434815,110,
2513 0,34.3944596,132.435242,111,
2513 0,34.3942397,132.436072,112,
2513 0,34.3939498,132.4372547,113,
2513 0,34.3936876,132.4383939,114,
2513 0,34.3934821,132.4394185,115,
2513 0,34.3932666,132.4404937,116,
2513 0,34.3931522,132.4410711,117,
2513 0,34.3930255,132.4417023,118,
2513 0,34.3928201,132.4426915,119,
2513 0,34.3925912,132.4438182,120,
2513 0,34.3923215,132.4452448,121,
2513 0,34.3921746,132.4459985,122,
2513 0,34.3920278,132.4467371,123,
2513 0,34.3917812,132.4479206,124,
2513 0,34.3915791,132.4489774,125,
2513 0,34.3914001,132.4498857,126,
2513 0,34.3910859,132.4510477,127,
2513 0,34.3908215,132.4519983,128,
2513 0,34.3905548,132.4530342,129,
2513 0,34.3902706,132.4540406,130,
2513 0,34.3900206,132.4550406,131,
2513 0,34.3899873,132.4554239,132,
2513 0,34.3900373,132.4556072,133,
2513 0,34.3902084,132.4558187,134,
2513 0,34.3908872,132.4560571,135,
2513 0,34.3919038,132.456407,136,
2513 0,34.392937,132.4567403,137,
2513 0,34.3935536,132.4569569,138,
2513 0,34.3942202,132.4571569,139,
2513 0,34.3952701,132.4575234,140,
2513 0,34.3953368,132.4578567,141,
2513 0,34.3951535,132.4585734,142,
2513 0,34.3948035,132.4597733,143,
2513 0,34.3945369,132.4608399,144,
2513 0,34.3942869,132.4618065,145,
2513 0,34.3940037,132.4629231,146,
2513 0,34.3937037,132.4641063,147,
2513 0,34.3934497,132.4651704,148,
2513 0,34.3933975,132.4656894,149,
2513 0,34.3933038,132.4665395,150,
2513 0,34.3932371,132.4676894,151,
2513 0,34.3930039,132.4689726,152,
2513 0,34.3928372,132.4700725,153,
2513 0,34.3927039,132.4709558,154,
2513 0,34.3926506,132.4716073,155,
2513 0,34.3927373,132.4717557,156,
2513 0,34.3936705,132.4724389,157,
2513 0,34.3946871,132.4732722,158,
2513 0,34.3958047,132.4741489,159,
2513 0,34.3959635,132.473893,160,
2513 0,34.3961047,132.4736077,161,
2608 9,34.3972243,132.4730397,1,
2608 9,34.3973771,132.4727767,2,
2608 9,34.3975332,132.4725084,3,
2608 9,34.3977095,132.4721815,4,
2608 9,34.3977938,132.4720434,5,
2608 9,34.3978537,132.4718711,6,
2608 9,34.3980231,132.4717512,7,
2608 9,34.3981764,132.4716165,8,
2608 9,34.3984267,132.4714152,9,
2608 9,34.3984518,132.4713487,10,
2608 9,34.398458,132.471285,11,
2608 9,34.3983224,132.4707355,12,
2608 9,34.3982466,132.4704032,13,
2608 9,34.3982248,132.47027,14,
2608 9,34.3982014,132.469922,15,
2608 9,34.3981881,132.4697,16,
2608 9,34.3981696,132.4695788,17,
2608 9,34.3980664,132.469312,18,
2608 9,34.3980151,132.4692471,19,
2608 9,34.3980303,132.4691439,20,
2608 9,34.3980404,132.4690142,21,
2608 9,34.3981703,132.4684381,22,
2608 9,34.3984036,132.4674215,23,
2608 9,34.398528,132.4669009,24,
2608 9,34.3986485,132.4664,25,
2608 9,34.3987673,132.4658956,26,
2608 9,34.3989335,132.4651719,27,
2608 9,34.3984341,132.4650158,28,
2608 9,34.398274,132.4649733,29,
2608 9,34.3982168,132.4649845,30,
2608 9,34.3980226,132.4649174,31,
2608 9,34.3970393,132.464584,32,
2608 9,34.3959794,132.464264,33,
2608 9,34.3948839,132.4639329,34,
2608 9,34.3943902,132.4637728,35,
2608 9,34.3940306,132.4636925,36,
2608 9,34.3936797,132.4635684,37,
2608 9,34.3932375,132.4634265,38,
2608 9,34.3926675,132.4632532,39,
2608 9,34.392352,132.4631577,40,
2608 9,34.3913931,132.46286,41,
2608 9,34.3903389,132.4625474,42,
2608 9,34.3899889,132.4624259,43,
2608 9,34.3897456,132.4623493,44,
2608 9,34.3891529,132.4621614,45,
2608 9,34.3885524,132.4619908,46,
2608 9,34.3881647,132.4618901,47,
2608 9,34.387708,132.4617421,48,
2608 9,34.3873814,132.4616328,49,
2608 9,34.3863892,132.4613337,50,
2608 9,34.3859002,132.4612013,51,
2608 9,34.3856011,132.4610908,52,
2608 9,34.3854407,132.4610599,53,
2608 9,34.3851651,132.4610803,54,
2608 9,34.3844235,132.4613694,55,
2608 9,34.3843692,132.4614921,56,
2608 9,34.3843348,132.4619581,57,
2608 9,34.3842265,132.4628407,58,
2608 9,34.3841337,132.4636845,59,
2608 9,34.3840937,132.4640487,60,
2608 9,34.3839882,132.4650497,61,
2608 9,34.383856,132.466353,62,
2608 9,34.3838105,132.4665776,63,
2608 9,34.383675,132.4669197,64,
2608 9,34.383103,132.4683874,65,
2608 9,34.3829451,132.4684907,66,
2608 9,34.3827876,132.4683559,67,
2608 9,34.3827319,132.4683472,68,
2608 9,34.3820908,132.4686123,69,
2608 9,34.3813553,132.4689431,70,
2608 9,34.3807904,132.4691931,71,
2608 9,34.3803219,132.4693939,72,
2608 9,34.3801947,132.4694925,73,
2608 9,34.3799121,132.4704288,74,
2608 9,34.3795877,132.4714268,75,
2608 9,34.3792589,132.472448,76,
2608 9,34.3791157,132.472888,77,
2608 9,34.3790361,132.4731334,78,
2608 9,34.3789023,132.4735826,79,
2608 9,34.378599,132.4745698,80,
2608 9,34.3782302,132.4757284,81,
2608 9,34.3779246,132.4766993,82,
2608 9,34.3777324,132.4766777,83,
2608 9,34.3774058,132.476609,84,
2608 9,34.3769077,132.4765161,85,
2608 9,34.3766393,132.4766379,86,
2608 9,34.3761286,132.4768786,87,
2608 9,34.3758743,132.4770023,88,
2608 9,34.3756167,132.4771179,89,
2608 9,34.3751109,132.4773456,90,
2608 9,34.374614,132.4775786,91,
2608 9,34.3740951,132.4778189,92,
2608 9,34.3735797,132.4780647,93,
2608 9,34.3730432,132.4783153,94,
2608 9,34.3729206,132.4783532,95,
2608 9,34.3728372,132.4783292,96,
2608 9,34.3727848,132.4782811,97,
2608 9,34.3726601,132.4780609,98,
2608 9,34.3725222,132.4777709,99,
2608 9,34.3724712,132.4776063,100,
2608 9,34.3723855,132.4772198,101,
2608 9,34.3723828,132.4770639,102,
2608 9,34.3723795,132.4769236,103,
2608 9,34.3724232,132.4765552,104,
2608 9,34.3724871,132.4760039,105,
2608 9,34.3725429,132.4755217,106,
2608 9,34.3726038,132.4754935,107,
2608 9,34.3728887,132.475558,108,
2702 0,34.3960899,132.4580822,1,
2702 0,34.3953567,132.457799,2,
2702 0,34.3950234,132.4590822,3,
2702 0,34.3947568,132.4600655,4,
2702 0,34.3945901,132.4606821,5,
2702 0,34.3944401,132.461232,6,
2702 0,34.3941402,132.462432,7,
2702 0,34.3938402,132.4636319,8,
2702 0,34.3935403,132.4648151,9,
2702 0,34.393407,132.4654651,10,
2702 0,34.393357,132.466215,11,
2702 0,34.3932904,132.4670816,12,
2702 0,34.3931071,132.4684982,13,
2702 0,34.3929404,132.4695314,14,
2702 0,34.3927905,132.4706313,15,
2702 0,34.3926738,132.4714479,16,
2702 0,34.3927238,132.4717479,17,
2702 0,34.3928905,132.4718812,18,
2702 0,34.3937071,132.4725311,19,
2702 0,34.3947237,132.473331,20,
2702 0,34.3963902,132.4746642,21,
2702 0,34.3967734,132.4739642,22,
2702 0,34.3978733,132.471931,23,
2702 0,34.3986065,132.4713144,24,
2702 0,34.3993898,132.4708477,25,
2702 0,34.4004063,132.470231,26,
2702 0,34.4011896,132.469781,27,
2702 0,34.4013062,132.4697144,28,
2702 0,34.4023561,132.4691144,29,
2702 0,34.4031393,132.4686477,30,
2702 0,34.4035226,132.4695143,31,
2702 0,34.4033727,132.4699309,32,
2702 0,34.4030394,132.4706142,33,
2702 0,34.4026728,132.4713308,34,
2702 0,34.4015896,132.4725141,35,
2702 0,34.4010063,132.4731974,36,
2702 0,34.4004397,132.474214,37,
2702 0,34.4000731,132.4749473,38,
2702 0,34.3987066,132.4776305,39,
2702 0,34.3985489,132.4778253,40,
2702 0,34.3982357,132.47834,41,
2702 0,34.3979523,132.4788828,42,
2702 0,34.3973735,132.479947,43,
2702 0,34.3972456,132.4804091,44,
2702 0,34.3971635,132.4807107,45,
2702 0,34.3971201,132.4810243,46,
2702 0,34.3970102,132.481945,47,
2702 0,34.3969641,132.4823216,48,
2702 0,34.3969445,132.4827102,49,
2702 0,34.3968736,132.4832301,50,
2702 0,34.396868,132.4833377,51,
2702 0,34.3969498,132.483586,52,
2702 0,34.3970569,132.4839634,53,
2702 0,34.3973402,132.4850799,54,
2702 0,34.3976402,132.4861798,55,
2702 0,34.3981069,132.4860298,56,
2702 0,34.3987401,132.4862964,57,
2702 0,34.3994057,132.4865414,58,
2702 0,34.3996468,132.4866925,59,
2702 0,34.400415,132.4873323,60,
2702 0,34.400548,132.4874653,61,
2702 0,34.4006899,132.4875962,62,
2702 0,34.4013138,132.4882369,63,
2702 0,34.4016224,132.4886393,64,
2702 0,34.4017905,132.4888142,65,
2702 0,34.4019675,132.4889798,66,
2702 0,34.4023231,132.489246,67,
2702 0,34.4028325,132.4895085,68,
2702 0,34.4032564,132.4896959,69,
2702 0,34.403923,132.4896126,70,
2702 0,34.4040729,132.4896792,71,
2702 0,34.4042289,132.4899282,72,
2702 0,34.4043396,132.4901959,73,
2702 0,34.4045824,132.4907858,74,
2702 0,34.4048362,132.4912771,75,
2702 0,34.4049341,132.4922172,76,
2702 0,34.4053225,132.4928318,77,
2702 0,34.4056451,132.4933863,78,
2702 0,34.4058162,132.4936126,79,
2702 0,34.405995,132.4938255,80,
2702 0,34.406123,132.4939451,81,
2702 0,34.4062642,132.4940392,82,
2702 0,34.4065189,132.4942832,83,
2702 0,34.407056,132.4947287,84,
2702 0,34.4073098,132.4949612,85,
2702 0,34.4075357,132.4952474,86,
2702 0,34.4076727,132.4956452,87,
2702 0,34.4078893,132.4961785,88,
2702 0,34.4081393,132.4967118,89,
2702 0,34.4082527,132.4970696,90,
2702 0,34.4083117,132.4971392,91,
2702 0,34.4084769,132.497245,92,
2702 0,34.4083144,132.4972941,93,
2702 0,34.4082582,132.4974577,94,
2702 0,34.4082482,132.4979557,95,
2702 0,34.4082558,132.4984236,96,
2702 0,34.4084626,132.498595,97,
2702 0,34.4085388,132.4985908,98,
2702 0,34.4096047,132.4983208,99,
2702 0,34.4099626,132.4982407,100,
2702 0,34.4106369,132.4981767,101,
2702 0,34.4109938,132.4981558,102,
2702 0,34.4113495,132.4980973,103,
2702 0,34.4116054,132.4979418,104,
2702 0,34.4119676,132.4976589,105,
2702 0,34.4122838,132.4974417,106,
2702 0,34.4126637,132.497248,107,
2702 0,34.4127468,132.4972534,108,
2702 0,34.4128321,132.4972494,109,
2702 0,34.4132604,132.497389,110,
2702 0,34.4136804,132.4975332,111,
2702 0,34.4142597,132.4976446,112,
2702 0,34.4146408,132.4976626,113,
2702 0,34.415013,132.4976922,114,
2702 0,34.415383,132.4977458,115,
2702 0,34.4158468,132.4978431,116,
2702 0,34.4160346,132.4978744,117,
2702 0,34.4162201,132.4978842,118,
2702 0,34.4163218,132.497867,119,
2702 0,34.4165967,132.4977979,120,
2702 0,34.416866,132.4976912,121,
2702 0,34.4170933,132.4975745,122,
2702 0,34.4174478,132.4973983,123,
2702 0,34.4185505,132.4967572,124,
2702 0,34.4190057,132.4964848,125,
2702 0,34.4194649,132.4962069,126,
2702 0,34.4205862,132.495611,127,
2702 0,34.4209242,132.4954206,128,
2702 0,34.4210885,132.4952985,129,
2702 0,34.4212495,132.4951709,130,
2702 0,34.4215699,132.495082,131,
2702 0,34.4218836,132.4949742,132,
2702 0,34.4223377,132.494728,133,
2702 0,34.4228727,132.4946047,134,
2702 0,34.4232196,132.49453,135,
2702 0,34.423569,132.4944597,136,
2702 0,34.4240211,132.4944186,137,
2702 0,34.4241398,132.4946886,138,
2702 0,34.4244296,132.4948757,139,
2702 0,34.4244579,132.4950515,140,
2702 0,34.4244264,132.4952219,141,
2702 0,34.4241876,132.4955778,142,
2702 0,34.4240482,132.4957781,143,
2702 0,34.4239286,132.4959865,144,
2702 0,34.4238308,132.4966412,145,
2702 0,34.4237614,132.4970982,146,
2702 0,34.423682,132.4975592,147,
2702 0,34.4236343,132.497992,148,
2702 0,34.4236242,132.4984276,149,
2702 0,34.4236454,132.4990132,150,
2702 0,34.4238054,132.4991029,151,
2702 0,34.4241304,132.4990981,152,
2702 0,34.4245475,132.4990874,153,
2702 0,34.4249008,132.4990846,154,
2702 0,34.4258918,132.4992746,155,
2702 0,34.4264176,132.4993565,156,
2702 0,34.4265295,132.4993178,157,
2702 0,34.4266325,132.4992495,158,
2702 0,34.426854,132.4990941,159,
2702 0,34.4271084,132.4990534,160,
2702 0,34.4273567,132.4990261,161,
2702 0,34.4274739,132.4989982,162,
2702 0,34.4285216,132.498564,163,
2702 0,34.4295704,132.498144,164,
2702 0,34.4306058,132.4977181,165,
2702 0,34.4308919,132.4976095,166,
2702 0,34.4317551,132.4972628,167,
2702 0,34.4321867,132.4970607,168,
2702 0,34.4323034,132.4968107,169,
2702 0,34.4321701,132.496794,170,
2702 9,34.4321701,132.496794,1,
2702 9,34.4323145,132.4968233,2,
2702 9,34.4322279,132.4970014,3,
2702 9,34.4320957,132.4971275,4,
2702 9,34.4312369,132.4974936,5,
2702 9,34.4304803,132.4977936,6,
2702 9,34.4294282,132.4982181,7,
2702 9,34.4288705,132.498445,8,
2702 9,34.4283184,132.498676,9,
2702 9,34.4274284,132.4990348,10,
2702 9,34.4271285,132.4990682,11,
2702 9,34.4268618,132.4991182,12,
2702 9,34.4265375,132.4993367,13,
2702 9,34.4263786,132.4993867,14,
2702 9,34.4262141,132.4993575,15,
2702 9,34.4254986,132.4992245,16,
2702 9,34.4247831,132.4991062,17,
2702 9,34.4236042,132.4991411,18,
2702 9,34.4235976,132.498449,19,
2702 9,34.4236009,132.4979711,20,
2702 9,34.4237398,132.497,21,
2702 9,34.4239232,132.4959406,22,
2702 9,34.4243686,132.495274,23,
2702 9,34.4244008,132.4952002,24,
2702 9,34.4244174,132.495121,25,
2702 9,34.4244033,132.4949708,26,
2702 9,34.424167,132.4947429,27,
2702 9,34.4239972,132.494448,28,
2702 9,34.4236575,132.4944672,29,
2702 9,34.4233288,132.4945187,30,
2702 9,34.4230788,132.4945854,31,
2702 9,34.4225111,132.4947069,32,
2702 9,34.4222417,132.4947953,33,
2702 9,34.4219889,132.4949388,34,
2702 9,34.4218272,132.4950144,35,
2702 9,34.4216589,132.4950712,36,
2702 9,34.4213301,132.4951808,37,
2702 9,34.4206958,132.4955854,38,
2702 9,34.4204528,132.4956785,39,
2702 9,34.4202098,132.4958145,40,
2702 9,34.4197382,132.4960932,41,
2702 9,34.4191021,132.4964585,42,
2702 9,34.418465,132.4968411,43,
2702 9,34.4174706,132.4974032,44,
2702 9,34.416654,132.4978119,45,
2702 9,34.4162463,132.4979145,46,
2702 9,34.4151242,132.4977433,47,
2702 9,34.4149636,132.4977233,48,
2702 9,34.4148008,132.497714,49,
2702 9,34.4139232,132.4976267,50,
2702 9,34.4130488,132.4973528,51,
2702 9,34.4128438,132.4972927,52,
2702 9,34.41263,132.4973023,53,
2702 9,34.4122935,132.4974748,54,
2702 9,34.4119724,132.4976849,55,
2702 9,34.4115124,132.4980402,56,
2702 9,34.4112341,132.4981454,57,
2702 9,34.4109491,132.4981849,58,
2702 9,34.4099136,132.4982857,59,
2702 9,34.4085027,132.4986361,60,
2702 9,34.4082469,132.4984196,61,
2702 9,34.4082471,132.4974724,62,
2702 9,34.4083144,132.4972941,63,
2702 9,34.4083607,132.4972377,64,
2702 9,34.4082438,132.4970998,65,
2702 9,34.4081471,132.4968025,66,
2702 9,34.4077638,132.4959693,67,
2702 9,34.4074919,132.4952596,68,
2702 9,34.4073456,132.4950492,69,
2702 9,34.4071639,132.4948361,70,
2702 9,34.406864,132.4946122,71,
2702 9,34.406585,132.4943628,72,
2702 9,34.406315,132.4941087,73,
2702 9,34.4060128,132.4938788,74,
2702 9,34.4056191,132.4933943,75,
2702 9,34.4051665,132.492664,76,
2702 9,34.4048783,132.4921436,77,
2702 9,34.4048684,132.4917514,78,
2702 9,34.4048307,132.4913698,79,
2702 9,34.4047521,132.4911304,80,
2702 9,34.4045141,132.4907032,81,
2702 9,34.4041474,132.4897866,82,
2702 9,34.4039641,132.4896367,83,
2702 9,34.4036319,132.4896696,84,
2702 9,34.4032142,132.4897034,85,
2702 9,34.4026604,132.4894412,86,
2702 9,34.4021198,132.4891448,87,
2702 9,34.4017475,132.4888167,88,
2702 9,34.4011953,132.4881681,89,
2702 9,34.4007827,132.4877212,90,
2702 9,34.4003446,132.4873051,91,
2702 9,34.3998823,132.4868979,92,
2702 9,34.3994362,132.486626,93,
2702 9,34.3989813,132.4864038,94,
2702 9,34.3981313,132.4860539,95,
2702 9,34.3976137,132.4862119,96,
2702 9,34.397487,132.4857067,97,
2702 9,34.3972314,132.4847541,98,
2702 9,34.3970608,132.4840594,99,
2702 9,34.3968648,132.4833875,100,
2702 9,34.3967953,132.4832261,101,
2702 9,34.3968044,132.4830446,102,
2702 9,34.3968314,132.4826709,103,
2702 9,34.3968814,132.4823209,104,
2702 9,34.396998,132.4813377,105,
2702 9,34.3970697,132.4809127,106,
2702 9,34.3970896,132.4806968,107,
2702 9,34.3971376,132.4804743,108,
2702 9,34.3974313,132.4796711,109,
2702 9,34.3979312,132.4787045,110,
2702 9,34.3983696,132.4778752,111,
2702 9,34.3989311,132.4768213,112,
2702 9,34.399481,132.4757714,113,
2702 9,34.4000143,132.4747214,114,
2702 9,34.4004975,132.4738215,115,
2702 9,34.4009147,132.4730784,116,
2702 9,34.4021307,132.4717882,117,
2702 9,34.4026806,132.4711883,118,
2702 9,34.4034805,132.469455,119,
2702 9,34.4033088,132.4690808,120,
2702 9,34.4032179,132.4689064,121,
2702 9,34.4031138,132.4687884,122,
2702 9,34.4027805,132.4689718,123,
2702 9,34.4015974,132.4696884,124,
2702 9,34.4006641,132.4702384,125,
2702 9,34.4004164,132.4703729,126,
2702 9,34.3993643,132.4710051,127,
2702 9,34.398531,132.4714884,128,
2702 9,34.3978978,132.4721051,129,
2702 9,34.3973979,132.4729717,130,
2702 9,34.3971979,132.473355,131,
2702 9,34.3969479,132.4738216,132,
2702 9,34.396348,132.4748549,133,
2702 9,34.3954148,132.4741717,134,
2702 9,34.3940815,132.4731218,135,
2702 9,34.392615,132.471922,136,
2702 9,34.3925817,132.4711054,137,
2702 9,34.3926983,132.4705054,138,
2702 9,34.3928316,132.4695055,139,
2702 9,34.3929816,132.4684556,140,
2702 9,34.3931149,132.467339,141,
2702 9,34.3931815,132.4665057,142,
2702 9,34.3932482,132.4654725,143,
2702 9,34.3935814,132.4639393,144,
2702 9,34.3938981,132.462756,145,
2702 9,34.3941313,132.4618061,146,
2702 9,34.3943313,132.4610062,147,
2702 9,34.3948646,132.4590063,148,
2702 9,34.3952812,132.4576397,149,
2702 9,34.3971476,132.4582563,150,
2801 0,34.3739235,132.3944698,1,
2801 0,34.373847,132.3944019,2,
2801 0,34.3737688,132.3942089,3,
2801 0,34.3736669,132.3939758,4,
2801 0,34.3736914,132.3938208,5,
2801 0,34.3736024,132.3936135,6,
2801 0,34.3722253,132.3943705,7,
2801 0,34.3717903,132.3946493,8,
2801 0,34.3713137,132.394938,9,
2801 0,34.3706671,132.3952999,10,
2801 0,34.3702261,132.3955501,11,
2801 0,34.3698773,132.3957455,12,
2801 0,34.3693884,132.3960326,13,
2801 0,34.3687885,132.396392,14,
2801 0,34.3682641,132.3967066,15,
2801 0,34.3681695,132.396838,16,
2801 0,34.3680886,132.3969797,17,
2801 0,34.3680819,132.3970851,18,
2801 0,34.3680929,132.3971904,19,
2801 0,34.3682386,132.3976463,20,
2801 0,34.3685053,132.3983463,21,
2801 0,34.3688219,132.3991128,22,
2801 0,34.3691885,132.4000294,23,
2801 0,34.3696819,132.4012734,24,
2801 0,34.3702117,132.4025995,25,
2801 0,34.3700383,132.4028832,26,
2801 0,34.3698871,132.4031803,27,
2801 0,34.3697727,132.4034661,28,
2801 0,34.3691851,132.4045572,29,
2801 0,34.3686519,132.4055663,30,
2801 0,34.3681409,132.4065517,31,
2801 0,34.3674888,132.4078284,32,
2801 0,34.3679281,132.4081578,33,
2801 0,34.3681343,132.4083061,34,
2801 0,34.3683627,132.4084209,35,
2801 0,34.3684888,132.4085161,36,
2801 0,34.3689959,132.4088979,37,
2801 0,34.3695048,132.4092886,38,
2801 0,34.369618,132.4093789,39,
2801 0,34.3698063,132.4095806,40,
2801 0,34.3700395,132.4097494,41,
2801 0,34.3704515,132.4100637,42,
2801 0,34.370649,132.4101593,43,
2801 0,34.3707462,132.4101824,44,
2801 0,34.3708502,132.4101952,45,
2801 0,34.3709675,132.4101858,46,
2801 0,34.3713103,132.4101139,47,
2801 0,34.3717563,132.40996,48,
2801 0,34.3719037,132.4098989,49,
2801 0,34.3721404,132.4097948,50,
2801 0,34.3724145,132.4096447,51,
2801 0,34.3726888,132.4094853,52,
2801 0,34.3729688,132.4093005,53,
2801 0,34.3732305,132.4091155,54,
2801 0,34.3734998,132.4089225,55,
2801 0,34.3740309,132.408534,56,
2801 0,34.3745797,132.4081025,57,
2801 0,34.3745451,132.4079635,58,
2801 0,34.3741017,132.4068326,59,
2801 0,34.37397,132.4065263,60,
2801 0,34.3738537,132.4062181,61,
2801 0,34.3735001,132.4064372,62,
2801 0,34.3733638,132.4061481,63,
2801 9,34.3733638,132.4061481,1,
2801 9,34.3735001,132.4064372,2,
2801 9,34.3738469,132.4062225,3,
2801 9,34.3734775,132.4052924,4,
2801 9,34.3731491,132.4044715,5,
2801 9,34.3730297,132.4043608,6,
2801 9,34.3729389,132.4043253,7,
2801 9,34.3727707,132.4043165,8,
2801 9,34.372411,132.4045029,9,
2801 9,34.3722224,132.4045684,10,
2801 9,34.372025,132.4046123,11,
2801 9,34.3718097,132.4046235,12,
2801 9,34.3715856,132.404597,13,
2801 9,34.3712634,132.4044811,14,
2801 9,34.3710288,132.4043205,15,
2801 9,34.3708335,132.4041384,16,
2801 9,34.3706888,132.4039371,17,
2801 9,34.3705679,132.4037311,18,
2801 9,34.3704665,132.403469,19,
2801 9,34.3703668,132.403231,20,
2801 9,34.3697905,132.4017766,21,
2801 9,34.3692053,132.4003248,22,
2801 9,34.3690641,132.3999681,23,
2801 9,34.368883,132.3995168,24,
2801 9,34.3686792,132.3990016,25,
2801 9,34.3684253,132.398385,26,
2801 9,34.3682503,132.3979497,27,
2801 9,34.3680553,132.3975297,28,
2801 9,34.367922,132.3971131,29,
2801 9,34.3678164,132.3967687,30,
2801 9,34.3682629,132.3965141,31,
2801 9,34.3689185,132.3961187,32,
2801 9,34.3695773,132.395738,33,
2801 9,34.370015,132.3955075,34,
2801 9,34.3704504,132.3952219,35,
2801 9,34.3712149,132.3947848,36,
2801 9,34.3716981,132.3945208,37,
2801 9,34.3723136,132.394138,38,
2801 9,34.3726125,132.3939639,39,
2801 9,34.3729878,132.3937429,40,
2801 9,34.3735552,132.3933898,41,
2801 9,34.3736949,132.3937014,42,
2801 9,34.3738379,132.394013,43,
2802 0,34.3739462,132.3939736,1,
2802 0,34.3739975,132.3941006,2,
2802 0,34.3740482,132.3942088,3,
2802 0,34.3740807,132.3943278,4,
2802 0,34.374076,132.3943853,5,
2802 0,34.374046,132.3944349,6,
2802 0,34.3739689,132.3944871,7,
2802 0,34.3738735,132.3944367,8,
2802 0,34.3738578,132.394416,9,
2802 0,34.3738426,132.3943825,10,
2802 0,34.3738274,132.3943432,11,
2802 0,34.3738167,132.3943168,12,
2802 0,34.3737876,132.3942593,13,
2802 0,34.3737449,132.3941358,14,
2802 0,34.37367,132.3939656,15,
2802 0,34.3736914,132.3938208,16,
2802 0,34.3736202,132.393617,17,
2802 0,34.3735949,132.393548,18,
2802 0,34.3735718,132.3934789,19,
2802 0,34.37357,132.3933622,20,
2802 0,34.3739613,132.3931655,21,
2802 0,34.3743437,132.3930332,22,
2802 0,34.375123,132.3926211,23,
2802 0,34.3759108,132.3922052,24,
2802 0,34.3763075,132.3919953,25,
2802 0,34.3765092,132.3918869,26,
2802 0,34.376718,132.3917893,27,
2802 0,34.3771544,132.3915736,28,
2802 0,34.3773692,132.3914698,29,
2802 0,34.3775653,132.3913244,30,
2802 0,34.377683,132.3911545,31,
2802 0,34.3778007,132.3909812,32,
2802 0,34.3778598,132.3908339,33,
2802 0,34.3779124,132.3906718,34,
2802 0,34.3779885,132.3903092,35,
2802 0,34.3780473,132.3899339,36,
2802 0,34.3780751,132.3897516,37,
2802 0,34.3780907,132.38956,38,
2802 0,34.3781148,132.3893332,39,
2802 0,34.3781268,132.3890837,40,
2802 0,34.3781208,132.388598,41,
2802 0,34.3781169,132.3883057,42,
2802 0,34.3780969,132.3879483,43,
2802 0,34.3782596,132.3879144,44,
2802 0,34.378306,132.3879134,45,
2802 0,34.3783824,132.3879634,46,
2802 0,34.3784429,132.388023,47,
2802 0,34.3787281,132.3886124,48,
2802 0,34.379055,132.3892834,49,
2802 0,34.3793933,132.3899539,50,
2802 0,34.3795669,132.3902878,51,
2802 0,34.3796869,132.3905345,52,
2802 0,34.3797261,132.3906244,53,
2802 0,34.379758,132.3907114,54,
2802 0,34.37979,132.3909313,55,
2802 0,34.3798488,132.3912423,56,
2802 0,34.3799499,132.3917268,57,
2802 0,34.3801005,132.3922014,58,
2802 0,34.3801872,132.3924011,59,
2802 0,34.3802805,132.3925941,60,
2802 0,34.3804266,132.3928361,61,
2802 0,34.3805772,132.393058,62,
2802 0,34.3808183,132.3933358,63,
2802 0,34.380933,132.3934937,64,
2802 0,34.3810622,132.3936048,65,
2802 0,34.3814649,132.3939094,66,
2802 0,34.3818394,132.3941242,67,
2802 0,34.3822276,132.3943134,68,
2802 0,34.3824654,132.3943959,69,
2802 0,34.3828536,132.3944959,70,
2802 0,34.3831108,132.3945323,71,
2802 0,34.3833708,132.3945539,72,
2802 0,34.383461,132.3945478,73,
2802 0,34.3837405,132.3944907,74,
2802 0,34.3841151,132.3943966,75,
2802 0,34.3841974,132.3944001,76,
2802 0,34.3843871,132.3944291,77,
2802 0,34.3845275,132.3944641,78,
2802 0,34.3846535,132.3945125,79,
2802 0,34.3847793,132.394587,80,
2802 0,34.3849217,132.3947177,81,
2802 0,34.3852309,132.3950242,82,
2802 0,34.3851955,132.3951359,83,
2802 0,34.3849245,132.3952282,84,
2802 0,34.3846596,132.3953439,85,
2802 0,34.3838991,132.3956519,86,
2802 0,34.3832813,132.3959148,87,
2802 0,34.3824989,132.3962264,88,
2802 0,34.3821869,132.3962869,89,
2802 0,34.3820265,132.3963131,90,
2802 0,34.3818705,132.3963125,91,
2802 0,34.3816721,132.3963043,92,
2802 0,34.3814672,132.3962773,93,
2802 0,34.3811967,132.3962244,94,
2802 0,34.3809628,132.3961233,95,
2802 0,34.3807323,132.3960147,96,
2802 0,34.3805284,132.395898,97,
2802 0,34.3803144,132.395734,98,
2802 0,34.3800451,132.395476,99,
2802 0,34.3798151,132.3952006,100,
2802 0,34.379354,132.3945294,101,
2802 0,34.3788874,132.3938295,102,
2802 0,34.3783041,132.3929629,103,
2802 0,34.3775042,132.3917297,104,
2802 0,34.3773931,132.3916581,105,
2802 0,34.377267,132.3916307,106,
2802 0,34.3765659,132.3919579,107,
2802 0,34.3762873,132.3921029,108,
2802 0,34.376012,132.3922553,109,
2802 0,34.3748167,132.3928619,110,
2802 0,34.3743081,132.3931445,111,
2802 0,34.3741938,132.3932656,112,
2802 0,34.3736324,132.3935611,113,
2802 0,34.3737285,132.3938092,114,
2802 0,34.3738341,132.3938312,115,
2802 0,34.3739066,132.3938749,116,
2906 0,34.463048,132.5619617,1,
2906 0,34.4629725,132.5621327,2,
2906 0,34.4625237,132.561868,3,
2906 0,34.4621055,132.5617069,4,
2906 0,34.4619495,132.5616409,5,
2906 0,34.4618648,132.5615951,6,
2906 0,34.4617531,132.561502,7,
2906 0,34.4615774,132.5612788,8,
2906 0,34.4612082,132.5606104,9,
2906 0,34.4610455,132.5603028,10,
2906 0,34.4604229,132.5591953,11,
2906 0,34.4596541,132.5578137,12,
2906 0,34.4594316,132.5573789,13,
2906 0,34.4592637,132.5570893,14,
2906 0,34.4592483,132.5569956,15,
2906 0,34.459215,132.5567456,16,
2906 0,34.4592615,132.5554729,17,
2906 0,34.4592816,132.5552124,18,
2906 0,34.4592811,132.5550359,19,
2906 0,34.4592385,132.554854,20,
2906 0,34.4591187,132.5545846,21,
2906 0,34.4589617,132.5542805,22,
2906 0,34.4582447,132.5528922,23,
2906 0,34.4579027,132.5523748,24,
2906 0,34.4568866,132.5508547,25,
2906 0,34.4568406,132.5507753,26,
2906 0,34.4563235,132.5496154,27,
2906 0,34.4555262,132.5484183,28,
2906 0,34.4553207,132.5479271,29,
2906 0,34.4551425,132.5475185,30,
2906 0,34.4545164,132.545832,31,
2906 0,34.4543088,132.5452552,32,
2906 0,34.454032,132.5444968,33,
2906 0,34.4539625,132.5442807,34,
2906 0,34.4538266,132.5440136,35,
2906 0,34.4534891,132.5434817,36,
2906 0,34.4521187,132.5412158,37,
2906 0,34.4518382,132.5407669,38,
2906 0,34.45154,132.5403193,39,
2906 0,34.450348,132.5386601,40,
2906 0,34.4489157,132.5367644,41,
2906 0,34.4486256,132.5363809,42,
2906 0,34.4483702,132.5360133,43,
2906 0,34.4481158,132.5355979,44,
2906 0,34.4479241,132.5353528,45,
2906 0,34.4476992,132.5351479,46,
2906 0,34.4463194,132.5341268,47,
2906 0,34.4461349,132.5340104,48,
2906 0,34.4458439,132.5338422,49,
2906 0,34.4455772,132.5337456,50,
2906 0,34.445305,132.5336884,51,
2906 0,34.4449628,132.5337005,52,
2906 0,34.4441246,132.5338143,53,
2906 0,34.4437109,132.5338699,54,
2906 0,34.4433998,132.5338505,55,
2906 0,34.4433496,132.5335982,56,
2906 0,34.4432984,132.533484,57,
2906 0,34.4424891,132.5331637,58,
2906 0,34.4420279,132.5329287,59,
2906 0,34.4407624,132.5320006,60,
2906 0,34.4404136,132.5317685,61,
2906 0,34.4399307,132.5314463,62,
2906 0,34.4397107,132.5312223,63,
2906 0,34.4389566,132.5300746,64,
2906 0,34.4388432,132.5299535,65,
2906 0,34.4384287,132.5296806,66,
2906 0,34.4382213,132.5295708,67,
2906 0,34.4378137,132.5293757,68,
2906 0,34.4375502,132.5291989,69,
2906 0,34.4373502,132.5290322,70,
2906 0,34.4371664,132.5288344,71,
2906 0,34.4369169,132.5285656,72,
2906 0,34.4368335,132.5284323,73,
2906 0,34.4367352,132.5282356,74,
2906 0,34.4365324,132.5276407,75,
2906 0,34.4363925,132.5273738,76,
2906 0,34.4362878,132.5271912,77,
2906 0,34.4359926,132.5268072,78,
2906 0,34.435617,132.5263492,79,
2906 0,34.4354337,132.5260992,80,
2906 0,34.4352537,132.5258366,81,
2906 0,34.4350504,132.525566,82,
2906 0,34.4344747,132.5248923,83,
2906 0,34.4342324,132.5245801,84,
2906 0,34.4341476,132.5244375,85,
2906 0,34.4340618,132.5241372,86,
2906 0,34.4339914,132.52381,87,
2906 0,34.4339004,132.5234608,88,
2906 0,34.4337838,132.5231996,89,
2906 0,34.4336338,132.5229996,90,
2906 0,34.433037,132.5224162,91,
2906 0,34.4328804,132.5223146,92,
2906 0,34.4326997,132.5222741,93,
2906 0,34.4325335,132.5222829,94,
2906 0,34.4323764,132.5223365,95,
2906 0,34.4321735,132.5224517,96,
2906 0,34.4316912,132.5228787,97,
2906 0,34.4315416,132.5229474,98,
2906 0,34.4314579,132.522959,99,
2906 0,34.431377,132.5229471,100,
2906 0,34.431261,132.522893,101,
2906 0,34.4308135,132.5225126,102,
2906 0,34.4306602,132.5223167,103,
2906 0,34.4305689,132.5220992,104,
2906 0,34.4305176,132.521914,105,
2906 0,34.4304454,132.5218186,106,
2906 0,34.4300151,132.5215309,107,
2906 0,34.4294061,132.5209237,108,
2906 0,34.4287148,132.520127,109,
2906 0,34.4282856,132.5196226,110,
2906 0,34.4279129,132.5191442,111,
2906 0,34.4276181,132.5189496,112,
2906 0,34.4274011,132.5187835,113,
2906 0,34.4272127,132.5185715,114,
2906 0,34.4269803,132.5183152,115,
2906 0,34.4267712,132.5181183,116,
2906 0,34.4259806,132.5172573,117,
2906 0,34.4256149,132.5169794,118,
2906 0,34.4254269,132.5168292,119,
2906 0,34.4252869,132.5166656,120,
2906 0,34.4251676,132.5164703,121,
2906 0,34.4250715,132.5162155,122,
2906 0,34.4249603,132.516014,123,
2906 0,34.4248071,132.5158661,124,
2906 0,34.4246058,132.5157989,125,
2906 0,34.424389,132.5157602,126,
2906 0,34.424235,132.5156498,127,
2906 0,34.4241449,132.5155394,128,
2906 0,34.4238347,132.5150507,129,
2906 0,34.4237473,132.5148249,130,
2906 0,34.4235353,132.5139715,131,
2906 0,34.4233992,132.5136996,132,
2906 0,34.42287,132.5130771,133,
2906 0,34.4225712,132.5128132,134,
2906 0,34.4223674,132.5127698,135,
2906 0,34.421934,132.5128215,136,
2906 0,34.4217619,132.5127985,137,
2906 0,34.4215323,132.5125868,138,
2906 0,34.4208427,132.5120407,139,
2906 0,34.4197398,132.5112899,140,
2906 0,34.4196364,132.5112205,141,
2906 0,34.4195419,132.5111418,142,
2906 0,34.419043,132.5106474,143,
2906 0,34.417745,132.5099173,144,
2906 0,34.4172299,132.5095423,145,
2906 0,34.4169187,132.5093848,146,
2906 0,34.4165033,132.5092737,147,
2906 0,34.4161656,132.5091977,148,
2906 0,34.4157546,132.5090621,149,
2906 0,34.4156688,132.5090016,150,
2906 0,34.4151762,132.508671,151,
2906 0,34.4149956,132.5085844,152,
2906 0,34.4146123,132.5085271,153,
2906 0,34.4144249,132.5085249,154,
2906 0,34.4141822,132.5086005,155,
2906 0,34.4130417,132.5094429,156,
2906 0,34.4128691,132.509135,157,
2906 0,34.4127902,132.5089318,158,
2906 0,34.412174,132.5077771,159,
2906 0,34.4119291,132.5073455,160,
2906 0,34.4112726,132.5058687,161,
2906 0,34.4104016,132.503974,162,
2906 0,34.4103526,132.5038189,163,
2906 0,34.410336,132.5037689,164,
2906 0,34.4102359,132.5029023,165,
2906 0,34.4100407,132.5025284,166,
2906 0,34.4099727,132.5022034,167,
2906 0,34.4099117,132.5020254,168,
2906 0,34.409509,132.5017201,169,
2906 0,34.4094272,132.5015636,170,
2906 0,34.4087637,132.500313,171,
2906 0,34.4087361,132.5000863,172,
2906 0,34.4087484,132.4998381,173,
2906 0,34.4085129,132.4993132,174,
2906 0,34.4084652,132.4991569,175,
2906 0,34.4084496,132.4990073,176,
2906 0,34.4085,132.4988238,177,
2906 0,34.4084884,132.4986082,178,
2906 0,34.4084484,132.4984762,179,
2906 0,34.4084527,132.4983361,180,
2906 0,34.4084994,132.4974793,181,
2906 0,34.4084602,132.4973095,182,
2906 0,34.4083607,132.4972377,183,
2906 0,34.4082438,132.4970998,184,
2906 0,34.4081749,132.496906,185,
2906 0,34.408005,132.4964857,186,
2906 0,34.4078528,132.4961697,187,
2906 0,34.4076028,132.4955531,188,
2906 0,34.4074873,132.49525,189,
2906 0,34.4073422,132.4950464,190,
2906 0,34.4071639,132.4948361,191,
2906 0,34.4068495,132.494605,192,
2906 0,34.4064996,132.4942814,193,
2906 0,34.406315,132.4941087,194,
2906 0,34.4062198,132.4940333,195,
2906 0,34.4060128,132.4938788,196,
2906 0,34.4058368,132.4936778,197,
2906 0,34.4056191,132.4933943,198,
2906 0,34.4051766,132.4926837,199,
2906 0,34.4048783,132.4921436,200,
2906 0,34.4048699,132.4917622,201,
2906 0,34.4048297,132.4913613,202,
2906 0,34.4047454,132.4911152,203,
2906 0,34.4045141,132.4907032,204,
2906 0,34.4043261,132.4902379,205,
2906 0,34.4041381,132.4898047,206,
2906 0,34.4040309,132.4896913,207,
2906 0,34.4038963,132.4896575,208,
2906 0,34.4032194,132.4897053,209,
2906 0,34.4028334,132.4895344,210,
2906 0,34.4021287,132.4891481,211,
2906 0,34.4017699,132.488842,212,
2906 0,34.4014116,132.4884279,213,
2906 0,34.4010633,132.4880084,214,
2906 0,34.4007924,132.4877295,215,
2906 0,34.4004839,132.4874425,216,
2906 0,34.3998104,132.4868698,217,
2906 0,34.3995037,132.4866573,218,
2906 0,34.3992347,132.4865145,219,
2906 0,34.3981324,132.486062,220,
2906 0,34.3976137,132.4862119,221,
2906 0,34.3969569,132.4837105,222,
2906 0,34.3968068,132.4832799,223,
2906 0,34.3968037,132.4831212,224,
2906 0,34.3969058,132.4821547,225,
2906 0,34.3970519,132.4809334,226,
2906 0,34.3971536,132.4803881,227,
2906 0,34.3974036,132.4797048,228,
2906 0,34.3974869,132.4795382,229,
2906 0,34.3984077,132.477813,230,
2906 0,34.3993176,132.4760505,231,
2906 0,34.4003819,132.474032,232,
2906 0,34.4009147,132.4730784,233,
2906 0,34.4018306,132.4720903,234,
2906 0,34.4026913,132.4711856,235,
2906 0,34.4029667,132.4706103,236,
2906 0,34.4034321,132.4695667,237,
2906 0,34.4034351,132.4694244,238,
2906 0,34.4032361,132.4688388,239,
2906 0,34.4030528,132.4688055,240,
2906 0,34.4028017,132.4689476,241,
2906 0,34.4008708,132.4700756,242,
2906 0,34.3989533,132.4711888,243,
2906 0,34.3984533,132.4715055,244,
2906 0,34.3979034,132.4720721,245,
2906 0,34.3971868,132.4733554,246,
2906 0,34.3963703,132.4747886,247,
2906 0,34.3959203,132.474522,248,
2906 0,34.3946371,132.4735055,249,
2906 0,34.3933539,132.4724723,250,
2906 0,34.392523,132.4718308,251,
2906 0,34.3928039,132.4697725,252,
2906 0,34.3930872,132.467606,253,
2906 0,34.3932538,132.4654395,254,
2906 0,34.3933114,132.4651262,255,
2906 0,34.3939703,132.4624064,256,
2906 0,34.3947535,132.4594566,257,
2906 0,34.3952368,132.4575568,258,
2906 0,34.3974532,132.4583399,259,
2906 0,34.3984364,132.4587065,260,
2906 0,34.3991622,132.4590046,261,
2906 0,34.3992407,132.4589338,262,
2906 0,34.3998034,132.4567511,263,
2906 0,34.3997305,132.4565906,264,
2906 0,34.3988697,132.4563067,265,
2906 0,34.3987064,132.4563171,266,
2906 0,34.3985323,132.45636,267,
2906 0,34.3983975,132.4563689,268,
2906 0,34.3981145,132.4563414,269,
2906 0,34.3967902,132.4558448,270,
2906 0,34.396549,132.4557744,271,
2906 0,34.3962963,132.4568261,272,
2906 9,34.3960367,132.4573734,1,
2906 9,34.3963731,132.4557513,2,
2906 9,34.3965199,132.4557069,3,
2906 9,34.3967532,132.4557902,4,
2906 9,34.3973698,132.4560235,5,
2906 9,34.3981364,132.4563087,6,
2906 9,34.3984991,132.4563487,7,
2906 9,34.3986759,132.4562912,8,
2906 9,34.3988859,132.4562901,9,
2906 9,34.3997305,132.4565906,10,
2906 9,34.3999036,132.4568337,11,
2906 9,34.3996416,132.4578436,12,
2906 9,34.3993383,132.4590052,13,
2906 9,34.3992612,132.4591321,14,
2906 9,34.3990014,132.4591222,15,
2906 9,34.3979028,132.458713,16,
2906 9,34.3972631,132.4584809,17,
2906 9,34.3961503,132.4580774,18,
2906 9,34.3953534,132.4577901,19,
2906 9,34.39498,132.4592141,20,
2906 9,34.394564,132.4608119,21,
2906 9,34.3941606,132.462353,22,
2906 9,34.3937846,132.4638425,23,
2906 9,34.3934706,132.4650933,24,
2906 9,34.3934145,132.4654655,25,
2906 9,34.3932371,132.4676894,26,
2906 9,34.3929866,132.4691974,27,
2906 9,34.3927461,132.4708679,28,
2906 9,34.3926423,132.4716627,29,
2906 9,34.3936882,132.4724836,30,
2906 9,34.3946204,132.4732222,31,
2906 9,34.3956004,132.4739981,32,
2906 9,34.3962605,132.4745011,33,
2906 9,34.3963508,132.4745176,34,
2906 9,34.3964257,132.4744932,35,
2906 9,34.3967202,132.473972,36,
2906 9,34.3968535,132.4737387,37,
2906 9,34.3973834,132.4727955,38,
2906 9,34.3978701,132.4719221,39,
2906 9,34.3985366,132.4713221,40,
2906 9,34.3992253,132.4709316,41,
2906 9,34.4005542,132.4701442,42,
2906 9,34.4017594,132.4694264,43,
2906 9,34.4028027,132.4688049,44,
2906 9,34.4030861,132.4686388,45,
2906 9,34.4032959,132.4688275,46,
2906 9,34.4034647,132.4692863,47,
2906 9,34.4035014,132.4695458,48,
2906 9,34.4029862,132.470672,49,
2906 9,34.4026728,132.4713308,50,
2906 9,34.4019742,132.4720823,51,
2906 9,34.4012224,132.4728968,52,
2906 9,34.400737,132.4736437,53,
2906 9,34.3999699,132.4751051,54,
2906 9,34.39942,132.4761717,55,
2906 9,34.39892,132.477205,56,
2906 9,34.3985868,132.4777216,57,
2906 9,34.3980245,132.4786877,58,
2906 9,34.3973658,132.4798548,59,
2906 9,34.3971703,132.4804881,60,
2906 9,34.3969761,132.4820984,61,
2906 9,34.3968547,132.4833377,62,
2906 9,34.3969714,132.4836099,63,
2906 9,34.3973612,132.485124,64,
2906 9,34.3976358,132.4861736,65,
2906 9,34.3976694,132.4861765,66,
2906 9,34.3981168,132.4860211,67,
2906 9,34.3987751,132.4862828,68,
2906 9,34.3993793,132.4865339,69,
2906 9,34.3998778,132.4868653,70,
2906 9,34.4004271,132.4873525,71,
2906 9,34.4008924,132.4877818,72,
2906 9,34.4012924,132.4882177,73,
2906 9,34.4016109,132.4886319,74,
2906 9,34.4018631,132.4888945,75,
2906 9,34.4021387,132.489118,76,
2906 9,34.4023921,132.4892812,77,
2906 9,34.4032019,132.4896717,78,
2906 9,34.4033198,132.4896704,79,
2906 9,34.403923,132.4896126,80,
2906 9,34.404103,132.4897037,81,
2906 9,34.4041697,132.489787,82,
2906 9,34.4045712,132.490765,83,
2906 9,34.4048218,132.4912081,84,
2906 9,34.4048591,132.4914088,85,
2906 9,34.4049341,132.4922172,86,
2906 9,34.4054482,132.4930498,87,
2906 9,34.405662,132.4934244,88,
2906 9,34.4058337,132.4936515,89,
2906 9,34.4060508,132.4938853,90,
2906 9,34.4063257,132.4940933,91,
2906 9,34.4066338,132.4943764,92,
2906 9,34.4068822,132.4945938,93,
2906 9,34.4072468,132.4948606,94,
2906 9,34.4075357,132.4952474,95,
2906 9,34.4076971,132.4957107,96,
2906 9,34.4080511,132.4965308,97,
2906 9,34.4082527,132.4970696,98,
2906 9,34.4084769,132.497245,99,
2906 9,34.4085208,132.4974362,100,
2906 9,34.4085315,132.4976274,101,
2906 9,34.4084805,132.4984572,102,
2906 9,34.4085392,132.4986482,103,
2906 9,34.4085237,132.4988673,104,
2906 9,34.4084694,132.4991194,105,
2906 9,34.4088059,132.4998419,106,
2906 9,34.4087871,132.5002865,107,
2906 9,34.4089979,132.5007138,108,
2906 9,34.4090904,132.5008326,109,
2906 9,34.4095448,132.5016957,110,
2906 9,34.4099858,132.5020469,111,
2906 9,34.409996,132.5021748,112,
2906 9,34.4100692,132.502516,113,
2906 9,34.4102514,132.502887,114,
2906 9,34.4103593,132.5038022,115,
2906 9,34.4104823,132.5040881,116,
2906 9,34.4111859,132.5056187,117,
2906 9,34.4114359,132.5061853,118,
2906 9,34.4119313,132.5072852,119,
2906 9,34.4123525,132.5080685,120,
2906 9,34.4130138,132.5093274,121,
2906 9,34.4131011,132.5093482,122,
2906 9,34.4142742,132.5085097,123,
2906 9,34.4146356,132.5084683,124,
2906 9,34.414968,132.5085256,125,
2906 9,34.4152919,132.5086899,126,
2906 9,34.4156946,132.5090029,127,
2906 9,34.4158238,132.5090684,128,
2906 9,34.4168467,132.5093306,129,
2906 9,34.4170633,132.5094216,130,
2906 9,34.417242,132.5095259,131,
2906 9,34.4177623,132.5098876,132,
2906 9,34.4182399,132.5101692,133,
2906 9,34.4187352,132.5104346,134,
2906 9,34.4191104,132.5106642,135,
2906 9,34.419244,132.5107754,136,
2906 9,34.4195451,132.5111179,137,
2906 9,34.419794,132.5113111,138,
2906 9,34.4208212,132.5120087,139,
2906 9,34.4217652,132.5127456,140,
2906 9,34.4219422,132.5127863,141,
2906 9,34.4221294,132.5127611,142,
2906 9,34.422363,132.5127063,143,
2906 9,34.4225981,132.5127641,144,
2906 9,34.4228285,132.5129392,145,
2906 9,34.4229681,132.5131009,146,
2906 9,34.4233014,132.5134842,147,
2906 9,34.4235625,132.5139629,148,
2906 9,34.4237629,132.5147439,149,
2906 9,34.4238711,132.5150591,150,
2906 9,34.4239808,132.5152529,151,
2906 9,34.4242403,132.5156185,152,
2906 9,34.4243898,132.5157297,153,
2906 9,34.4248088,132.5158113,154,
2906 9,34.4249636,132.5159839,155,
2906 9,34.4251052,132.5162209,156,
2906 9,34.4252141,132.5165007,157,
2906 9,34.4253741,132.5167375,158,
2906 9,34.42565,132.516988,159,
2906 9,34.4260686,132.5172895,160,
2906 9,34.4264399,132.5177116,161,
2906 9,34.4267244,132.5180177,162,
2906 9,34.4270178,132.5182836,163,
2906 9,34.4272449,132.5185725,164,
2906 9,34.4274843,132.5188278,165,
2906 9,34.4279677,132.5191668,166,
2906 9,34.428272,132.5195712,167,
2906 9,34.4285298,132.5198817,168,
2906 9,34.4291859,132.5206364,169,
2906 9,34.4295845,132.5210706,170,
2906 9,34.4299175,132.5213999,171,
2906 9,34.4300232,132.5215158,172,
2906 9,34.4304774,132.5218167,173,
2906 9,34.4305558,132.5219487,174,
2906 9,34.4306728,132.5223088,175,
2906 9,34.4308532,132.5225038,176,
2906 9,34.431234,132.5228497,177,
2906 9,34.4313839,132.5229206,178,
2906 9,34.4314931,132.5229208,179,
2906 9,34.4315822,132.5228956,180,
2906 9,34.4318657,132.522706,181,
2906 9,34.4319673,132.5225997,182,
2906 9,34.4321882,132.5224027,183,
2906 9,34.4324781,132.5222706,184,
2906 9,34.4326983,132.5222311,185,
2906 9,34.4328921,132.5222936,186,
2906 9,34.4330505,132.522383,187,
2906 9,34.4332343,132.5225429,188,
2906 9,34.4336269,132.5229539,189,
2906 9,34.4338102,132.5231969,190,
2906 9,34.4339736,132.5235949,191,
2906 9,34.4340924,132.5241621,192,
2906 9,34.4341727,132.5244467,193,
2906 9,34.4345018,132.5248673,194,
2906 9,34.4347382,132.5251705,195,
2906 9,34.4353222,132.525887,196,
2906 9,34.4355881,132.5262655,197,
2906 9,34.4359669,132.5267325,198,
2906 9,34.4363196,132.5271911,199,
2906 9,34.4365455,132.5276059,200,
2906 9,34.4367382,132.5281755,201,
2906 9,34.4368624,132.5284367,202,
2906 9,34.4370168,132.5286442,203,
2906 9,34.4374261,132.5290646,204,
2906 9,34.4378069,132.5293108,205,
2906 9,34.438241,132.5294967,206,
2906 9,34.4387167,132.5298321,207,
2906 9,34.4389,132.5299589,208,
2906 9,34.43915,132.5303154,209,
2906 9,34.4395996,132.5309929,210,
2906 9,34.4399505,132.5314273,211,
2906 9,34.440421,132.5317394,212,
2906 9,34.440681,132.5318993,213,
2906 9,34.4412115,132.5322986,214,
2906 9,34.4415808,132.53257,215,
2906 9,34.4418292,132.5327569,216,
2906 9,34.4420681,132.532931,217,
2906 9,34.4426586,132.5332115,218,
2906 9,34.4433105,132.5334439,219,
2906 9,34.4434684,132.533739,220,
2906 9,34.4438144,132.5337453,221,
2906 9,34.4444695,132.5336859,222,
2906 9,34.4451147,132.5335997,223,
2906 9,34.4455865,132.5336416,224,
2906 9,34.4458013,132.5337213,225,
2906 9,34.4461034,132.5338753,226,
2906 9,34.4463912,132.5340533,227,
2906 9,34.4467045,132.5342852,228,
2906 9,34.4471492,132.5346147,229,
2906 9,34.4479397,132.5352334,230,
2906 9,34.4481468,132.5355057,231,
2906 9,34.4486347,132.5362252,232,
2906 9,34.4491201,132.5368753,233,
2906 9,34.4496599,132.5376185,234,
2906 9,34.4503534,132.5385452,235,
2906 9,34.4510115,132.5394236,236,
2906 9,34.4512655,132.5397474,237,
2906 9,34.451631,132.5402777,238,
2906 9,34.452011,132.5408082,239,
2906 9,34.4522321,132.5411972,240,
2906 9,34.4524353,132.541538,241,
2906 9,34.4527821,132.5421471,242,
2906 9,34.453382,132.5432137,243,
2906 9,34.4535806,132.5435679,244,
2906 9,34.4537658,132.5438578,245,
2906 9,34.453972,132.5442482,246,
2906 9,34.4542307,132.5449598,247,
2906 9,34.4545153,132.5457467,248,
2906 9,34.4548274,132.5466141,249,
2906 9,34.4553819,132.5480465,250,
2906 9,34.4555652,132.5484298,251,
2906 9,34.4563385,132.5495967,252,
2906 9,34.4564871,132.5498955,253,
2906 9,34.4568414,132.55072,254,
2906 9,34.4569985,132.5509628,255,
2906 9,34.4572151,132.5512937,256,
2906 9,34.4575185,132.5517564,257,
2906 9,34.4578315,132.5522154,258,
2906 9,34.4579261,132.5523627,259,
2906 9,34.4582317,132.5528293,260,
2906 9,34.4586483,132.5536459,261,
2906 9,34.459115,132.5545125,262,
2906 9,34.4592649,132.5548457,263,
2906 9,34.4593009,132.5550207,264,
2906 9,34.4592989,132.5552475,265,
2906 9,34.4592483,132.5560457,266,
2906 9,34.4592628,132.556942,267,
2906 9,34.4593816,132.5572622,268,
2906 9,34.4596983,132.5578621,269,
2906 9,34.4600149,132.5584288,270,
2906 9,34.4605594,132.559388,271,
2906 9,34.4610727,132.5603069,272,
2906 9,34.4616143,132.5612856,273,
2906 9,34.4617815,132.5615117,274,
2906 9,34.4619981,132.5616451,275,
2906 9,34.4623786,132.5617742,276,
2906 9,34.4629813,132.5620783,277,
2906 9,34.4630647,132.5619117,278,
2907 0,34.4630548,132.561953,1,
2907 0,34.4629725,132.5621327,2,
2907 0,34.4625349,132.5618711,3,
2907 0,34.4622543,132.5617594,4,
2907 0,34.4619495,132.5616409,5,
2907 0,34.4618648,132.5615951,6,
2907 0,34.4617443,132.561502,7,
2907 0,34.4615774,132.5612788,8,
2907 0,34.4610742,132.5603626,9,
2907 0,34.4605695,132.5594528,10,
2907 0,34.4599584,132.5583675,11,
2907 0,34.4592637,132.5570893,12,
2907 0,34.4592219,132.556744,13,
2907 0,34.4592418,132.5558014,14,
2907 0,34.4592825,132.5552537,15,
2907 0,34.4592811,132.5550359,16,
2907 0,34.4592262,132.5548325,17,
2907 0,34.4590717,132.5544877,18,
2907 0,34.4585285,132.5534499,19,
2907 0,34.4582419,132.5528809,20,
2907 0,34.4579027,132.5523748,21,
2907 0,34.4576042,132.5519206,22,
2907 0,34.4572441,132.5513808,23,
2907 0,34.4571231,132.5511983,24,
2907 0,34.4570474,132.5510957,25,
2907 0,34.4568866,132.5508547,26,
2907 0,34.4568301,132.5507413,27,
2907 0,34.4565336,132.5500727,28,
2907 0,34.4563235,132.5496154,29,
2907 0,34.4560766,132.5492469,30,
2907 0,34.4558456,132.5488984,31,
2907 0,34.4556379,132.548574,32,
2907 0,34.4555121,132.5483952,33,
2907 0,34.4554499,132.5482432,34,
2907 0,34.4550553,132.5473182,35,
2907 0,34.454671,132.5462612,36,
2907 0,34.4543265,132.5452927,37,
2907 0,34.4541486,132.5447968,38,
2907 0,34.4539625,132.5442807,39,
2907 0,34.453817,132.5439944,40,
2907 0,34.4535652,132.5435817,41,
2907 0,34.453279,132.5431395,42,
2907 0,34.4528101,132.5423664,43,
2907 0,34.452333,132.5415855,44,
2907 0,34.4519134,132.5408854,45,
2907 0,34.4516203,132.540444,46,
2907 0,34.4513271,132.5400312,47,
2907 0,34.450628,132.5390509,48,
2907 0,34.4503125,132.5386201,49,
2907 0,34.4495125,132.5375469,50,
2907 0,34.4487491,132.5365144,51,
2907 0,34.4484449,132.5361149,52,
2907 0,34.4482092,132.5357396,53,
2907 0,34.4479657,132.5354008,54,
2907 0,34.4476891,132.5351414,55,
2907 0,34.4474659,132.534974,56,
2907 0,34.4463972,132.5341948,57,
2907 0,34.4458835,132.5338625,58,
2907 0,34.4455861,132.5337389,59,
2907 0,34.4452953,132.5336903,60,
2907 0,34.4449628,132.5337005,61,
2907 0,34.4439695,132.533835,62,
2907 0,34.4437109,132.5338699,63,
2907 0,34.4433998,132.5338505,64,
2907 0,34.4433607,132.5336299,65,
2907 0,34.4432984,132.533484,66,
2907 0,34.4431269,132.5334067,67,
2907 0,34.4424891,132.5331637,68,
2907 0,34.4420279,132.5329287,69,
2907 0,34.4412289,132.5323398,70,
2907 0,34.4407355,132.5319793,71,
2907 0,34.4399307,132.5314463,72,
2907 0,34.4397107,132.5312223,73,
2907 0,34.4393657,132.5306901,74,
2907 0,34.4389322,132.5300445,75,
2907 0,34.4388432,132.5299535,76,
2907 0,34.4384287,132.5296806,77,
2907 0,34.4382246,132.529581,78,
2907 0,34.4378137,132.5293757,79,
2907 0,34.4375615,132.5292131,80,
2907 0,34.4373345,132.5290173,81,
2907 0,34.4371566,132.5288274,82,
2907 0,34.4369169,132.5285656,83,
2907 0,34.4368002,132.5283823,84,
2907 0,34.4367002,132.5281657,85,
2907 0,34.4365586,132.5277379,86,
2907 0,34.4365072,132.5275951,87,
2907 0,34.4364525,132.5274872,88,
2907 0,34.4363318,132.5272579,89,
2907 0,34.4361481,132.5270072,90,
2907 0,34.4356503,132.5263825,91,
2907 0,34.4352615,132.5258404,92,
2907 0,34.4350076,132.525514,93,
2907 0,34.4347392,132.5252002,94,
2907 0,34.4342324,132.5245801,95,
2907 0,34.4341398,132.5244233,96,
2907 0,34.4339759,132.5237721,97,
2907 0,34.4339054,132.5234695,98,
2907 0,34.4338171,132.5232662,99,
2907 0,34.4336338,132.5229996,100,
2907 0,34.4331568,132.5225163,101,
2907 0,34.4330471,132.5224219,102,
2907 0,34.4328804,132.5223146,103,
2907 0,34.4326997,132.5222741,104,
2907 0,34.4325484,132.5222812,105,
2907 0,34.4323764,132.5223365,106,
2907 0,34.4321926,132.5224372,107,
2907 0,34.431924,132.5226916,108,
2907 0,34.4316912,132.5228787,109,
2907 0,34.4315416,132.5229474,110,
2907 0,34.431377,132.5229471,111,
2907 0,34.4312528,132.5228843,112,
2907 0,34.4310664,132.522729,113,
2907 0,34.4308135,132.5225126,114,
2907 0,34.4306573,132.5223069,115,
2907 0,34.4305624,132.5220853,116,
2907 0,34.4305176,132.521914,117,
2907 0,34.4304454,132.5218186,118,
2907 0,34.430022,132.5215372,119,
2907 0,34.4298139,132.521331,120,
2907 0,34.4294061,132.5209237,121,
2907 0,34.42855,132.5199522,122,
2907 0,34.4279129,132.5191442,123,
2907 0,34.4273873,132.5187797,124,
2907 0,34.4270768,132.5184303,125,
2907 0,34.4266721,132.5180167,126,
2907 0,34.4260366,132.51731,127,
2907 0,34.425718,132.5170491,128,
2907 0,34.4254361,132.5168368,129,
2907 0,34.4252869,132.5166656,130,
2907 0,34.4251645,132.5164618,131,
2907 0,34.4251046,132.5163076,132,
2907 0,34.4250668,132.5162043,133,
2907 0,34.4249847,132.5160607,134,
2907 0,34.4249213,132.5159741,135,
2907 0,34.4248071,132.5158661,136,
2907 0,34.4246058,132.5157989,137,
2907 0,34.424389,132.5157602,138,
2907 0,34.424235,132.5156498,139,
2907 0,34.4241449,132.5155394,140,
2907 0,34.4239771,132.515276,141,
2907 0,34.4238347,132.5150507,142,
2907 0,34.4237473,132.5148249,143,
2907 0,34.4236959,132.514598,144,
2907 0,34.4235826,132.5141647,145,
2907 0,34.4235353,132.5139715,146,
2907 0,34.4233992,132.5136996,147,
2907 0,34.4232107,132.5134843,148,
2907 0,34.4229383,132.5131597,149,
2907 0,34.4225712,132.5128132,150,
2907 0,34.4223674,132.5127698,151,
2907 0,34.421934,132.5128215,152,
2907 0,34.4217619,132.5127985,153,
2907 0,34.421525,132.5125778,154,
2907 0,34.4208597,132.5120539,155,
2907 0,34.420555,132.5118438,156,
2907 0,34.4201932,132.5116051,157,
2907 0,34.4198862,132.5113957,158,
2907 0,34.4195907,132.5111845,159,
2907 0,34.419043,132.5106474,160,
2907 0,34.4188612,132.5105319,161,
2907 0,34.4182173,132.5101854,162,
2907 0,34.4177521,132.5099209,163,
2907 0,34.4172371,132.5095446,164,
2907 0,34.4169187,132.5093848,165,
2907 0,34.4166821,132.5093191,166,
2907 0,34.4161656,132.5091977,167,
2907 0,34.4158021,132.5090849,168,
2907 0,34.4157546,132.5090621,169,
2907 0,34.4156457,132.5089969,170,
2907 0,34.4154196,132.5088324,171,
2907 0,34.4151762,132.508671,172,
2907 0,34.4149956,132.5085844,173,
2907 0,34.4148557,132.5085611,174,
2907 0,34.4144249,132.5085249,175,
2907 0,34.4141822,132.5086005,176,
2907 0,34.4138354,132.5088532,177,
2907 0,34.4130417,132.5094429,178,
2907 0,34.4128858,132.5091683,179,
2907 0,34.4127935,132.5089452,180,
2907 0,34.412407,132.5082157,181,
2907 0,34.4119203,132.5073257,182,
2907 0,34.4114493,132.5062714,183,
2907 0,34.4112494,132.5058254,184,
2907 0,34.4109803,132.5052057,185,
2907 0,34.4107892,132.5047847,186,
2907 0,34.4105665,132.5043259,187,
2907 0,34.4104016,132.503974,188,
2907 0,34.4103526,132.5038189,189,
2907 0,34.410336,132.5037689,190,
2907 0,34.4103026,132.5034856,191,
2907 0,34.4102359,132.5029023,192,
2907 0,34.4100407,132.5025284,193,
2907 0,34.409986,132.5022524,194,
2907 0,34.4099117,132.5020254,195,
2907 0,34.4097173,132.5018693,196,
2907 0,34.4095193,132.5017358,197,
2907 0,34.409086,132.5009192,198,
2907 0,34.408925,132.5006189,199,
2907 0,34.4087637,132.500313,200,
2907 0,34.4087338,132.5000769,201,
2907 0,34.4087484,132.4998381,202,
2907 0,34.4085131,132.4993245,203,
2907 0,34.4084662,132.4991712,204,
2907 0,34.4084496,132.4990073,205,
2907 0,34.4085011,132.4988321,206,
2907 0,34.4085,132.4986295,207,
2907 0,34.4084583,132.4984834,208,
2907 0,34.4085027,132.4974695,209,
2907 0,34.4084633,132.4973145,210,
2907 0,34.408445,132.4972989,211,
2907 0,34.4083607,132.4972377,212,
2907 0,34.4082438,132.4970998,213,
2907 0,34.4081838,132.4969399,214,
2907 0,34.40804,132.4965676,215,
2907 0,34.4078528,132.4961697,216,
2907 0,34.40765,132.4956751,217,
2907 0,34.4074873,132.49525,218,
2907 0,34.4073456,132.4950492,219,
2907 0,34.4071612,132.4948312,220,
2907 0,34.4069762,132.4946964,221,
2907 0,34.4067518,132.4945159,222,
2907 0,34.4065047,132.494284,223,
2907 0,34.406315,132.4941087,224,
2907 0,34.4061552,132.4939853,225,
2907 0,34.4060128,132.4938788,226,
2907 0,34.4059286,132.4937853,227,
2907 0,34.405773,132.4935943,228,
2907 0,34.4056086,132.4933818,229,
2907 0,34.4051665,132.492664,230,
2907 0,34.4050154,132.4923868,231,
2907 0,34.4048783,132.4921436,232,
2907 0,34.4048697,132.4918035,233,
2907 0,34.4048297,132.4913613,234,
2907 0,34.4047521,132.4911304,235,
2907 0,34.4045863,132.4908369,236,
2907 0,34.4045141,132.4907032,237,
2907 0,34.4042854,132.4901303,238,
2907 0,34.4041381,132.4898047,239,
2907 0,34.4040309,132.4896913,240,
2907 0,34.4038963,132.4896575,241,
2907 0,34.4032194,132.4897053,242,
2907 0,34.4028198,132.4895204,243,
2907 0,34.4024088,132.4893132,244,
2907 0,34.4021198,132.4891448,245,
2907 0,34.4017699,132.488842,246,
2907 0,34.401271,132.4882505,247,
2907 0,34.4008701,132.4878174,248,
2907 0,34.4004304,132.4873868,249,
2907 0,34.3998559,132.4869031,250,
2907 0,34.3994587,132.4866222,251,
2907 0,34.3984104,132.4861698,252,
2907 0,34.3981124,132.48606,253,
2907 0,34.3976292,132.4862214,254,
2907 0,34.3973851,132.4853446,255,
2907 0,34.3970608,132.4840594,256,
2907 0,34.3969271,132.4835936,257,
2907 0,34.3968068,132.4832799,258,
2907 0,34.3968037,132.4831046,259,
2907 0,34.396887,132.4823713,260,
2907 0,34.3970203,132.4810714,261,
2907 0,34.397137,132.4804215,262,
2907 0,34.3974313,132.4796711,263,
2907 0,34.3976369,132.4792382,264,
2907 0,34.3978635,132.4788302,265,
2907 0,34.3981701,132.4782716,266,
2907 0,34.3984254,132.4778061,267,
2907 0,34.3991989,132.4762625,268,
2907 0,34.3990714,132.4762068,269,
2907 0,34.3989965,132.4763203,270,
2907 0,34.3987578,132.4767798,271,
2907 0,34.3986893,132.4768281,272,
2907 0,34.3985885,132.4768165,273,
2907 0,34.3984524,132.4767244,274,
2907 0,34.398359,132.4765663,275,
2907 0,34.3984458,132.4763357,276,
2907 0,34.3985224,132.4761936,277,
2907 0,34.3987833,132.4758413,278,
2907 0,34.3989211,132.4758151,279,
2907 0,34.3992931,132.4760696,280,
2907 0,34.3998952,132.4749492,281,
2907 0,34.400413,132.4739674,282,
2907 0,34.4009147,132.4730784,283,
2907 0,34.401163,132.472803,284,
2907 0,34.4020772,132.4718487,285,
2907 0,34.4026913,132.4711856,286,
2907 0,34.4032861,132.4699054,287,
2907 0,34.4034528,132.4695221,288,
2907 0,34.4034196,132.4693366,289,
2907 0,34.4032361,132.4688388,290,
2907 0,34.4030371,132.4688194,291,
2907 0,34.4027362,132.4689555,292,
2907 0,34.4017196,132.4695721,293,
2907 0,34.4006642,132.4702043,294,
2907 0,34.4000031,132.4706055,295,
2907 0,34.3992366,132.4710221,296,
2907 0,34.3984847,132.471508,297,
2907 0,34.3979878,132.4719817,298,
2907 0,34.3972535,132.4731221,299,
2907 0,34.3966036,132.4742887,300,
2907 0,34.3963369,132.474822,301,
2907 0,34.3956203,132.474272,302,
2907 0,34.3945204,132.4734388,303,
2907 0,34.3935039,132.4725889,304,
2907 0,34.3926873,132.471889,305,
2907 0,34.392515,132.4717858,306,
2907 0,34.3926349,132.4708725,307,
2907 0,34.3928039,132.4696226,308,
2907 0,34.3929872,132.4683893,309,
2907 0,34.3931038,132.4673227,310,
2907 0,34.3931871,132.4661395,311,
2907 0,34.3932704,132.4652229,312,
2907 0,34.3934704,132.464323,313,
2907 0,34.3938203,132.4630731,314,
2907 0,34.394087,132.4619898,315,
2907 0,34.3943869,132.4607232,316,
2907 0,34.3946702,132.4595566,317,
2907 0,34.3952201,132.4575401,318,
2907 0,34.39622,132.45789,319,
2907 0,34.3974699,132.4583733,320,
2907 0,34.3989197,132.4588898,321,
2907 0,34.3991456,132.4589831,322,
2907 0,34.3992407,132.4589338,323,
2907 0,34.3997863,132.4566233,324,
2907 0,34.3990706,132.4563695,325,
2907 0,34.3988573,132.4563022,326,
2907 0,34.3987064,132.456308,327,
2907 0,34.3985323,132.45636,328,
2907 0,34.3983975,132.4563689,329,
2907 0,34.3983031,132.4563567,330,
2907 0,34.3981145,132.4563414,331,
2907 0,34.3979746,132.4562867,332,
2907 0,34.3967902,132.4558448,333,
2907 0,34.396549,132.4557744,334,
2907 0,34.3962963,132.4568261,335,
2908 0,34.4630548,132.561953,1,
2908 0,34.4629725,132.5621327,2,
2908 0,34.4625237,132.561868,3,
2908 0,34.4621448,132.5617182,4,
2908 0,34.4619495,132.5616409,5,
2908 0,34.4618648,132.5615951,6,
2908 0,34.4617531,132.561502,7,
2908 0,34.461588,132.5612873,8,
2908 0,34.4610361,132.5602908,9,
2908 0,34.4601885,132.5587881,10,
2908 0,34.459565,132.5576595,11,
2908 0,34.4592637,132.5570893,12,
2908 0,34.4592219,132.556744,13,
2908 0,34.459215,132.5565623,14,
2908 0,34.4592483,132.555629,15,
2908 0,34.4592802,132.5552694,16,
2908 0,34.4592811,132.5550359,17,
2908 0,34.4592385,132.554854,18,
2908 0,34.4591395,132.554614,19,
2908 0,34.4590117,132.5543766,20,
2908 0,34.458664,132.5537099,21,
2908 0,34.4583208,132.5530433,22,
2908 0,34.4582419,132.5528809,23,
2908 0,34.4577996,132.5522127,24,
2908 0,34.4574897,132.5517486,25,
2908 0,34.4571931,132.5513061,26,
2908 0,34.4568866,132.5508547,27,
2908 0,34.4564322,132.549863,28,
2908 0,34.4563142,132.5496012,29,
2908 0,34.4557423,132.5487312,30,
2908 0,34.4555924,132.5485144,31,
2908 0,34.4554986,132.5483631,32,
2908 0,34.4550553,132.5473182,33,
2908 0,34.4546409,132.5461727,34,
2908 0,34.4544243,132.5455688,35,
2908 0,34.454182,132.5448968,36,
2908 0,34.4539491,132.5442641,37,
2908 0,34.4538821,132.5441143,38,
2908 0,34.4536732,132.5437676,39,
2908 0,34.45314,132.5428976,40,
2908 0,34.4525321,132.5419138,41,
2908 0,34.4521333,132.5412273,42,
2908 0,34.4518155,132.5407306,43,
2908 0,34.4510822,132.5396641,44,
2908 0,34.4503989,132.5387308,45,
2908 0,34.450149,132.5383809,46,
2908 0,34.4498823,132.5380309,47,
2908 0,34.449474,132.5374917,48,
2908 0,34.4490547,132.5369337,49,
2908 0,34.4486824,132.5364144,50,
2908 0,34.4482325,132.5357812,51,
2908 0,34.4480397,132.5354864,52,
2908 0,34.4479199,132.5353418,53,
2908 0,34.4473404,132.5348754,54,
2908 0,34.4465305,132.5342808,55,
2908 0,34.4461969,132.5340377,56,
2908 0,34.4458272,132.5338416,57,
2908 0,34.4455878,132.5337485,58,
2908 0,34.4452539,132.5336965,59,
2908 0,34.4449106,132.5337171,60,
2908 0,34.444474,132.5337637,61,
2908 0,34.4437999,132.5338471,62,
2908 0,34.4434113,132.5338457,63,
2908 0,34.4432251,132.5338538,64,
2908 0,34.4423771,132.5337071,65,
2908 0,34.4419356,132.5336318,66,
2908 0,34.4414477,132.5336106,67,
2908 0,34.4405944,132.5337147,68,
2908 0,34.4397023,132.5339854,69,
2908 0,34.4392117,132.5341084,70,
2908 0,34.4388253,132.5341626,71,
2908 0,34.4383402,132.5341352,72,
2908 0,34.4380193,132.5340942,73,
2908 0,34.4369705,132.5339541,74,
2908 0,34.4364666,132.5338464,75,
2908 0,34.4360358,132.5337683,76,
2908 0,34.4353624,132.5335622,77,
2908 0,34.4352084,132.5335561,78,
2908 0,34.4350185,132.5336301,79,
2908 0,34.4347999,132.533782,80,
2908 0,34.4346471,132.5338552,81,
2908 0,34.4344997,132.5338655,82,
2908 0,34.4343575,132.5338178,83,
2908 0,34.4342341,132.5337245,84,
2908 0,34.434134,132.5335814,85,
2908 0,34.4340339,132.533382,86,
2908 0,34.4338707,132.5330775,87,
2908 0,34.4337101,132.5327851,88,
2908 0,34.4332308,132.532077,89,
2908 0,34.4330036,132.5317379,90,
2908 0,34.4328206,132.5314284,91,
2908 0,34.4326941,132.5311524,92,
2908 0,34.4326007,132.5308656,93,
2908 0,34.4320117,132.5296865,94,
2908 0,34.4314175,132.5283326,95,
2908 0,34.4309476,132.5271381,96,
2908 0,34.4305175,132.5264661,97,
2908 0,34.4298376,132.5258403,98,
2908 0,34.4286678,132.5250199,99,
2908 0,34.4271581,132.5240438,100,
2908 0,34.4263187,132.5235346,101,
2908 0,34.4257346,132.5230499,102,
2908 0,34.4249315,132.5222575,103,
2908 0,34.4241516,132.5216463,104,
2908 0,34.4237731,132.5213598,105,
2908 0,34.4227927,132.5208077,106,
2908 0,34.4219488,132.520417,107,
2908 0,34.4213303,132.5200484,108,
2908 0,34.4208896,132.5196911,109,
2908 0,34.4205685,132.5193338,110,
2908 0,34.4199687,132.5186419,111,
2908 0,34.4194473,132.5180859,112,
2908 0,34.4189813,132.5175057,113,
2908 0,34.418252,132.5165342,114,
2908 0,34.4177293,132.515877,115,
2908 0,34.4170829,132.5153696,116,
2908 0,34.4166836,132.51516,117,
2908 0,34.4162312,132.5150095,118,
2908 0,34.4159231,132.5149289,119,
2908 0,34.4154335,132.514859,120,
2908 0,34.4144857,132.5147678,121,
2908 0,34.4138358,132.5146678,122,
2908 0,34.4129525,132.5145846,123,
2908 0,34.4120295,132.5146829,124,
2908 0,34.4115202,132.5147302,125,
2908 0,34.4110251,132.5147266,126,
2908 0,34.4104062,132.5145755,127,
2908 0,34.4096029,132.5142014,128,
2908 0,34.4091907,132.5139783,129,
2908 0,34.4085975,132.5137977,130,
2908 0,34.4079364,132.5136349,131,
2908 0,34.4075133,132.5134813,132,
2908 0,34.407175,132.5132412,133,
2908 0,34.4069031,132.512985,134,
2908 0,34.4055366,132.5112185,135,
2908 0,34.4047033,132.510202,136,
2908 0,34.4044688,132.5098692,137,
2908 0,34.4042675,132.5094774,138,
2908 0,34.4040697,132.5089102,139,
2908 0,34.4040001,132.508528,140,
2908 0,34.4039757,132.508202,141,
2908 0,34.403969,132.5078733,142,
2908 0,34.4040032,132.5075471,143,
2908 0,34.4040596,132.5072478,144,
2908 0,34.404127,132.5069633,145,
2908 0,34.404221,132.506727,146,
2908 0,34.4047879,132.5057334,147,
2908 0,34.4050515,132.5053197,148,
2908 0,34.4050571,132.5051557,149,
2908 0,34.4047413,132.5048297,150,
2908 0,34.4044298,132.5045116,151,
2908 0,34.4037033,132.5039359,152,
2908 0,34.4031534,132.5034526,153,
2908 0,34.4025534,132.5029527,154,
2908 0,34.4019202,132.5023861,155,
2908 0,34.4013914,132.5019082,156,
2908 0,34.4002203,132.5010696,157,
2908 0,34.3999582,132.5008051,158,
2908 0,34.3995537,132.5003364,159,
2908 0,34.3992583,132.4999519,160,
2908 0,34.3989704,132.4996364,161,
2908 0,34.3979873,132.4989021,162,
2908 0,34.3971263,132.4983027,163,
2908 0,34.3960309,132.4975528,164,
2908 0,34.3951776,132.497011,165,
2908 0,34.3941896,132.4963036,166,
2908 0,34.3938542,132.4960703,167,
2908 0,34.3932594,132.4956562,168,
2908 0,34.3931831,132.4955561,169,
2908 0,34.3934376,132.4947371,170,
2908 0,34.3938741,132.493722,171,
2908 0,34.3942075,132.4928095,172,
2908 0,34.394464,132.4918185,173,
2908 0,34.3946073,132.4911887,174,
2908 0,34.3948406,132.4899549,175,
2908 0,34.3950539,132.4887775,176,
2908 0,34.3952892,132.4875849,177,
2908 0,34.3954516,132.4867091,178,
2908 0,34.3955483,132.4862084,179,
2908 0,34.3956849,132.4857613,180,
2908 0,34.3962005,132.4847681,181,
2908 0,34.3962781,132.4845706,182,
2908 0,34.3960017,132.4835191,183,
2908 0,34.3954383,132.4814435,184,
2908 0,34.3950872,132.4802716,185,
2908 0,34.3947872,132.479355,186,
2908 0,34.3944872,132.4783384,187,
2908 0,34.3942872,132.4776718,188,
2908 0,34.3948364,132.4771879,189,
2908 0,34.3952704,132.4766719,190,
2908 0,34.3959537,132.4755053,191,
2908 0,34.3963203,132.4748053,192,
2908 0,34.3960536,132.4745887,193,
2908 0,34.3956037,132.4742387,194,
2908 0,34.3942328,132.4731751,195,
2908 0,34.3927206,132.471939,196,
2908 0,34.3925373,132.471839,197,
2908 0,34.392554,132.4713391,198,
2908 0,34.3927039,132.4702558,199,
2908 0,34.3928705,132.4692226,200,
2908 0,34.3930372,132.467956,201,
2908 0,34.3931871,132.4665728,202,
2908 0,34.3932204,132.4655895,203,
2908 0,34.3933038,132.4650896,204,
2908 0,34.3938703,132.4627564,205,
2908 0,34.3945869,132.4600066,206,
2908 0,34.3951201,132.4580401,207,
2908 0,34.3952034,132.4576068,208,
2908 0,34.3954201,132.4576234,209,
2908 0,34.3966533,132.45804,210,
2908 0,34.3981031,132.4585566,211,
2908 0,34.3991622,132.4590046,212,
2908 0,34.3992407,132.4589338,213,
2908 0,34.3997863,132.4566233,214,
2908 0,34.3988697,132.4563067,215,
2908 0,34.3987197,132.4563067,216,
2908 0,34.3985323,132.45636,217,
2908 0,34.3983459,132.4563586,218,
2908 0,34.3981145,132.4563414,219,
2908 0,34.3975834,132.4561396,220,
2908 0,34.396549,132.4557744,221,
2908 0,34.3962963,132.4568261,222,
2916 0,34.463048,132.5619617,1,
2916 0,34.4629725,132.5621327,2,
2916 0,34.4625237,132.561868,3,
2916 0,34.462363,132.5617959,4,
2916 0,34.4619495,132.5616409,5,
2916 0,34.4618981,132.5616117,6,
2916 0,34.4618648,132.5615951,7,
2916 0,34.4617531,132.561502,8,
2916 0,34.4615774,132.5612788,9,
2916 0,34.4612031,132.560593,10,
2916 0,34.4606885,132.5596698,11,
2916 0,34.4601618,132.5587347,12,
2916 0,34.4596375,132.5577936,13,
2916 0,34.4592718,132.5570956,14,
2916 0,34.459215,132.5567456,15,
2916 0,34.4592162,132.5564516,16,
2916 0,34.4592499,132.5557058,17,
2916 0,34.459277,132.5553248,18,
2916 0,34.4592799,132.5550527,19,
2916 0,34.4592385,132.554854,20,
2916 0,34.4591611,132.554649,21,
2916 0,34.4590262,132.5544012,22,
2916 0,34.4584407,132.5532718,23,
2916 0,34.4582419,132.5528809,24,
2916 0,34.4579027,132.5523748,25,
2916 0,34.4574044,132.5516207,26,
2916 0,34.4570697,132.5511268,27,
2916 0,34.4568866,132.5508547,28,
2916 0,34.456823,132.5507207,29,
2916 0,34.4563235,132.5496154,30,
2916 0,34.4561021,132.5492843,31,
2916 0,34.4555613,132.5484692,32,
2916 0,34.4555121,132.5483952,33,
2916 0,34.4553022,132.5478797,34,
2916 0,34.4551431,132.5475331,35,
2916 0,34.4550412,132.5472822,36,
2916 0,34.4548254,132.5466733,37,
2916 0,34.4545098,132.5458214,38,
2916 0,34.45419,132.5449027,39,
2916 0,34.4539491,132.5442641,40,
2916 0,34.453884,132.5441349,41,
2916 0,34.4534666,132.5434383,42,
2916 0,34.4528821,132.5424804,43,
2916 0,34.4522377,132.5414052,44,
2916 0,34.4517499,132.5406363,45,
2916 0,34.45127,132.5399387,46,
2916 0,34.4505489,132.5389308,47,
2916 0,34.450249,132.5385309,48,
2916 0,34.4498957,132.5380709,49,
2916 0,34.4495004,132.5375292,50,
2916 0,34.4487158,132.5364978,51,
2916 0,34.4483599,132.5359978,52,
2916 0,34.4481158,132.5355979,53,
2916 0,34.4479199,132.5353418,54,
2916 0,34.4475492,132.5350479,55,
2916 0,34.4470826,132.5346813,56,
2916 0,34.4463326,132.5341147,57,
2916 0,34.4458549,132.5338429,58,
2916 0,34.4455952,132.5337591,59,
2916 0,34.4452861,132.5336964,60,
2916 0,34.4446151,132.5337532,61,
2916 0,34.4440462,132.5338363,62,
2916 0,34.4437109,132.5338699,63,
2916 0,34.4434068,132.5338369,64,
2916 0,34.4433617,132.5336429,65,
2916 0,34.4432951,132.5334806,66,
2916 0,34.4424891,132.5331637,67,
2916 0,34.4420279,132.5329287,68,
2916 0,34.4413831,132.5324484,69,
2916 0,34.4406223,132.531902,70,
2916 0,34.4399307,132.5314463,71,
2916 0,34.4397107,132.5312223,72,
2916 0,34.439336,132.5306394,73,
2916 0,34.4389721,132.530095,74,
2916 0,34.4388432,132.5299535,75,
2916 0,34.4384215,132.5296764,76,
2916 0,34.438106,132.5295176,77,
2916 0,34.4378137,132.5293757,78,
2916 0,34.4375502,132.5291989,79,
2916 0,34.4372862,132.5289725,80,
2916 0,34.4369169,132.5285656,81,
2916 0,34.4368002,132.5283823,82,
2916 0,34.4367336,132.528249,83,
2916 0,34.4365002,132.5275657,84,
2916 0,34.4363912,132.5273461,85,
2916 0,34.4362336,132.5271158,86,
2916 0,34.4357704,132.5265432,87,
2916 0,34.4355204,132.5262063,88,
2916 0,34.4352503,132.5258159,89,
2916 0,34.4350826,132.5256085,90,
2916 0,34.4346215,132.5250597,91,
2916 0,34.434293,132.5246551,92,
2916 0,34.4342003,132.5245207,93,
2916 0,34.4341476,132.5244375,94,
2916 0,34.4341147,132.524314,95,
2916 0,34.4339004,132.5234608,96,
2916 0,34.4337969,132.5232272,97,
2916 0,34.4336338,132.5229996,98,
2916 0,34.4335727,132.5229341,99,
2916 0,34.4331502,132.5225054,100,
2916 0,34.4330471,132.5224219,101,
2916 0,34.4328804,132.5223146,102,
2916 0,34.4326997,132.5222741,103,
2916 0,34.4325484,132.5222812,104,
2916 0,34.4323764,132.5223365,105,
2916 0,34.4321926,132.5224372,106,
2916 0,34.4319391,132.5226794,107,
2916 0,34.4316912,132.5228787,108,
2916 0,34.4315416,132.5229474,109,
2916 0,34.4314579,132.522959,110,
2916 0,34.431377,132.5229471,111,
2916 0,34.431261,132.522893,112,
2916 0,34.4308135,132.5225126,113,
2916 0,34.4306602,132.5223167,114,
2916 0,34.4305689,132.5220992,115,
2916 0,34.4305176,132.521914,116,
2916 0,34.4304454,132.5218186,117,
2916 0,34.430022,132.5215372,118,
2916 0,34.4297045,132.5212201,119,
2916 0,34.429557,132.5210769,120,
2916 0,34.4294061,132.5209237,121,
2916 0,34.4291067,132.5205668,122,
2916 0,34.4288034,132.5202301,123,
2916 0,34.4283513,132.5196987,124,
2916 0,34.42797,132.5192102,125,
2916 0,34.4279013,132.5191433,126,
2916 0,34.4276181,132.5189496,127,
2916 0,34.4274011,132.5187835,128,
2916 0,34.4271161,132.5184747,129,
2916 0,34.4269803,132.5183152,130,
2916 0,34.426757,132.518108,131,
2916 0,34.4265774,132.5179063,132,
2916 0,34.4262845,132.517567,133,
2916 0,34.4260603,132.5173398,134,
2916 0,34.4258273,132.5171367,135,
2916 0,34.4256763,132.5170254,136,
2916 0,34.4255958,132.5169763,137,
2916 0,34.4254269,132.5168292,138,
2916 0,34.4252869,132.5166656,139,
2916 0,34.4251645,132.5164618,140,
2916 0,34.4250715,132.5162155,141,
2916 0,34.4249574,132.5160233,142,
2916 0,34.4248071,132.5158661,143,
2916 0,34.4246058,132.5157989,144,
2916 0,34.4243804,132.5157534,145,
2916 0,34.424235,132.5156498,146,
2916 0,34.4241449,132.5155394,147,
2916 0,34.424012,132.5153307,148,
2916 0,34.4238347,132.5150507,149,
2916 0,34.4237473,132.5148249,150,
2916 0,34.4235374,132.5139622,151,
2916 0,34.4233992,132.5136996,152,
2916 0,34.42287,132.5130771,153,
2916 0,34.4225712,132.5128132,154,
2916 0,34.4223674,132.5127698,155,
2916 0,34.421934,132.5128215,156,
2916 0,34.4217619,132.5127985,157,
2916 0,34.4215323,132.5125868,158,
2916 0,34.4210045,132.5121618,159,
2916 0,34.4204045,132.5117366,160,
2916 0,34.4195907,132.5111845,161,
2916 0,34.4195313,132.5111273,162,
2916 0,34.4192493,132.5108366,163,
2916 0,34.419043,132.5106474,164,
2916 0,34.418612,132.5104021,165,
2916 0,34.4177521,132.5099209,166,
2916 0,34.4172299,132.5095423,167,
2916 0,34.4169187,132.5093848,168,
2916 0,34.4164827,132.509269,169,
2916 0,34.4161656,132.5091977,170,
2916 0,34.4157546,132.5090621,171,
2916 0,34.4152678,132.5087144,172,
2916 0,34.4149956,132.5085844,173,
2916 0,34.4148557,132.5085611,174,
2916 0,34.4147138,132.508533,175,
2916 0,34.4145564,132.5085224,176,
2916 0,34.4144312,132.508534,177,
2916 0,34.4141699,132.5086092,178,
2916 0,34.4138539,132.5088477,179,
2916 0,34.4135584,132.5090647,180,
2916 0,34.4130417,132.5094429,181,
2916 0,34.4126002,132.5097727,182,
2916 0,34.4122271,132.5099712,183,
2916 0,34.411957,132.5100066,184,
2916 0,34.4117069,132.5099827,185,
2916 0,34.4114605,132.51003,186,
2916 0,34.4106572,132.510226,187,
2916 0,34.4101971,132.5103314,188,
2916 0,34.4097984,132.5102538,189,
2916 0,34.4093914,132.5101416,190,
2916 0,34.4090784,132.5099928,191,
2916 0,34.4088429,132.5098547,192,
2916 0,34.4085952,132.5096386,193,
2916 0,34.4084786,132.5095092,194,
2916 0,34.4084074,132.5093959,195,
2916 0,34.4080516,132.5087219,196,
2916 0,34.4075954,132.5080139,197,
2916 0,34.4071141,132.5071757,198,
2916 0,34.4069969,132.5069905,199,
2916 0,34.4068488,132.5068295,200,
2916 0,34.4062364,132.5063022,201,
2916 0,34.4052365,132.5053523,202,
2916 0,34.4048752,132.5049546,203,
2916 0,34.4044298,132.5045314,204,
2916 0,34.404256,132.5044778,205,
2916 0,34.4041198,132.5045986,206,
2916 0,34.4039232,132.5048618,207,
2916 0,34.4031568,132.5065863,208,
2916 0,34.4030734,132.5066847,209,
2916 0,34.4027743,132.5067857,210,
2916 0,34.402369,132.5068867,211,
2916 0,34.4012135,132.5071539,212,
2916 0,34.4002026,132.50742,213,
2916 0,34.3998215,132.5064912,214,
2916 0,34.3995272,132.505779,215,
2916 0,34.3989701,132.5044519,216,
2916 0,34.3989205,132.5043194,217,
2916 0,34.3985705,132.5034528,218,
2916 0,34.3983528,132.5029335,219,
2916 0,34.3980565,132.5022345,220,
2916 0,34.397783,132.5015664,221,
2916 0,34.3974041,132.5007198,222,
2916 0,34.3971262,132.5000267,223,
2916 0,34.3970863,132.4998316,224,
2916 0,34.3970796,132.4996258,225,
2916 0,34.3971373,132.4993032,226,
2916 0,34.397447,132.4986975,227,
2916 0,34.3974385,132.4985253,228,
2916 0,34.3970085,132.498214,229,
2916 0,34.396499,132.4978805,230,
2916 0,34.3959675,132.4975281,231,
2916 0,34.3948987,132.4968169,232,
2916 0,34.393952,132.4961408,233,
2916 0,34.3933376,132.4957204,234,
2916 0,34.3931831,132.4955561,235,
2916 0,34.3932543,132.4953704,236,
2916 0,34.3933461,132.4950385,237,
2916 0,34.3934556,132.4947308,238,
2916 0,34.3938043,132.4938889,239,
2916 0,34.3941831,132.492861,240,
2916 0,34.394339,132.4923033,241,
2916 0,34.3944861,132.4917026,242,
2916 0,34.3946073,132.4911887,243,
2916 0,34.3947262,132.4905106,244,
2916 0,34.394935,132.4894541,245,
2916 0,34.3950494,132.4888042,246,
2916 0,34.3952094,132.4879709,247,
2916 0,34.395416,132.4868463,248,
2916 0,34.3955449,132.486235,249,
2916 0,34.3956849,132.4857613,250,
2916 0,34.3958971,132.4853399,251,
2916 0,34.3961871,132.4847711,252,
2916 0,34.3962705,132.4845545,253,
2916 0,34.3961538,132.4840712,254,
2916 0,34.3959205,132.4832546,255,
2916 0,34.3957038,132.4824714,256,
2916 0,34.3954372,132.4815048,257,
2916 0,34.395005,132.4800383,258,
2916 0,34.3946962,132.4790136,259,
2916 0,34.394235,132.4776454,260,
2916 0,34.394438,132.4775355,261,
2916 0,34.3947872,132.4772218,262,
2916 0,34.3951704,132.4767552,263,
2916 0,34.3955704,132.4761552,264,
2916 0,34.3959537,132.4753553,265,
2916 0,34.3962057,132.4749814,266,
2916 0,34.396087,132.4746553,267,
2916 0,34.3958537,132.4744553,268,
2916 0,34.395587,132.4742387,269,
2916 0,34.3944205,132.4733222,270,
2916 0,34.3935539,132.4726389,271,
2916 0,34.3925199,132.4718923,272,
2916 0,34.3926039,132.4709891,273,
2916 0,34.3927206,132.4704392,274,
2916 0,34.3928372,132.4695059,275,
2916 0,34.3929725,132.468472,276,
2916 0,34.3930872,132.4673727,277,
2916 0,34.3931705,132.4661062,278,
2916 0,34.3932871,132.4651396,279,
2916 0,34.3939203,132.4626897,280,
2916 0,34.3947202,132.4594733,281,
2916 0,34.3952034,132.4576068,282,
2916 0,34.3954367,132.4576068,283,
2916 0,34.3961867,132.4578734,284,
2916 0,34.3974532,132.4583566,285,
2916 0,34.3987031,132.4588232,286,
2916 0,34.3991622,132.4590046,287,
2916 0,34.3992407,132.4589338,288,
2916 0,34.3998034,132.4567511,289,
2916 0,34.3997305,132.4565906,290,
2916 0,34.3992879,132.4564379,291,
2916 0,34.3988697,132.4563067,292,
2916 0,34.3987064,132.4563171,293,
2916 0,34.3985254,132.4563596,294,
2916 0,34.3983975,132.4563689,295,
2916 0,34.398222,132.4563514,296,
2916 0,34.3981145,132.4563414,297,
2916 0,34.3975433,132.4561237,298,
2916 0,34.3967902,132.4558448,299,
2916 0,34.396549,132.4557744,300,
2916 0,34.3962922,132.4568372,301,
2916 9,34.3959867,132.4573901,1,
2916 9,34.3962565,132.4562678,2,
2916 9,34.3963731,132.4557513,3,
2916 9,34.3965199,132.4557069,4,
2916 9,34.396881,132.4558329,5,
2916 9,34.3973455,132.4560256,6,
2916 9,34.3981364,132.4563087,7,
2916 9,34.3985058,132.4563473,8,
2916 9,34.3986759,132.4562912,9,
2916 9,34.3988859,132.4562901,10,
2916 9,34.3990065,132.4563295,11,
2916 9,34.3997863,132.45659,12,
2916 9,34.3999222,132.4568215,13,
2916 9,34.3993383,132.4590052,14,
2916 9,34.399207,132.4591388,15,
2916 9,34.3990014,132.4591222,16,
2916 9,34.3977034,132.4586393,17,
2916 9,34.3968501,132.4583061,18,
2916 9,34.39602,132.45799,19,
2916 9,34.3953701,132.4578068,20,
2916 9,34.3948634,132.4596415,21,
2916 9,34.394584,132.4607439,22,
2916 9,34.3942523,132.4620273,23,
2916 9,34.3939537,132.463173,24,
2916 9,34.3936714,132.4642251,25,
2916 9,34.3934103,132.4653664,26,
2916 9,34.3932137,132.4677614,27,
2916 9,34.3930539,132.4686726,28,
2916 9,34.3928372,132.4700059,29,
2916 9,34.3926873,132.4711891,30,
2916 9,34.3926181,132.4716456,31,
2916 9,34.3927084,132.4717722,32,
2916 9,34.3936105,132.4724386,33,
2916 9,34.3946204,132.4732222,34,
2916 9,34.3962203,132.474522,35,
2916 9,34.3963602,132.4745752,36,
2916 9,34.3964279,132.4745393,37,
2916 9,34.3967369,132.473972,38,
2916 9,34.3971202,132.4732554,39,
2916 9,34.3974535,132.4726554,40,
2916 9,34.3977701,132.4720888,41,
2916 9,34.3980689,132.4717336,42,
2916 9,34.3984403,132.4713946,43,
2916 9,34.3987366,132.4712191,44,
2916 9,34.3995375,132.4707382,45,
2916 9,34.4003573,132.4702683,46,
2916 9,34.4020073,132.4692869,47,
2916 9,34.4030861,132.4686388,48,
2916 9,34.403272,132.4687959,49,
2916 9,34.4033859,132.4690589,50,
2916 9,34.4034713,132.469319,51,
2916 9,34.4035085,132.4695094,52,
2916 9,34.4034528,132.4696221,53,
2916 9,34.4033478,132.4699463,54,
2916 9,34.4029851,132.4706998,55,
2916 9,34.402745,132.4711929,56,
2916 9,34.4022696,132.4717219,57,
2916 9,34.4018674,132.4722074,58,
2916 9,34.4014364,132.4726552,59,
2916 9,34.4011297,132.4729934,60,
2916 9,34.4006865,132.4737196,61,
2916 9,34.4001809,132.4747199,62,
2916 9,34.399941,132.475173,63,
2916 9,34.3997199,132.4755551,64,
2916 9,34.3991643,132.4767012,65,
2916 9,34.3986623,132.4776276,66,
2916 9,34.3985289,132.4778331,67,
2916 9,34.3979468,132.4788606,68,
2916 9,34.3973735,132.479947,69,
2916 9,34.3971868,132.4804854,70,
2916 9,34.3970703,132.4811881,71,
2916 9,34.396987,132.481888,72,
2916 9,34.3969037,132.482638,73,
2916 9,34.3968425,132.4833588,74,
2916 9,34.3967269,132.4840486,75,
2916 9,34.3964204,132.4845633,76,
2916 9,34.3961038,132.4851211,77,
2916 9,34.3957539,132.4858211,78,
2916 9,34.3956282,132.4862259,79,
2916 9,34.3954206,132.4872543,80,
2916 9,34.3952306,132.488297,81,
2916 9,34.3949917,132.4895076,82,
2916 9,34.3948272,132.4904615,83,
2916 9,34.3946707,132.4911707,84,
2916 9,34.3946035,132.4915711,85,
2916 9,34.3945208,132.4919206,86,
2916 9,34.3943708,132.4925039,87,
2916 9,34.3942451,132.4929357,88,
2916 9,34.3940441,132.4934748,89,
2916 9,34.3936742,132.4944121,90,
2916 9,34.3932376,132.495537,91,
2916 9,34.3939209,132.4960203,92,
2916 9,34.3943287,132.4963113,93,
2916 9,34.3947498,132.4966118,94,
2916 9,34.3965284,132.4978095,95,
2916 9,34.3975372,132.4985533,96,
2916 9,34.3974897,132.498683,97,
2916 9,34.397305,132.4990567,98,
2916 9,34.3971516,132.4993563,99,
2916 9,34.3971046,132.4996174,100,
2916 9,34.3971173,132.4998878,101,
2916 9,34.397505,132.5008697,102,
2916 9,34.3977373,132.5013697,103,
2916 9,34.3981039,132.5022529,104,
2916 9,34.3984462,132.5030983,105,
2916 9,34.3989093,132.5042286,106,
2916 9,34.3992961,132.5051448,107,
2916 9,34.3996472,132.5060033,108,
2916 9,34.4002071,132.5073593,109,
2916 9,34.4002491,132.5073727,110,
2916 9,34.4012936,132.5071206,111,
2916 9,34.401949,132.5069636,112,
2916 9,34.4025823,132.5067985,113,
2916 9,34.4030304,132.5066806,114,
2916 9,34.4031168,132.5066069,115,
2916 9,34.4033644,132.5060564,116,
2916 9,34.4037677,132.5051037,117,
2916 9,34.4039622,132.5047319,118,
2916 9,34.4041999,132.504399,119,
2916 9,34.404482,132.5043936,120,
2916 9,34.4047885,132.5047141,121,
2916 9,34.4052152,132.5051889,122,
2916 9,34.4056198,132.505669,123,
2916 9,34.4059569,132.5059658,124,
2916 9,34.4062674,132.5062974,125,
2916 9,34.4067864,132.5067522,126,
2916 9,34.4069475,132.5068877,127,
2916 9,34.4070864,132.5070688,128,
2916 9,34.4074363,132.5077021,129,
2916 9,34.4081175,132.5087858,130,
2916 9,34.408463,132.5094447,131,
2916 9,34.4086585,132.5096617,132,
2916 9,34.4088695,132.5098518,133,
2916 9,34.4091911,132.5100186,134,
2916 9,34.4093652,132.510094,135,
2916 9,34.4095139,132.5101425,136,
2916 9,34.4099113,132.5102437,137,
2916 9,34.4102091,132.5102858,138,
2916 9,34.4105858,132.5102065,139,
2916 9,34.4111035,132.5100855,140,
2916 9,34.4116257,132.5099632,141,
2916 9,34.4117778,132.5099534,142,
2916 9,34.411963,132.5099679,143,
2916 9,34.4122494,132.5099176,144,
2916 9,34.4125685,132.509748,145,
2916 9,34.4129581,132.5094487,146,
2916 9,34.4131011,132.5093482,147,
2916 9,34.4138646,132.5088013,148,
2916 9,34.4142188,132.5085379,149,
2916 9,34.4145666,132.5084743,150,
2916 9,34.414791,132.5084901,151,
2916 9,34.4150022,132.5085516,152,
2916 9,34.4153355,132.5087183,153,
2916 9,34.4157718,132.5090439,154,
2916 9,34.4161176,132.5091571,155,
2916 9,34.4164731,132.509237,156,
2916 9,34.4168559,132.5093339,157,
2916 9,34.4170726,132.509421,158,
2916 9,34.4172351,132.5095169,159,
2916 9,34.4174087,132.5096449,160,
2916 9,34.4177623,132.5098876,161,
2916 9,34.4181959,132.5101458,162,
2916 9,34.4190629,132.5106354,163,
2916 9,34.419244,132.5107754,164,
2916 9,34.4193385,132.5108949,165,
2916 9,34.4195451,132.5111179,166,
2916 9,34.4197784,132.5112995,167,
2916 9,34.4199718,132.511418,168,
2916 9,34.4209016,132.5120511,169,
2916 9,34.4216938,132.5126826,170,
2916 9,34.4217748,132.5127546,171,
2916 9,34.4219422,132.5127863,172,
2916 9,34.4221393,132.512757,173,
2916 9,34.422363,132.5127063,174,
2916 9,34.4225883,132.5127615,175,
2916 9,34.4226681,132.5128176,176,
2916 9,34.4230348,132.5131842,177,
2916 9,34.4233048,132.5135008,178,
2916 9,34.423474,132.5137919,179,
2916 9,34.4235514,132.5139508,180,
2916 9,34.4235857,132.5140602,181,
2916 9,34.4237629,132.5147439,182,
2916 9,34.4238545,132.5150312,183,
2916 9,34.4239163,132.5151373,184,
2916 9,34.4242223,132.5156094,185,
2916 9,34.4243898,132.5157297,186,
2916 9,34.4248157,132.5158134,187,
2916 9,34.4249636,132.5159839,188,
2916 9,34.4250712,132.5161624,189,
2916 9,34.4251058,132.5162102,190,
2916 9,34.4252101,132.5164913,191,
2916 9,34.4253819,132.5167389,192,
2916 9,34.4256643,132.5169865,193,
2916 9,34.4258643,132.5171261,194,
2916 9,34.4260488,132.5172765,195,
2916 9,34.4267923,132.5180997,196,
2916 9,34.4269783,132.5182294,197,
2916 9,34.4274177,132.5187669,198,
2916 9,34.427851,132.5190835,199,
2916 9,34.4279602,132.5191666,200,
2916 9,34.4283395,132.5196534,201,
2916 9,34.4287332,132.5201134,202,
2916 9,34.4291709,132.5206144,203,
2916 9,34.4294087,132.5208759,204,
2916 9,34.4296487,132.5211214,205,
2916 9,34.4300184,132.5215016,206,
2916 9,34.4303063,132.5216893,207,
2916 9,34.4304841,132.5218165,208,
2916 9,34.4305558,132.5219577,209,
2916 9,34.4306728,132.5223088,210,
2916 9,34.4308289,132.5224888,211,
2916 9,34.4308841,132.5225331,212,
2916 9,34.431234,132.5228497,213,
2916 9,34.4313839,132.5229206,214,
2916 9,34.4314931,132.5229208,215,
2916 9,34.431592,132.5228918,216,
2916 9,34.431764,132.5227811,217,
2916 9,34.4321749,132.5224196,218,
2916 9,34.4324898,132.5222681,219,
2916 9,34.4326983,132.5222311,220,
2916 9,34.4328921,132.5222936,221,
2916 9,34.4330505,132.522383,222,
2916 9,34.4333348,132.5226429,223,
2916 9,34.4336268,132.5229445,224,
2916 9,34.4338102,132.5231969,225,
2916 9,34.4339716,132.5235791,226,
2916 9,34.4340112,132.5237453,227,
2916 9,34.4340868,132.5241309,228,
2916 9,34.4341727,132.5244467,229,
2916 9,34.4348558,132.5253126,230,
2916 9,34.4352494,132.5257864,231,
2916 9,34.435458,132.5260858,232,
2916 9,34.4356835,132.5263952,233,
2916 9,34.4360759,132.5268698,234,
2916 9,34.4363144,132.5271802,235,
2916 9,34.4365379,132.5275863,236,
2916 9,34.4367415,132.528184,237,
2916 9,34.4368624,132.5284367,238,
2916 9,34.4370012,132.5286143,239,
2916 9,34.4373668,132.5290156,240,
2916 9,34.4376107,132.5291962,241,
2916 9,34.4377981,132.5293084,242,
2916 9,34.438241,132.5294967,243,
2916 9,34.4389,132.5299589,244,
2916 9,34.4392,132.5303987,245,
2916 9,34.4395603,132.5309369,246,
2916 9,34.4398166,132.5312819,247,
2916 9,34.4399505,132.5314273,248,
2916 9,34.440351,132.5316928,249,
2916 9,34.4410343,132.5321592,250,
2916 9,34.441401,132.5324319,251,
2916 9,34.4420364,132.5329105,252,
2916 9,34.4424761,132.5331274,253,
2916 9,34.4427675,132.533241,254,
2916 9,34.4430723,132.5333554,255,
2916 9,34.4433228,132.5334632,256,
2916 9,34.4434684,132.533739,257,
2916 9,34.4437635,132.533746,258,
2916 9,34.4442459,132.5337085,259,
2916 9,34.4450446,132.5336026,260,
2916 9,34.4453715,132.5336012,261,
2916 9,34.4457062,132.5336717,262,
2916 9,34.4461294,132.533885,263,
2916 9,34.4465326,132.5341582,264,
2916 9,34.4467826,132.5343314,265,
2916 9,34.4477203,132.5350541,266,
2916 9,34.4479825,132.5352646,267,
2916 9,34.4485647,132.5361279,268,
2916 9,34.4492125,132.5369939,269,
2916 9,34.4507829,132.5391011,270,
2916 9,34.4514709,132.5400469,271,
2916 9,34.4518655,132.5405806,272,
2916 9,34.4522821,132.5412805,273,
2916 9,34.4526988,132.5419971,274,
2916 9,34.4532654,132.5429803,275,
2916 9,34.4535131,132.5434609,276,
2916 9,34.4537642,132.5438469,277,
2916 9,34.453982,132.5442469,278,
2916 9,34.4543563,132.5453048,279,
2916 9,34.4547251,132.5463273,280,
2916 9,34.4551296,132.5473939,281,
2916 9,34.455533,132.5483791,282,
2916 9,34.4558577,132.5488665,283,
2916 9,34.4561062,132.54925,284,
2916 9,34.456355,132.5496297,285,
2916 9,34.4565695,132.5501108,286,
2916 9,34.4568704,132.5507633,287,
2916 9,34.4574151,132.5515961,288,
2916 9,34.4581332,132.5526813,289,
2916 9,34.4582983,132.552946,290,
2916 9,34.4591581,132.55459,291,
2916 9,34.4592483,132.5548124,292,
2916 9,34.4593009,132.5550207,293,
2916 9,34.4593015,132.5552172,294,
2916 9,34.4592483,132.556029,295,
2916 9,34.4592628,132.556942,296,
2916 9,34.4593735,132.557244,297,
2916 9,34.4597983,132.5580288,298,
2916 9,34.4604971,132.5592989,299,
2916 9,34.4610482,132.5602682,300,
2916 9,34.4614981,132.5610618,301,
2916 9,34.4616143,132.5612856,302,
2916 9,34.4617815,132.5615117,303,
2916 9,34.4619481,132.5616117,304,
2916 9,34.4623259,132.5617584,305,
2916 9,34.4625814,132.5618579,306,
2916 9,34.4629847,132.5621011,307,
2916 9,34.4630647,132.5619283,308,
2920 0,34.4818287,132.5244639,1,
2920 0,34.4815567,132.5245763,2,
2920 0,34.481497,132.5245492,3,
2920 0,34.4811621,132.5234307,4,
2920 0,34.4808059,132.5222595,5,
2920 0,34.4807024,132.5222126,6,
2920 0,34.4797189,132.5226293,7,
2920 0,34.4792978,132.5227977,8,
2920 0,34.4788179,132.5229565,9,
2920 0,34.4780891,132.5230824,10,
2920 0,34.4776098,132.5231085,11,
2920 0,34.4766107,132.5230292,12,
2920 0,34.4765292,132.5231476,13,
2920 0,34.4765126,132.5235642,14,
2920 0,34.4765292,132.5241475,15,
2920 0,34.4766171,132.5246281,16,
2920 0,34.4767626,132.5251141,17,
2920 0,34.4770792,132.5257973,18,
2920 0,34.4774448,132.5263018,19,
2920 0,34.4778458,132.5267472,20,
2920 0,34.4785957,132.5277138,21,
2920 0,34.479429,132.528697,22,
2920 0,34.4797711,132.5289975,23,
2920 0,34.4801155,132.5293329,24,
2920 0,34.4806235,132.529818,25,
2920 0,34.4807338,132.5299779,26,
2920 0,34.4808353,132.5301538,27,
2920 0,34.4809219,132.5303698,28,
2920 0,34.4809809,132.5305983,29,
2920 0,34.4810358,132.5308599,30,
2920 0,34.4810194,132.5313691,31,
2920 0,34.4809964,132.5318622,32,
2920 0,34.4809586,132.5323713,33,
2920 0,34.4809104,132.5326603,34,
2920 0,34.4808166,132.5342632,35,
2920 0,34.4807433,132.5353023,36,
2920 0,34.4806656,132.5362517,37,
2920 0,34.4806423,132.5367207,38,
2920 0,34.4806056,132.5371983,39,
2920 0,34.4805844,132.5374587,40,
2920 0,34.4805256,132.537833,41,
2920 0,34.4803883,132.5384679,42,
2920 0,34.4802567,132.5389966,43,
2920 0,34.480124,132.5393547,44,
2920 0,34.4797259,132.5402118,45,
2920 0,34.4792002,132.5412469,46,
2920 0,34.4786947,132.5422547,47,
2920 0,34.478177,132.5433119,48,
2920 0,34.4776592,132.5443339,49,
2920 0,34.4770672,132.5452233,50,
2920 0,34.4766967,132.5457914,51,
2920 0,34.4765694,132.5460417,52,
2920 0,34.4762789,132.5466971,53,
2920 0,34.4759394,132.5474613,54,
2920 0,34.4756841,132.5484147,55,
2920 0,34.4754175,132.5494497,56,
2920 0,34.4750752,132.5507644,57,
2920 0,34.4749299,132.551162,58,
2920 0,34.4748465,132.551362,59,
2920 0,34.4746087,132.5518574,60,
2920 0,34.4743633,132.5523786,61,
2920 0,34.4742966,132.5525194,62,
2920 0,34.4741133,132.5530119,63,
2920 0,34.4740127,132.5533896,64,
2920 0,34.4739444,132.553703,65,
2920 0,34.4738877,132.5540449,66,
2920 0,34.4737801,132.5551284,67,
2920 0,34.4737544,132.5558889,68,
2920 0,34.4737766,132.5562283,69,
2920 0,34.4738129,132.5565999,70,
2920 0,34.4738945,132.5570949,71,
2920 0,34.4741467,132.5581281,72,
2920 0,34.4744134,132.5591614,73,
2920 0,34.4746445,132.5600015,74,
2920 0,34.4745922,132.5600806,75,
2920 0,34.4738041,132.5605025,76,
2920 0,34.4734161,132.5606734,77,
2920 0,34.4730502,132.5608094,78,
2920 0,34.472784,132.560892,79,
2920 0,34.4722303,132.5610176,80,
2920 0,34.4711837,132.5612703,81,
2920 0,34.4703793,132.5614688,82,
2920 0,34.4697695,132.5616409,83,
2920 0,34.4690086,132.5618623,84,
2920 0,34.4680641,132.5621371,85,
2920 0,34.4675475,132.5622904,86,
2920 0,34.467084,132.56239,87,
2920 0,34.4665104,132.5624808,88,
2920 0,34.4660849,132.5627035,89,
2920 0,34.4655243,132.5631496,90,
2920 0,34.4652442,132.5632892,91,
2920 0,34.4650045,132.5632862,92,
2920 0,34.4648033,132.5632379,93,
2920 0,34.4639358,132.5627077,94,
2920 0,34.4631373,132.5622344,95,
2920 0,34.4625237,132.561868,96,
2920 0,34.4618648,132.5615951,97,
2920 0,34.4617727,132.5615144,98,
2920 0,34.4616848,132.5614236,99,
2920 0,34.461588,132.5612873,100,
2920 0,34.4607694,132.5598127,101,
2920 0,34.460173,132.5587615,102,
2920 0,34.459605,132.5577202,103,
2920 0,34.4592641,132.5570783,104,
2920 0,34.459215,132.5567456,105,
2920 0,34.459215,132.5562623,106,
2920 0,34.4592638,132.5554097,107,
2920 0,34.4592779,132.5551024,108,
2920 0,34.4592755,132.5550176,109,
2920 0,34.4592361,132.5548444,110,
2920 0,34.4591373,132.5546292,111,
2920 0,34.458974,132.5543005,112,
2920 0,34.4587018,132.5537716,113,
2920 0,34.458414,132.5532381,114,
2920 0,34.4582342,132.5528773,115,
2920 0,34.457883,132.5523476,116,
2920 0,34.4571796,132.5512781,117,
2920 0,34.4568866,132.5508547,118,
2920 0,34.4568064,132.5506914,119,
2920 0,34.4563633,132.5497145,120,
2920 0,34.4563142,132.5496012,121,
2920 0,34.4562175,132.5494576,122,
2920 0,34.4559708,132.5490824,123,
2920 0,34.4557122,132.5486995,124,
2920 0,34.4555121,132.5483952,125,
2920 0,34.4554443,132.5482262,126,
2920 0,34.4550657,132.5473481,127,
2920 0,34.4547909,132.5465827,128,
2920 0,34.4545224,132.545858,129,
2920 0,34.45419,132.5449027,130,
2920 0,34.4540987,132.5446635,131,
2920 0,34.4539553,132.544284,132,
2920 0,34.4538821,132.5441143,133,
2920 0,34.453532,132.5435136,134,
2920 0,34.4528154,132.5423971,135,
2920 0,34.4522555,132.5414399,136,
2920 0,34.4519956,132.5409965,137,
2920 0,34.4515167,132.540286,138,
2920 0,34.4508822,132.5393808,139,
2920 0,34.4506479,132.5390668,140,
2920 0,34.4498957,132.5380709,141,
2920 0,34.4491058,132.5370071,142,
2920 0,34.4486256,132.5363809,143,
2920 0,34.4480325,132.5354645,144,
2920 0,34.4479425,132.5353549,145,
2920 0,34.447837,132.5352559,146,
2920 0,34.4473439,132.5348859,147,
2920 0,34.4467927,132.5344827,148,
2920 0,34.4462472,132.5340835,149,
2920 0,34.4458272,132.5338416,150,
2920 0,34.445567,132.5337478,151,
2920 0,34.4452761,132.5336953,152,
2920 0,34.4450428,132.5337045,153,
2920 0,34.4443603,132.5337905,154,
2920 0,34.4437109,132.5338699,155,
2920 0,34.4433998,132.5338505,156,
2920 0,34.4433618,132.5336656,157,
2920 0,34.4432951,132.5334806,158,
2920 0,34.4431763,132.5334237,159,
2920 0,34.4427678,132.5332675,160,
2920 0,34.4424807,132.5331613,161,
2920 0,34.442202,132.5330185,162,
2920 0,34.4420279,132.5329287,163,
2920 0,34.4416066,132.5326158,164,
2920 0,34.4406588,132.5319259,165,
2920 0,34.4403567,132.5317337,166,
2920 0,34.4399307,132.5314463,167,
2920 0,34.4397107,132.5312223,168,
2920 0,34.439588,132.5310318,169,
2920 0,34.4389286,132.5300348,170,
2920 0,34.4388432,132.5299535,171,
2920 0,34.4384215,132.5296764,172,
2920 0,34.4378137,132.5293757,173,
2920 0,34.4375615,132.5292131,174,
2920 0,34.4373502,132.5290322,175,
2920 0,34.4369169,132.5285656,176,
2920 0,34.4368192,132.5284073,177,
2920 0,34.4367502,132.528249,178,
2920 0,34.4366169,132.527899,179,
2920 0,34.4365324,132.5276407,180,
2920 0,34.4364047,132.5273985,181,
2920 0,34.4362878,132.5271912,182,
2920 0,34.4360404,132.5268685,183,
2920 0,34.4355292,132.5262371,184,
2920 0,34.4352144,132.5257725,185,
2920 0,34.434879,132.5253609,186,
2920 0,34.4345171,132.5249494,187,
2920 0,34.4342324,132.5245801,188,
2920 0,34.4341366,132.524412,189,
2920 0,34.4339004,132.5234608,190,
2920 0,34.4337969,132.5232272,191,
2920 0,34.4336171,132.5229829,192,
2920 0,34.433169,132.5225243,193,
2920 0,34.433037,132.5224162,194,
2920 0,34.4328873,132.5223215,195,
2920 0,34.4326997,132.5222741,196,
2920 0,34.4325484,132.5222812,197,
2920 0,34.4323838,132.5223407,198,
2920 0,34.4321926,132.5224372,199,
2920 0,34.4319391,132.5226794,200,
2920 0,34.4316912,132.5228787,201,
2920 0,34.4315416,132.5229474,202,
2920 0,34.4314579,132.522959,203,
2920 0,34.431377,132.5229471,204,
2920 0,34.431236,132.5228787,205,
2920 0,34.4310507,132.5227164,206,
2920 0,34.4308204,132.5225182,207,
2920 0,34.4306602,132.5223167,208,
2920 0,34.4305689,132.5220992,209,
2920 0,34.4305176,132.521914,210,
2920 0,34.4304454,132.5218186,211,
2920 0,34.4300074,132.521529,212,
2920 0,34.4294061,132.5209237,213,
2920 0,34.4289869,132.5204339,214,
2920 0,34.42855,132.5199522,215,
2920 0,34.4279933,132.5192409,216,
2920 0,34.4279129,132.5191442,217,
2920 0,34.4276273,132.518957,218,
2920 0,34.4274011,132.5187835,219,
2920 0,34.4271062,132.5184612,220,
2920 0,34.4267892,132.5181593,221,
2920 0,34.4265346,132.5178584,222,
2920 0,34.4261313,132.5174071,223,
2920 0,34.4257735,132.5170912,224,
2920 0,34.4255958,132.5169763,225,
2920 0,34.4254269,132.5168292,226,
2920 0,34.4252869,132.5166656,227,
2920 0,34.4251645,132.5164618,228,
2920 0,34.4250718,132.5162268,229,
2920 0,34.4249574,132.5160233,230,
2920 0,34.4248071,132.5158661,231,
2920 0,34.4246058,132.5157989,232,
2920 0,34.4243804,132.5157534,233,
2920 0,34.4242303,132.5156502,234,
2920 0,34.4241387,132.5155295,235,
2920 0,34.4238347,132.5150507,236,
2920 0,34.4237473,132.5148249,237,
2920 0,34.4235353,132.5139715,238,
2920 0,34.4233957,132.5137,239,
2920 0,34.4232339,132.5135143,240,
2920 0,34.42287,132.5130771,241,
2920 0,34.4225712,132.5128132,242,
2920 0,34.4223674,132.5127698,243,
2920 0,34.4221194,132.5128042,244,
2920 0,34.421934,132.5128215,245,
2920 0,34.4217619,132.5127985,246,
2920 0,34.4215949,132.5126409,247,
2920 0,34.4208427,132.5120407,248,
2920 0,34.4203317,132.5116967,249,
2920 0,34.4198252,132.5113581,250,
2920 0,34.4195907,132.5111845,251,
2920 0,34.4192698,132.510852,252,
2920 0,34.419043,132.5106474,253,
2920 0,34.4187286,132.510462,254,
2920 0,34.4181999,132.5101803,255,
2920 0,34.4177521,132.5099209,256,
2920 0,34.4175015,132.509741,257,
2920 0,34.4172299,132.5095423,258,
2920 0,34.4169187,132.5093848,259,
2920 0,34.4166821,132.5093191,260,
2920 0,34.4161656,132.5091977,261,
2920 0,34.4157546,132.5090621,262,
2920 0,34.4156688,132.5090016,263,
2920 0,34.4153688,132.5087683,264,
2920 0,34.4151772,132.5086589,265,
2920 0,34.4149712,132.5085804,266,
2920 0,34.4147056,132.5085371,267,
2920 0,34.4144312,132.508534,268,
2920 0,34.4141676,132.5086145,269,
2920 0,34.4138655,132.5088343,270,
2920 0,34.4135634,132.5090635,271,
2920 0,34.4125368,132.5098112,272,
2920 9,34.4141944,132.5085425,1,
2920 9,34.4144244,132.5084965,2,
2920 9,34.4146133,132.508472,3,
2920 9,34.4148022,132.508485,4,
2920 9,34.4149981,132.5085422,5,
2920 9,34.4153355,132.5087183,6,
2920 9,34.41571,132.5090081,7,
2920 9,34.4158238,132.5090684,8,
2920 9,34.4165187,132.5092515,9,
2920 9,34.4168467,132.5093306,10,
2920 9,34.416951,132.5093789,11,
2920 9,34.4170633,132.5094216,12,
2920 9,34.4172555,132.5095329,13,
2920 9,34.4177404,132.5098767,14,
2920 9,34.4180673,132.5100682,15,
2920 9,34.4188981,132.5105302,16,
2920 9,34.4190629,132.5106354,17,
2920 9,34.419244,132.5107754,18,
2920 9,34.4195451,132.5111179,19,
2920 9,34.4197435,132.5112691,20,
2920 9,34.4202329,132.5115919,21,
2920 9,34.4212927,132.5123539,22,
2920 9,34.4217652,132.5127456,23,
2920 9,34.4219505,132.5127895,24,
2920 9,34.422363,132.5127063,25,
2920 9,34.4225981,132.5127641,26,
2920 9,34.4227791,132.5129009,27,
2920 9,34.4232603,132.5134497,28,
2920 9,34.4234291,132.5136976,29,
2920 9,34.4235514,132.5139508,30,
2920 9,34.4237629,132.5147439,31,
2920 9,34.4238423,132.5149821,32,
2920 9,34.4239336,132.5151591,33,
2920 9,34.4240414,132.5153294,34,
2920 9,34.4242223,132.5156094,35,
2920 9,34.4243114,132.515673,36,
2920 9,34.4243898,132.5157297,37,
2920 9,34.4248088,132.5158113,38,
2920 9,34.4249483,132.5159648,39,
2920 9,34.4250233,132.5160862,40,
2920 9,34.4250917,132.5161981,41,
2920 9,34.4252088,132.5164817,42,
2920 9,34.4253741,132.5167375,43,
2920 9,34.4254879,132.5168386,44,
2920 9,34.42565,132.516988,45,
2920 9,34.4260743,132.5173012,46,
2920 9,34.4266744,132.5179676,47,
2920 9,34.4268467,132.5181407,48,
2920 9,34.4270499,132.5183162,49,
2920 9,34.4272604,132.5185858,50,
2920 9,34.4274177,132.5187669,51,
2920 9,34.427951,132.5191502,52,
2920 9,34.4283565,132.5196776,53,
2920 9,34.4285827,132.5199449,54,
2920 9,34.4287587,132.520147,55,
2920 9,34.4293477,132.5208143,56,
2920 9,34.4299351,132.52142,57,
2920 9,34.4300115,132.5214914,58,
2920 9,34.4302008,132.5216165,59,
2920 9,34.4304708,132.5217985,60,
2920 9,34.4305558,132.5219387,61,
2920 9,34.4306728,132.5223088,62,
2920 9,34.4308289,132.5224888,63,
2920 9,34.4309341,132.5225831,64,
2920 9,34.431234,132.5228497,65,
2920 9,34.4313174,132.5228997,66,
2920 9,34.4313839,132.5229206,67,
2920 9,34.4314931,132.5229208,68,
2920 9,34.4315822,132.5228956,69,
2920 9,34.431684,132.5228497,70,
2920 9,34.4318657,132.522706,71,
2920 9,34.4321749,132.5224196,72,
2920 9,34.4324898,132.5222681,73,
2920 9,34.4326983,132.5222311,74,
2920 9,34.4328921,132.5222936,75,
2920 9,34.4330572,132.5223837,76,
2920 9,34.4336349,132.5229553,77,
2920 9,34.4338102,132.5231969,78,
2920 9,34.4339736,132.5235949,79,
2920 9,34.4340868,132.5241309,80,
2920 9,34.4341727,132.5244467,81,
2920 9,34.4345432,132.5249273,82,
2920 9,34.4349358,132.5254053,83,
2920 9,34.4352767,132.5258232,84,
2920 9,34.4355547,132.5262157,85,
2920 9,34.4358713,132.5266252,86,
2920 9,34.4363144,132.5271802,87,
2920 9,34.4365379,132.5275863,88,
2920 9,34.4366552,132.5279307,89,
2920 9,34.4367415,132.528184,90,
2920 9,34.4368624,132.5284367,91,
2920 9,34.4369742,132.5286139,92,
2920 9,34.4374261,132.5290646,93,
2920 9,34.4377762,132.529294,94,
2920 9,34.438241,132.5294967,95,
2920 9,34.4384167,132.5296155,96,
2920 9,34.4388334,132.5299154,97,
2920 9,34.4389096,132.5299623,98,
2920 9,34.4390467,132.5301581,99,
2920 9,34.43965,132.531082,100,
2920 9,34.4397733,132.5312472,101,
2920 9,34.4399463,132.5314097,102,
2920 9,34.4402543,132.5316308,103,
2920 9,34.4405843,132.5318439,104,
2920 9,34.4411155,132.5322172,105,
2920 9,34.4417453,132.5326865,106,
2920 9,34.4420559,132.5329221,107,
2920 9,34.4426372,132.5332079,108,
2920 9,34.4433216,132.5334525,109,
2920 9,34.4433833,132.5335469,110,
2920 9,34.4434684,132.533739,111,
2920 9,34.4437294,132.5337411,112,
2920 9,34.4444909,132.5336833,113,
2920 9,34.445005,132.5336005,114,
2920 9,34.445354,132.5336058,115,
2920 9,34.4455794,132.5336403,116,
2920 9,34.4457672,132.5336989,117,
2920 9,34.446075,132.5338596,118,
2920 9,34.4465014,132.5341289,119,
2920 9,34.4473709,132.5347913,120,
2920 9,34.4478658,132.5351479,121,
2920 9,34.4481325,132.5354479,122,
2920 9,34.4486347,132.5362252,123,
2920 9,34.4491157,132.5368644,124,
2920 9,34.4497612,132.5377317,125,
2920 9,34.4503012,132.538451,126,
2920 9,34.4511045,132.5395334,127,
2920 9,34.4517722,132.5404848,128,
2920 9,34.452017,132.5408132,129,
2920 9,34.4525723,132.5417675,130,
2920 9,34.4527855,132.5421586,131,
2920 9,34.4531477,132.5427804,132,
2920 9,34.4534109,132.5432628,133,
2920 9,34.4535746,132.5435496,134,
2920 9,34.4536653,132.5436969,135,
2920 9,34.4539653,132.5442469,136,
2920 9,34.4540153,132.5443802,137,
2920 9,34.4544198,132.5454801,138,
2920 9,34.4546653,132.5461467,139,
2920 9,34.4549474,132.5469259,140,
2920 9,34.455197,132.5475875,141,
2920 9,34.4555263,132.5483698,142,
2920 9,34.4558741,132.5488939,143,
2920 9,34.4560796,132.549212,144,
2920 9,34.4562575,132.5494724,145,
2920 9,34.456329,132.549582,146,
2920 9,34.456393,132.5496876,147,
2920 9,34.4565318,132.5500463,148,
2920 9,34.4568414,132.55072,149,
2920 9,34.457714,132.5520388,150,
2920 9,34.4581332,132.5526813,151,
2920 9,34.4582817,132.5529126,152,
2920 9,34.4592228,132.5547287,153,
2920 9,34.4592799,132.5548642,154,
2920 9,34.4593009,132.5550207,155,
2920 9,34.4593015,132.5551271,156,
2920 9,34.459265,132.5557123,157,
2920 9,34.4592483,132.5563956,158,
2920 9,34.4592639,132.5569306,159,
2920 9,34.4593656,132.5572165,160,
2920 9,34.4597483,132.5579288,161,
2920 9,34.4600949,132.5585575,162,
2920 9,34.4604394,132.5591835,163,
2920 9,34.4610061,132.5601973,164,
2920 9,34.4616143,132.5612856,165,
2920 9,34.4617769,132.5614998,166,
2920 9,34.4618814,132.5615784,167,
2920 9,34.4620099,132.5616412,168,
2920 9,34.4624015,132.5617791,169,
2920 9,34.4633891,132.5623444,170,
2920 9,34.4640135,132.5627236,171,
2920 9,34.4648478,132.5632115,172,
2920 9,34.4650109,132.5632597,173,
2920 9,34.4652359,132.5632597,174,
2920 9,34.4654236,132.5631788,175,
2920 9,34.4656522,132.563016,176,
2920 9,34.4660898,132.5626601,177,
2920 9,34.4662226,132.5625645,178,
2920 9,34.4663976,132.5624781,179,
2920 9,34.4666149,132.5624113,180,
2920 9,34.4668564,132.5623846,181,
2920 9,34.467352,132.562308,182,
2920 9,34.4680975,132.5620947,183,
2920 9,34.4686467,132.5619375,184,
2920 9,34.4692015,132.5617788,185,
2920 9,34.4700552,132.5615342,186,
2920 9,34.4711604,132.5612543,187,
2920 9,34.4720381,132.5610355,188,
2920 9,34.4727849,132.5608603,189,
2920 9,34.4732211,132.560719,190,
2920 9,34.4737635,132.5604946,191,
2920 9,34.4743466,132.5601848,192,
2920 9,34.4745867,132.5600434,193,
2920 9,34.4745715,132.5599011,194,
2920 9,34.4743792,132.5591274,195,
2920 9,34.4741158,132.5580762,196,
2920 9,34.4738658,132.5570665,197,
2920 9,34.4737624,132.5563467,198,
2920 9,34.4737268,132.5558783,199,
2920 9,34.4737512,132.5552674,200,
2920 9,34.4738,132.554737,201,
2920 9,34.4738634,132.5540451,202,
2920 9,34.4739134,132.5537618,203,
2920 9,34.4739951,132.5533794,204,
2920 9,34.4741184,132.5529264,205,
2920 9,34.4742702,132.5525019,206,
2920 9,34.4745721,132.551888,207,
2920 9,34.474808,132.551393,208,
2920 9,34.4749511,132.5510536,209,
2920 9,34.4750766,132.5506711,210,
2920 9,34.4752132,132.5501787,211,
2920 9,34.4754742,132.5491455,212,
2920 9,34.475793,132.5479023,213,
2920 9,34.4759429,132.5473945,214,
2920 9,34.4764584,132.546233,215,
2920 9,34.476654,132.5458051,216,
2920 9,34.4768995,132.5454178,217,
2920 9,34.4772416,132.5449291,218,
2920 9,34.4775253,132.5445047,219,
2920 9,34.4776401,132.5443294,220,
2920 9,34.477746,132.5441165,221,
2920 9,34.4779905,132.5436192,222,
2920 9,34.4786592,132.5422926,223,
2920 9,34.4791679,132.5412534,224,
2920 9,34.4794601,132.5406551,225,
2920 9,34.47977,132.5400474,226,
2920 9,34.4801146,132.539334,227,
2920 9,34.4802438,132.5389755,228,
2920 9,34.4802791,132.5387961,229,
2920 9,34.4804068,132.5382459,230,
2920 9,34.4805269,132.5377221,231,
2920 9,34.4805753,132.5373925,232,
2920 9,34.4806191,132.5367179,233,
2920 9,34.4806564,132.5360561,234,
2920 9,34.480729,132.5351797,235,
2920 9,34.480779,132.5343465,236,
2920 9,34.4808501,132.5332939,237,
2920 9,34.4808956,132.5326966,238,
2920 9,34.4809955,132.5313134,239,
2920 9,34.4810132,132.5309649,240,
2920 9,34.4809955,132.5308301,241,
2920 9,34.4808579,132.5303221,242,
2920 9,34.4807578,132.530096,243,
2920 9,34.4806289,132.5298968,244,
2920 9,34.4804303,132.5297095,245,
2920 9,34.4795691,132.5288644,246,
2920 9,34.4790635,132.5283341,247,
2920 9,34.4785866,132.5277797,248,
2920 9,34.4775958,132.5265806,249,
2920 9,34.4772066,132.5261331,250,
2920 9,34.4769301,132.525664,251,
2920 9,34.476807,132.52543,252,
2920 9,34.4767103,132.5251909,253,
2920 9,34.4765626,132.5247308,254,
2920 9,34.4764459,132.5240975,255,
2920 9,34.4764126,132.5233976,256,
2920 9,34.4764482,132.5229359,257,
2920 9,34.4772992,132.5230366,258,
2920 9,34.4777758,132.5230452,259,
2920 9,34.4782414,132.5230257,260,
2920 9,34.4788123,132.5229308,261,
2920 9,34.4794173,132.522713,262,
2920 9,34.4807301,132.5221467,263,
2920 9,34.4807278,132.5220443,264,
2920 9,34.4805287,132.5212976,265,
2920 9,34.4802623,132.520438,266,
2920 9,34.4802997,132.5203165,267,
2920 9,34.480783,132.5200861,268,
2920 9,34.4816619,132.5196476,269,
2920 9,34.4817987,132.5201556,270,
2920 9,34.4819509,132.520673,271,
2920 9,34.4823619,132.5220141,272,
2920 9,34.4829059,132.5238636,273,
2920 9,34.4828915,132.5239968,274,
2920 9,34.4818287,132.5244639,275,
2922 0,34.4818232,132.5244549,1,
2922 0,34.4815567,132.5245763,2,
2922 0,34.481497,132.5245492,3,
2922 0,34.4813476,132.5240825,4,
2922 0,34.4811787,132.5234807,5,
2922 0,34.4808059,132.5222595,6,
2922 0,34.4807024,132.5222126,7,
2922 0,34.4797532,132.522617,8,
2922 0,34.4792456,132.5227975,9,
2922 0,34.4788278,132.5229549,10,
2922 0,34.4781021,132.523077,11,
2922 0,34.4776098,132.5231085,12,
2922 0,34.4766107,132.5230292,13,
2922 0,34.4765292,132.5231476,14,
2922 0,34.476518,132.5235432,15,
2922 0,34.4765281,132.5240915,16,
2922 0,34.4766171,132.5246281,17,
2922 0,34.4766645,132.5248264,18,
2922 0,34.4768047,132.5252338,19,
2922 0,34.4770792,132.5257973,20,
2922 0,34.4772125,132.526014,21,
2922 0,34.4775292,132.5263973,22,
2922 0,34.4781504,132.5271321,23,
2922 0,34.479028,132.5282347,24,
2922 0,34.4795069,132.5287595,25,
2922 0,34.4800366,132.5292469,26,
2922 0,34.4804049,132.5296141,27,
2922 0,34.4806235,132.529818,28,
2922 0,34.4807465,132.5299941,29,
2922 0,34.4808353,132.5301538,30,
2922 0,34.4809219,132.5303698,31,
2922 0,34.4810395,132.5308493,32,
2922 0,34.4810321,132.531224,33,
2922 0,34.4809987,132.5318111,34,
2922 0,34.4809586,132.5323713,35,
2922 0,34.4809104,132.5326603,36,
2922 0,34.480841,132.5337586,37,
2922 0,34.4807644,132.5349211,38,
2922 0,34.4807305,132.5354778,39,
2922 0,34.480679,132.536013,40,
2922 0,34.4806423,132.5367207,41,
2922 0,34.4805844,132.5374587,42,
2922 0,34.4805411,132.5377462,43,
2922 0,34.4804945,132.5379703,44,
2922 0,34.4803457,132.5386385,45,
2922 0,34.4802567,132.5389966,46,
2922 0,34.4801368,132.5393219,47,
2922 0,34.4797923,132.5400678,48,
2922 0,34.4794245,132.5407989,49,
2922 0,34.4789013,132.5418508,50,
2922 0,34.4783347,132.5429888,51,
2922 0,34.4778271,132.5440167,52,
2922 0,34.4776592,132.5443339,53,
2922 0,34.4775093,132.544564,54,
2922 0,34.4768249,132.5455959,55,
2922 0,34.476597,132.5459819,56,
2922 0,34.4762916,132.5466646,57,
2922 0,34.4759394,132.5474613,58,
2922 0,34.4756685,132.5484877,59,
2922 0,34.4753764,132.5496056,60,
2922 0,34.4750752,132.5507644,61,
2922 0,34.4749299,132.551162,62,
2922 0,34.4748176,132.5514214,63,
2922 0,34.4743633,132.5523786,64,
2922 0,34.4742966,132.5525194,65,
2922 0,34.4741133,132.5530119,66,
2922 0,34.4740127,132.5533896,67,
2922 0,34.4739444,132.553703,68,
2922 0,34.4738877,132.5540449,69,
2922 0,34.4738133,132.5547924,70,
2922 0,34.4737601,132.5553967,71,
2922 0,34.4737511,132.5558788,72,
2922 0,34.4738006,132.5564971,73,
2922 0,34.4738656,132.5569536,74,
2922 0,34.4739063,132.5571338,75,
2922 0,34.4739634,132.5573949,76,
2922 0,34.4741467,132.5580948,77,
2922 0,34.4743212,132.5587891,78,
2922 0,34.4745012,132.559482,79,
2922 0,34.4746445,132.5600015,80,
2922 0,34.4745922,132.5600806,81,
2922 0,34.4737335,132.5605362,82,
2922 0,34.473378,132.5606909,83,
2922 0,34.4730502,132.5608094,84,
2922 0,34.472784,132.560892,85,
2922 0,34.4721203,132.561041,86,
2922 0,34.4711236,132.5612895,87,
2922 0,34.4701827,132.5615236,88,
2922 0,34.4691995,132.5618088,89,
2922 0,34.4680807,132.5621282,90,
2922 0,34.4675475,132.5622904,91,
2922 0,34.4672405,132.5623519,92,
2922 0,34.4668911,132.5624188,93,
2922 0,34.4664684,132.5624969,94,
2922 0,34.4660849,132.5627035,95,
2922 0,34.4655243,132.5631496,96,
2922 0,34.4652442,132.5632892,97,
2922 0,34.4650045,132.5632862,98,
2922 0,34.4648002,132.5632297,99,
2922 0,34.4645881,132.5631055,100,
2922 0,34.4641738,132.5628529,101,
2922 0,34.4631548,132.5622393,102,
2922 9,34.4630485,132.5619325,1,
2922 9,34.4629847,132.5621011,2,
2922 9,34.463313,132.5622937,3,
2922 9,34.4639568,132.5626916,4,
2922 9,34.4644023,132.5629609,5,
2922 9,34.4648166,132.563204,6,
2922 9,34.4648988,132.5632343,7,
2922 9,34.4650417,132.5632586,8,
2922 9,34.4651978,132.5632614,9,
2922 9,34.465222,132.5632616,10,
2922 9,34.4654102,132.5631863,11,
2922 9,34.4656034,132.5630614,12,
2922 9,34.4661616,132.5626074,13,
2922 9,34.4662226,132.5625645,14,
2922 9,34.4664118,132.5624816,15,
2922 9,34.4665976,132.5624114,16,
2922 9,34.4671198,132.5623545,17,
2922 9,34.4674642,132.5622781,18,
2922 9,34.4677852,132.5621915,19,
2922 9,34.4680975,132.5620947,20,
2922 9,34.4691628,132.5617969,21,
2922 9,34.470195,132.5614995,22,
2922 9,34.4712503,132.5612261,23,
2922 9,34.4723579,132.560962,24,
2922 9,34.4727849,132.5608603,25,
2922 9,34.4730525,132.5607745,26,
2922 9,34.4733135,132.560678,27,
2922 9,34.4737266,132.5605193,28,
2922 9,34.4740677,132.5603354,29,
2922 9,34.4745867,132.5600434,30,
2922 9,34.4745702,132.5598893,31,
2922 9,34.4743735,132.5590887,32,
2922 9,34.4741279,132.5581159,33,
2922 9,34.4738658,132.5570665,34,
2922 9,34.4738075,132.5566758,35,
2922 9,34.4737624,132.5563467,36,
2922 9,34.4737268,132.5558783,37,
2922 9,34.4737467,132.555395,38,
2922 9,34.4738222,132.5544158,39,
2922 9,34.4738634,132.5540451,40,
2922 9,34.4739967,132.5533619,41,
2922 9,34.4741184,132.5529264,42,
2922 9,34.4742702,132.5525019,43,
2922 9,34.4743799,132.5522786,44,
2922 9,34.4748231,132.5513685,45,
2922 9,34.4749632,132.5510287,46,
2922 9,34.4750942,132.5506148,47,
2922 9,34.4752186,132.5501581,48,
2922 9,34.4754131,132.5493788,49,
2922 9,34.4755474,132.5488504,50,
2922 9,34.4756884,132.5483179,51,
2922 9,34.4759429,132.5473945,52,
2922 9,34.4764039,132.546365,53,
2922 9,34.476654,132.5458051,54,
2922 9,34.4771894,132.5450091,55,
2922 9,34.4776304,132.5443444,56,
2922 9,34.4779626,132.5436849,57,
2922 9,34.4782971,132.5430026,58,
2922 9,34.4788148,132.5419642,59,
2922 9,34.4793568,132.5408672,60,
2922 9,34.479879,132.5398095,61,
2922 9,34.480121,132.5393185,62,
2922 9,34.4802438,132.5389755,63,
2922 9,34.4803257,132.5386233,64,
2922 9,34.4805269,132.5377221,65,
2922 9,34.4805675,132.5373768,66,
2922 9,34.4806022,132.5369749,67,
2922 9,34.4806457,132.5362296,68,
2922 9,34.4807312,132.5350577,69,
2922 9,34.4808035,132.5340124,70,
2922 9,34.4808623,132.5331966,71,
2922 9,34.4809289,132.5320966,72,
2922 9,34.4810132,132.5309649,73,
2922 9,34.4809865,132.5307725,74,
2922 9,34.4809311,132.5305881,75,
2922 9,34.4808633,132.530335,76,
2922 9,34.4807712,132.5301381,77,
2922 9,34.4806289,132.5298968,78,
2922 9,34.480279,132.5295523,79,
2922 9,34.4793123,132.5286137,80,
2922 9,34.4783458,132.5275138,81,
2922 9,34.477958,132.5270241,82,
2922 9,34.4775557,132.5265518,83,
2922 9,34.4771792,132.5260811,84,
2922 9,34.4770459,132.5258973,85,
2922 9,34.476807,132.52543,86,
2922 9,34.4765503,132.5247134,87,
2922 9,34.4764582,132.5241392,88,
2922 9,34.4764126,132.5235476,89,
2922 9,34.4764482,132.5229359,90,
2922 9,34.4772992,132.5230366,91,
2922 9,34.4777669,132.5230433,92,
2922 9,34.4782091,132.5230299,93,
2922 9,34.4788052,132.522926,94,
2922 9,34.4794257,132.5227036,95,
2922 9,34.4800153,132.5224558,96,
2922 9,34.4807301,132.5221467,97,
2922 9,34.4807278,132.5220443,98,
2922 9,34.4802623,132.520438,99,
2922 9,34.4802997,132.5203165,100,
2922 9,34.4806454,132.5201643,101,
2922 9,34.4816508,132.5196582,102,
2922 9,34.4820406,132.5209642,103,
2922 9,34.4823695,132.5220708,104,
2922 9,34.4829059,132.5238636,105,
2922 9,34.4828915,132.5239968,106,
2922 9,34.4817487,132.5244874,107,
5001 0,34.3740836,132.3943778,1,
5001 0,34.3740025,132.3944724,2,
5001 0,34.3738685,132.3944437,3,
5001 0,34.3737515,132.3941782,4,
5001 0,34.3736974,132.393995,5,
5001 0,34.3737014,132.3938587,6,
5001 0,34.3736402,132.3936423,7,
5001 0,34.3735435,132.3934259,8,
5001 0,34.3739173,132.3932271,9,
5001 0,34.3744184,132.392902,10,
5001 0,34.3749819,132.3926187,11,
5001 0,34.3755269,132.3923473,12,
5001 0,34.3756961,132.3926358,13,
5001 0,34.3757666,132.3927581,14,
5001 0,34.3758377,132.3928797,15,
5001 0,34.3759635,132.3931207,16,
5001 0,34.3760788,132.3933677,17,
5001 0,34.3762543,132.3937796,18,
5001 0,34.3766876,132.3947962,19,
5001 0,34.3768931,132.3952954,20,
5001 0,34.3769887,132.3955584,21,
5001 0,34.377079,132.395822,22,
5001 0,34.3772182,132.3962989,23,
5001 0,34.3773259,132.3967886,24,
5001 0,34.3773778,132.3970396,25,
5001 0,34.3774198,132.3972906,26,
5001 0,34.3774903,132.3978138,27,
5001 0,34.377557,132.3983571,28,
5001 0,34.3776129,132.3988591,29,
5001 0,34.377681,132.399359,30,
5001 0,34.3777471,132.3998924,31,
5001 0,34.3777841,132.400159,32,
5001 0,34.3778249,132.4004183,33,
5001 0,34.3778752,132.4007,34,
5001 0,34.3779543,132.4009789,35,
5001 0,34.3780504,132.4012692,36,
5001 0,34.3781559,132.4015521,37,
5001 0,34.3782917,132.4018905,38,
5001 0,34.3784342,132.4022194,39,
5001 0,34.3786781,132.402765,40,
5001 0,34.3789248,132.4033093,41,
5001 0,34.3791056,132.4037446,42,
5001 0,34.3792958,132.4041746,43,
5001 0,34.3797542,132.4052285,44,
5001 0,34.3799797,132.4057458,45,
5001 0,34.3802041,132.4062617,46,
5001 0,34.3802846,132.4064327,47,
5001 0,34.3803541,132.4066117,48,
5001 0,34.3806907,132.4075922,49,
5001 0,34.3808485,132.4080512,50,
5001 0,34.3810085,132.4085081,51,
5001 0,34.3812107,132.4090911,52,
5001 0,34.3814185,132.4096593,53,
5001 0,34.3816035,132.4101923,54,
5001 0,34.3817874,132.410728,55,
5001 0,34.3821207,132.4116945,56,
5001 0,34.3823945,132.4124704,57,
5001 0,34.3825892,132.413047,58,
5001 0,34.3827867,132.4136042,59,
5001 0,34.3829243,132.413923,60,
5001 0,34.3827311,132.4149243,61,
5001 0,34.3825617,132.4158955,62,
5001 0,34.3824629,132.4164281,63,
5001 0,34.3824104,132.4167122,64,
5001 0,34.3823901,132.417011,65,
5001 0,34.3822537,132.4178119,66,
5001 0,34.3821755,132.4182096,67,
5001 0,34.3820863,132.4185994,68,
5001 0,34.3819708,132.4188939,69,
5001 0,34.3814031,132.4201779,70,
5001 0,34.3809187,132.4212572,71,
5001 0,34.3804311,132.4222825,72,
5001 0,34.3802339,132.4227827,73,
5001 0,34.3800545,132.4232937,74,
5001 0,34.3797111,132.4244016,75,
5001 0,34.3793945,132.4254196,76,
5001 0,34.3792456,132.4259133,77,
5001 0,34.3790945,132.4263373,78,
5001 0,34.3789308,132.4268196,79,
5001 0,34.3788113,132.427314,80,
5001 0,34.3786035,132.4280473,81,
5001 0,34.3782913,132.4290994,82,
5001 0,34.3779758,132.4301026,83,
5001 0,34.3777937,132.4307147,84,
5001 0,34.3776049,132.4312598,85,
5001 0,34.3772216,132.432293,86,
5001 0,34.3768383,132.4333263,87,
5001 0,34.3764339,132.4343703,88,
5001 0,34.3762178,132.4349797,89,
5001 0,34.3760105,132.4355944,90,
5001 0,34.3757462,132.4363616,91,
5001 0,34.3754229,132.4373215,92,
5001 0,34.3750974,132.4383141,93,
5001 0,34.3747618,132.4393234,94,
5001 0,34.374382,132.4404938,95,
5001 0,34.3741387,132.4412258,96,
5001 0,34.3739844,132.4421437,97,
5001 0,34.3738067,132.443209,98,
5001 0,34.3736388,132.4442922,99,
5001 0,34.3734754,132.4453782,100,
5001 0,34.37333,132.4462942,101,
5001 0,34.3732055,132.4470828,102,
5001 0,34.3730122,132.4481819,103,
5001 0,34.3729,132.4489152,104,
5001 0,34.3728455,132.4492652,105,
5001 0,34.3728345,132.4495405,106,
5001 0,34.3728501,132.4499238,107,
5001 0,34.3730224,132.4509917,108,
5001 0,34.3732301,132.4521042,109,
5001 0,34.3734168,132.4531668,110,
5001 0,34.373639,132.454408,111,
5001 0,34.373788,132.4552813,112,
5001 0,34.3738602,132.4556779,113,
5001 0,34.373939,132.4560745,114,
5001 0,34.3739947,132.4563827,115,
5001 0,34.3740791,132.4566667,116,
5001 0,34.3743213,132.4573266,117,
5001 0,34.3747223,132.4582077,118,
5001 0,34.3753223,132.4595242,119,
5001 0,34.3755581,132.4594033,120,
5001 0,34.3760021,132.4590786,121,
5001 0,34.3764376,132.4587661,122,
5001 0,34.3768665,132.4584618,123,
5001 0,34.3773542,132.4581126,124,
5001 0,34.3783052,132.4575039,125,
5001 0,34.3788357,132.4571552,126,
5001 0,34.3793673,132.4568118,127,
5001 0,34.3798261,132.4565276,128,
5001 0,34.3802872,132.4562072,129,
5001 0,34.3809838,132.4557092,130,
5001 0,34.3812478,132.4554983,131,
5001 0,34.3814656,132.4554358,132,
5001 0,34.3816369,132.4555208,133,
5001 0,34.3818622,132.4555759,134,
5001 0,34.3820513,132.4556544,135,
5001 0,34.3822381,132.4557409,136,
5001 0,34.3824476,132.4559029,137,
5001 0,34.3826454,132.4560596,138,
5001 0,34.3828095,132.4562215,139,
5001 0,34.3829775,132.4564861,140,
5001 0,34.3834325,132.4574259,141,
5001 0,34.3837191,132.4579899,142,
5001 0,34.3840263,132.4585378,143,
5001 0,34.3845957,132.4595665,144,
5001 0,34.384843,132.4600498,145,
5001 0,34.3851046,132.4605237,146,
5001 0,34.3853463,132.4609754,147,
5001 0,34.3855836,132.4614458,148,
5001 0,34.3858334,132.4618549,149,
5001 0,34.3860124,132.4621742,150,
5001 0,34.3862091,132.4625366,151,
5001 0,34.3864046,132.4629016,152,
5001 0,34.3871128,132.4642146,153,
5001 0,34.3874026,132.464789,154,
5001 0,34.3875696,132.4650581,155,
5001 0,34.3877106,132.4653332,156,
5001 0,34.3879886,132.4658505,157,
5001 0,34.3882672,132.4663718,158,
5001 0,34.3885644,132.466917,159,
5001 0,34.3887113,132.4671923,160,
5001 0,34.3887836,132.467332,161,
5001 0,34.3888601,132.4674703,162,
5001 0,34.3891227,132.4679562,163,
5001 0,34.3892521,132.4682009,164,
5001 0,34.3893823,132.4684459,165,
5001 0,34.3899709,132.469506,166,
5001 0,34.3903781,132.4702773,167,
5001 0,34.3905756,132.470667,168,
5001 0,34.3907875,132.4710392,169,
5001 0,34.3908519,132.4710923,170,
5001 0,34.3911664,132.4711829,171,
5001 0,34.3915497,132.4713213,172,
5001 0,34.3918751,132.4714253,173,
5001 0,34.3927206,132.4717224,174,
5001 0,34.3938905,132.4726577,175,
5001 0,34.3948333,132.4733879,176,
5001 0,34.3952919,132.4737785,177,
5001 0,34.3957937,132.4741685,178,
5001 0,34.3960834,132.4736243,179,
5001 9,34.3967932,132.4744076,1,
5001 9,34.3966697,132.4746466,2,
5001 9,34.3966036,132.474772,3,
5001 9,34.3965077,132.4748533,4,
5001 9,34.3962669,132.4748258,5,
5001 9,34.3959883,132.4746302,6,
5001 9,34.3953895,132.4741496,7,
5001 9,34.3948735,132.4737841,8,
5001 9,34.3943442,132.4733678,9,
5001 9,34.3933186,132.4725367,10,
5001 9,34.3928916,132.4721482,11,
5001 9,34.3925796,132.4718858,12,
5001 9,34.3917374,132.4715724,13,
5001 9,34.3908212,132.4712675,14,
5001 9,34.3906003,132.471127,15,
5001 9,34.3900209,132.4699727,16,
5001 9,34.3894555,132.4689193,17,
5001 9,34.3892499,132.4686068,18,
5001 9,34.3891865,132.4685209,19,
5001 9,34.3889758,132.4681197,20,
5001 9,34.3887309,132.4676696,21,
5001 9,34.3885249,132.4672885,22,
5001 9,34.3884286,132.4671087,23,
5001 9,34.3883543,132.4669396,24,
5001 9,34.3880543,132.4663897,25,
5001 9,34.3874699,132.465253,26,
5001 9,34.3872635,132.4649332,27,
5001 9,34.3869044,132.4642566,28,
5001 9,34.3865878,132.4636567,29,
5001 9,34.3864739,132.4634771,30,
5001 9,34.3863601,132.4632613,31,
5001 9,34.385909,132.4624307,32,
5001 9,34.3856989,132.4620235,33,
5001 9,34.3856005,132.4617757,34,
5001 9,34.3854379,132.4614902,35,
5001 9,34.3849212,132.460507,36,
5001 9,34.3843847,132.4595205,37,
5001 9,34.3840546,132.4588738,38,
5001 9,34.3836713,132.4581406,39,
5001 9,34.383438,132.457624,40,
5001 9,34.3829382,132.4565741,41,
5001 9,34.3826848,132.4562042,42,
5001 9,34.3824682,132.4560042,43,
5001 9,34.3820949,132.4557349,44,
5001 9,34.3817016,132.4556005,45,
5001 9,34.3814161,132.4555752,46,
5001 9,34.380615,132.4561478,47,
5001 9,34.3798328,132.4566871,48,
5001 9,34.3790307,132.457201,49,
5001 9,34.3780886,132.4577742,50,
5001 9,34.377622,132.4580742,51,
5001 9,34.3770887,132.4584742,52,
5001 9,34.3772874,132.4588797,53,
5001 9,34.3772286,132.4595816,54,
5001 9,34.3771697,132.4602323,55,
5001 9,34.3763085,132.4599471,56,
5001 9,34.3757526,132.4597678,57,
5001 9,34.3754083,132.4596675,58,
5001 9,34.3752056,132.4595242,59,
5001 9,34.3749056,132.4588576,60,
5001 9,34.374439,132.4578244,61,
5001 9,34.3742346,132.4573755,62,
5001 9,34.3740414,132.4569185,63,
5001 9,34.373839,132.4561912,64,
5001 9,34.3736224,132.455008,65,
5001 9,34.3734401,132.4539834,66,
5001 9,34.37323,132.4527388,67,
5001 9,34.3728557,132.450675,68,
5001 9,34.3727278,132.4497939,69,
5001 9,34.3727212,132.449396,70,
5001 9,34.3727556,132.4491401,71,
5001 9,34.3729033,132.4482365,72,
5001 9,34.3730778,132.4471453,73,
5001 9,34.3732388,132.4461921,74,
5001 9,34.3733964,132.4452255,75,
5001 9,34.3735722,132.4440422,76,
5001 9,34.3737544,132.442909,77,
5001 9,34.3738833,132.4420849,78,
5001 9,34.3740387,132.4411924,79,
5001 9,34.3744053,132.4400425,80,
5001 9,34.3746696,132.439256,81,
5001 9,34.3748218,132.4387647,82,
5001 9,34.375076,132.438053,83,
5001 9,34.3753571,132.4372406,84,
5001 9,34.3755297,132.4366487,85,
5001 9,34.3759262,132.435508,86,
5001 9,34.3763705,132.4342353,87,
5001 9,34.376638,132.4334967,88,
5001 9,34.3768524,132.4328976,89,
5001 9,34.3772203,132.4319404,90,
5001 9,34.3775981,132.4309625,91,
5001 9,34.3779646,132.429766,92,
5001 9,34.3783692,132.428458,93,
5001 9,34.3787424,132.4271551,94,
5001 9,34.3791213,132.4258768,95,
5001 9,34.37951,132.4247209,96,
5001 9,34.3798731,132.4234923,97,
5001 9,34.3801499,132.422677,98,
5001 9,34.3804255,132.4218721,99,
5001 9,34.3807865,132.4210126,100,
5001 9,34.3812376,132.4199772,101,
5001 9,34.3818708,132.418544,102,
5001 9,34.3819664,132.4184427,103,
5001 9,34.3821284,132.4178961,104,
5001 9,34.3822708,132.4169441,105,
5001 9,34.3823402,132.4167682,106,
5001 9,34.3823874,132.4165441,107,
5001 9,34.3826374,132.4151109,108,
5001 9,34.382854,132.4139276,109,
5001 9,34.3824373,132.4127278,110,
5001 9,34.381854,132.4110946,111,
5001 9,34.3814541,132.409878,112,
5001 9,34.3810874,132.4088781,113,
5001 9,34.3807374,132.4078449,114,
5001 9,34.3804708,132.4070783,115,
5001 9,34.3801129,132.4061087,116,
5001 9,34.3796154,132.4049764,117,
5001 9,34.3791375,132.4038786,118,
5001 9,34.378771,132.4030713,119,
5001 9,34.3784043,132.4022455,120,
5001 9,34.378176,132.401728,121,
5001 9,34.3779743,132.4011623,122,
5001 9,34.377821,132.400579,123,
5001 9,34.3777543,132.400229,124,
5001 9,34.3777011,132.3997777,125,
5001 9,34.3775399,132.3985931,126,
5001 9,34.3774177,132.3975482,127,
5001 9,34.3773676,132.3971931,128,
5001 9,34.3773043,132.396846,129,
5001 9,34.377121,132.396096,130,
5001 9,34.3769531,132.3955698,131,
5001 9,34.3767543,132.3950462,132,
5001 9,34.3763233,132.3940183,133,
5001 9,34.3759822,132.3932359,134,
5001 9,34.3755956,132.3925541,135,
5001 9,34.3752101,132.392751,136,
5001 9,34.3748411,132.3929466,137,
5001 9,34.3742506,132.3932626,138,
5001 9,34.373638,132.3935464,139,
5001 9,34.3736949,132.3937014,140,
5001 9,34.3737493,132.3938215,141,
5001 9,34.3739742,132.3938884,142,
5002 0,34.3740836,132.3943778,1,
5002 0,34.3739977,132.3944953,2,
5002 0,34.3739123,132.3944641,3,
5002 0,34.373828,132.3943841,4,
5002 0,34.3737516,132.3941701,5,
5002 0,34.3737073,132.3940558,6,
5002 0,34.3736914,132.3938208,7,
5002 0,34.3736202,132.393617,8,
5002 0,34.3735135,132.3933996,9,
5002 0,34.3740311,132.3931772,10,
5002 0,34.3742802,132.3929836,11,
5002 0,34.3744768,132.3928784,12,
5002 0,34.3747361,132.3927477,13,
5002 0,34.3750026,132.3926144,14,
5002 0,34.3752597,132.3924858,15,
5002 0,34.375395,132.3924202,16,
5002 0,34.3755269,132.3923473,17,
5002 0,34.3758377,132.3928797,18,
5002 0,34.3759635,132.3931207,19,
5002 0,34.3760199,132.3932428,20,
5002 0,34.37607,132.3933503,21,
5002 0,34.3761174,132.3934612,22,
5002 0,34.3762102,132.3936773,23,
5002 0,34.3766732,132.3947615,24,
5002 0,34.3768612,132.3952181,25,
5002 0,34.3768906,132.3952898,26,
5002 0,34.3769499,132.3954554,27,
5002 0,34.377034,132.3956921,28,
5002 0,34.377079,132.395822,29,
5002 0,34.3772182,132.3962989,30,
5002 0,34.3773053,132.3966947,31,
5002 0,34.3774008,132.3971642,32,
5002 0,34.377467,132.3976459,33,
5002 0,34.3775395,132.3982125,34,
5002 0,34.3776048,132.3987791,35,
5002 0,34.377771,132.4000957,36,
5002 0,34.3778285,132.4004373,37,
5002 0,34.3778752,132.4007,38,
5002 0,34.3778921,132.4007629,39,
5002 0,34.3779569,132.4009904,40,
5002 0,34.3780914,132.4013825,41,
5002 0,34.378307,132.4019306,42,
5002 0,34.3784264,132.402201,43,
5002 0,34.3785431,132.4024647,44,
5002 0,34.3787719,132.4029737,45,
5002 0,34.3788889,132.4032295,46,
5002 0,34.3789248,132.4033093,47,
5002 0,34.3789972,132.4034853,48,
5002 0,34.3791765,132.4039066,49,
5002 0,34.3792695,132.4041149,50,
5002 0,34.3793611,132.4043256,51,
5002 0,34.3795738,132.4048107,52,
5002 0,34.3797845,132.4052972,53,
5002 0,34.3799797,132.4057458,54,
5002 0,34.380175,132.4061937,55,
5002 0,34.3802846,132.4064327,56,
5002 0,34.3803573,132.4066225,57,
5002 0,34.380559,132.4072122,58,
5002 0,34.380731,132.4077072,59,
5002 0,34.380904,132.4082075,60,
5002 0,34.3811096,132.4088014,61,
5002 0,34.381334,132.409428,62,
5002 0,34.381554,132.410052,63,
5002 0,34.3817437,132.4106016,64,
5002 0,34.3819343,132.4111518,65,
5002 0,34.3821648,132.4118211,66,
5002 0,34.3823435,132.4123267,67,
5002 0,34.3825177,132.4128327,68,
5002 0,34.3827117,132.4133928,69,
5002 0,34.3827867,132.4136042,70,
5002 0,34.3829243,132.413923,71,
5002 0,34.3828161,132.4144813,72,
5002 0,34.3825818,132.4157662,73,
5002 0,34.3824104,132.4167122,74,
5002 0,34.3823901,132.417011,75,
5002 0,34.3822517,132.4178357,76,
5002 0,34.3820863,132.4185994,77,
5002 0,34.3819708,132.4188939,78,
5002 0,34.3816042,132.4197272,79,
5002 0,34.3811376,132.4207605,80,
5002 0,34.3808365,132.4214311,81,
5002 0,34.380521,132.4220937,82,
5002 0,34.3804311,132.4222825,83,
5002 0,34.3803966,132.4223717,84,
5002 0,34.3802832,132.4226565,85,
5002 0,34.3802339,132.4227827,86,
5002 0,34.3800181,132.4234064,87,
5002 0,34.3797624,132.424235,88,
5002 0,34.3795088,132.4250515,89,
5002 0,34.3792482,132.4259034,90,
5002 0,34.3789308,132.4268196,91,
5002 0,34.3788113,132.427314,92,
5002 0,34.3786685,132.4278207,93,
5002 0,34.3785229,132.4283214,94,
5002 0,34.3783949,132.4287492,95,
5002 0,34.3782503,132.4292293,96,
5002 0,34.3779336,132.4302439,97,
5002 0,34.3777937,132.4307147,98,
5002 0,34.3776221,132.4312058,99,
5002 0,34.377419,132.4317605,100,
5002 0,34.3772154,132.4323131,101,
5002 0,34.3769846,132.4329264,102,
5002 0,34.3767815,132.4334773,103,
5002 0,34.376596,132.4339448,104,
5002 0,34.3764183,132.4344096,105,
5002 0,34.3762411,132.4349079,106,
5002 0,34.3760733,132.4354042,107,
5002 0,34.3758167,132.4361535,108,
5002 0,34.3754385,132.437276,109,
5002 0,34.3752462,132.4378595,110,
5002 0,34.374959,132.4387281,111,
5002 0,34.3746569,132.4396425,112,
5002 0,34.3743419,132.4406131,113,
5002 0,34.3741387,132.4412258,114,
5002 0,34.37384,132.4430396,115,
5002 0,34.3736055,132.4444922,116,
5002 0,34.3734076,132.4457808,117,
5002 0,34.3732166,132.447024,118,
5002 0,34.373039,132.4480086,119,
5002 0,34.3729,132.4489152,120,
5002 0,34.3728455,132.4492652,121,
5002 0,34.3728345,132.4495405,122,
5002 0,34.3728496,132.4499206,123,
5002 0,34.3729037,132.450255,124,
5002 0,34.3730956,132.4513916,125,
5002 0,34.3732646,132.452295,126,
5002 0,34.3734723,132.4534748,127,
5002 0,34.3735693,132.4540234,128,
5002 0,34.3736662,132.4545713,129,
5002 0,34.3738324,132.4555245,130,
5002 0,34.3739107,132.4559342,131,
5002 0,34.3739947,132.4563827,132,
5002 0,34.3740791,132.4566667,133,
5002 0,34.3741324,132.4568132,134,
5002 0,34.374284,132.4572218,135,
5002 0,34.374321,132.4573287,136,
5002 0,34.3744515,132.4576153,137,
5002 0,34.374759,132.458285,138,
5002 0,34.3750494,132.4589288,139,
5002 0,34.3753223,132.4595242,140,
5002 0,34.3755581,132.4594033,141,
5002 0,34.3757793,132.4592399,142,
5002 9,34.375766,132.4591917,1,
5002 9,34.3763751,132.458813,2,
5002 9,34.377021,132.45835,3,
5002 9,34.3772874,132.4588797,4,
5002 9,34.3771697,132.4602323,5,
5002 9,34.3762788,132.4599347,6,
5002 9,34.3758725,132.4598024,7,
5002 9,34.3754083,132.4596675,8,
5002 9,34.3752056,132.4595242,9,
5002 9,34.3749007,132.4588383,10,
5002 9,34.3747775,132.4585684,11,
5002 9,34.374439,132.4578244,12,
5002 9,34.374243,132.4573953,13,
5002 9,34.3740414,132.4569185,14,
5002 9,34.3738424,132.4562023,15,
5002 9,34.3735694,132.4546877,16,
5002 9,34.3732864,132.453066,17,
5002 9,34.3731699,132.4524219,18,
5002 9,34.3730423,132.4517061,19,
5002 9,34.3728774,132.450795,20,
5002 9,34.3727756,132.4500789,21,
5002 9,34.3727278,132.4497939,22,
5002 9,34.3727212,132.449396,23,
5002 9,34.3727556,132.4491401,24,
5002 9,34.372954,132.4479161,25,
5002 9,34.3730498,132.447317,26,
5002 9,34.3731104,132.4469471,27,
5002 9,34.3732603,132.4460394,28,
5002 9,34.3735825,132.4439785,29,
5002 9,34.3736388,132.4437089,30,
5002 9,34.3737888,132.4427257,31,
5002 9,34.3739721,132.4417257,32,
5002 9,34.3740387,132.4411924,33,
5002 9,34.3744642,132.4398596,34,
5002 9,34.3748218,132.4387647,35,
5002 9,34.375103,132.4379726,36,
5002 9,34.3753571,132.4372406,37,
5002 9,34.3755297,132.4366487,38,
5002 9,34.3759311,132.4354707,39,
5002 9,34.3764241,132.4340707,40,
5002 9,34.3766298,132.4335146,41,
5002 9,34.376802,132.4330325,42,
5002 9,34.3771903,132.4320237,43,
5002 9,34.377503,132.4312075,44,
5002 9,34.3775981,132.4309625,45,
5002 9,34.377699,132.430535,46,
5002 9,34.3778715,132.4299765,47,
5002 9,34.3783381,132.4284433,48,
5002 9,34.3785547,132.4277267,49,
5002 9,34.3787547,132.4270434,50,
5002 9,34.3790469,132.4260647,51,
5002 9,34.3793546,132.4251102,52,
5002 9,34.3795379,132.4245102,53,
5002 9,34.3797722,132.4237751,54,
5002 9,34.3799983,132.4230163,55,
5002 9,34.3804011,132.4218836,56,
5002 9,34.3807966,132.4209361,57,
5002 9,34.3812921,132.4198117,58,
5002 9,34.3818465,132.4185552,59,
5002 9,34.3819646,132.4184192,60,
5002 9,34.3820262,132.4182201,61,
5002 9,34.3821178,132.4178995,62,
5002 9,34.3822603,132.4169302,63,
5002 9,34.3823346,132.4167602,64,
5002 9,34.3824441,132.4161701,65,
5002 9,34.3825813,132.4153935,66,
5002 9,34.3827207,132.4145943,67,
5002 9,34.3828273,132.4140013,68,
5002 9,34.382766,132.4137936,69,
5002 9,34.3827443,132.4137104,70,
5002 9,34.3827154,132.4136212,71,
5002 9,34.3826532,132.4134488,72,
5002 9,34.3825298,132.4131054,73,
5002 9,34.3822878,132.4124134,74,
5002 9,34.381909,132.4113178,75,
5002 9,34.3817101,132.4107562,76,
5002 9,34.3814659,132.4100586,77,
5002 9,34.3812096,132.4093281,78,
5002 9,34.3808095,132.4081832,79,
5002 9,34.3805064,132.4073122,80,
5002 9,34.380179,132.4063782,81,
5002 9,34.3801334,132.4061877,82,
5002 9,34.3801,132.4061093,83,
5002 9,34.3799635,132.4057914,84,
5002 9,34.3797064,132.405214,85,
5002 9,34.3795852,132.4049291,86,
5002 9,34.3794573,132.404659,87,
5002 9,34.3792149,132.404116,88,
5002 9,34.3789631,132.4035403,89,
5002 9,34.3789162,132.4034716,90,
5002 9,34.3786783,132.4029178,91,
5002 9,34.3785193,132.4025314,92,
5002 9,34.3784523,132.4024028,93,
5002 9,34.3780656,132.4014823,94,
5002 9,34.3779216,132.4010507,95,
5002 9,34.37783,132.4006807,96,
5002 9,34.3777543,132.400229,97,
5002 9,34.3775972,132.3990918,98,
5002 9,34.3774472,132.3978979,99,
5002 9,34.3773821,132.3974136,100,
5002 9,34.3773043,132.3969293,101,
5002 9,34.3771731,132.396356,102,
5002 9,34.3770895,132.3960389,103,
5002 9,34.3769522,132.3955971,104,
5002 9,34.3767939,132.3951835,105,
5002 9,34.3763522,132.394135,106,
5002 9,34.3759604,132.3932178,107,
5002 9,34.3757727,132.3928751,108,
5002 9,34.375596,132.3925686,109,
5002 9,34.3754519,132.3926327,110,
5002 9,34.3753122,132.3927075,111,
5002 9,34.3750306,132.3928578,112,
5002 9,34.374468,132.3931591,113,
5002 9,34.3740338,132.393424,114,
5002 9,34.3738131,132.3935404,115,
5002 9,34.3736722,132.3936081,116,
5002 9,34.3737482,132.3938431,117,
5002 9,34.3739587,132.3938965,118,
5101 0,34.386571,132.4547574,1,
5101 0,34.3847034,132.4541556,2,
5101 0,34.3844089,132.4554348,3,
5101 0,34.3840723,132.4568321,4,
5101 0,34.3837781,132.4579933,5,
5101 0,34.383808,132.45815,6,
5101 0,34.3843485,132.4591198,7,
5101 0,34.3846767,132.4597257,8,
5101 0,34.3852239,132.4607483,9,
5101 0,34.3855881,132.4614518,10,
5101 0,34.3859024,132.4619729,11,
5101 0,34.3861951,132.4625109,12,
5101 0,34.3864607,132.4630116,13,
5101 0,34.3869701,132.4639495,14,
5101 0,34.3871227,132.4642338,15,
5101 0,34.3874026,132.464789,16,
5101 0,34.3876101,132.465136,17,
5101 0,34.3877017,132.4653176,18,
5101 0,34.3878,132.4655012,19,
5101 0,34.3880822,132.4660245,20,
5101 0,34.3883638,132.4665464,21,
5101 0,34.3888582,132.4674656,22,
5101 0,34.3892751,132.4682442,23,
5101 0,34.3894874,132.4686384,24,
5101 0,34.389702,132.46903,25,
5101 0,34.3899742,132.469579,26,
5101 0,34.3902697,132.4701192,27,
5101 0,34.3907875,132.4710392,28,
5101 0,34.3908519,132.4710923,29,
5101 0,34.3912852,132.4712231,30,
5101 0,34.3916093,132.4713418,31,
5101 0,34.3920955,132.4715032,32,
5101 0,34.3923348,132.4715872,33,
5101 0,34.3927013,132.4717108,34,
5101 0,34.3929617,132.4719073,35,
5101 0,34.393455,132.4722928,36,
5101 0,34.3936967,132.4724916,37,
5101 0,34.3939394,132.4726851,38,
5101 0,34.3948666,132.4734129,39,
5101 0,34.3953208,132.4737842,40,
5101 0,34.3957937,132.4741685,41,
5101 0,34.3960608,132.4736836,42,
6101 0,34.3528779,132.4553223,1,
6101 0,34.3529896,132.4549,2,
6101 0,34.3530246,132.4548427,3,
6101 0,34.3530841,132.4548025,4,
6101 0,34.3531562,132.454806,5,
6101 0,34.3535645,132.4532198,6,
6101 0,34.3536345,132.4530401,7,
6101 0,34.3537744,132.4528757,8,
6101 0,34.3542077,132.4525091,9,
6101 0,34.3547255,132.4534057,10,
6101 0,34.3553243,132.4544422,11,
6101 0,34.3560066,132.4556229,12,
6101 0,34.3561557,132.4555556,13,
6101 0,34.3563344,132.4552974,14,
6101 0,34.3565009,132.4550967,15,
6101 0,34.3567777,132.454837,16,
6101 0,34.3572074,132.4543921,17,
6101 0,34.3581039,132.4535098,18,
6101 0,34.3593705,132.4523083,19,
6101 0,34.3601193,132.4515596,20,
6101 0,34.3611071,132.450488,21,
6101 0,34.3621169,132.4494249,22,
6101 0,34.3624034,132.4491201,23,
6101 0,34.3626168,132.4489146,24,
6101 0,34.3631201,132.4484136,25,
6101 0,34.3641211,132.4474692,26,
6101 0,34.3645693,132.4469759,27,
6101 0,34.364763,132.4467487,28,
6101 0,34.3648903,132.4465752,29,
6101 0,34.3649869,132.4464407,30,
6101 0,34.3654363,132.445677,31,
6101 0,34.3655148,132.4455288,32,
6101 0,34.3656499,132.4452127,33,
6101 0,34.365863,132.444653,34,
6101 0,34.3660396,132.4440759,35,
6101 0,34.3663896,132.4428593,36,
6101 0,34.3667495,132.4417755,37,
6101 0,34.3669404,132.4413254,38,
6101 0,34.3675268,132.4400234,39,
6101 0,34.3678053,132.4393768,40,
6101 0,34.3679391,132.4390441,41,
6101 0,34.3681182,132.4385276,42,
6101 0,34.3683884,132.4375544,43,
6101 0,34.3684912,132.4371049,44,
6101 0,34.3686715,132.436371,45,
6101 0,34.3689292,132.4353115,46,
6101 0,34.3691891,132.4342432,47,
6101 0,34.3695057,132.4329767,48,
6101 0,34.369789,132.4318434,49,
6101 0,34.3699245,132.4312755,50,
6101 0,34.3700577,132.4307358,51,
6101 0,34.3702055,132.4301513,52,
6101 0,34.3703467,132.4295708,53,
6101 0,34.3706044,132.4286936,54,
6101 0,34.3708722,132.4278937,55,
6101 0,34.3713054,132.4268271,56,
6101 0,34.371366,132.4266514,57,
6101 0,34.3717321,132.4257917,58,
6101 0,34.3719669,132.4252335,59,
6101 0,34.372122,132.4247772,60,
6101 0,34.3725484,132.423723,61,
6101 0,34.3730206,132.4227567,62,
6101 0,34.3735361,132.4216207,63,
6101 0,34.3740615,132.4204789,64,
6101 0,34.3745149,132.4194609,65,
6101 0,34.3747465,132.4189662,66,
6101 0,34.3749603,132.41845,67,
6101 0,34.3753338,132.4173436,68,
6101 0,34.3756381,132.4161111,69,
6101 0,34.3758548,132.4149612,70,
6101 0,34.3759547,132.413828,71,
6101 0,34.3759558,132.4132563,72,
6101 0,34.3759214,132.4127114,73,
6101 0,34.3758868,132.4121093,74,
6101 0,34.3758024,132.4115072,75,
6101 0,34.3757162,132.4110003,76,
6101 0,34.3755691,132.4105055,77,
6101 0,34.3751881,132.4094617,78,
6101 0,34.3747381,132.4084118,79,
6101 0,34.3743048,132.4072619,80,
6101 0,34.3739548,132.406212,81,
6101 0,34.3736048,132.4051955,82,
6101 0,34.3732215,132.4041456,83,
6101 0,34.3727283,132.403023,84,
6101 0,34.3724093,132.4023701,85,
6101 0,34.372146,132.4018706,86,
6101 0,34.3718383,132.4011459,87,
6101 0,34.3713716,132.3999293,88,
6101 0,34.3709883,132.3988961,89,
6101 0,34.3708854,132.3986074,90,
6101 0,34.3707538,132.3982812,91,
6101 0,34.3704717,132.3976962,92,
6101 0,34.3701217,132.3968463,93,
6101 0,34.3698618,132.3961444,94,
6101 0,34.3696817,132.3956719,95,
6101 0,34.3700685,132.3954847,96,
6101 0,34.3705993,132.3951302,97,
6101 0,34.3711713,132.3948154,98,
6101 0,34.3718891,132.3943893,99,
6101 0,34.3724813,132.3940367,100,
6101 0,34.373087,132.3936871,101,
6101 0,34.3735155,132.3935175,102,
6101 0,34.3736302,132.3935464,103,
6101 0,34.3737046,132.3937297,104,
6101 0,34.3737625,132.3938258,105,
6101 0,34.3739028,132.3938749,106,
6101 0,34.3740776,132.3942928,107,
6101 0,34.3740907,132.3944066,108,
6101 0,34.373996,132.3944993,109,
6101 0,34.3738685,132.3944437,110,
6101 0,34.3737876,132.3942593,111,
6101 0,34.3736633,132.3939684,112,
6101 0,34.3736744,132.393785,113,
6101 0,34.3735961,132.3935769,114,
6101 0,34.3724881,132.3942298,115,
6101 0,34.3722656,132.3943787,116,
6101 0,34.3722118,132.3944837,117,
6101 0,34.3721506,132.3946127,118,
6101 0,34.3721381,132.3947631,119,
6101 0,34.3721794,132.3949678,120,
6101 0,34.3723381,132.395363,121,
6101 0,34.3727581,132.3964786,122,
6101 0,34.3731859,132.397521,123,
6101 0,34.3736026,132.3985508,124,
6101 0,34.3740403,132.3996599,125,
6101 0,34.374218,132.3997933,126,
6101 0,34.3743407,132.3998287,127,
6101 0,34.3744546,132.3998292,128,
6101 0,34.3751867,132.3994694,129,
6101 0,34.3758069,132.3991916,130,
6101 0,34.3762743,132.3989513,131,
6101 0,34.3770396,132.3986337,132,
6101 0,34.3773665,132.3985173,133,
6101 0,34.3776842,132.3984349,134,
6101 0,34.3780153,132.398374,135,
6101 0,34.3785419,132.3983565,136,
6101 0,34.3789407,132.3983908,137,
6101 0,34.379293,132.3984465,138,
6101 0,34.3798341,132.3986129,139,
6101 0,34.3806718,132.3989818,140,
6101 0,34.3809222,132.3990968,141,
6101 0,34.3814714,132.3993273,142,
6101 0,34.3819917,132.3995323,143,
6101 0,34.3821855,132.39963,144,
6101 0,34.3823705,132.3996955,145,
6101 0,34.3828092,132.3998577,146,
6101 0,34.3836502,132.4001064,147,
6101 0,34.3854063,132.4008204,148,
6101 0,34.3868908,132.4014966,149,
6101 0,34.3877999,132.4018912,150,
6101 0,34.3879998,132.4019643,151,
6101 0,34.3882174,132.4020066,152,
6101 0,34.3883969,132.4020169,153,
6101 0,34.3885676,132.4020057,154,
6101 0,34.3889865,132.401895,155,
6101 0,34.389262,132.4017455,156,
6101 0,34.3895197,132.401545,157,
6101 0,34.3900308,132.4008835,158,
6101 0,34.3903436,132.4003735,159,
6101 0,34.3905155,132.4001051,160,
6101 0,34.3907029,132.3999118,161,
6101 0,34.3909396,132.3996887,162,
6101 0,34.3912028,132.3994951,163,
6101 0,34.3914867,132.3993599,164,
6101 0,34.3917861,132.3992784,165,
6101 0,34.392936,132.3991284,166,
6101 0,34.3939359,132.3989784,167,
6101 0,34.3944056,132.3988904,168,
6101 0,34.3947691,132.3987783,169,
6101 0,34.3951718,132.3985801,170,
6101 0,34.3955889,132.398331,171,
6101 0,34.3966088,132.3978153,172,
6101 0,34.3975676,132.3974812,173,
6101 0,34.3980309,132.3974105,174,
6101 0,34.3990852,132.397311,175,
6101 0,34.3997517,132.3972937,176,
6101 0,34.4003739,132.3972684,177,
6101 0,34.4010941,132.3973377,178,
6101 0,34.4022616,132.3976521,179,
6101 0,34.4026048,132.3976919,180,
6101 0,34.4029671,132.3976108,181,
6101 0,34.4031937,132.3974995,182,
6101 0,34.4033848,132.3973614,183,
6101 0,34.4036085,132.3971165,184,
6101 0,34.4037746,132.3968046,185,
6101 0,34.4040003,132.3961868,186,
6101 0,34.404316,132.3954909,187,
6101 0,34.4046481,132.3951265,188,
6101 0,34.4049651,132.3949346,189,
6101 0,34.4052245,132.3948232,190,
6101 0,34.4064267,132.3944743,191,
6101 0,34.4074085,132.3943017,192,
6101 0,34.4080676,132.3943683,193,
6101 0,34.4084564,132.3944355,194,
6101 0,34.4087655,132.3945403,195,
6101 0,34.4086009,132.395028,196,
6101 0,34.4084083,132.3952364,197,
6101 0,34.4080343,132.3954447,198,
6101 0,34.4077465,132.3956414,199,
6101 0,34.4075661,132.3958847,200,
6101 0,34.4074366,132.3961709,201,
6101 0,34.4073795,132.3964465,202,
6101 0,34.4073689,132.3967247,203,
6101 0,34.4074174,132.3970557,204,
6101 0,34.4075677,132.3974779,205,
6101 0,34.4077925,132.3980147,206,
6101 0,34.4081566,132.3986373,207,
6101 0,34.4083689,132.3989453,208,
6101 0,34.4086299,132.3992211,209,
6101 0,34.4091686,132.399678,210,
6101 0,34.4093953,132.3998177,211,
6101 0,34.409571,132.3999172,212,
6101 0,34.4096666,132.3996345,213,
6101 0,34.4097809,132.3993531,214,
6101 0,34.4099985,132.398785,215,
6101 0,34.4102251,132.3989066,216,
6101 0,34.4108603,132.3992411,217,
6101 0,34.410661,132.3998128,218,
6101 0,34.4105266,132.4002355,219,
6101 0,34.410589,132.4002638,220,
6101 0,34.411038,132.4004006,221,
6101 0,34.4113631,132.4004784,222,
6101 0,34.4117284,132.4004822,223,
6101 0,34.4120438,132.4004429,224,
6101 0,34.4123388,132.4003834,225,
6101 0,34.4125366,132.4003048,226,
6101 0,34.4125839,132.4001941,227,
6101 0,34.4123849,132.3993442,228,
6101 0,34.4123006,132.3984109,229,
6101 0,34.4123333,132.3977758,230,
6101 0,34.4123881,132.3972104,231,
6101 0,34.4124587,132.3968344,232,
6101 0,34.4125515,132.3964906,233,
6101 0,34.4132203,132.3951949,234,
6101 0,34.4137847,132.3937666,235,
6101 0,34.4141868,132.392578,236,
6101 0,34.4149078,132.390607,237,
6101 0,34.4149889,132.3902816,238,
6101 0,34.4145936,132.3900372,239,
6101 0,34.4141814,132.3900484,240,
6101 0,34.4138336,132.3901615,241,
6101 0,34.4139857,132.3908612,242,
6101 0,34.4140684,132.3911444,243,
6101 0,34.4143502,132.391728,244,
6101 0,34.4144847,132.3918736,245,
6101 0,34.4145863,132.3919169,246,
6101 0,34.4146812,132.3919414,247,
6101 0,34.4148202,132.3919355,248,
6101 0,34.4150388,132.3918598,249,
6101 0,34.4151735,132.3917702,250,
6101 0,34.415295,132.3917805,251,
6101 0,34.4153612,132.3918847,252,
6101 0,34.4153659,132.3919873,253,
6101 0,34.4153301,132.3920412,254,
6101 0,34.4152833,132.3920603,255,
6101 0,34.4152381,132.3920719,256,
6101 0,34.4151707,132.3920728,257,
6101 0,34.4151002,132.391978,258,
6101 9,34.4151524,132.3920577,1,
6101 9,34.4150679,132.3919201,2,
6101 9,34.4149513,132.391918,3,
6101 9,34.4147778,132.3919792,4,
6101 9,34.4145825,132.3919585,5,
6101 9,34.4144514,132.3918761,6,
6101 9,34.4143459,132.3917608,7,
6101 9,34.4141477,132.3913738,8,
6101 9,34.4140226,132.3910888,9,
6101 9,34.4138556,132.3904798,10,
6101 9,34.4137859,132.3901429,11,
6101 9,34.4142495,132.3899851,12,
6101 9,34.4145771,132.3899969,13,
6101 9,34.4151411,132.3902636,14,
6101 9,34.4148101,132.3911422,15,
6101 9,34.414179,132.3929159,16,
6101 9,34.413767,132.3940779,17,
6101 9,34.4133969,132.3950067,18,
6101 9,34.4132017,132.395459,19,
6101 9,34.4128804,132.3960266,20,
6101 9,34.4126404,132.3965218,21,
6101 9,34.4125394,132.3968366,22,
6101 9,34.4124672,132.3971943,23,
6101 9,34.4124256,132.3975346,24,
6101 9,34.4124172,132.3978776,25,
6101 9,34.4123967,132.3982856,26,
6101 9,34.4124006,132.3986775,27,
6101 9,34.4125006,132.3994775,28,
6101 9,34.4126761,132.4001188,29,
6101 9,34.4125905,132.400377,30,
6101 9,34.4122073,132.4004871,31,
6101 9,34.411854,132.4005462,32,
6101 9,34.4113451,132.4005604,33,
6101 9,34.4107674,132.4003941,34,
6101 9,34.4102342,132.4002108,35,
6101 9,34.4095709,132.3999519,36,
6101 9,34.4095874,132.3998838,37,
6101 9,34.4096438,132.3997103,38,
6101 9,34.4097809,132.3993531,39,
6101 9,34.4099985,132.398785,40,
6101 9,34.4108603,132.3992411,41,
6101 9,34.410661,132.3998128,42,
6101 9,34.4105266,132.4002355,43,
6101 9,34.4105995,132.4002713,44,
6101 9,34.4110819,132.4004089,45,
6101 9,34.4113631,132.4004784,46,
6101 9,34.4117284,132.4004822,47,
6101 9,34.4120438,132.4004429,48,
6101 9,34.4123238,132.4003849,49,
6101 9,34.4125538,132.4002913,50,
6101 9,34.4128339,132.4001774,51,
6101 9,34.413021,132.4000588,52,
6101 9,34.4131982,132.3999054,53,
6101 9,34.4133665,132.3997121,54,
6101 9,34.4134938,132.3995108,55,
6101 9,34.4135832,132.3992858,56,
6101 9,34.4136504,132.3990608,57,
6101 9,34.4137004,132.3986775,58,
6101 9,34.4136959,132.3984192,59,
6101 9,34.4136748,132.3981568,60,
6101 9,34.4136249,132.3979434,61,
6101 9,34.4135373,132.3977676,62,
6101 9,34.4134345,132.3976046,63,
6101 9,34.4133161,132.3974684,64,
6101 9,34.4128229,132.3971819,65,
6101 9,34.4126195,132.3970758,66,
6101 9,34.4123167,132.3969134,67,
6101 9,34.4121112,132.3967205,68,
6101 9,34.412077,132.3966241,69,
6101 9,34.4120672,132.3965277,70,
6101 9,34.4120116,132.3961676,71,
6101 9,34.4118518,132.3959092,72,
6101 9,34.4110941,132.395606,73,
6101 9,34.4098675,132.3951021,74,
6101 9,34.4088175,132.394678,75,
6101 9,34.4085676,132.3945614,76,
6101 9,34.4082232,132.3944882,77,
6101 9,34.4077277,132.3944189,78,
6101 9,34.407151,132.3944115,79,
6101 9,34.4065178,132.3945448,80,
6101 9,34.405018,132.3949949,81,
6101 9,34.4045847,132.3953448,82,
6101 9,34.404258,132.3958136,83,
6101 9,34.4040314,132.3963936,84,
6101 9,34.4038647,132.3968011,85,
6101 9,34.4036848,132.3971281,86,
6101 9,34.4034214,132.3974495,87,
6101 9,34.4032048,132.3975963,88,
6101 9,34.4029682,132.3976947,89,
6101 9,34.4027621,132.3977492,90,
6101 9,34.4025494,132.3977662,91,
6101 9,34.4021183,132.3976781,92,
6101 9,34.4015684,132.3975281,93,
6101 9,34.4009162,132.3974071,94,
6101 9,34.4003091,132.3973577,95,
6101 9,34.3992309,132.3974078,96,
6101 9,34.3984087,132.3974771,97,
6101 9,34.3976978,132.3975885,98,
6101 9,34.39726,132.3977132,99,
6101 9,34.3968023,132.3978326,100,
6101 9,34.3963856,132.3979906,101,
6101 9,34.395699,132.3983299,102,
6101 9,34.3948954,132.398767,103,
6101 9,34.3945128,132.3989183,104,
6101 9,34.3940726,132.3990079,105,
6101 9,34.3928527,132.3991617,106,
6101 9,34.3917861,132.3993284,107,
6101 9,34.3912528,132.3994951,108,
6101 9,34.390905,132.399766,109,
6101 9,34.3905564,132.4001227,110,
6101 9,34.3904196,132.4002951,111,
6101 9,34.3899248,132.4011339,112,
6101 9,34.3897094,132.4014184,113,
6101 9,34.3894807,132.4016492,114,
6101 9,34.389233,132.4018097,115,
6101 9,34.388972,132.4019433,116,
6101 9,34.3885743,132.4020401,117,
6101 9,34.388315,132.4020468,118,
6101 9,34.3880955,132.4020159,119,
6101 9,34.3877534,132.4018993,120,
6101 9,34.3868229,132.4014964,121,
6101 9,34.385908,132.4010828,122,
6101 9,34.3849025,132.4006361,123,
6101 9,34.3836216,132.4001255,124,
6101 9,34.3827828,132.3998717,125,
6101 9,34.382065,132.3996036,126,
6101 9,34.3813609,132.3993213,127,
6101 9,34.3805898,132.3990204,128,
6101 9,34.3803007,132.3989233,129,
6101 9,34.379954,132.3987457,130,
6101 9,34.3794197,132.3985887,131,
6101 9,34.3789363,132.3984833,132,
6101 9,34.3783098,132.3984447,133,
6101 9,34.3776876,132.3985146,134,
6101 9,34.3769288,132.39877,135,
6101 9,34.3763967,132.3989918,136,
6101 9,34.3759045,132.3992458,137,
6101 9,34.3757158,132.3994044,138,
6101 9,34.3755449,132.3994985,139,
6101 9,34.3750481,132.3998397,140,
6101 9,34.3745621,132.4001458,141,
6101 9,34.3741547,132.4002125,142,
6101 9,34.3736214,132.3988293,143,
6101 9,34.3731881,132.3977294,144,
6101 9,34.3727714,132.3967129,145,
6101 9,34.3722215,132.3953963,146,
6101 9,34.3718382,132.3943798,147,
6101 9,34.3720581,132.3942891,148,
6101 9,34.3722626,132.3941554,149,
6101 9,34.3730457,132.3937066,150,
6101 9,34.37356,132.393405,151,
6101 9,34.3737625,132.3938258,152,
6101 9,34.3739066,132.3938749,153,
6101 9,34.3740776,132.3942928,154,
6101 9,34.3740907,132.3944066,155,
6101 9,34.3739977,132.3944953,156,
6101 9,34.3738655,132.394435,157,
6101 9,34.3736633,132.3939684,158,
6101 9,34.3736744,132.393785,159,
6101 9,34.3735934,132.3936104,160,
6101 9,34.3725048,132.3942297,161,
6101 9,34.3713882,132.3948631,162,
6101 9,34.3703483,132.3954845,163,
6101 9,34.370264,132.3956961,164,
6101 9,34.3702505,132.3959466,165,
6101 9,34.3704717,132.396663,166,
6101 9,34.370805,132.3976962,167,
6101 9,34.3711883,132.3987294,168,
6101 9,34.3717716,132.3999126,169,
6101 9,34.3721382,132.4008792,170,
6101 9,34.3725715,132.4019958,171,
6101 9,34.3729382,132.4030123,172,
6101 9,34.3733882,132.4042122,173,
6101 9,34.3738381,132.4052288,174,
6101 9,34.3743214,132.406262,175,
6101 9,34.3747047,132.4071786,176,
6101 9,34.375138,132.4082451,177,
6101 9,34.3753092,132.4086488,178,
6101 9,34.3754859,132.4092362,179,
6101 9,34.3757185,132.4099829,180,
6101 9,34.3758603,132.4104963,181,
6101 9,34.3760348,132.4113755,182,
6101 9,34.3760947,132.4118197,183,
6101 9,34.3761204,132.4126461,184,
6101 9,34.3761081,132.4133569,185,
6101 9,34.3760714,132.4138613,186,
6101 9,34.3759714,132.4149779,187,
6101 9,34.3757548,132.4161111,188,
6101 9,34.3754882,132.417261,189,
6101 9,34.3750882,132.418411,190,
6101 9,34.3746871,132.4193157,191,
6101 9,34.374205,132.4203608,192,
6101 9,34.3737218,132.4213774,193,
6101 9,34.3732218,132.422494,194,
6101 9,34.3726886,132.4236606,195,
6101 9,34.372222,132.4247439,196,
6101 9,34.3719118,132.4254887,197,
6101 9,34.3713942,132.4266905,198,
6101 9,34.3712696,132.4270445,199,
6101 9,34.371103,132.4274428,200,
6101 9,34.3708553,132.4280936,201,
6101 9,34.3706276,132.4287525,202,
6101 9,34.3704272,132.4294453,203,
6101 9,34.3703043,132.4299236,204,
6101 9,34.369941,132.4313935,205,
6101 9,34.3697806,132.4320485,206,
6101 9,34.3696167,132.4326794,207,
6101 9,34.3693557,132.4337747,208,
6101 9,34.3689246,132.4355386,209,
6101 9,34.3686247,132.4367325,210,
6101 9,34.3684045,132.4376755,211,
6101 9,34.3683413,132.4379204,212,
6101 9,34.3680357,132.4389213,213,
6101 9,34.3678785,132.439324,214,
6101 9,34.3676137,132.439945,215,
6101 9,34.3671038,132.4410685,216,
6101 9,34.3667727,132.4418711,217,
6101 9,34.3666769,132.4420909,218,
6101 9,34.366394,132.4430095,219,
6101 9,34.366054,132.4441769,220,
6101 9,34.3659188,132.4446365,221,
6101 9,34.365745,132.4450903,222,
6101 9,34.3656397,132.4453469,223,
6101 9,34.3655008,132.4456535,224,
6101 9,34.365353,132.4459319,225,
6101 9,34.3651508,132.4462696,226,
6101 9,34.3649187,132.4466154,227,
6101 9,34.364502,132.4471278,228,
6101 9,34.3640531,132.4475985,229,
6101 9,34.3634954,132.4481472,230,
6101 9,34.363211,132.4484243,231,
6101 9,34.3629222,132.4487174,232,
6101 9,34.3623913,132.4492285,233,
6101 9,34.3618957,132.4497638,234,
6101 9,34.3612072,132.4505514,235,
6101 9,34.3606015,132.4511964,236,
6101 9,34.3603054,132.4515846,237,
6101 9,34.359976,132.4519903,238,
6101 9,34.3595565,132.4524566,239,
6101 9,34.3590473,132.4529604,240,
6101 9,34.358623,132.4534097,241,
6101 9,34.3585006,132.4534989,242,
6101 9,34.3580073,132.4539596,243,
6101 9,34.3573807,132.4545782,244,
6101 9,34.3570696,132.4548916,245,
6101 9,34.3567419,132.4551928,246,
6101 9,34.3565437,132.4554003,247,
6101 9,34.3563742,132.4556587,248,
6101 9,34.3562541,132.455875,249,
6101 9,34.3561197,132.4558547,250,
6101 9,34.3559743,132.4557754,251,
6101 9,34.355441,132.4548922,252,
6101 9,34.3548077,132.4538089,253,
6101 9,34.354466,132.4532478,254,
6101 9,34.354179,132.4527459,255,
6101 9,34.3541244,132.4527591,256,
6101 9,34.3539911,132.4527924,257,
6101 9,34.3537078,132.4530924,258,
6101 9,34.3535911,132.4535424,259,
6101 9,34.3534679,132.4539969,260,
6101 9,34.3533245,132.4545923,261,
6101 9,34.3531435,132.4552702,262,
6101 9,34.3529958,132.4558276,263,
6101 9,34.3528746,132.4562755,264,
6101 9,34.3528307,132.4563407,265,
6101 9,34.3527725,132.4563724,266,
6101 9,34.3526746,132.4563255,267,
6101 9,34.3526519,132.4562682,268,
6101 9,34.352649,132.4562002,269,
6101 9,34.3527079,132.4559748,270,
6101 9,34.3528012,132.4556189,271,
6101 9,34.3528979,132.4552382,272,
9001 0,34.3985042,132.4762127,1,
9001 0,34.3987833,132.4758413,2,
9001 0,34.3989211,132.4758151,3,
9001 0,34.3992931,132.4760696,4,
9001 0,34.3997406,132.4752448,5,
9001 0,34.39986,132.4750242,6,
9001 0,34.4000064,132.474746,7,
9001 0,34.4001697,132.47443,8,
9001 0,34.4001117,132.4744129,9,
9001 0,34.3995731,132.4742023,10,
9001 0,34.3993206,132.474088,11,
9001 0,34.3991762,132.4740295,12,
9001 0,34.3990012,132.4739542,13,
9001 0,34.3984321,132.4737235,14,
9001 0,34.3982619,132.4736256,15,
9001 0,34.3974509,132.4729597,16,
9001 0,34.3972885,132.4727979,17,
9001 0,34.3971322,132.4726012,18,
9001 0,34.3968781,132.4722649,19,
9001 0,34.3963868,132.4715903,20,
9001 0,34.396103,132.4712167,21,
9001 0,34.3965604,132.4696222,22,
9001 0,34.3968768,132.4683544,23,
9001 0,34.3972054,132.4670559,24,
9001 0,34.3975815,132.465533,25,
9001 0,34.3976612,132.4652153,26,
9001 0,34.3977441,132.4648948,27,
9001 0,34.3976567,132.4647534,28,
9001 0,34.3971345,132.4645889,29,
9001 0,34.3966267,132.4644339,30,
9001 0,34.3946755,132.4638397,31,
9001 0,34.3943861,132.4637372,32,
9001 0,34.3940428,132.4636536,33,
9001 0,34.3938134,132.4635885,34,
9001 0,34.3936273,132.4635421,35,
9001 0,34.3928184,132.4632831,36,
9001 0,34.3916617,132.4629259,37,
9001 0,34.3910391,132.4627392,38,
9001 0,34.3905733,132.4625982,39,
9001 0,34.3898824,132.4623794,40,
9001 0,34.388869,132.4620492,41,
9001 0,34.3883794,132.4619079,42,
9001 0,34.3879251,132.4617754,43,
9001 0,34.3869774,132.4614774,44,
9001 0,34.3864129,132.4613115,45,
9001 0,34.3858981,132.4611568,46,
9001 0,34.3856459,132.4610791,47,
9001 0,34.3854508,132.4610266,48,
9001 0,34.3851968,132.4610302,49,
9001 0,34.3850738,132.4607928,50,
9001 0,34.3845108,132.4597633,51,
9001 0,34.3843111,132.4593766,52,
9001 0,34.3835355,132.4578521,53,
9001 0,34.3834492,132.4576543,54,
9001 0,34.3829382,132.4565741,55,
9001 0,34.3826848,132.4562042,56,
9001 0,34.3824682,132.4560042,57,
9001 0,34.3820949,132.4557349,58,
9001 0,34.3817016,132.4556005,59,
9001 0,34.3814167,132.455566,60,
9001 0,34.3797379,132.4567686,61,
9001 0,34.3773761,132.4583004,62,
9001 0,34.3762085,132.4591266,63,
9001 0,34.3756357,132.4595531,64,
9001 0,34.3753076,132.45982,65,
9001 0,34.3751935,132.4599497,66,
9001 0,34.3750855,132.4601773,67,
9001 0,34.3748935,132.4609804,68,
9001 0,34.3746842,132.461805,69,
9001 0,34.3745973,132.4625739,70,
9001 0,34.3741152,132.4646678,71,
9001 0,34.3738352,132.4646102,72,
9001 0,34.3732962,132.4645875,73,
9001 0,34.3724795,132.4645608,74,
9001 0,34.3708725,132.4647052,75,
9001 0,34.3696429,132.4648219,76,
9001 0,34.3693952,132.4648529,77,
9001 0,34.3691928,132.4648482,78,
9001 0,34.3686532,132.4652925,79,
9001 0,34.3684167,132.4655176,80,
9001 0,34.3681238,132.4659024,81,
9001 0,34.3679944,132.4660964,82,
9001 0,34.3678323,132.4664188,83,
9001 0,34.367697,132.4668877,84,
9001 0,34.3676487,132.4671383,85,
9001 0,34.3676314,132.4672608,86,
9001 0,34.3675712,132.4679666,87,
9001 0,34.367521,132.4686765,88,
9001 0,34.3674151,132.4701189,89,
9001 0,34.3684002,132.4702975,90,
9001 0,34.3687396,132.4703625,91,
9001 0,34.3690635,132.4704247,92,
9001 0,34.3696256,132.4705284,93,
9001 0,34.3701934,132.4706337,94,
9001 0,34.370645,132.4707274,95,
9001 0,34.3713009,132.4708703,96,
9001 0,34.3719053,132.4709794,97,
9001 0,34.3725861,132.471099,98,
9001 0,34.3729165,132.4711578,99,
9001 0,34.3732342,132.4712327,100,
9001 0,34.3731934,132.4714703,101,
9001 0,34.3731115,132.4720324,102,
9001 0,34.3729954,132.4728738,103,
9001 0,34.3728173,132.4740699,104,
9001 0,34.372648,132.4750567,105,
9001 0,34.3725141,132.4760848,106,
9001 0,34.3724724,132.4764423,107,
9001 0,34.3724345,132.4768012,108,
9001 0,34.3724316,132.4769151,109,
9001 0,34.3724573,132.4773114,110,
9001 0,34.3724936,132.4775085,111,
9001 0,34.3726008,132.4778636,112,
9001 0,34.3726362,132.4779471,113,
9001 0,34.3727029,132.4780741,114,
9001 0,34.3727564,132.478167,115,
9001 0,34.3727764,132.4781963,116,
9001 0,34.3727954,132.4782243,117,
9001 0,34.3728317,132.4782559,118,
9001 0,34.3728881,132.4782824,119,
9001 0,34.3729458,132.4782895,120,
9001 0,34.3730135,132.4782845,121,
9001 0,34.3731116,132.4782433,122,
9001 0,34.373402,132.4781093,123,
9001 0,34.3739328,132.4778648,124,
9001 0,34.374517,132.4775928,125,
9001 0,34.3750066,132.4773603,126,
9001 0,34.3759427,132.4769175,127,
9001 0,34.3764794,132.476668,128,
9001 0,34.3769866,132.4764519,129,
9001 0,34.3771224,132.4764937,130,
9001 0,34.3774018,132.4765491,131,
9001 0,34.3777643,132.4766194,132,
9001 0,34.3778998,132.4766266,133,
9001 0,34.3780191,132.4766381,134,
9001 0,34.3784095,132.4767272,135,
9001 0,34.3787808,132.4768199,136,
9001 0,34.3792357,132.4769225,137,
9001 0,34.3801018,132.477111,138,
9001 0,34.3801889,132.4773935,139,
9001 0,34.3802127,132.4775746,140,
9001 0,34.3802265,132.477911,141,
9001 0,34.3803726,132.478406,142,
9001 0,34.3803563,132.4784716,143,
9001 0,34.3802295,132.478533,144,
9001 0,34.3802076,132.4782842,145,
9001 0,34.3800225,132.4776041,146,
9001 0,34.3800476,132.4774858,147,
9001 0,34.3801037,132.4773674,148,
9001 0,34.3801085,132.4773054,149,
9001 0,34.3800493,132.4770137,150,
9001 0,34.3798074,132.4762246,151,
9001 0,34.379622,132.4756173,152,
9001 0,34.3795699,132.4754455,153,
9001 0,34.3795706,132.4753332,154,
9001 0,34.3796788,132.4750928,155,
9001 0,34.3797802,132.4749573,156,
9001 0,34.3806906,132.4760809,157,
9001 0,34.3808497,132.4762736,158,
9001 0,34.381011,132.4764662,159,
9001 0,34.3810442,132.4765046,160,
9001 0,34.3811545,132.4766191,161,
9001 0,34.3812086,132.4766734,162,
9001 0,34.3812576,132.4767297,163,
9001 0,34.3813455,132.4768219,164,
9001 0,34.3813732,132.4768378,165,
9001 0,34.3814336,132.4768778,166,
9001 0,34.3814928,132.4769159,167,
9001 0,34.3815644,132.4769613,168,
9001 0,34.381636,132.4770073,169,
9001 0,34.3817354,132.4770655,170,
9001 0,34.3818236,132.4771086,171,
9001 0,34.3819273,132.4771653,172,
9001 0,34.3819826,132.4771861,173,
9001 0,34.3820955,132.4772231,174,
9001 0,34.3822035,132.4772576,175,
9001 0,34.3823111,132.4772852,176,
9001 0,34.382466,132.4773115,177,
9001 0,34.3825863,132.4773273,178,
9001 0,34.3826978,132.4773403,179,
9001 0,34.3829129,132.4773404,180,
9001 0,34.3830456,132.4773311,181,
9001 0,34.3836545,132.4772953,182,
9001 0,34.3842302,132.4772501,183,
9001 0,34.3845821,132.4772316,184,
9001 0,34.3847249,132.4772176,185,
9001 0,34.3849203,132.4772032,186,
9001 0,34.3856703,132.4771603,187,
9001 0,34.3868962,132.4770686,188,
9001 0,34.3870411,132.4770554,189,
9001 0,34.3871854,132.4770544,190,
9001 0,34.387348,132.4770414,191,
9001 0,34.3875654,132.4770236,192,
9001 0,34.387898,132.477015,193,
9001 0,34.3881753,132.4769948,194,
9001 0,34.3888327,132.476968,195,
9001 0,34.3891963,132.4769526,196,
9001 0,34.3894073,132.4769173,197,
9001 0,34.3895183,132.4769033,198,
9001 0,34.3896398,132.4768806,199,
9001 0,34.3897233,132.4768664,200,
9001 0,34.3899357,132.4767804,201,
9001 0,34.3900156,132.4767349,202,
9001 0,34.390227,132.4766242,203,
9001 0,34.3904457,132.4765102,204,
9001 0,34.3912105,132.4760804,205,
9001 0,34.3924289,132.4753945,206,
9001 0,34.3931402,132.4749888,207,
9001 0,34.3933085,132.4748857,208,
9001 0,34.3933907,132.4748443,209,
9001 0,34.393475,132.4748014,210,
9001 0,34.3936044,132.4747257,211,
9001 0,34.3937155,132.4746628,212,
9001 0,34.393838,132.4745978,213,
9001 0,34.3939764,132.4745224,214,
9001 0,34.3941106,132.4744139,215,
9001 0,34.394173,132.474366,216,
9001 0,34.3942614,132.4742885,217,
9001 0,34.3943194,132.4742299,218,
9001 0,34.3943662,132.4741914,219,
9001 0,34.3944526,132.4740884,220,
9001 0,34.3945073,132.4740311,221,
9001 0,34.3946098,132.4739218,222,
9001 0,34.3946737,132.4737992,223,
9001 0,34.3948672,132.4734132,224,
9001 0,34.395487,132.4739312,225,
9001 0,34.3956441,132.4740604,226,
9001 0,34.3957757,132.4741701,227,
9001 0,34.395829,132.4742149,228,
9001 0,34.3959155,132.4742826,229,
9001 0,34.3959324,132.4742959,230,
9001 0,34.3960828,132.4744076,231,
9001 0,34.3961189,132.4744359,232,
9001 0,34.3961677,132.4744729,233,
9001 0,34.3962347,132.474527,234,
9001 0,34.3963006,132.4745652,235,
9001 0,34.3963669,132.4745583,236,
9001 0,34.3964254,132.4745386,237,
9001 0,34.3964641,132.4744714,238,
9001 0,34.3965553,132.4743056,239,
9001 0,34.3966085,132.4742091,240,
9001 0,34.396666,132.4741085,241,
9001 0,34.3966928,132.4740632,242,
9001 0,34.3967589,132.4739474,243,
9001 0,34.3968321,132.4738119,244,
9001 0,34.3968815,132.4737092,245,
9001 0,34.3969928,132.4735155,246,
9001 0,34.3970168,132.4734658,247,
9001 0,34.3970674,132.4735119,248,
9001 0,34.397126,132.4735765,249,
9001 0,34.3971263,132.4735967,250,
9001 0,34.3971368,132.4737021,251,
9001 0,34.3971357,132.4737685,252,
9001 0,34.3971312,132.4738262,253,
9001 0,34.3971189,132.4738812,254,
9001 0,34.3970879,132.4739473,255,
9001 0,34.3970619,132.4740001,256,
9001 0,34.3970215,132.4740814,257,
9001 0,34.3970619,132.4740001,258,
9002 9,34.3970143,132.4740449,1,
9002 9,34.3965751,132.474844,2,
9002 9,34.3962451,132.4747925,3,
9002 9,34.3949288,132.4738097,4,
9002 9,34.3943058,132.4744792,5,
9002 9,34.3940772,132.4746824,6,
9002 9,34.3934082,132.4750627,7,
9002 9,34.3914418,132.4761738,8,
9002 9,34.3898518,132.4770075,9,
9002 9,34.3892634,132.4770796,10,
9002 9,34.3885425,132.4771274,11,
9002 9,34.3880229,132.4771619,12,
9002 9,34.3874546,132.4771722,13,
9002 9,34.3858741,132.4773208,14,
9002 9,34.3842316,132.4774346,15,
9002 9,34.3833143,132.4774744,16,
9002 9,34.3827295,132.4775211,17,
9002 9,34.3823218,132.4774391,18,
9002 9,34.3818509,132.4772983,19,
9002 9,34.3814641,132.4770825,20,
9002 9,34.3811171,132.4768264,21,
9002 9,34.380832,132.4765193,22,
9002 9,34.3797874,132.4752273,23,
9002 9,34.3796864,132.4752541,24,
9002 9,34.3796054,132.4754391,25,
9002 9,34.3800941,132.4770709,26,
9002 9,34.3801883,132.4773932,27,
9002 9,34.3802121,132.4775743,28,
9002 9,34.3802259,132.4779107,29,
9002 9,34.380372,132.4784057,30,
9002 9,34.3803557,132.4784713,31,
9002 9,34.3802289,132.4785327,32,
9002 9,34.380207,132.4782839,33,
9002 9,34.3800219,132.4776038,34,
9002 9,34.380047,132.4774855,35,
9002 9,34.3801031,132.4773671,36,
9002 9,34.3801079,132.4773051,37,
9002 9,34.3800775,132.4771641,38,
9002 9,34.3800515,132.4771312,39,
9002 9,34.380019,132.4771166,40,
9002 9,34.3781616,132.4767135,41,
9002 9,34.3777369,132.4766752,42,
9002 9,34.3769051,132.476524,43,
9002 9,34.3761871,132.4768282,44,
9002 9,34.3754735,132.4771806,45,
9002 9,34.3730432,132.4783153,46,
9002 9,34.3729206,132.4783532,47,
9002 9,34.3727971,132.4782879,48,
9002 9,34.3726162,132.4779587,49,
9002 9,34.3725116,132.4777055,50,
9002 9,34.3724469,132.4774335,51,
9002 9,34.372395,132.4771616,52,
9002 9,34.3723939,132.4768869,53,
9002 9,34.3725616,132.4754491,54,
9002 9,34.3727913,132.4741155,55,
9002 9,34.3730002,132.4727446,56,
9002 9,34.3730891,132.4720639,57,
9002 9,34.3731603,132.4713751,58,
9002 9,34.3673566,132.4702405,59,
9002 9,34.3673528,132.469903,60,
9002 9,34.3674066,132.4687071,61,
9002 9,34.3675753,132.4670073,62,
9002 9,34.367697,132.4665284,63,
9002 9,34.3678719,132.4660924,64,
9002 9,34.3682544,132.4655179,65,
9002 9,34.3687351,132.4650882,66,
9002 9,34.3691649,132.4647685,67,
9002 9,34.3699583,132.4646844,68,
9002 9,34.3707806,132.4646217,69,
9002 9,34.3725024,132.4644635,70,
9002 9,34.3739346,132.4645199,71,
9002 9,34.3739985,132.4644112,72,
9002 9,34.37443,132.462559,73,
9002 9,34.3745354,132.4617622,74,
9002 9,34.3749723,132.4599742,75,
9002 9,34.375156,132.459683,76,
9002 9,34.3753396,132.4595259,77,
9002 9,34.3774974,132.458007,78,
9002 9,34.3794128,132.4567925,79,
9002 9,34.381285,132.4554955,80,
9002 9,34.3815367,132.4554699,81,
9002 9,34.3818622,132.4555759,82,
9002 9,34.3823064,132.4557916,83,
9002 9,34.3827838,132.4561763,84,
9002 9,34.383056,132.4566623,85,
9002 9,34.3833193,132.4572074,86,
9002 9,34.3837534,132.4580833,87,
9002 9,34.3852346,132.4608932,88,
9002 9,34.3862378,132.4611498,89,
9002 9,34.391074,132.4626601,90,
9002 9,34.3977533,132.4646561,91,
9002 9,34.3978188,132.4649888,92,
9002 9,34.3972389,132.4673177,93,
9002 9,34.3966834,132.4694831,94,
9002 9,34.3961846,132.4711935,95,
9002 9,34.3971889,132.4725587,96,
9002 9,34.3974727,132.4728816,97,
9002 9,34.3983319,132.4735747,98,
9002 9,34.4003439,132.4744155,99,
9002 9,34.3993719,132.4762958,100,
9002 9,34.3990637,132.476176,101,
9002 9,34.3988786,132.4764948,102,
9002 9,34.3988465,132.4765551,103,
9004 0,34.3800647,132.4778467,1,
9004 0,34.3800219,132.4776038,2,
9004 0,34.380047,132.4774855,3,
9004 0,34.3801031,132.4773671,4,
9004 0,34.3801079,132.4773051,5,
9004 0,34.3800478,132.4770188,6,
9004 0,34.3799755,132.4767813,7,
9004 0,34.3797719,132.4761203,8,
9004 0,34.3796736,132.4757868,9,
9004 0,34.3796187,132.4756231,10,
9004 0,34.3795699,132.4754455,11,
9004 0,34.3795706,132.4753332,12,
9004 0,34.3796788,132.4750928,13,
9004 0,34.3798916,132.4750921,14,
9004 0,34.380217,132.4754933,15,
9004 0,34.3807242,132.4761345,16,
9004 0,34.3810819,132.4765651,17,
9004 0,34.3813303,132.4768083,18,
9004 0,34.3816219,132.4770058,19,
9004 0,34.3818302,132.4771145,20,
9004 0,34.3819359,132.4771679,21,
9004 0,34.3820552,132.4772058,22,
9004 0,34.3823111,132.4772852,23,
9004 0,34.3825396,132.4773243,24,
9004 0,34.3826892,132.4773424,25,
9004 0,34.3829218,132.477339,26,
9004 0,34.3837383,132.477289,27,
9004 0,34.3844049,132.477239,28,
9004 0,34.3850882,132.477193,29,
9004 0,34.3854303,132.477174,30,
9004 0,34.3857764,132.4771496,31,
9004 0,34.3860989,132.47713,32,
9004 0,34.3864236,132.4771063,33,
9004 0,34.3867919,132.47708,34,
9004 0,34.3871574,132.4770516,35,
9004 0,34.3878585,132.4770089,36,
9004 0,34.3883731,132.4769832,37,
9004 0,34.3888867,132.4769616,38,
9004 0,34.3891921,132.4769523,39,
9004 0,34.3894283,132.4769155,40,
9004 0,34.3898043,132.4768554,41,
9004 0,34.390321,132.4765721,42,
9004 0,34.3909542,132.4762221,43,
9004 0,34.3918374,132.4757221,44,
9004 0,34.3923374,132.4754554,45,
9004 0,34.3932206,132.4749554,46,
9004 0,34.393969,132.4745419,47,
9004 0,34.394252,132.4743033,48,
9004 0,34.3946142,132.4739242,49,
9004 0,34.3948619,132.4734063,50,
9004 0,34.3964203,132.4746886,51,
9004 0,34.3970665,132.4735173,52,
9004 0,34.3971429,132.4735984,53,
9004 0,34.3971431,132.4737135,54,
9004 0,34.3971188,132.4737935,55,
9004 0,34.3970625,132.4739385,56,
9004 0,34.3970696,132.4739697,57,
9004 0,34.3970132,132.4740874,58,
9004 9,34.3970143,132.4740449,1,
9004 9,34.3966717,132.4746577,2,
9004 9,34.396599,132.4747518,3,
9004 9,34.3964981,132.4748303,4,
9004 9,34.3963536,132.4747886,5,
9004 9,34.3961536,132.474722,6,
9004 9,34.3949371,132.4738054,7,
9004 9,34.3948237,132.4739072,8,
9004 9,34.3946681,132.4740919,9,
9004 9,34.3944893,132.4743236,10,
9004 9,34.3941872,132.4745721,11,
9004 9,34.3934206,132.4750221,12,
9004 9,34.3925225,132.4755566,13,
9004 9,34.3916375,132.4760554,14,
9004 9,34.3906811,132.4765751,15,
9004 9,34.390007,132.4769322,16,
9004 9,34.3898021,132.4770282,17,
9004 9,34.3895029,132.4770606,18,
9004 9,34.3892634,132.4770796,19,
9004 9,34.3884745,132.4771484,20,
9004 9,34.3875649,132.4771898,21,
9004 9,34.3866173,132.4772479,22,
9004 9,34.3861557,132.4772985,23,
9004 9,34.3851601,132.4773679,24,
9004 9,34.3846043,132.4774109,25,
9004 9,34.3840485,132.4774351,26,
9004 9,34.3832117,132.4775013,27,
9004 9,34.3829475,132.4775123,28,
9004 9,34.3825395,132.4774965,29,
9004 9,34.3821264,132.4774159,30,
9004 9,34.3817798,132.4772826,31,
9004 9,34.3813476,132.4770052,32,
9004 9,34.3809386,132.4766225,33,
9004 9,34.380572,132.4761559,34,
9004 9,34.3801887,132.4757226,35,
9004 9,34.3798149,132.4752247,36,
9004 9,34.3797053,132.4752536,37,
9004 9,34.3796382,132.4753371,38,
9004 9,34.3796186,132.4754675,39,
9004 9,34.3796412,132.4755848,40,
9004 9,34.3798126,132.4761399,41,
9004 9,34.3801221,132.4771892,42,
9004 9,34.3801883,132.4773932,43,
9004 9,34.3802121,132.4775743,44,
9004 9,34.3802259,132.4779107,45,
9004 9,34.380372,132.4784057,46,
9004 9,34.3803557,132.4784713,47,
9004 9,34.3802289,132.4785327,48,
9004 9,34.380207,132.4782839,49,
9004 9,34.3801772,132.4782519,50,
9004 9,34.3800999,132.4779868,51,
9008 0,34.3528834,132.4552992,1,
9008 0,34.3529523,132.4550298,2,
9008 0,34.3529894,132.4548916,3,
9008 0,34.353029,132.4548284,4,
9008 0,34.3530702,132.4548085,5,
9008 0,34.3531495,132.4548035,6,
9008 0,34.3532336,132.4548916,7,
9008 0,34.3531944,132.455039,8,
9008 0,34.3529764,132.4558586,9,
9008 0,34.3528672,132.4562617,10,
9008 0,34.3528246,132.4564255,11,
9008 0,34.3528079,132.4566921,12,
9008 0,34.3529246,132.4569421,13,
9008 0,34.3530435,132.4570459,14,
9008 0,34.3533412,132.4571587,15,
9008 0,34.3539371,132.4573953,16,
9008 0,34.3542341,132.4575218,17,
9008 0,34.3544164,132.4576133,18,
9008 0,34.3545887,132.45771,19,
9008 0,34.3551928,132.4580247,20,
9008 0,34.3550204,132.4584164,21,
9008 0,34.3547671,132.4589652,22,
9008 0,34.354686,132.4591714,23,
9008 0,34.3545589,132.4595176,24,
9008 0,34.3544167,132.4600804,25,
9008 0,34.3543406,132.4605664,26,
9008 0,34.3542915,132.4608826,27,
9008 0,34.3542534,132.4613067,28,
9008 0,34.3542246,132.4616917,29,
9008 0,34.3542069,132.4622973,30,
9008 0,34.3542238,132.4629149,31,
9008 0,34.3542497,132.463302,32,
9008 0,34.3543084,132.4636698,33,
9008 0,34.3544399,132.4638129,34,
9008 0,34.3545005,132.4640714,35,
9008 0,34.3545686,132.4642382,36,
9008 0,34.3547436,132.464696,37,
9008 0,34.3549408,132.4652208,38,
9008 0,34.3550546,132.4655382,39,
9008 0,34.3551739,132.4660822,40,
9008 0,34.3552179,132.4664724,41,
9008 0,34.3552358,132.466986,42,
9008 0,34.3552251,132.4674461,43,
9008 0,34.3552154,132.4680088,44,
9008 0,34.3552048,132.4683281,45,
9008 0,34.3551231,132.4684582,46,
9008 0,34.3551168,132.468878,47,
9008 0,34.355175,132.4690242,48,
9008 0,34.3552176,132.4691086,49,
9008 0,34.3562517,132.4691066,50,
9008 0,34.3567519,132.4691113,51,
9008 0,34.3570521,132.4691099,52,
9008 0,34.35744,132.4691487,53,
9008 0,34.3578,132.4691841,54,
9008 0,34.3586288,132.4692659,55,
9008 0,34.3593174,132.4693304,56,
9008 0,34.3607175,132.4694352,57,
9008 0,34.3618727,132.4695418,58,
9008 0,34.3624708,132.4695922,59,
9008 0,34.3630657,132.4696509,60,
9008 0,34.3641345,132.4697374,61,
9008 0,34.3650713,132.4698094,62,
9008 0,34.3657493,132.4698719,63,
9008 0,34.3665719,132.4699707,64,
9008 0,34.367202,132.4700803,65,
9008 0,34.3680398,132.4702328,66,
9008 0,34.3687788,132.4703695,67,
9008 0,34.3692308,132.4704525,68,
9008 0,34.3697851,132.4705671,69,
9008 0,34.3697988,132.4705678,70,
9008 0,34.3706207,132.4707301,71,
9008 0,34.3714744,132.4708994,72,
9008 0,34.3721044,132.471014,73,
9008 0,34.3726204,132.4711046,74,
9008 0,34.3735036,132.4712658,75,
9008 0,34.37477,132.471519,76,
9008 0,34.3754847,132.4716464,77,
9008 0,34.3761246,132.4717711,78,
9008 0,34.376523,132.4718674,79,
9008 0,34.376813,132.4719629,80,
9008 0,34.3770819,132.4721279,81,
9008 0,34.3771781,132.4721943,82,
9008 0,34.3772902,132.4722776,83,
9008 0,34.3774155,132.4723984,84,
9008 0,34.3781586,132.4731396,85,
9008 0,34.3785661,132.4735475,86,
9008 0,34.3787397,132.4737187,87,
9008 0,34.3790236,132.4740661,88,
9008 0,34.3794388,132.4745749,89,
9008 0,34.3797113,132.474983,90,
9008 0,34.3796864,132.4752541,91,
9008 0,34.3796382,132.4753371,92,
9008 0,34.3796194,132.4753931,93,
9008 0,34.3796071,132.4754495,94,
9008 0,34.3796221,132.4755227,95,
9008 0,34.3796412,132.4755848,96,
9008 0,34.379831,132.4761935,97,
9008 0,34.379886,132.4763812,98,
9008 0,34.3799422,132.4765695,99,
9008 0,34.379968,132.476662,100,
9008 0,34.3799949,132.4767552,101,
9008 0,34.3800832,132.4770411,102,
9008 0,34.3801883,132.4773932,103,
9008 0,34.3802121,132.4775743,104,
9008 0,34.3802259,132.4779107,105,
9008 0,34.380372,132.4784057,106,
9008 0,34.3803557,132.4784713,107,
9008 0,34.3802289,132.4785327,108,
9008 0,34.380207,132.4782839,109,
9008 0,34.3800219,132.4776038,110,
9008 0,34.380047,132.4774855,111,
9008 0,34.3801031,132.4773671,112,
9008 0,34.3801079,132.4773051,113,
9008 0,34.3800487,132.4770134,114,
9008 0,34.379862,132.4764064,115,
9008 0,34.3797299,132.4759691,116,
9008 0,34.379635,132.4756613,117,
9008 0,34.3795699,132.4754455,118,
9008 0,34.3795706,132.4753332,119,
9008 0,34.3796788,132.4750928,120,
9008 0,34.3797777,132.4749925,121,
9008 0,34.3801019,132.4753827,122,
9008 0,34.3802771,132.4755929,123,
9008 0,34.3807197,132.4761183,124,
9008 0,34.3810423,132.4765244,125,
9008 0,34.3811802,132.4766667,126,
9008 0,34.3812488,132.4767389,127,
9008 0,34.3813308,132.4768319,128,
9008 0,34.3815685,132.4769716,129,
9008 0,34.3817798,132.4770987,130,
9008 0,34.3819213,132.4771726,131,
9008 0,34.3821627,132.4772541,132,
9008 0,34.3823174,132.4773023,133,
9008 0,34.3824132,132.4773238,134,
9008 0,34.3825689,132.4773486,135,
9008 0,34.3826951,132.4773592,136,
9008 0,34.3828683,132.4773597,137,
9008 0,34.3831649,132.4773513,138,
9008 0,34.3834609,132.4773294,139,
9008 0,34.3838792,132.4772993,140,
9008 0,34.3843209,132.4772685,141,
9008 0,34.3847176,132.4772419,142,
9008 0,34.3850423,132.4772222,143,
9008 0,34.3861589,132.4771475,144,
9008 0,34.3867488,132.4771068,145,
9008 0,34.3871261,132.4770846,146,
9008 0,34.3874613,132.4770598,147,
9008 0,34.3882358,132.4770174,148,
9008 0,34.3888815,132.4769578,149,
9008 0,34.3892024,132.4769452,150,
9008 0,34.3897227,132.4768661,151,
9008 0,34.3899042,132.4768246,152,
9008 0,34.3900703,132.4767463,153,
9008 0,34.3903477,132.4765892,154,
9008 0,34.390945,132.4762569,155,
9008 0,34.3915468,132.475918,156,
9008 0,34.3923602,132.4754586,157,
9008 0,34.3931929,132.4749926,158,
9008 0,34.3934769,132.4748372,159,
9008 0,34.3937196,132.4747006,160,
9008 0,34.3939831,132.4745463,161,
9008 0,34.3941898,132.4743699,162,
9008 0,34.3942757,132.4743069,163,
9008 0,34.3945101,132.47407,164,
9008 0,34.3946289,132.4739349,165,
9008 0,34.3946948,132.4738002,166,
9008 0,34.3948619,132.4734063,167,
9008 0,34.395618,132.4740094,168,
9008 0,34.395861,132.4742271,169,
9008 0,34.3961079,132.4744121,170,
9008 0,34.3962826,132.474538,171,
9008 0,34.396425,132.4745331,172,
9008 0,34.3964704,132.4744738,173,
9008 0,34.3966023,132.4742307,174,
9008 0,34.3967497,132.4739883,175,
9008 0,34.3968729,132.4737392,176,
9008 0,34.3970183,132.47348,177,
9008 0,34.3971238,132.473581,178,
9008 0,34.3971352,132.4737315,179,
9008 0,34.3971255,132.4737986,180,
9008 0,34.3971048,132.4738638,181,
9008 0,34.3970675,132.4739319,182,
9008 0,34.3970737,132.4739806,183,
9008 0,34.3970418,132.4740457,184,
9008 0,34.3969999,132.474123,185,
9008 9,34.3970329,132.4740631,1,
9008 9,34.3967349,132.4746022,2,
9008 9,34.3966797,132.4746984,3,
9008 9,34.3966256,132.4748034,4,
9008 9,34.396561,132.4748544,5,
9008 9,34.3962766,132.4748126,6,
9008 9,34.3960292,132.4746647,7,
9008 9,34.3957763,132.4744641,8,
9008 9,34.3952899,132.4740729,9,
9008 9,34.3949412,132.4738024,10,
9008 9,34.3945892,132.4742245,11,
9008 9,34.3944195,132.4744031,12,
9008 9,34.394241,132.4745709,13,
9008 9,34.3940182,132.4747236,14,
9008 9,34.3936936,132.4749003,15,
9008 9,34.3931417,132.475211,16,
9008 9,34.3923362,132.4756878,17,
9008 9,34.3913497,132.4762384,18,
9008 9,34.3909031,132.4764709,19,
9008 9,34.3902254,132.476833,20,
9008 9,34.3898021,132.4770282,21,
9008 9,34.389411,132.4771005,22,
9008 9,34.389095,132.4771258,23,
9008 9,34.3887767,132.4771419,24,
9008 9,34.3882834,132.4771775,25,
9008 9,34.3877835,132.4772091,26,
9008 9,34.3874602,132.4772306,27,
9008 9,34.3863381,132.4773019,28,
9008 9,34.3854859,132.4773284,29,
9008 9,34.3849276,132.4773781,30,
9008 9,34.3843705,132.4774239,31,
9008 9,34.3836028,132.4774618,32,
9008 9,34.382934,132.4775073,33,
9008 9,34.3826801,132.4775173,34,
9008 9,34.3824529,132.4774952,35,
9008 9,34.3819841,132.4773713,36,
9008 9,34.3816364,132.4771952,37,
9008 9,34.3813948,132.4770407,38,
9008 9,34.3811698,132.4768768,39,
9008 9,34.3809953,132.4767074,40,
9008 9,34.380832,132.4765193,41,
9008 9,34.3803498,132.4759086,42,
9008 9,34.379812,132.4752461,43,
9008 9,34.3796765,132.4752951,44,
9008 9,34.3796313,132.475367,45,
9008 9,34.3796071,132.4754495,46,
9008 9,34.3800721,132.476978,47,
9008 9,34.3801883,132.4773932,48,
9008 9,34.3802121,132.4775743,49,
9008 9,34.3802259,132.4779107,50,
9008 9,34.380372,132.4784057,51,
9008 9,34.3803557,132.4784713,52,
9008 9,34.3802289,132.4785327,53,
9008 9,34.380207,132.4782839,54,
9008 9,34.3800219,132.4776038,55,
9008 9,34.380047,132.4774855,56,
9008 9,34.3801031,132.4773671,57,
9008 9,34.3801079,132.4773051,58,
9008 9,34.3800487,132.4770134,59,
9008 9,34.3798604,132.476392,60,
9008 9,34.3795699,132.4754455,61,
9008 9,34.3795706,132.4753332,62,
9008 9,34.3796788,132.4750928,63,
9008 9,34.3793359,132.4746654,64,
9008 9,34.3789116,132.4741388,65,
9008 9,34.3786883,132.4738516,66,
9008 9,34.3784241,132.4735885,67,
9008 9,34.3778983,132.473077,68,
9008 9,34.3772117,132.4724021,69,
9008 9,34.376893,132.4721585,70,
9008 9,34.3767038,132.4720735,71,
9008 9,34.3764819,132.4720074,72,
9008 9,34.3761294,132.4719194,73,
9008 9,34.3757547,132.4718535,74,
9008 9,34.3748781,132.4716795,75,
9008 9,34.3742015,132.4715509,76,
9008 9,34.3731872,132.4713461,77,
9008 9,34.3729372,132.4713295,78,
9008 9,34.3714707,132.4710296,79,
9008 9,34.3704041,132.4708296,80,
9008 9,34.3699298,132.4707457,81,
9008 9,34.3690176,132.4705724,82,
9008 9,34.367821,132.4703298,83,
9008 9,34.3672522,132.4702346,84,
9008 9,34.3663712,132.4700965,85,
9008 9,34.3658524,132.4700372,86,
9008 9,34.3648547,132.4699466,87,
9008 9,34.3638215,132.4698467,88,
9008 9,34.3636548,132.4698467,89,
9008 9,34.3630049,132.46978,90,
9008 9,34.3622883,132.4697301,91,
9008 9,34.3612051,132.4696301,92,
9008 9,34.3601052,132.4695302,93,
9008 9,34.3597052,132.4694969,94,
9008 9,34.3587865,132.4694243,95,
9008 9,34.3577465,132.4693352,96,
9008 9,34.3569258,132.4692452,97,
9008 9,34.3566312,132.4692516,98,
9008 9,34.3559295,132.4692499,99,
9008 9,34.3551814,132.4692455,100,
9008 9,34.3548951,132.4689777,101,
9008 9,34.3549114,132.4684139,102,
9008 9,34.3549435,132.4674473,103,
9008 9,34.3549546,132.4672979,104,
9008 9,34.354959,132.4671445,105,
9008 9,34.3549502,132.4668993,106,
9008 9,34.3549324,132.466654,107,
9008 9,34.354917,132.4664779,108,
9008 9,34.3548938,132.4663017,109,
9008 9,34.3548706,132.4661316,110,
9008 9,34.3548352,132.4659615,111,
9008 9,34.3547604,132.4656308,112,
9008 9,34.354658,132.4653143,113,
9008 9,34.3543581,132.4645024,114,
9008 9,34.3542104,132.4640795,115,
9008 9,34.3541014,132.4636318,116,
9008 9,34.3540669,132.4633008,117,
9008 9,34.3540491,132.4631534,118,
9008 9,34.3540324,132.4629671,119,
9008 9,34.354038,132.4623171,120,
9008 9,34.3540414,132.4616625,121,
9008 9,34.3540592,132.4611611,122,
9008 9,34.3540695,132.4609185,123,
9008 9,34.3540986,132.4606772,124,
9008 9,34.3541667,132.4601655,125,
9008 9,34.3543157,132.4596612,126,
9008 9,34.3542995,132.4595662,127,
9008 9,34.3542966,132.4594243,128,
9008 9,34.3543367,132.4592202,129,
9008 9,34.3544223,132.4590147,130,
9008 9,34.3546056,132.4585814,131,
9008 9,34.3546714,132.4585789,132,
9008 9,34.3547351,132.4585389,133,
9008 9,34.3548862,132.458181,134,
9008 9,34.3549144,132.4580136,135,
9008 9,34.3548959,132.4579918,136,
9008 9,34.3547368,132.4578977,137,
9008 9,34.3539223,132.4574815,138,
9008 9,34.353439,132.4572982,139,
9008 9,34.3528724,132.4570816,140,
9008 9,34.3527847,132.4569557,141,
9008 9,34.352728,132.4568017,142,
9008 9,34.3527086,132.4566516,143,
9008 9,34.3527411,132.4564198,144,
9008 9,34.3526635,132.4563238,145,
9008 9,34.352648,132.4562291,146,
9008 9,34.3529224,132.4551651,147,
99012 0,34.3968844,132.4745086,1,
99012 0,34.3967652,132.474731,2,
99012 0,34.3966935,132.4748523,3,
99012 0,34.3966012,132.474883,4,
99012 0,34.3965,132.474854,5,
99012 0,34.3963388,132.4748366,6,
99012 0,34.3961231,132.4747199,7,
99012 0,34.3958214,132.47449,8,
99012 0,34.3952493,132.474064,9,
99012 0,34.3946528,132.4735882,10,
99012 0,34.3940735,132.4731265,11,
99012 0,34.3931152,132.4723732,12,
99012 0,34.3925228,132.47188,13,
99012 0,34.3924642,132.4716363,14,
99012 0,34.392504,132.4713724,15,
99012 0,34.3927365,132.4701642,16,
99012 0,34.3929147,132.4689507,17,
99012 0,34.3930635,132.4676046,18,
99012 0,34.3931337,132.4667358,19,
99012 0,34.3932447,132.4653903,20,
99012 0,34.3934147,132.4645879,21,
99012 0,34.3937567,132.4632324,22,
99012 0,34.3940376,132.4621997,23,
99012 0,34.3944426,132.4606019,24,
99012 0,34.3947247,132.4595104,25,
99012 0,34.3948276,132.459144,26,
99012 0,34.3950566,132.4582062,27,
99012 0,34.3951868,132.4577234,28,
99012 0,34.3950178,132.4576598,29,
99012 0,34.3947224,132.4575614,30,
99012 0,34.3941202,132.4573568,31,
99012 0,34.3936203,132.4571902,32,
99012 0,34.392376,132.4567516,33,
99012 0,34.3913183,132.4563923,34,
99012 0,34.3908205,132.4562238,35,
99012 0,34.3902039,132.4560405,36,
99012 0,34.3898311,132.4559089,37,
99012 0,34.3897585,132.456169,38,
99012 0,34.3896385,132.4566017,39,
99012 0,34.3894363,132.4573557,40,
99012 0,34.3888208,132.4596902,41,
99012 0,34.3887208,132.4600569,42,
99012 0,34.3884177,132.4611809,43,
99012 0,34.3881388,132.4622634,44,
99012 0,34.3878465,132.4633474,45,
99012 0,34.3875544,132.4645066,46,
99012 0,34.3875008,132.464707,47,
99012 0,34.3874826,132.4648156,48,
99012 0,34.387501,132.4649122,49,
99012 0,34.3876387,132.4651738,50,
99012 0,34.3876945,132.4652867,51,
99012 0,34.3879861,132.4658319,52,
99012 0,34.388656,132.4670811,53,
99012 0,34.3888048,132.4673635,54,
99012 0,34.3889869,132.4676901,55,
99012 0,34.3892978,132.468281,56,
99012 0,34.389506,132.4686684,57,
99012 0,34.3896898,132.4690056,58,
99012 0,34.3900693,132.4697189,59,
99012 0,34.3905085,132.4705702,60,
99012 0,34.3908139,132.4710513,61,
99012 0,34.3917018,132.4713459,62,
99012 0,34.3927701,132.4717219,63,
99012 0,34.3936194,132.4724057,64,
99012 0,34.3949471,132.4734676,65,
99012 0,34.3963709,132.474598,66,
99012 0,34.3970006,132.473475,67,
99012 0,34.3970614,132.4735275,68,
99012 0,34.39711,132.4735841,69,
99012 0,34.3971512,132.4736374,70,
99012 0,34.3971597,132.4736833,71,
99012 0,34.3971802,132.4737801,72,
99012 0,34.3971746,132.4738856,73,
99012 0,34.3971572,132.4739624,74,
99012 0,34.3971288,132.4740178,75,
99012 0,34.397089,132.4740951,76,
99012 0,34.3969995,132.4742739,77,
99012 0,34.396848,132.4745491,78,
99012 0,34.3967568,132.4747256,79,
99012 0,34.3966863,132.4748363,80,
99012 0,34.3966434,132.4748518,81,
99012 0,34.3966018,132.4748599,82,
99012 0,34.3965106,132.4748411,83,
99012 0,34.3964895,132.4748353,84,
99012 0,34.3963766,132.4748267,85,
99012 0,34.3963117,132.4747954,86,
99012 0,34.396137,132.4746886,87,
99012 0,34.395827,132.4744521,88,
99012 0,34.3952519,132.4740296,89,
99012 0,34.3946538,132.4735552,90,
99012 0,34.3940705,132.4730889,91,
99012 0,34.3930205,132.4722569,92,
99012 0,34.3925529,132.4718675,93,
99012 0,34.3925045,132.4716448,94,
99012 0,34.392554,132.4713558,95,
99012 0,34.3927682,132.470169,96,
99012 0,34.3929459,132.468954,97,
99012 0,34.3931081,132.4676342,98,
99012 0,34.3931726,132.4666585,99,
99012 0,34.3932758,132.4654131,100,
99012 0,34.3935371,132.464223,101,
99012 0,34.3938013,132.4632016,102,
99012 0,34.3940587,132.4622562,103,
99012 0,34.3944767,132.4606272,104,
99012 0,34.3948267,132.4592653,105,
99012 0,34.3952233,132.4576905,106,
99012 0,34.3949279,132.4575794,107,
99012 0,34.3943535,132.4573735,108,
99012 0,34.3938536,132.457209,109,
99012 0,34.3929927,132.4569223,110,
99012 0,34.3920515,132.4565924,111,
99012 0,34.3910061,132.4562439,112,
99012 0,34.3905195,132.4560813,113,
99012 0,34.3902039,132.4559738,114,
99012 0,34.3898033,132.4558248,115,
99012 0,34.3897251,132.4561386,116,
99012 0,34.3895795,132.4567044,117,
99012 0,34.3892874,132.457757,118,
99012 0,34.3889796,132.458965,119,
99012 0,34.388683,132.4600722,120,
99012 0,34.3883542,132.4612735,121,
99012 0,34.3879598,132.4627808,122,
99012 0,34.3876309,132.4640281,123,
99012 0,34.387521,132.4643732,124,
99012 0,34.3874435,132.4647981,125,
99012 0,34.387453,132.464865,126,
99012 0,34.3875163,132.4649801,127,
99012 0,34.3875925,132.4651146,128,
99012 0,34.3876279,132.4651799,129,
99012 0,34.3876588,132.4652398,130,
99012 0,34.3879732,132.4658377,131,
99012 0,34.3886626,132.4671269,132,
99012 0,34.388985,132.467714,133,
99012 0,34.3892698,132.4682496,134,
99012 0,34.3896825,132.4690241,135,
99012 0,34.390492,132.4705779,136,
99012 0,34.3908208,132.4710892,137,
99012 0,34.3916707,132.4713725,138,
99012 0,34.3927529,132.4717517,139,
99012 0,34.393336,132.4722223,140,
99012 0,34.3943321,132.4730209,141,
99012 0,34.3952037,132.4737221,142,
99012 0,34.3957705,132.4741951,143,
99012 0,34.396148,132.4735161,144,
99013 0,34.3969164,132.4744298,1,
99013 0,34.3967911,132.4746796,2,
99013 0,34.396739,132.4747685,3,
99013 0,34.3967013,132.4748266,4,
99013 0,34.396647,132.4748722,5,
99013 0,34.3965878,132.4748811,6,
99013 0,34.3963643,132.4748731,7,
99013 0,34.396161,132.4747406,8,
99013 0,34.3956529,132.4743623,9,
99013 0,34.3951404,132.4739556,10,
99013 0,34.3947205,132.4736313,11,
99013 0,34.3938205,132.4729556,12,
99013 0,34.3929206,132.4722223,13,
99013 0,34.3925729,132.4718841,14,
99013 0,34.3925438,132.4715257,15,
99013 0,34.3927665,132.4698865,16,
99013 0,34.3929299,132.468696,17,
99013 0,34.3930515,132.4677131,18,
99013 0,34.3932402,132.4653672,19,
99013 0,34.3935035,132.4641868,20,
99013 0,34.3938489,132.4629014,21,
99013 0,34.3942645,132.4612515,22,
99013 0,34.394601,132.4599742,23,
99013 0,34.3951526,132.4577279,24,
99013 0,34.3944735,132.457473,25,
99013 0,34.3935081,132.4571558,26,
99013 0,34.3923844,132.4567706,27,
99013 0,34.3914496,132.4564586,28,
99013 0,34.3901097,132.4560094,29,
99013 0,34.3899548,132.4559653,30,
99013 0,34.3898739,132.4559486,31,
99013 0,34.3898367,132.4559663,32,
99013 0,34.3898061,132.4560121,33,
99013 0,34.3897793,132.4561024,34,
99013 0,34.3895018,132.4571286,35,
99013 0,34.3891348,132.4584852,36,
99013 0,34.3887871,132.4597974,37,
99013 0,34.3883582,132.4614337,38,
99013 0,34.3880226,132.462699,39,
99013 0,34.3875573,132.4644835,40,
99013 0,34.3874746,132.4648379,41,
99013 0,34.3875458,132.4649938,42,
99013 0,34.3876297,132.4651491,43,
99013 0,34.3877927,132.4654702,44,
99013 0,34.3879606,132.4657805,45,
99013 0,34.3884345,132.4666639,46,
99013 0,34.3886256,132.4670162,47,
99013 0,34.3891541,132.4680099,48,
99013 0,34.3895895,132.4688204,49,
99013 0,34.390123,132.4698332,50,
99013 0,34.3907622,132.4710094,51,
99013 0,34.3916187,132.4713219,52,
99013 0,34.3926181,132.4716456,53,
99013 0,34.3935843,132.4723972,54,
99013 0,34.3947247,132.4732664,55,
99013 0,34.3956611,132.4740444,56,
99013 0,34.3963224,132.4745634,57,
99013 0,34.3964,132.4745347,58,
99013 0,34.3964489,132.4744657,59,
99013 0,34.397011,132.4734778,60,
99013 0,34.3971302,132.4735806,61,
99013 0,34.3971456,132.4736507,62,
99013 0,34.3971788,132.4737498,63,
99013 0,34.39719,132.4738411,64,
99013 0,34.3971813,132.4739244,65,
99013 0,34.3971111,132.4740775,66,
99013 0,34.3970448,132.4742112,67,
99013 0,34.3969448,132.4743813,68,
99013 0,34.3968036,132.4746364,69,
99013 0,34.3967653,132.4747153,70,
99013 0,34.3967098,132.4748062,71,
99013 0,34.3966554,132.4748529,72,
99013 0,34.3965894,132.4748647,73,
99013 0,34.3963651,132.4748458,74,
99013 0,34.3961691,132.4747178,75,
99013 0,34.3956862,132.4743386,76,
99013 0,34.3951509,132.4739299,77,
99013 0,34.3947332,132.4736049,78,
99013 0,34.3938372,132.4729222,79,
99013 0,34.3929301,132.4721935,80,
99013 0,34.3925927,132.4718757,81,
99013 0,34.3925606,132.471523,82,
99013 0,34.3927806,132.4698905,83,
99013 0,34.3929438,132.4687033,84,
99013 0,34.3930793,132.4677305,85,
99013 0,34.3932658,132.4653885,86,
99013 0,34.3935204,132.4642063,87,
99013 0,34.3938646,132.4629168,88,
99013 0,34.39429,132.461263,89,
99013 0,34.3946265,132.4599882,90,
99013 0,34.3951794,132.4577132,91,
99013 0,34.3944823,132.4574532,92,
99013 0,34.3935181,132.4571274,93,
99013 0,34.3923904,132.4567514,94,
99013 0,34.3914506,132.4564343,95,
99013 0,34.3900007,132.4559413,96,
99013 0,34.3898588,132.4559089,97,
99013 0,34.3898111,132.4559402,98,
99013 0,34.3897739,132.4560218,99,
99013 0,34.3896605,132.4564539,100,
99013 0,34.3894815,132.457121,101,
99013 0,34.3891139,132.4584731,102,
99013 0,34.3887761,132.4597737,103,
99013 0,34.388335,132.4614196,104,
99013 0,34.3879963,132.4626862,105,
99013 0,34.3875441,132.464456,106,
99013 0,34.387451,132.4648338,107,
99013 0,34.3875361,132.4649973,108,
99013 0,34.3876334,132.4651702,109,
99013 0,34.3877905,132.4654811,110,
99013 0,34.3879542,132.4657887,111,
99013 0,34.3884237,132.4666574,112,
99013 0,34.3891179,132.4679545,113,
99013 0,34.3894118,132.4685089,114,
99013 0,34.3899591,132.4695588,115,
99013 0,34.39075,132.4710385,116,
99013 0,34.391619,132.4713366,117,
99013 0,34.3926227,132.4716819,118,
99013 0,34.3935705,132.4724223,119,
99013 0,34.3947204,132.4733055,120,
99013 0,34.3956336,132.4740681,121,
99013 0,34.3963294,132.474589,122,
99013 0,34.3964122,132.4745493,123,
99013 0,34.3964728,132.4744653,124,
99013 0,34.397013,132.4735136,125,
99013 0,34.3971185,132.4736022,126,
99013 0,34.3971295,132.4736531,127,
99013 0,34.3971516,132.4737094,128,
99013 0,34.3971642,132.4737603,129,
99013 0,34.3971785,132.4738542,130,
99013 0,34.3971474,132.4739625,131,
99013 0,34.3971063,132.4740494,132,
99013 0,34.3970308,132.4741951,133,
99013 0,34.3969223,132.4743831,134,
99013 0,34.3967883,132.4746506,135,
99013 0,34.3967374,132.474738,136,
99013 0,34.396718,132.4747817,137,
99013 0,34.3966798,132.4748213,138,
99013 0,34.396625,132.4748422,139,
99013 0,34.3965902,132.474847,140,
99013 0,34.3963678,132.4748211,141,
99013 0,34.3961703,132.4746886,142,
99013 0,34.3956692,132.4742865,143,
99013 0,34.3951687,132.4739026,144,
99013 0,34.3947389,132.4735636,145,
99013 0,34.3938705,132.4729056,146,
99013 0,34.3929373,132.4721723,147,
99013 0,34.3926129,132.4718705,148,
99013 0,34.392578,132.471525,149,
99013 0,34.3927985,132.4698838,150,
99013 0,34.3929618,132.4686944,151,
99013 0,34.3930994,132.4677211,152,
99013 0,34.3932936,132.4654073,153,
99013 0,34.3935371,132.464223,154,
99013 0,34.3938814,132.4629449,155,
99013 0,34.3943124,132.461285,156,
99013 0,34.3946489,132.4600041,157,
99013 0,34.3952047,132.4576961,158,
99013 0,34.3944859,132.4574208,159,
99013 0,34.3935192,132.4570921,160,
99013 0,34.392387,132.4567236,161,
99013 0,34.3914538,132.456407,162,
99013 0,34.3899962,132.4559061,163,
99013 0,34.3898201,132.4558694,164,
99013 0,34.3897794,132.4559179,165,
99013 0,34.3897487,132.4559866,166,
99013 0,34.3896396,132.4564615,167,
99013 0,34.3894599,132.4571202,168,
99013 0,34.3890963,132.4584691,169,
99013 0,34.3887542,132.4597902,170,
99013 0,34.3883108,132.4614095,171,
99013 0,34.387971,132.4626734,172,
99013 0,34.387521,132.4644566,173,
99013 0,34.3874301,132.4648365,174,
99013 0,34.3876293,132.4651823,175,
99013 0,34.3877852,132.4654913,176,
99013 0,34.3879471,132.465799,177,
99013 0,34.388421,132.4666705,178,
99013 0,34.3891351,132.4680042,179,
99013 0,34.3894006,132.4685021,180,
99013 0,34.3899571,132.4695843,181,
99013 0,34.390182,132.4700319,182,
99013 0,34.3907375,132.4710725,183,
99013 0,34.3916095,132.4713587,184,
99013 0,34.3926217,132.4717116,185,
99013 0,34.3935595,132.4724408,186,
99013 0,34.3947161,132.4733346,187,
99013 0,34.3956399,132.4741125,188,
99013 0,34.3957676,132.4742061,189,
99013 0,34.3959064,132.4739564,190,
99013 0,34.3959417,132.4738914,191,
99013 0,34.3960178,132.473757,192,
99013 0,34.3960906,132.473631,193,
99013 0,34.396148,132.4735161,194,
99014 0,34.3969351,132.4744105,1,
99014 0,34.3968007,132.4746885,2,
99014 0,34.3967058,132.4748322,3,
99014 0,34.3966367,132.4748745,4,
99014 0,34.3965827,132.474876,5,
99014 0,34.396288,132.4748599,6,
99014 0,34.3961404,132.4747586,7,
99014 0,34.3955453,132.4742996,8,
99014 0,34.3948025,132.4737043,9,
99014 0,34.3938372,132.4729222,10,
99014 0,34.3928345,132.4721501,11,
99014 0,34.3925137,132.4718092,12,
99014 0,34.3924944,132.4717017,13,
99014 0,34.3924953,132.4715933,14,
99014 0,34.3925072,132.4714823,15,
99014 0,34.3927311,132.4700467,16,
99014 0,34.3928953,132.4689118,17,
99014 0,34.3930679,132.467634,18,
99014 0,34.3931868,132.4659926,19,
99014 0,34.3932392,132.4653306,20,
99014 0,34.3933669,132.4647356,21,
99014 0,34.3937244,132.4633287,22,
99014 0,34.3940321,132.4621803,23,
99014 0,34.3943122,132.4610715,24,
99014 0,34.3946145,132.459924,25,
99014 0,34.3951805,132.4577342,26,
99014 0,34.394107,132.4573544,27,
99014 0,34.3938566,132.4572814,28,
99014 0,34.393064,132.4570046,29,
99014 0,34.3921671,132.4566978,30,
99014 0,34.3913583,132.4564312,31,
99014 0,34.3899278,132.4559426,32,
99014 0,34.3898883,132.4559491,33,
99014 0,34.3898511,132.4559595,34,
99014 0,34.389829,132.4559821,35,
99014 0,34.3898069,132.4560167,36,
99014 0,34.3894491,132.4573263,37,
99014 0,34.3890008,132.4590185,38,
99014 0,34.3885881,132.4605856,39,
99014 0,34.3882686,132.4618129,40,
99014 0,34.3879565,132.4629735,41,
99014 0,34.387621,132.4642399,42,
99014 0,34.3875329,132.4646228,43,
99014 0,34.3875191,132.4646846,44,
99014 0,34.3875085,132.4647477,45,
99014 0,34.3874989,132.4648088,46,
99014 0,34.3874966,132.4648522,47,
99014 0,34.3875044,132.464893,48,
99014 0,34.3875489,132.4650083,49,
99014 0,34.3876753,132.4652292,50,
99014 0,34.3877135,132.4653144,51,
99014 0,34.3878138,132.4655075,52,
99014 0,34.3884004,132.466591,53,
99014 0,34.3885076,132.4668048,54,
99014 0,34.3886938,132.467144,55,
99014 0,34.3888444,132.4674228,56,
99014 0,34.3890052,132.4677181,57,
99014 0,34.3893037,132.4682812,58,
99014 0,34.3894604,132.4685641,59,
99014 0,34.3896088,132.4688469,60,
99014 0,34.3900332,132.4696462,61,
99014 0,34.390254,132.4700532,62,
99014 0,34.3904654,132.4704367,63,
99014 0,34.3907592,132.4709847,64,
99014 0,34.391166,132.4711438,65,
99014 0,34.391589,132.471303,66,
99014 0,34.3926051,132.4716659,67,
99014 0,34.3933978,132.4722239,68,
99014 0,34.3943055,132.4729486,69,
99014 0,34.3957633,132.4741223,70,
99014 0,34.3960782,132.474387,71,
99014 0,34.3963078,132.4745531,72,
99014 0,34.3964177,132.4745189,73,
99014 0,34.3970162,132.4734655,74,
99014 0,34.3972366,132.4736605,75,
99014 0,34.3971928,132.4738721,76,
99014 0,34.3971501,132.4740019,77,
99014 0,34.3970414,132.474193,78,
99014 0,34.3967931,132.4746853,79,
99014 0,34.3967471,132.4747557,80,
99014 0,34.3967058,132.474819,81,
99014 0,34.3966656,132.4748462,82,
99014 0,34.3966354,132.4748613,83,
99014 0,34.3965819,132.474863,84,
99014 0,34.3963041,132.4748401,85,
99014 0,34.3961398,132.4747361,86,
99014 0,34.3955531,132.4742904,87,
99014 0,34.3948103,132.4736912,88,
99014 0,34.3938672,132.4729127,89,
99014 0,34.3928706,132.4721557,90,
99014 0,34.3925429,132.4718009,91,
99014 0,34.3925135,132.471696,92,
99014 0,34.3925132,132.4715885,93,
99014 0,34.3925228,132.4714851,94,
99014 0,34.3927494,132.4700608,95,
99014 0,34.3930914,132.4676354,96,
99014 0,34.3932063,132.466004,97,
99014 0,34.3932643,132.4653289,98,
99014 0,34.3933914,132.4647514,99,
99014 0,34.3937445,132.4633314,100,
99014 0,34.3940488,132.4621957,101,
99014 0,34.3943345,132.4610822,102,
99014 0,34.3946377,132.4599283,103,
99014 0,34.3952211,132.4577113,104,
99014 0,34.394108,132.4573253,105,
99014 0,34.3937562,132.4572191,106,
99014 0,34.3930679,132.4569761,107,
99014 0,34.392178,132.4566802,108,
99014 0,34.391355,132.4564001,109,
99014 0,34.3899231,132.4559178,110,
99014 0,34.3898526,132.4559227,111,
99014 0,34.3898245,132.4559449,112,
99014 0,34.3897976,132.4559913,113,
99014 0,34.3894468,132.4572907,114,
99014 0,34.388984,132.4590232,115,
99014 0,34.3885747,132.4605843,116,
99014 0,34.3882563,132.4618083,117,
99014 0,34.3879448,132.4629694,118,
99014 0,34.3876076,132.4642339,119,
99014 0,34.3875154,132.4646273,120,
99014 0,34.3875023,132.4646865,121,
99014 0,34.387492,132.4647477,122,
99014 0,34.3874839,132.464807,123,
99014 0,34.3874806,132.4648508,124,
99014 0,34.3874889,132.4648907,125,
99014 0,34.3875426,132.4650059,126,
99014 0,34.3876776,132.4652497,127,
99014 0,34.3877143,132.4653284,128,
99014 0,34.387809,132.4655124,129,
99014 0,34.3880989,132.4660463,130,
99014 0,34.3883909,132.466588,131,
99014 0,34.3884997,132.4668091,132,
99014 0,34.3886877,132.4671454,133,
99014 0,34.3888415,132.4674288,134,
99014 0,34.3889968,132.4677193,135,
99014 0,34.3893011,132.4682854,136,
99014 0,34.3894549,132.4685721,137,
99014 0,34.3895974,132.4688545,138,
99014 0,34.3904442,132.4704293,139,
99014 0,34.3907502,132.47101,140,
99014 0,34.3911649,132.4711681,141,
99014 0,34.391599,132.4713322,142,
99014 0,34.3921714,132.471534,143,
99014 0,34.392604,132.4716891,144,
99014 0,34.393379,132.4722346,145,
99014 0,34.3957526,132.474141,146,
99014 0,34.3960685,132.4744014,147,
99014 0,34.3963192,132.4745855,148,
99014 0,34.3964279,132.4745393,149,
99014 0,34.397013,132.4735136,150,
99014 0,34.3972081,132.4736699,151,
99014 0,34.3971842,132.4738707,152,
99014 0,34.3971415,132.4739977,153,
99014 0,34.3970401,132.4741765,154,
99014 0,34.3967858,132.4746805,155,
99014 0,34.3967423,132.4747535,156,
99014 0,34.3967035,132.474808,157,
99014 0,34.3966647,132.4748369,158,
99014 0,34.3966309,132.4748492,159,
99014 0,34.3965804,132.4748533,160,
99014 0,34.3963197,132.4748182,161,
99014 0,34.3961536,132.474722,162,
99014 0,34.3955636,132.4742705,163,
99014 0,34.3948204,132.4736707,164,
99014 0,34.3938705,132.4728889,165,
99014 0,34.3928851,132.4721297,166,
99014 0,34.3925663,132.4718017,167,
99014 0,34.3925302,132.4716941,168,
99014 0,34.3925285,132.4715923,169,
99014 0,34.3925373,132.4714891,170,
99014 0,34.392774,132.4700577,171,
99014 0,34.3931081,132.4676342,172,
99014 0,34.3932269,132.466012,173,
99014 0,34.3932863,132.4653302,174,
99014 0,34.393412,132.4647556,175,
99014 0,34.3937625,132.4633475,176,
99014 0,34.3940667,132.4622051,177,
99014 0,34.3943635,132.4610629,178,
99014 0,34.3946624,132.459934,179,
99014 0,34.3952477,132.4576922,180,
99014 0,34.3941202,132.4572902,181,
99014 0,34.3937435,132.4571883,182,
99014 0,34.3930635,132.4569497,183,
99014 0,34.3921913,132.4566537,184,
99014 0,34.3913639,132.4563678,185,
99014 0,34.3899128,132.4558902,186,
99014 0,34.389863,132.4558885,187,
99014 0,34.3898189,132.4559043,188,
99014 0,34.3897818,132.4559861,189,
99014 0,34.3894394,132.4572686,190,
99014 0,34.3889745,132.4590051,191,
99014 0,34.3885607,132.4605831,192,
99014 0,34.3882451,132.4618051,193,
99014 0,34.3879335,132.4629674,194,
99014 0,34.3875965,132.4642299,195,
99014 0,34.3875002,132.4646258,196,
99014 0,34.3874875,132.4646851,197,
99014 0,34.387477,132.4647459,198,
99014 0,34.3874683,132.4648091,199,
99014 0,34.3874672,132.4648518,200,
99014 0,34.3874795,132.4648931,201,
99014 0,34.3875368,132.4650055,202,
99014 0,34.3876749,132.4652592,203,
99014 0,34.3878067,132.465522,204,
99014 0,34.3880929,132.4660497,205,
99014 0,34.3883834,132.4665869,206,
99014 0,34.3884937,132.4668135,207,
99014 0,34.3886827,132.4671488,208,
99014 0,34.3888368,132.4674342,209,
99014 0,34.3889915,132.4677232,210,
99014 0,34.3892953,132.468289,211,
99014 0,34.3894484,132.4685725,212,
99014 0,34.3895876,132.4688561,213,
99014 0,34.3900136,132.4696437,214,
99014 0,34.3904208,132.4704226,215,
99014 0,34.3907436,132.4710379,216,
99014 0,34.3911649,132.4711902,217,
99014 0,34.39139,132.4712812,218,
99014 0,34.3915951,132.4713533,219,
99014 0,34.3925956,132.4717104,220,
99014 0,34.3929865,132.4719808,221,
99014 0,34.3933762,132.4722673,222,
99014 0,34.3943422,132.4730147,223,
99014 0,34.3957448,132.4741581,224,
99014 0,34.3963245,132.474606,225,
99014 0,34.396436,132.4745548,226,
99014 0,34.3970096,132.4735561,227,
99014 0,34.3971697,132.4736832,228,
99014 0,34.3971785,132.4738542,229,
99014 0,34.3971346,132.4739913,230,
99014 0,34.3970253,132.4741814,231,
99014 0,34.3967779,132.4746769,232,
99014 0,34.3967024,132.4748007,233,
99014 0,34.3966634,132.4748253,234,
99014 0,34.3966288,132.4748392,235,
99014 0,34.3965798,132.4748397,236,
99014 0,34.3963231,132.4747972,237,
99014 0,34.3961671,132.4747064,238,
99014 0,34.3955726,132.4742586,239,
99014 0,34.3948304,132.4736575,240,
99014 0,34.3938817,132.4728764,241,
99014 0,34.3928991,132.4721105,242,
99014 0,34.3925888,132.4718012,243,
99014 0,34.3925479,132.4716925,244,
99014 0,34.3925485,132.471599,245,
99014 0,34.3925568,132.4715101,246,
99014 0,34.3925718,132.4714048,247,
99014 0,34.3927875,132.4700557,248,
99014 0,34.3931289,132.46763,249,
99014 0,34.3932448,132.466016,250,
99014 0,34.3933097,132.465321,251,
99014 0,34.393432,132.4647682,252,
99014 0,34.393788,132.4633615,253,
99014 0,34.394089,132.4622124,254,
99014 0,34.3943735,132.4610964,255,
99014 0,34.3946869,132.4599439,256,
99014 0,34.3952781,132.4576678,257,
99014 0,34.3941191,132.4572638,258,
99014 0,34.3937235,132.4571589,259,
99014 0,34.3930734,132.4569227,260,
99014 0,34.3922197,132.4566311,261,
99014 0,34.3913749,132.4563421,262,
99014 0,34.3898516,132.4558513,263,
99014 0,34.389805,132.4558656,264,
99014 0,34.3897733,132.4559436,265,
99014 0,34.3897126,132.4561746,266,
99014 0,34.3894271,132.4572706,267,
99014 0,34.3889622,132.4590024,268,
99014 0,34.388545,132.4605865,269,
99014 0,34.3882339,132.4618045,270,
99014 0,34.3879217,132.4629615,271,
99014 0,34.3875841,132.4642307,272,
99014 0,34.3874873,132.464627,273,
99014 0,34.3874738,132.4646865,274,
99014 0,34.3874605,132.4647486,275,
99014 0,34.3874525,132.4648134,276,
99014 0,34.3874517,132.4648537,277,
99014 0,34.3874686,132.4649006,278,
99014 0,34.3874874,132.4649367,279,
99014 0,34.3875289,132.4650046,280,
99014 0,34.387671,132.465265,281,
99014 0,34.3878042,132.4655298,282,
99014 0,34.3880856,132.4660502,283,
99014 0,34.3883778,132.4665895,284,
99014 0,34.3884891,132.4668179,285,
99014 0,34.3886767,132.4671508,286,
99014 0,34.3888321,132.4674409,287,
99014 0,34.3889886,132.4677299,288,
99014 0,34.389291,132.4682959,289,
99014 0,34.389447,132.4685869,290,
99014 0,34.389583,132.468872,291,
99014 0,34.3900088,132.4696546,292,
99014 0,34.3904118,132.470438,293,
99014 0,34.3907347,132.4710557,294,
99014 0,34.3915874,132.4713725,295,
99014 0,34.3921277,132.4715597,296,
99014 0,34.3925822,132.4717295,297,
99014 0,34.3926425,132.4717665,298,
99014 0,34.3929867,132.4720006,299,
99014 0,34.3933718,132.4722851,300,
99014 0,34.3943104,132.4730028,301,
99014 0,34.3957597,132.4741974,302,
99014 0,34.3959264,132.4739295,303,
99014 0,34.3959897,132.473797,304,
99014 0,34.3961138,132.4735579,305,
99022 0,34.3967952,132.4746741,1,
99022 0,34.3967458,132.4747708,2,
99022 0,34.3966693,132.474865,3,
99022 0,34.3966064,132.4748766,4,
99022 0,34.3965403,132.4748647,5,
99022 0,34.3964503,132.4748525,6,
99022 0,34.3963852,132.474851,7,
99022 0,34.3962622,132.4748067,8,
99022 0,34.3961088,132.4746927,9,
99022 0,34.3956686,132.474377,10,
99022 0,34.3951242,132.4739804,11,
99022 0,34.3945259,132.4734972,12,
99022 0,34.3934999,132.4726494,13,
99022 0,34.392662,132.471952,14,
99022 0,34.3919921,132.471681,15,
99022 0,34.3907436,132.4712878,16,
99022 0,34.3906574,132.4712243,17,
99022 0,34.3904982,132.4709415,18,
99022 0,34.3900986,132.4701623,19,
99022 0,34.3895048,132.4690656,20,
99022 0,34.3894112,132.4688996,21,
99022 0,34.3893359,132.4687759,22,
99022 0,34.389265,132.4686455,23,
99022 0,34.3891819,132.4685123,24,
99022 0,34.3889714,132.4681234,25,
99022 0,34.3886543,132.4675396,26,
99022 0,34.3883478,132.4669591,27,
99022 0,34.3881699,132.4666381,28,
99022 0,34.3876044,132.4655565,29,
99022 0,34.3873263,132.46499,30,
99022 0,34.3877319,132.4635001,31,
99022 0,34.3880585,132.4622406,32,
99022 0,34.3883973,132.46097,33,
99022 0,34.3888107,132.4594502,34,
99022 0,34.3892083,132.4579231,35,
99022 0,34.3893873,132.4572287,36,
99022 0,34.3895983,132.4564344,37,
99022 0,34.3897748,132.4556628,38,
99022 0,34.3902223,132.4558187,39,
99022 0,34.3907742,132.4560181,40,
99022 0,34.3918371,132.456357,41,
99022 0,34.3927537,132.4566736,42,
99022 0,34.3935723,132.4569404,43,
99022 0,34.3943818,132.4572321,44,
99022 0,34.3952134,132.4575051,45,
99022 0,34.3953781,132.4575624,46,
99022 0,34.3953969,132.4577378,47,
99022 0,34.3951368,132.4587733,48,
99022 0,34.3947802,132.4600382,49,
99022 0,34.3945202,132.4609732,50,
99022 0,34.3942203,132.4621564,51,
99022 0,34.3939203,132.4633897,52,
99022 0,34.393526,132.4649108,53,
99022 0,34.3934047,132.4655261,54,
99022 0,34.3932871,132.4669228,55,
99022 0,34.3932205,132.4677394,56,
99022 0,34.3930372,132.4688893,57,
99022 0,34.392806,132.4704607,58,
99022 0,34.3926423,132.4716627,59,
99022 0,34.3931398,132.4720549,60,
99022 0,34.3938128,132.4725697,61,
99022 0,34.3950515,132.4735524,62,
99022 0,34.3964113,132.4746335,63,
99022 0,34.3970171,132.4735334,64,
99022 0,34.3970997,132.4735978,65,
99022 0,34.397158,132.4736783,66,
99022 0,34.3971705,132.4737602,67,
99022 0,34.3971811,132.4738759,68,
99022 0,34.3971518,132.4739849,69,
99022 0,34.3966956,132.4748175,70,
99022 0,34.3966541,132.4748475,71,
99022 0,34.396617,132.474858,72,
99022 0,34.396561,132.4748544,73,
99022 0,34.3965061,132.4748353,74,
99022 0,34.396413,132.4748259,75,
99022 0,34.3962841,132.4747811,76,
99022 0,34.396132,132.4746854,77,
99022 0,34.3950864,132.4739213,78,
99022 0,34.3945377,132.4734675,79,
99022 0,34.3934803,132.4725963,80,
99022 0,34.392632,132.4718756,81,
99022 0,34.391974,132.4716312,82,
99022 0,34.3913853,132.4714464,83,
99022 0,34.3907312,132.4712443,84,
99022 0,34.3906279,132.47112,85,
99022 0,34.390487,132.4708669,86,
99022 0,34.3901192,132.4701694,87,
99022 0,34.3896497,132.4693051,88,
99022 0,34.3894092,132.4688756,89,
99022 0,34.3891521,132.4684368,90,
99022 0,34.3889348,132.468032,91,
99022 0,34.3886866,132.467583,92,
99022 0,34.3884561,132.467152,93,
99022 0,34.3881818,132.4666231,94,
99022 0,34.3879167,132.4661217,95,
99022 0,34.3873582,132.4649942,96,
99022 0,34.3876819,132.4637685,97,
99022 0,34.3879864,132.4626186,98,
99022 0,34.3881307,132.4620653,99,
99022 0,34.3884185,132.4609805,100,
99022 0,34.3887875,132.4596069,101,
99022 0,34.3891874,132.4581237,102,
99022 0,34.3893773,132.4573525,103,
99022 0,34.3898049,132.4557246,104,
99022 0,34.3907705,132.4560571,105,
99022 0,34.3916735,132.4563525,106,
99022 0,34.3924767,132.4566224,107,
99022 0,34.3932058,132.4568521,108,
99022 0,34.3943488,132.4572579,109,
99022 0,34.3952201,132.4575568,110,
99022 0,34.395331,132.457617,111,
99022 0,34.3953534,132.4577068,112,
99022 0,34.3950868,132.4587567,113,
99022 0,34.3947634,132.4599928,114,
99022 0,34.3944802,132.461014,115,
99022 0,34.3941991,132.4621465,116,
99022 0,34.3938913,132.4633504,117,
99022 0,34.3936537,132.464273,118,
99022 0,34.393497,132.464892,119,
99022 0,34.3933735,132.4655217,120,
99022 0,34.3932559,132.4669068,121,
99022 0,34.3931959,132.467727,122,
99022 0,34.3930137,132.4688849,123,
99022 0,34.3927793,132.4704558,124,
99022 0,34.392604,132.4716891,125,
99022 0,34.3931083,132.4720777,126,
99022 0,34.3936159,132.4724717,127,
99022 0,34.3948658,132.4734743,128,
99022 0,34.3957899,132.4741997,129,
99022 0,34.3960511,132.4737179,130,
99022 0,34.3961251,132.4735559,131,
99023 0,34.3968039,132.4746553,1,
99023 0,34.3967293,132.4748013,2,
99023 0,34.396647,132.4748722,3,
99023 0,34.3965718,132.4748845,4,
99023 0,34.3964647,132.4748628,5,
99023 0,34.3962766,132.4748103,6,
99023 0,34.3961369,132.4747192,7,
99023 0,34.3955802,132.4743329,8,
99023 0,34.3949883,132.4738675,9,
99023 0,34.3945259,132.4734972,10,
99023 0,34.3941605,132.4732161,11,
99023 0,34.3931471,132.4723861,12,
99023 0,34.3928475,132.47212,13,
99023 0,34.3925567,132.4719075,14,
99023 0,34.3920305,132.4717059,15,
99023 0,34.3909919,132.4713686,16,
99023 0,34.390702,132.4712807,17,
99023 0,34.3895821,132.4692311,18,
99023 0,34.3894307,132.4689465,19,
99023 0,34.3893344,132.4687732,20,
99023 0,34.3892405,132.4686109,21,
99023 0,34.3891828,132.4685254,22,
99023 0,34.3890147,132.4682052,23,
99023 0,34.3886829,132.4675933,24,
99023 0,34.3881314,132.4665614,25,
99023 0,34.3873028,132.4649886,26,
99023 0,34.3874477,132.4644845,27,
99023 0,34.3877419,132.4634016,28,
99023 0,34.388022,132.4622761,29,
99023 0,34.3883062,132.4612148,30,
99023 0,34.3885329,132.4603842,31,
99023 0,34.388674,132.4598486,32,
99023 0,34.3889508,132.4588062,33,
99023 0,34.3891541,132.4580404,34,
99023 0,34.3894394,132.4569698,35,
99023 0,34.3897748,132.4556628,36,
99023 0,34.3908517,132.4560395,37,
99023 0,34.391877,132.4563653,38,
99023 0,34.3929492,132.4567392,39,
99023 0,34.3940687,132.4571119,40,
99023 0,34.394802,132.4573662,41,
99023 0,34.3954445,132.4575924,42,
99023 0,34.3951535,132.45864,43,
99023 0,34.3948446,132.4598506,44,
99023 0,34.3944869,132.4612232,45,
99023 0,34.394157,132.4625151,46,
99023 0,34.3939026,132.4635236,47,
99023 0,34.3936037,132.4646229,48,
99023 0,34.3934491,132.465243,49,
99023 0,34.3933504,132.4663641,50,
99023 0,34.3932694,132.4674955,51,
99023 0,34.3930817,132.468692,52,
99023 0,34.3929361,132.4695917,53,
99023 0,34.3927196,132.4711179,54,
99023 0,34.3926696,132.47165,55,
99023 0,34.3939377,132.4726437,56,
99023 0,34.3949471,132.4734243,57,
99023 0,34.3957533,132.4740908,58,
99023 0,34.3964136,132.4745589,59,
99023 0,34.3969922,132.4735152,60,
99023 0,34.397166,132.4736739,61,
99023 0,34.3971896,132.4737834,62,
99023 0,34.397179,132.4739037,63,
99023 0,34.3971451,132.4740055,64,
99023 0,34.396997,132.4742884,65,
99023 0,34.3968489,132.4745579,66,
99023 0,34.3967528,132.4747283,67,
99023 0,34.396714,132.4747934,68,
99023 0,34.3966481,132.4748545,69,
99023 0,34.3965487,132.4748522,70,
99023 0,34.3964327,132.4748218,71,
99023 0,34.39631,132.4747789,72,
99023 0,34.3961397,132.4746945,73,
99023 0,34.3954343,132.4741707,74,
99023 0,34.3942538,132.4732222,75,
99023 0,34.3931393,132.4723208,76,
99023 0,34.3926206,132.471889,77,
99023 0,34.3920404,132.471676,78,
99023 0,34.3910206,132.4713449,79,
99023 0,34.3907409,132.4712562,80,
99023 0,34.3906367,132.4711051,81,
99023 0,34.390174,132.4702594,82,
99023 0,34.3901131,132.4701379,83,
99023 0,34.3895653,132.4691501,84,
99023 0,34.3892688,132.4686404,85,
99023 0,34.3892452,132.4686002,86,
99023 0,34.3891912,132.4685178,87,
99023 0,34.3889387,132.4680515,88,
99023 0,34.3887136,132.467637,89,
99023 0,34.3883688,132.4669912,90,
99023 0,34.3881873,132.4666447,91,
99023 0,34.3879943,132.4662754,92,
99023 0,34.3873263,132.46499,93,
99023 0,34.3875354,132.4642398,94,
99023 0,34.3877836,132.4633052,95,
99023 0,34.3880043,132.4624067,96,
99023 0,34.3883263,132.4612353,97,
99023 0,34.3885696,132.4603507,98,
99023 0,34.3888118,132.4594088,99,
99023 0,34.3891041,132.458357,100,
99023 0,34.3894328,132.4571048,101,
99023 0,34.3897961,132.4557012,102,
99023 0,34.390855,132.4560659,103,
99023 0,34.3919671,132.4564385,104,
99023 0,34.3930037,132.4567903,105,
99023 0,34.3941702,132.4571735,106,
99023 0,34.3948041,132.4574003,107,
99023 0,34.3953967,132.4576103,108,
99023 0,34.3951201,132.4586588,109,
99023 0,34.3948202,132.4598399,110,
99023 0,34.394569,132.460802,111,
99023 0,34.3941703,132.4623731,112,
99023 0,34.3938703,132.4635063,113,
99023 0,34.3934313,132.4652239,114,
99023 0,34.3933225,132.46635,115,
99023 0,34.3932492,132.467471,116,
99023 0,34.3930581,132.468707,117,
99023 0,34.3928471,132.4700953,118,
99023 0,34.3926296,132.4716753,119,
99023 0,34.3932573,132.4721524,120,
99023 0,34.3941984,132.4729135,121,
99023 0,34.3952315,132.473715,122,
99023 0,34.3958071,132.4741631,123,
99023 0,34.3964358,132.4746099,124,
99023 0,34.3970164,132.4735702,125,
99023 0,34.3971448,132.4736745,126,
99023 0,34.3971745,132.4738212,127,
99023 0,34.3971623,132.4739132,128,
99023 0,34.3971102,132.4740347,129,
99023 0,34.3967649,132.4746774,130,
99023 0,34.3967049,132.4747796,131,
99023 0,34.3966533,132.4748355,132,
99023 0,34.3964991,132.4747959,133,
99023 0,34.3963321,132.474755,134,
99023 0,34.396143,132.474655,135,
99023 0,34.3955291,132.4741878,136,
99023 0,34.3951358,132.4738826,137,
99023 0,34.3946204,132.4734888,138,
99023 0,34.3935427,132.4726102,139,
99023 0,34.3926206,132.4718224,140,
99023 0,34.3922539,132.4717082,141,
99023 0,34.3907741,132.4712231,142,
99023 0,34.3906826,132.4711164,143,
99023 0,34.3905511,132.4708809,144,
99023 0,34.390244,132.470355,145,
99023 0,34.3896421,132.4692371,146,
99023 0,34.3892525,132.4685954,147,
99023 0,34.3891955,132.4685115,148,
99023 0,34.3890309,132.4682044,149,
99023 0,34.3887159,132.4676184,150,
99023 0,34.3886102,132.4674265,151,
99023 0,34.3885079,132.467237,152,
99023 0,34.3884429,132.4671161,153,
99023 0,34.3881801,132.4666135,154,
99023 0,34.3880951,132.4664518,155,
99023 0,34.387696,132.4656739,156,
99023 0,34.3873486,132.4649915,157,
99023 0,34.3877543,132.46349,158,
99023 0,34.3879859,132.4625504,159,
99023 0,34.3883363,132.4612846,160,
99023 0,34.388594,132.4603299,161,
99023 0,34.3887129,132.4598554,162,
99023 0,34.3890397,132.4586836,163,
99023 0,34.3895207,132.4568738,164,
99023 0,34.3898182,132.4557407,165,
99023 0,34.3908539,132.4561071,166,
99023 0,34.392037,132.4565009,167,
99023 0,34.3930436,132.4568347,168,
99023 0,34.3942746,132.4572553,169,
99023 0,34.3953554,132.4576382,170,
99023 0,34.3951943,132.4582603,171,
99023 0,34.3948801,132.4595071,172,
99023 0,34.3945445,132.4607734,173,
99023 0,34.3942612,132.4619026,174,
99023 0,34.3940324,132.4628053,175,
99023 0,34.393747,132.4638803,176,
99023 0,34.3934056,132.4652286,177,
99023 0,34.3932958,132.4663446,178,
99023 0,34.3932269,132.4674641,179,
99023 0,34.3931047,132.4682376,180,
99023 0,34.3928206,132.4701225,181,
99023 0,34.3926007,132.4717025,182,
99023 0,34.3939795,132.4727916,183,
99023 0,34.3952058,132.4737382,184,
99023 0,34.3958017,132.4742127,185,
99023 0,34.3959145,132.4740002,186,
99023 0,34.3960191,132.4737842,187,
99023 0,34.3961439,132.4735264,188,
99024 0,34.3969081,132.4744708,1,
99024 0,34.3968066,132.4747016,2,
99024 0,34.3967237,132.4748189,3,
99024 0,34.3966718,132.4748669,4,
99024 0,34.3966063,132.474885,5,
99024 0,34.3963618,132.474873,6,
99024 0,34.3961829,132.4747789,7,
99024 0,34.3956902,132.4744101,8,
99024 0,34.394596,132.4735945,9,
99024 0,34.3933549,132.4725879,10,
99024 0,34.3926225,132.4719383,11,
99024 0,34.3921871,132.4717576,12,
99024 0,34.3917451,132.4716293,13,
99024 0,34.3907718,132.4713075,14,
99024 0,34.3905976,132.4711879,15,
99024 0,34.3904478,132.4708806,16,
99024 0,34.3902052,132.4703725,17,
99024 0,34.3896602,132.4693505,18,
99024 0,34.3892405,132.4686109,19,
99024 0,34.3891828,132.4685254,20,
99024 0,34.3888361,132.467886,21,
99024 0,34.3885773,132.467405,22,
99024 0,34.3883319,132.466936,23,
99024 0,34.3880395,132.4664015,24,
99024 0,34.3877575,132.4658597,25,
99024 0,34.3873087,132.4649821,26,
99024 0,34.3875858,132.4640213,27,
99024 0,34.3879125,132.4627254,28,
99024 0,34.3881904,132.4616575,29,
99024 0,34.3885724,132.4602354,30,
99024 0,34.3889273,132.4588783,31,
99024 0,34.3893761,132.4572051,32,
99024 0,34.389518,132.4566411,33,
99024 0,34.3897716,132.455648,34,
99024 0,34.390242,132.4558218,35,
99024 0,34.3910339,132.4560825,36,
99024 0,34.3918071,132.4563421,37,
99024 0,34.3925693,132.4565971,38,
99024 0,34.3928561,132.4566927,39,
99024 0,34.3932481,132.4568265,40,
99024 0,34.3937336,132.4569797,41,
99024 0,34.3944105,132.4572348,42,
99024 0,34.3948329,132.4573826,43,
99024 0,34.3954331,132.4576004,44,
99024 0,34.3950164,132.4591259,45,
99024 0,34.394742,132.4602232,46,
99024 0,34.3944632,132.4612964,47,
99024 0,34.3942026,132.4623163,48,
99024 0,34.3938632,132.4636609,49,
99024 0,34.3935537,132.4648562,50,
99024 0,34.3934416,132.4653786,51,
99024 0,34.3933782,132.4661993,52,
99024 0,34.3933623,132.4663827,53,
99024 0,34.3933141,132.467038,54,
99024 0,34.3932538,132.4677227,55,
99024 0,34.3930249,132.469026,56,
99024 0,34.3928416,132.4702432,57,
99024 0,34.3926712,132.4716253,58,
99024 0,34.39338,132.4721911,59,
99024 0,34.3943327,132.4729463,60,
99024 0,34.3950788,132.4735369,61,
99024 0,34.3962663,132.4745252,62,
99024 0,34.3964373,132.4745059,63,
99024 0,34.3966736,132.4740748,64,
99024 0,34.3970035,132.4734554,65,
99024 0,34.3972119,132.4736781,66,
99024 0,34.3971952,132.4738656,67,
99024 0,34.3971714,132.4739472,68,
99024 0,34.3970507,132.4742016,69,
99024 0,34.3968984,132.474468,70,
99024 0,34.3968275,132.4746414,71,
99024 0,34.3967589,132.4747552,72,
99024 0,34.3967181,132.474814,73,
99024 0,34.3966692,132.4748608,74,
99024 0,34.3966037,132.4748758,75,
99024 0,34.3964849,132.4748699,76,
99024 0,34.3963632,132.4748656,77,
99024 0,34.3961963,132.4747644,78,
99024 0,34.3957037,132.4743887,79,
99024 0,34.3946115,132.4735652,80,
99024 0,34.3933661,132.4725705,81,
99024 0,34.3926259,132.4719197,82,
99024 0,34.3921899,132.4717384,83,
99024 0,34.3917506,132.4715988,84,
99024 0,34.3908062,132.4712937,85,
99024 0,34.3906166,132.4711559,86,
99024 0,34.3904734,132.4708733,87,
99024 0,34.390228,132.4703739,88,
99024 0,34.3896714,132.4693359,89,
99024 0,34.3892457,132.468605,90,
99024 0,34.3891841,132.4685152,91,
99024 0,34.3888432,132.4678875,92,
99024 0,34.3885862,132.4674103,93,
99024 0,34.3883381,132.4669325,94,
99024 0,34.3880446,132.4663985,95,
99024 0,34.3877637,132.4658534,96,
99024 0,34.3873277,132.4649715,97,
99024 0,34.3876014,132.464036,98,
99024 0,34.3879298,132.4627154,99,
99024 0,34.3882086,132.4616618,100,
99024 0,34.3885875,132.4602495,101,
99024 0,34.3889375,132.458907,102,
99024 0,34.3893974,132.4572084,103,
99024 0,34.3895922,132.4564217,104,
99024 0,34.3897847,132.4556723,105,
99024 0,34.3904082,132.4558984,106,
99024 0,34.3910372,132.4561071,107,
99024 0,34.3925676,132.456613,108,
99024 0,34.3932414,132.4568492,109,
99024 0,34.3937257,132.4570016,110,
99024 0,34.394834,132.4574037,111,
99024 0,34.3954118,132.4576256,112,
99024 0,34.3950046,132.4591179,113,
99024 0,34.3947325,132.4602059,114,
99024 0,34.3944466,132.4612945,115,
99024 0,34.3941881,132.4623057,116,
99024 0,34.3938465,132.4636509,117,
99024 0,34.3935337,132.4648488,118,
99024 0,34.3934266,132.4653822,119,
99024 0,34.3933704,132.4661395,120,
99024 0,34.3933066,132.4669372,121,
99024 0,34.3932445,132.4676974,122,
99024 0,34.39301,132.4690226,123,
99024 0,34.3928321,132.4702431,124,
99024 0,34.3926539,132.4716438,125,
99024 0,34.3934039,132.472239,126,
99024 0,34.3943371,132.4729889,127,
99024 0,34.395066,132.4735662,128,
99024 0,34.3962692,132.474547,129,
99024 0,34.3964564,132.4745194,130,
99024 0,34.3966795,132.4741094,131,
99024 0,34.3970119,132.4735002,132,
99024 0,34.3971945,132.4736775,133,
99024 0,34.3971834,132.4738566,134,
99024 0,34.3971646,132.4739446,135,
99024 0,34.3970372,132.4741969,136,
99024 0,34.39689,132.47446,137,
99024 0,34.3968205,132.4746294,138,
99024 0,34.3967525,132.4747491,139,
99024 0,34.3967134,132.474808,140,
99024 0,34.3966662,132.4748536,141,
99024 0,34.3966027,132.4748687,142,
99024 0,34.3964851,132.4748621,143,
99024 0,34.3963646,132.4748587,144,
99024 0,34.3961902,132.4747296,145,
99024 0,34.3957147,132.4743703,146,
99024 0,34.3946365,132.4735487,147,
99024 0,34.3933721,132.472548,148,
99024 0,34.3926302,132.4718956,149,
99024 0,34.3921954,132.4717131,150,
99024 0,34.3917562,132.4715708,151,
99024 0,34.3908263,132.4712752,152,
99024 0,34.3906296,132.4711327,153,
99024 0,34.3904948,132.4708601,154,
99024 0,34.3902431,132.4703646,155,
99024 0,34.3896832,132.469334,156,
99024 0,34.3892511,132.4685989,157,
99024 0,34.3891803,132.4684969,158,
99024 0,34.3888521,132.4678826,159,
99024 0,34.3885914,132.4674093,160,
99024 0,34.3883424,132.466926,161,
99024 0,34.3880509,132.466396,162,
99024 0,34.3877705,132.4658485,163,
99024 0,34.3873506,132.4649707,164,
99024 0,34.3876133,132.4640559,165,
99024 0,34.3877877,132.46334,166,
99024 0,34.3879376,132.46274,167,
99024 0,34.3882209,132.4616734,168,
99024 0,34.3886042,132.4602427,169,
99024 0,34.3889553,132.4588916,170,
99024 0,34.3891741,132.4580755,171,
99024 0,34.3894857,132.4569196,172,
99024 0,34.3897961,132.4557012,173,
99024 0,34.3910605,132.4561303,174,
99024 0,34.3925603,132.4566229,175,
99024 0,34.393237,132.4568736,176,
99024 0,34.393723,132.4570241,177,
99024 0,34.3948329,132.4574283,178,
99024 0,34.3953867,132.4576401,179,
99024 0,34.3949929,132.4591107,180,
99024 0,34.3947173,132.4601979,181,
99024 0,34.3944241,132.4612931,182,
99024 0,34.3941703,132.4622898,183,
99024 0,34.393828,132.4636431,184,
99024 0,34.3935153,132.4648436,185,
99024 0,34.3934113,132.4653725,186,
99024 0,34.3933482,132.4661609,187,
99024 0,34.393231,132.4676934,188,
99024 0,34.3929971,132.4690213,189,
99024 0,34.392821,132.4702419,190,
99024 0,34.3926306,132.471659,191,
99024 0,34.3933955,132.4722596,192,
99024 0,34.3950537,132.4735888,193,
99024 0,34.3962643,132.4745694,194,
99024 0,34.3964726,132.474529,195,
99024 0,34.3966931,132.4741587,196,
99024 0,34.3970202,132.4735387,197,
99024 0,34.3971738,132.473672,198,
99024 0,34.3971725,132.473843,199,
99024 0,34.3971496,132.4739382,200,
99024 0,34.3970219,132.4741889,201,
99024 0,34.3968814,132.4744504,202,
99024 0,34.3968093,132.4746214,203,
99024 0,34.3967435,132.474741,204,
99024 0,34.3967075,132.4748005,205,
99024 0,34.3966636,132.474846,206,
99024 0,34.3966008,132.474857,207,
99024 0,34.3964848,132.4748572,208,
99024 0,34.3963662,132.4748523,209,
99024 0,34.3962063,132.4747126,210,
99024 0,34.3957275,132.4743438,211,
99024 0,34.394636,132.4735175,212,
99024 0,34.3933922,132.4725382,213,
99024 0,34.392632,132.4718756,214,
99024 0,34.3921958,132.4716929,215,
99024 0,34.3917529,132.4715437,216,
99024 0,34.3908452,132.4712445,217,
99024 0,34.390646,132.4711123,218,
99024 0,34.3905176,132.4708459,219,
99024 0,34.3902554,132.4703507,220,
99024 0,34.3896921,132.4693235,221,
99024 0,34.3892469,132.4685815,222,
99024 0,34.3892265,132.4685562,223,
99024 0,34.3891861,132.4684921,224,
99024 0,34.3888542,132.467877,225,
99024 0,34.3885954,132.4674021,226,
99024 0,34.3884396,132.4671093,227,
99024 0,34.3883476,132.4669218,228,
99024 0,34.3880575,132.4663952,229,
99024 0,34.3877835,132.4658549,230,
99024 0,34.3873702,132.4649728,231,
99024 0,34.3876311,132.4640632,232,
99024 0,34.3879555,132.4627366,233,
99024 0,34.3882337,132.4616713,234,
99024 0,34.3886227,132.4602319,235,
99024 0,34.3889743,132.4588807,236,
99024 0,34.3894186,132.4572491,237,
99024 0,34.3895102,132.4569176,238,
99024 0,34.3898049,132.4557246,239,
99024 0,34.3910588,132.4561468,240,
99024 0,34.3918112,132.4564048,241,
99024 0,34.392557,132.4566381,242,
99024 0,34.3932409,132.4568961,243,
99024 0,34.3937196,132.4570466,244,
99024 0,34.394824,132.4574474,245,
99024 0,34.3953516,132.4576593,246,
99024 0,34.3949761,132.4591048,247,
99024 0,34.3947027,132.4601906,248,
99024 0,34.3944073,132.4612886,249,
99024 0,34.3941529,132.4622985,250,
99024 0,34.3938125,132.4636384,251,
99024 0,34.393497,132.4648409,252,
99024 0,34.3933921,132.4653674,253,
99024 0,34.393327,132.4661768,254,
99024 0,34.3932143,132.4676907,255,
99024 0,34.3929831,132.4690213,256,
99024 0,34.3928091,132.4702405,257,
99024 0,34.3926093,132.4716663,258,
99024 0,34.3933777,132.4722748,259,
99024 0,34.3942998,132.4730108,260,
99024 0,34.3950371,132.4736221,261,
99024 0,34.3962738,132.4745946,262,
99024 0,34.3964921,132.4745603,263,
99024 0,34.3970202,132.473622,264,
99031 0,34.3970343,132.4740261,1,
99031 0,34.3968511,132.4743512,2,
99031 0,34.3967468,132.4745521,3,
99031 0,34.3966813,132.4746595,4,
99031 0,34.3966636,132.4746877,5,
99031 0,34.396596,132.4747749,6,
99031 0,34.3965312,132.4748172,7,
99031 0,34.396508,132.4748482,8,
99031 0,34.3962872,132.4748048,9,
99031 0,34.3962706,132.4748036,10,
99031 0,34.3962174,132.4747682,11,
99031 0,34.3961564,132.4747215,12,
99031 0,34.396076,132.474661,13,
99031 0,34.395992,132.4745981,14,
99031 0,34.3958239,132.4744743,15,
99031 0,34.3954895,132.4742287,16,
99031 0,34.3954067,132.4741636,17,
99031 0,34.3953222,132.4741005,18,
99031 0,34.3952449,132.4740354,19,
99031 0,34.3950251,132.4738661,20,
99031 0,34.3949506,132.4738088,21,
99031 0,34.394847,132.4739202,22,
99031 0,34.394831,132.4739384,23,
99031 0,34.3948018,132.473982,24,
99031 0,34.394516,132.4743405,25,
99031 0,34.3944339,132.4744321,26,
99031 0,34.394303,132.4745437,27,
99031 0,34.3941611,132.4746519,28,
99031 0,34.3940203,132.4747482,29,
99031 0,34.3939198,132.4748038,30,
99031 0,34.3938727,132.4748286,31,
99031 0,34.3938162,132.4748621,32,
99031 0,34.3936772,132.4749406,33,
99031 0,34.3932577,132.4751811,34,
99031 0,34.3932482,132.4751726,35,
99031 0,34.3929543,132.4753399,36,
99031 0,34.3920526,132.4758521,37,
99031 0,34.3914263,132.4761994,38,
99031 0,34.3910834,132.4763809,39,
99031 0,34.3902613,132.4768367,40,
99031 0,34.3901332,132.476903,41,
99031 0,34.3897772,132.4770538,42,
99031 0,34.3896994,132.4770607,43,
99031 0,34.3894833,132.4771052,44,
99031 0,34.3881807,132.4771963,45,
99031 0,34.3868792,132.4772766,46,
99031 0,34.3827251,132.4775547,47,
99031 0,34.3824115,132.4775234,48,
99031 0,34.3820368,132.4774313,49,
99031 0,34.3818773,132.4773687,50,
99031 0,34.3817266,132.4772954,51,
99031 0,34.3814397,132.4771327,52,
99031 0,34.3812727,132.4770038,53,
99031 0,34.3810905,132.4768488,54,
99031 0,34.3809167,132.4766721,55,
99031 0,34.3806956,132.4764091,56,
99031 0,34.38048,132.4761462,57,
99031 0,34.3800555,132.4756122,58,
99031 0,34.3798235,132.4753232,59,
99031 0,34.3797466,132.4753006,60,
99031 0,34.3797137,132.4752976,61,
99031 0,34.3796718,132.4753196,62,
99031 0,34.3796465,132.4753672,63,
99031 0,34.3796382,132.475398,64,
99031 0,34.3796315,132.4754409,65,
99031 0,34.3796335,132.4754731,66,
99031 0,34.3796371,132.475511,67,
99031 0,34.3796507,132.4755758,68,
99031 0,34.3798367,132.4761891,69,
99031 0,34.3799037,132.4763986,70,
99031 0,34.3799568,132.4766169,71,
99031 0,34.3801883,132.4773932,72,
99031 0,34.3802121,132.4775743,73,
99031 0,34.3802259,132.4779107,74,
99031 0,34.380372,132.4784057,75,
99031 0,34.3803557,132.4784713,76,
99031 0,34.3802289,132.4785327,77,
99031 0,34.380207,132.4782839,78,
99031 0,34.3800219,132.4776038,79,
99031 0,34.380047,132.4774855,80,
99031 0,34.3801031,132.4773671,81,
99031 0,34.3801079,132.4773051,82,
99031 0,34.3800775,132.4771641,83,
99031 0,34.3800515,132.4771312,84,
99031 0,34.380019,132.4771166,85,
99031 0,34.3781616,132.4767135,86,
99031 0,34.3777369,132.4766752,87,
99031 0,34.3770384,132.4765465,88,
99031 0,34.3769073,132.4765332,89,
99031 0,34.3767626,132.4765903,90,
99031 0,34.3762602,132.4768234,91,
99031 0,34.3757612,132.4770618,92,
99031 0,34.3756524,132.4771058,93,
99031 0,34.3755448,132.4771559,94,
99031 0,34.3748012,132.4775002,95,
99031 0,34.3740631,132.4778431,96,
99031 0,34.373048,132.4783194,97,
99031 0,34.3729202,132.4783605,98,
99031 0,34.3727742,132.4783223,99,
99031 0,34.3727733,132.4782774,100,
99031 0,34.3727476,132.4782217,101,
99031 0,34.372727,132.4781932,102,
99031 0,34.3726641,132.4780745,103,
99031 0,34.3726246,132.4779992,104,
99031 0,34.3725891,132.4779232,105,
99031 0,34.3725174,132.4777718,106,
99031 0,34.3724412,132.4775178,107,
99031 0,34.3723774,132.4772268,108,
99031 0,34.3723728,132.4768939,109,
99031 0,34.3725311,132.4754694,110,
99031 0,34.3725692,132.4754767,111,
99031 0,34.3728688,132.4755447,112,
99031 0,34.3731695,132.4756081,113,
99031 0,34.3735921,132.4756945,114,
99031 0,34.373804,132.4757381,115,
99031 0,34.3740167,132.4757816,116,
99031 0,34.3750501,132.4759989,117,
99031 0,34.3755973,132.4761129,118,
99031 0,34.3761451,132.4762236,119,
99031 0,34.3766449,132.4763238,120,
99031 0,34.3768711,132.4764023,121,
99031 0,34.3771041,132.4764741,122,
99031 0,34.377786,132.4766234,123,
99031 0,34.3781859,132.4754068,124,
99031 0,34.3786981,132.4736653,125,
99031 0,34.3788828,132.4738468,126,
99031 0,34.3790747,132.4740786,127,
99031 0,34.3794413,132.4745441,128,
99031 0,34.3800547,132.4752814,129,
99031 0,34.380569,132.4759233,130,
99031 0,34.3808135,132.4762248,131,
99031 0,34.3810618,132.476523,132,
99031 0,34.3813572,132.4768193,133,
99031 0,34.3816364,132.4769993,134,
99031 0,34.3819355,132.4771565,135,
99031 0,34.3822883,132.4772707,136,
99031 0,34.3824291,132.4772957,137,
99031 0,34.382702,132.4773282,138,
99031 0,34.3831378,132.4773147,139,
99031 0,34.3833522,132.4772979,140,
99031 0,34.3835665,132.4772817,141,
99031 0,34.3844005,132.4772306,142,
99031 0,34.3854685,132.4771563,143,
99031 0,34.3858651,132.4771354,144,
99031 0,34.3862786,132.4770987,145,
99031 0,34.3866398,132.4770704,146,
99031 0,34.3870005,132.4770428,147,
99031 0,34.387368,132.4770232,148,
99031 0,34.3877341,132.4770012,149,
99031 0,34.3885515,132.4769562,150,
99031 0,34.3889159,132.4769308,151,
99031 0,34.3893511,132.4769013,152,
99031 0,34.3897358,132.476838,153,
99031 0,34.389949,132.4767472,154,
99031 0,34.3902741,132.4765843,155,
99031 0,34.3905947,132.4764114,156,
99031 0,34.3909474,132.4762127,157,
99031 0,34.3911232,132.4761087,158,
99031 0,34.3913051,132.476002,159,
99031 0,34.3917498,132.47575,160,
99031 0,34.3921928,132.4755054,161,
99031 0,34.3926452,132.4752427,162,
99031 0,34.3931503,132.4749515,163,
99031 0,34.3936875,132.4746698,164,
99031 0,34.3939714,132.4745066,165,
99031 0,34.3941162,132.4743958,166,
99031 0,34.3942595,132.4742817,167,
99031 0,34.3944906,132.474039,168,
99031 0,34.3946043,132.4739179,169,
99031 0,34.3946731,132.4737989,170,
99031 0,34.3948807,132.473367,171,
99031 0,34.3950648,132.4735175,172,
99031 0,34.395266,132.4736781,173,
99031 0,34.3956035,132.4739512,174,
99031 0,34.3958047,132.4741489,175,
99031 0,34.3958446,132.4740484,176,
99031 0,34.3958797,132.473989,177,
99031 0,34.3958446,132.4740484,178,
99031 0,34.3958797,132.473989,179,
99031 0,34.395915,132.4739248,180,
99031 0,34.3959644,132.4738454,181,
99031 0,34.3959882,132.4738056,182,
99031 0,34.3961118,132.4735663,183,
99032 0,34.3970176,132.4740667,1,
99032 0,34.3967785,132.4745017,2,
99032 0,34.3967526,132.4745524,3,
99032 0,34.3966824,132.4746682,4,
99032 0,34.3966432,132.4747213,5,
99032 0,34.3966013,132.4747744,6,
99032 0,34.3965224,132.4748167,7,
99032 0,34.3965104,132.47484,8,
99032 0,34.3962889,132.4748016,9,
99032 0,34.396255,132.4748056,10,
99032 0,34.3962007,132.4747693,11,
99032 0,34.3960715,132.4746727,12,
99032 0,34.3960014,132.4746936,13,
99032 0,34.3958358,132.4745656,14,
99032 0,34.3956556,132.4744007,15,
99032 0,34.3955476,132.4743102,16,
99032 0,34.395221,132.4740435,17,
99032 0,34.3949312,132.4738275,18,
99032 0,34.3948155,132.4739377,19,
99032 0,34.3945851,132.4742208,20,
99032 0,34.3945305,132.4742829,21,
99032 0,34.3944942,132.4743238,22,
99032 0,34.3944177,132.4743973,23,
99032 0,34.394241,132.4745614,24,
99032 0,34.3941566,132.4746054,25,
99032 0,34.3932106,132.4751613,26,
99032 0,34.3922819,132.4757097,27,
99032 0,34.3915755,132.4761074,28,
99032 0,34.3910673,132.4763809,29,
99032 0,34.3908489,132.476507,30,
99032 0,34.3905636,132.4766612,31,
99032 0,34.3902016,132.4768596,32,
99032 0,34.3897825,132.4770452,33,
99032 0,34.3894015,132.4771059,34,
99032 0,34.3890201,132.4771338,35,
99032 0,34.388773,132.4771492,36,
99032 0,34.3885087,132.4771673,37,
99032 0,34.3866366,132.4772887,38,
99032 0,34.3827252,132.4775433,39,
99032 0,34.3824233,132.4775106,40,
99032 0,34.3820444,132.4774208,41,
99032 0,34.3814415,132.4771165,42,
99032 0,34.3811008,132.4768456,43,
99032 0,34.3809271,132.4766752,44,
99032 0,34.3802763,132.4758759,45,
99032 0,34.3798228,132.4753055,46,
99032 0,34.3797518,132.4752928,47,
99032 0,34.3797133,132.4752912,48,
99032 0,34.3796667,132.4753138,49,
99032 0,34.3796397,132.4753633,50,
99032 0,34.3796246,132.4754418,51,
99032 0,34.3796292,132.4755548,52,
99032 0,34.3796862,132.475751,53,
99032 0,34.3797582,132.4759847,54,
99032 0,34.379904,132.4764334,55,
99032 0,34.3799563,132.4766084,56,
99032 0,34.3800146,132.4767801,57,
99032 0,34.3800847,132.4770114,58,
99032 0,34.3801368,132.4772162,59,
99032 0,34.3801473,132.4772562,60,
99032 0,34.3801623,132.4773015,61,
99032 0,34.3801883,132.4773932,62,
99032 0,34.3802121,132.4775743,63,
99032 0,34.3802259,132.4779107,64,
99032 0,34.380372,132.4784057,65,
99032 0,34.3803557,132.4784713,66,
99032 0,34.3802289,132.4785327,67,
99032 0,34.380207,132.4782839,68,
99032 0,34.3800219,132.4776038,69,
99032 0,34.380047,132.4774855,70,
99032 0,34.3801031,132.4773671,71,
99032 0,34.3801079,132.4773051,72,
99032 0,34.3800775,132.4771641,73,
99032 0,34.3800455,132.4770143,74,
99032 0,34.3799634,132.4767392,75,
99032 0,34.3798649,132.4764156,76,
99032 0,34.3797633,132.476093,77,
99032 0,34.3796645,132.4757688,78,
99032 0,34.3795601,132.475446,79,
99032 0,34.3795472,132.475376,80,
99032 0,34.3795491,132.4753525,81,
99032 0,34.3795528,132.4753311,82,
99032 0,34.3795635,132.4752882,83,
99032 0,34.3796181,132.4751938,84,
99032 0,34.3796299,132.4751106,85,
99032 0,34.3796312,132.4750849,86,
99032 0,34.3791711,132.4744845,87,
99032 0,34.3786258,132.4738032,88,
99032 0,34.3783817,132.4735698,89,
99032 0,34.3778857,132.4731003,90,
99032 0,34.3772194,132.4724306,91,
99032 0,34.3769349,132.4722135,92,
99032 0,34.3767021,132.4720998,93,
99032 0,34.3763567,132.4719932,94,
99032 0,34.3759881,132.4719135,95,
99032 0,34.3730738,132.4713675,96,
99032 0,34.3730847,132.4712517,97,
99032 0,34.3731088,132.4710567,98,
99032 0,34.3732254,132.4701901,99,
99032 0,34.3733587,132.4691235,100,
99032 0,34.373442,132.4684735,101,
99032 0,34.3735587,132.4675736,102,
99032 0,34.3737087,132.4665904,103,
99032 0,34.3738648,132.465337,104,
99032 0,34.3739145,132.4647407,105,
99032 0,34.373905,132.4645982,106,
99032 0,34.3725031,132.4645534,107,
99032 0,34.3694107,132.4648433,108,
99032 0,34.3692106,132.4648433,109,
99032 0,34.3686447,132.4652943,110,
99032 0,34.3684205,132.4655105,111,
99032 0,34.3681323,132.4659019,112,
99032 0,34.3680014,132.4660972,113,
99032 0,34.3678398,132.4664175,114,
99032 0,34.3677037,132.4668919,115,
99032 0,34.3676359,132.4672724,116,
99032 0,34.3675748,132.4679626,117,
99032 0,34.3674927,132.4690738,118,
99032 0,34.3674239,132.4701032,119,
99032 0,34.3682782,132.4702605,120,
99032 0,34.3691381,132.4704224,121,
99032 0,34.3699036,132.4705664,122,
99032 0,34.3709024,132.4707629,123,
99032 0,34.3719212,132.4709461,124,
99032 0,34.3729755,132.47114,125,
99032 0,34.3738443,132.4713115,126,
99032 0,34.3746714,132.4714839,127,
99032 0,34.3757424,132.471668,128,
99032 0,34.3766832,132.4718916,129,
99032 0,34.3770891,132.4720996,130,
99032 0,34.3772971,132.4722607,131,
99032 0,34.3775583,132.4725063,132,
99032 0,34.3780583,132.4730063,133,
99032 0,34.3787924,132.4737457,134,
99032 0,34.3788562,132.4738153,135,
99032 0,34.3791025,132.4741331,136,
99032 0,34.3794469,132.4745681,137,
99032 0,34.3798348,132.4750203,138,
99032 0,34.3798688,132.4750698,139,
99032 0,34.3800307,132.4752648,140,
99032 0,34.3802248,132.475506,141,
99032 0,34.3809313,132.4763852,142,
99032 0,34.3811002,132.4765787,143,
99032 0,34.3813315,132.4768131,144,
99032 0,34.3815398,132.4769495,145,
99032 0,34.3817547,132.4770764,146,
99032 0,34.3819359,132.4771679,147,
99032 0,34.3823092,132.4772916,148,
99032 0,34.3826978,132.4773403,149,
99032 0,34.3831084,132.4773225,150,
99032 0,34.3835397,132.4772958,151,
99032 0,34.3839733,132.4772661,152,
99032 0,34.3841608,132.4772547,153,
99032 0,34.3843494,132.4772389,154,
99032 0,34.3847243,132.4772173,155,
99032 0,34.3849496,132.4771993,156,
99032 0,34.3851748,132.477185,157,
99032 0,34.3856253,132.477159,158,
99032 0,34.3861564,132.4771283,159,
99032 0,34.3866886,132.477087,160,
99032 0,34.3876718,132.4770162,161,
99032 0,34.3891957,132.4769523,162,
99032 0,34.3897285,132.4768717,163,
99032 0,34.390286,132.4765935,164,
99032 0,34.390857,132.4762888,165,
99032 0,34.3913575,132.4759915,166,
99032 0,34.3920688,132.4755953,167,
99032 0,34.392809,132.4751655,168,
99032 0,34.3931576,132.4749757,169,
99032 0,34.3935028,132.4747846,170,
99032 0,34.3939792,132.4745328,171,
99032 0,34.3943672,132.4742046,172,
99032 0,34.3946142,132.4739242,173,
99032 0,34.3946845,132.4737904,174,
99032 0,34.3947505,132.4736519,175,
99032 0,34.3948829,132.473377,176,
99032 0,34.3951164,132.473566,177,
99032 0,34.3955419,132.4739085,178,
99032 0,34.395801,132.4741354,179,
99032 0,34.395915,132.4739248,180,
99032 0,34.3959812,132.4738158,181,
99032 0,34.3961238,132.4735627,182,
99033 0,34.3968128,132.4743705,1,
99033 0,34.396829,132.4743897,2,
99033 0,34.3967466,132.4745486,3,
99033 0,34.3966615,132.474687,4,
99033 0,34.3965943,132.474773,5,
99033 0,34.3965234,132.4748193,6,
99033 0,34.3965106,132.4748411,7,
99033 0,34.3964975,132.4748633,8,
99033 0,34.3963775,132.474843,9,
99033 0,34.3962563,132.4748308,10,
99033 0,34.3961925,132.4747968,11,
99033 0,34.3960868,132.4747616,12,
99033 0,34.395897,132.4746257,13,
99033 0,34.395698,132.4744484,14,
99033 0,34.3956502,132.4744007,15,
99033 0,34.3955958,132.4743543,16,
99033 0,34.3954793,132.4742602,17,
99033 0,34.3952893,132.4741035,18,
99033 0,34.3950801,132.4739437,19,
99033 0,34.3949277,132.4738308,20,
99033 0,34.3948402,132.4739075,21,
99033 0,34.3946373,132.4741762,22,
99033 0,34.3944197,132.4744144,23,
99033 0,34.3942521,132.474569,24,
99033 0,34.3940152,132.474735,25,
99033 0,34.393859,132.4748245,26,
99033 0,34.3929281,132.4753449,27,
99033 0,34.3925702,132.4755545,28,
99033 0,34.3923888,132.4756586,29,
99033 0,34.392218,132.4757561,30,
99033 0,34.3919503,132.4759128,31,
99033 0,34.3916892,132.4760575,32,
99033 0,34.3914888,132.4761677,33,
99033 0,34.3913883,132.4762225,34,
99033 0,34.3912895,132.4762732,35,
99033 0,34.3908909,132.4764909,36,
99033 0,34.3903329,132.4768001,37,
99033 0,34.3901422,132.4769037,38,
99033 0,34.3897819,132.477056,39,
99033 0,34.389699,132.4770639,40,
99033 0,34.3894872,132.4771066,41,
99033 0,34.3891854,132.4771345,42,
99033 0,34.387777,132.4772253,43,
99033 0,34.3863714,132.4773127,44,
99033 0,34.3854639,132.4773779,45,
99033 0,34.3845569,132.4774403,46,
99033 0,34.3827434,132.4775579,47,
99033 0,34.3827139,132.4775569,48,
99033 0,34.3824109,132.477526,49,
99033 0,34.382041,132.4774354,50,
99033 0,34.3818774,132.477371,51,
99033 0,34.381767,132.4773167,52,
99033 0,34.3816593,132.477259,53,
99033 0,34.3813801,132.4770483,54,
99033 0,34.3810913,132.4767836,55,
99033 0,34.380926,132.4766111,56,
99033 0,34.3798079,132.475232,57,
99033 0,34.3797221,132.475256,58,
99033 0,34.3796714,132.4753156,59,
99033 0,34.3796423,132.4753647,60,
99033 0,34.3796266,132.4754428,61,
99033 0,34.3796311,132.4755213,62,
99033 0,34.3796455,132.4756071,63,
99033 0,34.3799054,132.4764559,64,
99033 0,34.3799135,132.4764899,65,
99033 0,34.3800857,132.4770705,66,
99033 0,34.3801883,132.4773932,67,
99033 0,34.3802121,132.4775743,68,
99033 0,34.3802414,132.4778892,69,
99033 0,34.380372,132.4784057,70,
99033 0,34.3803557,132.4784713,71,
99033 0,34.3802289,132.4785327,72,
99033 0,34.380207,132.4782839,73,
99033 0,34.3800219,132.4776038,74,
99033 0,34.380047,132.4774855,75,
99033 0,34.3801031,132.4773671,76,
99033 0,34.3801079,132.4773051,77,
99033 0,34.3800775,132.4771641,78,
99033 0,34.3800515,132.4771312,79,
99033 0,34.380019,132.4771166,80,
99033 0,34.3784637,132.4767777,81,
99033 0,34.3781616,132.4767135,82,
99033 0,34.377887,132.4766886,83,
99033 0,34.3777369,132.4766752,84,
99033 0,34.376916,132.4765042,85,
99033 0,34.376208,132.476835,86,
99033 0,34.3753078,132.4772518,87,
99033 0,34.374285,132.4777243,88,
99033 0,34.3736006,132.4780456,89,
99033 0,34.37304,132.4783122,90,
99033 0,34.3729183,132.4783497,91,
99033 0,34.3728392,132.4783267,92,
99033 0,34.372786,132.4782775,93,
99033 0,34.3727362,132.4781894,94,
99033 0,34.3726801,132.4780879,95,
99033 0,34.3726258,132.4779818,96,
99033 0,34.3725253,132.4777695,97,
99033 0,34.3724759,132.477602,98,
99033 0,34.3723943,132.4772266,99,
99033 0,34.3723853,132.4769274,100,
99033 0,34.3724062,132.4767229,101,
99033 0,34.3724729,132.4761563,102,
99033 0,34.3725484,132.4755287,103,
99033 0,34.3726091,132.4755027,104,
99033 0,34.3727561,132.4755397,105,
99033 0,34.3732489,132.4756418,106,
99033 0,34.3737677,132.4757444,107,
99033 0,34.3746493,132.4759303,108,
99033 0,34.3755848,132.4761215,109,
99033 0,34.3765036,132.4763121,110,
99033 0,34.3766373,132.4763382,111,
99033 0,34.3771224,132.4764937,112,
99033 0,34.3774856,132.4765688,113,
99033 0,34.3778319,132.4766361,114,
99033 0,34.3780468,132.4766368,115,
99033 0,34.3782636,132.4766845,116,
99033 0,34.3783688,132.4767054,117,
99033 0,34.3785358,132.476749,118,
99033 0,34.3786599,132.4767805,119,
99033 0,34.3787663,132.4768093,120,
99033 0,34.3789608,132.4768573,121,
99033 0,34.3791553,132.4768959,122,
99033 0,34.3794082,132.4769494,123,
99033 0,34.3800176,132.4770673,124,
99033 0,34.3800821,132.4771028,125,
99033 0,34.3801634,132.4772549,126,
99033 0,34.3802182,132.4774312,127,
99033 0,34.3802291,132.4775719,128,
99033 0,34.3802428,132.4777488,129,
99033 0,34.3802473,132.4778544,130,
99033 0,34.3802706,132.4779655,131,
99033 0,34.3802967,132.4780739,132,
99033 0,34.3803239,132.478183,133,
99033 0,34.3803628,132.4783181,134,
99033 0,34.3803719,132.4783568,135,
99033 0,34.3803859,132.4784191,136,
99033 0,34.3803693,132.4784728,137,
99033 0,34.3803445,132.4785151,138,
99033 0,34.3802823,132.4785417,139,
99033 0,34.3802268,132.4785696,140,
99033 0,34.3802149,132.4785371,141,
99033 0,34.3801959,132.4783753,142,
99033 0,34.3801772,132.4782519,143,
99033 0,34.3801374,132.4781146,144,
99033 0,34.3800151,132.4776722,145,
99033 0,34.3800139,132.477605,146,
99033 0,34.3800199,132.4775431,147,
99033 0,34.3800656,132.4774127,148,
99033 0,34.3801296,132.4773166,149,
99033 0,34.3801072,132.4772177,150,
99033 0,34.3800083,132.4768818,151,
99033 0,34.3799552,132.4767182,152,
99033 0,34.3799032,132.4765613,153,
99033 0,34.3798449,132.4763567,154,
99033 0,34.3797854,132.4761722,155,
99033 0,34.3796831,132.4758207,156,
99033 0,34.3795708,132.4754075,157,
99033 0,34.3796203,132.4752862,158,
99033 0,34.3797052,132.4751649,159,
99033 0,34.3798131,132.475035,160,
99033 0,34.3799134,132.4751579,161,
99033 0,34.3801321,132.4754268,162,
99033 0,34.3805387,132.4758893,163,
99033 0,34.3807362,132.4761376,164,
99033 0,34.3810042,132.476462,165,
99033 0,34.3810829,132.4765499,166,
99033 0,34.3811688,132.4766372,167,
99033 0,34.3813367,132.4768078,168,
99033 0,34.3815568,132.4769548,169,
99033 0,34.3817885,132.4770891,170,
99033 0,34.3819352,132.4771607,171,
99033 0,34.3823111,132.4772852,172,
99033 0,34.3827,132.4773326,173,
99033 0,34.3833217,132.4773057,174,
99033 0,34.3840553,132.4772558,175,
99033 0,34.3845465,132.4772243,176,
99033 0,34.3850382,132.4771889,177,
99033 0,34.3855601,132.4771546,178,
99033 0,34.3857951,132.4771472,179,
99033 0,34.3860344,132.4771291,180,
99033 0,34.3864714,132.4770936,181,
99033 0,34.3868369,132.4770669,182,
99033 0,34.3875046,132.4770199,183,
99033 0,34.3884006,132.4769703,184,
99033 0,34.3891877,132.4769388,185,
99033 0,34.3897301,132.4768629,186,
99033 0,34.3904338,132.4765096,187,
99033 0,34.3907823,132.4763151,188,
99033 0,34.3911372,132.476108,189,
99033 0,34.3920874,132.4755721,190,
99033 0,34.3925179,132.4753217,191,
99033 0,34.3929474,132.4750794,192,
99033 0,34.3936413,132.4746999,193,
99033 0,34.3939758,132.4745221,194,
99033 0,34.3942648,132.4742866,195,
99033 0,34.3946092,132.4739215,196,
99033 0,34.394675,132.4738027,197,
99033 0,34.3948818,132.4733721,198,
99033 0,34.3955728,132.4739299,199,
99033 0,34.3958099,132.4741382,200,
99033 0,34.3958417,132.4740683,201,
99033 0,34.3958693,132.4740213,202,
99033 0,34.3959417,132.4738914,203,
99033 0,34.3960347,132.4737208,204,
99033 0,34.3961032,132.4735873,205,
99041 0,34.397224,132.4730407,1,
99041 0,34.3975534,132.4724721,2,
99041 0,34.3977092,132.4721825,3,
99041 0,34.3977935,132.4720444,4,
99041 0,34.3978534,132.4718721,5,
99041 0,34.3984264,132.4714162,6,
99041 0,34.3984515,132.4713497,7,
99041 0,34.3984577,132.471286,8,
99041 0,34.3983311,132.4707782,9,
99041 0,34.3982463,132.4704042,10,
99041 0,34.3982329,132.4703321,11,
99041 0,34.3982239,132.4702633,12,
99041 0,34.3981878,132.469701,13,
99041 0,34.3981693,132.4695798,14,
99041 0,34.3980661,132.469313,15,
99041 0,34.3980148,132.4692481,16,
99041 0,34.39803,132.4691449,17,
99041 0,34.3980401,132.4690152,18,
99041 0,34.3981366,132.4685891,19,
99041 0,34.3983944,132.4674558,20,
99041 0,34.3985099,132.4669698,21,
99041 0,34.3987365,132.4660226,22,
99041 0,34.3989332,132.4651729,23,
99041 0,34.3988758,132.4651538,24,
99041 0,34.398586,132.4650636,25,
99041 0,34.3982776,132.4649738,26,
99041 0,34.3982165,132.4649855,27,
99041 0,34.3976347,132.4647867,28,
99041 0,34.3971811,132.4646331,29,
99041 0,34.3961057,132.4643058,30,
99041 0,34.3955835,132.4641481,31,
99041 0,34.3950613,132.463993,32,
99041 0,34.3945331,132.4638231,33,
99041 0,34.3944001,132.4637818,34,
99041 0,34.3940303,132.4636935,35,
99041 0,34.3936087,132.4635447,36,
99041 0,34.393191,132.4634148,37,
99041 0,34.3929058,132.4633288,38,
99041 0,34.3926184,132.4632428,39,
99041 0,34.391772,132.4629803,40,
99041 0,34.3912419,132.4628176,41,
99041 0,34.3906919,132.4626576,42,
99041 0,34.3903308,132.4625489,43,
99041 0,34.3897569,132.4623525,44,
99041 0,34.3891709,132.4621722,45,
99041 0,34.388666,132.4620249,46,
99041 0,34.3881644,132.4618911,47,
99041 0,34.3874866,132.4616664,48,
99041 0,34.3868134,132.4614605,49,
99041 0,34.3861501,132.4612693,50,
99041 0,34.3858999,132.4612023,51,
99041 0,34.3856253,132.4611022,52,
99041 0,34.3854404,132.4610609,53,
99041 0,34.3851648,132.4610813,54,
99041 0,34.3844232,132.4613704,55,
99041 0,34.3843689,132.4614931,56,
99041 0,34.3843345,132.4619591,57,
99041 0,34.384219,132.4629275,58,
99041 0,34.3841235,132.4637914,59,
99041 0,34.3840102,132.4648634,60,
99041 0,34.3839003,132.4659359,61,
99041 0,34.383853,132.4663632,62,
99041 0,34.3838102,132.4665786,63,
99041 0,34.383487,132.4673992,64,
99041 0,34.3831027,132.4683884,65,
99041 0,34.3829448,132.4684917,66,
99041 0,34.3827873,132.4683569,67,
99041 0,34.3827316,132.4683482,68,
99041 0,34.3823005,132.4685214,69,
99041 0,34.3817489,132.468769,70,
99041 0,34.3812394,132.4690005,71,
99041 0,34.3803216,132.4693949,72,
99041 0,34.3801944,132.4694935,73,
99041 0,34.3800053,132.4701231,74,
99041 0,34.379872,132.4705564,75,
99041 0,34.379522,132.471623,76,
99041 0,34.3791887,132.4726563,77,
99041 0,34.3790388,132.4731229,78,
99041 0,34.3787555,132.4740728,79,
99041 0,34.3784155,132.4751461,80,
99041 0,34.3779243,132.4767003,81,
99041 0,34.3778326,132.4766784,82,
99041 0,34.3777321,132.4766787,83,
99041 0,34.3773123,132.4765934,84,
99041 0,34.376976,132.476529,85,
99041 0,34.3769051,132.476524,86,
99041 0,34.3767003,132.4766115,87,
99041 0,34.3764335,132.4767349,88,
99041 0,34.3759218,132.4769809,89,
99041 0,34.375408,132.4772115,90,
99041 0,34.3743038,132.4777229,91,
99041 0,34.3734317,132.4781302,92,
99041 0,34.3730432,132.4783153,93,
99041 0,34.3729206,132.4783532,94,
99041 0,34.3728372,132.4783292,95,
99041 0,34.3727848,132.4782811,96,
99041 0,34.3726395,132.4780228,97,
99041 0,34.3725222,132.4777709,98,
99041 0,34.3724712,132.4776063,99,
99041 0,34.372432,132.477441,100,
99041 0,34.3723883,132.477226,101,
99041 0,34.3723795,132.4769236,102,
99041 0,34.3725429,132.4755217,103,
99041 0,34.3726038,132.4754935,104,
99041 0,34.3729061,132.4755646,105,
99041 0,34.3734194,132.4756678,106,
99041 0,34.3736789,132.4757173,107,
99041 0,34.3739388,132.475771,108,
99041 0,34.3744702,132.4758819,109,
99041 0,34.3747386,132.4759394,110,
99041 0,34.3750042,132.4759936,111,
99041 0,34.3760352,132.4762095,112,
99041 0,34.3766369,132.4763281,113,
99041 0,34.3771205,132.4764868,114,
99041 0,34.3774229,132.476549,115,
99041 0,34.3778189,132.4766339,116,
99041 0,34.3779708,132.4761257,117,
99041 0,34.3781322,132.475643,118,
99041 0,34.3784743,132.4745569,119,
99041 0,34.3787721,132.4735229,120,
99041 0,34.3789721,132.4728229,121,
99041 0,34.3793408,132.4717157,122,
99041 0,34.3796175,132.4708352,123,
99041 0,34.3798464,132.4701238,124,
99041 0,34.3800648,132.4694353,125,
99041 0,34.3803944,132.469304,126,
99041 0,34.3807124,132.4691619,127,
99041 0,34.3810128,132.469032,128,
99041 0,34.3816083,132.4687711,129,
99041 0,34.3819044,132.4686353,130,
99041 0,34.3822099,132.4685001,131,
99041 0,34.3825124,132.4683701,132,
99041 0,34.3825867,132.4683399,133,
99041 0,34.3827916,132.4681931,134,
99041 0,34.3829537,132.4683129,135,
99041 0,34.3830383,132.4682731,136,
99041 0,34.3834882,132.4671565,137,
99041 0,34.3837233,132.4665184,138,
99041 0,34.3837548,132.4663899,139,
99041 0,34.3837998,132.4660376,140,
99041 0,34.383837,132.4656733,141,
99041 0,34.3839214,132.4649067,142,
99041 0,34.3840279,132.4638642,143,
99041 0,34.3841358,132.4628289,144,
99041 0,34.3841791,132.4624262,145,
99041 0,34.3842418,132.461877,146,
99041 0,34.3842676,132.4615622,147,
99041 0,34.384289,132.4612957,148,
99041 0,34.385277,132.4609013,149,
99041 0,34.3857627,132.4609787,150,
99041 0,34.3859419,132.4610571,151,
99041 0,34.3863734,132.4611985,152,
99041 0,34.3872822,132.4614603,153,
99041 0,34.3883876,132.4618067,154,
99041 0,34.3889364,132.4619701,155,
99041 0,34.3894864,132.4621416,156,
99041 0,34.3899969,132.4623079,157,
99041 0,34.3905141,132.4624555,158,
99041 0,34.3909351,132.4625807,159,
99041 0,34.3917539,132.46284,160,
99041 0,34.3922455,132.4629947,161,
99041 0,34.392736,132.4631453,162,
99041 0,34.3932204,132.463298,163,
99041 0,34.3941992,132.4635885,164,
99041 0,34.394617,132.463703,165,
99041 0,34.3951358,132.4638737,166,
99041 0,34.3959069,132.4641091,167,
99041 0,34.3964318,132.4642721,168,
99041 0,34.3969556,132.4644418,169,
99041 0,34.3974195,132.4645664,170,
99041 0,34.3978889,132.4646923,171,
99041 0,34.3976866,132.4654727,172,
99041 0,34.3976033,132.465806,173,
99041 0,34.3973623,132.4667766,174,
99041 0,34.3972034,132.4674059,175,
99041 0,34.3969443,132.4684864,176,
99041 0,34.3966834,132.4694831,177,
99041 0,34.3965185,132.4700896,178,
99041 0,34.3963869,132.4705056,179,
99041 0,34.396198,132.4711416,180,
99041 0,34.3959871,132.4717613,181,
99041 0,34.395598,132.4724963,182,
99041 0,34.3950503,132.4734909,183,
99041 0,34.3951042,132.4736548,184,
99041 0,34.3953976,132.473873,185,
99041 0,34.3955918,132.4740359,186,
99041 0,34.3957931,132.4741733,187,
99041 0,34.3959417,132.4738914,188,
99041 0,34.3960877,132.4736165,189,
99044 0,34.4097629,132.4501114,1,
99044 0,34.4097873,132.4502987,2,
99044 0,34.4097407,132.4504192,3,
99044 0,34.4096329,132.4504276,4,
99044 0,34.4095412,132.4503546,5,
99044 0,34.4094473,132.4502815,6,
99044 0,34.4093039,132.4502865,7,
99044 0,34.4092579,132.4504223,8,
99044 0,34.4092761,132.4505608,9,
99044 0,34.4093005,132.4508192,10,
99044 0,34.4093318,132.4512,11,
99044 0,34.409395,132.45194,12,
99044 0,34.4094327,132.4523609,13,
99044 0,34.4094494,132.4526358,14,
99044 0,34.4094284,132.4527926,15,
99044 0,34.4094374,132.4533818,16,
99044 0,34.4094262,132.4536435,17,
99044 0,34.4093694,132.4540526,18,
99044 0,34.4092551,132.454467,19,
99044 0,34.4091585,132.4548288,20,
99044 0,34.4090911,132.455067,21,
99044 0,34.4089839,132.4553052,22,
99044 0,34.4088612,132.4555689,23,
99044 0,34.4087208,132.4558044,24,
99044 0,34.4085192,132.4561072,25,
99044 0,34.4083175,132.4564207,26,
99044 0,34.4080376,132.4567866,27,
99044 0,34.4074554,132.4575963,28,
99044 0,34.4072099,132.4579391,29,
99044 0,34.4069554,132.4582886,30,
99044 0,34.4067006,132.4586326,31,
99044 0,34.4065757,132.4588592,32,
99044 0,34.4065124,132.4590071,33,
99044 0,34.4064557,132.4590584,34,
99044 0,34.4063728,132.4591382,35,
99044 0,34.40632,132.4591613,36,
99044 0,34.4062623,132.4591838,37,
99044 0,34.4061395,132.4590938,38,
99044 0,34.4059972,132.4590158,39,
99044 0,34.4055312,132.4588005,40,
99044 0,34.4052559,132.4586957,41,
99044 0,34.4049618,132.4586082,42,
99044 0,34.4045885,132.4585133,43,
99044 0,34.4045519,132.4584202,44,
99044 0,34.4045225,132.4582574,45,
99044 0,34.4047375,132.4573902,46,
99044 0,34.4047318,132.4573165,47,
99044 0,34.4047129,132.4572716,48,
99044 0,34.4046911,132.4572242,49,
99044 0,34.4045716,132.4571755,50,
99044 0,34.4044167,132.45712,51,
99044 0,34.4043366,132.4570866,52,
99044 0,34.4041685,132.4570292,53,
99044 0,34.4040455,132.4569833,54,
99044 0,34.4039341,132.4569386,55,
99044 0,34.4037778,132.456881,56,
99044 0,34.4037054,132.4568509,57,
99044 0,34.4036352,132.4568114,58,
99044 0,34.403575,132.4567187,59,
99044 0,34.4035281,132.4566167,60,
99044 0,34.4034259,132.4563766,61,
99044 0,34.4033348,132.4561975,62,
99044 0,34.4032397,132.4561449,63,
99044 0,34.403128,132.456099,64,
99044 0,34.4026542,132.455934,65,
99044 0,34.4025056,132.4558788,66,
99044 0,34.4023702,132.4558257,67,
99044 0,34.4022421,132.4557779,68,
99044 0,34.4021482,132.4557047,69,
99044 0,34.4021236,132.4556791,70,
99044 0,34.4020326,132.4558762,71,
99044 0,34.4016404,132.4573816,72,
99044 0,34.401155,132.4571985,73,
99044 0,34.4007384,132.4570486,74,
99044 0,34.4005051,132.4569652,75,
99044 0,34.4000706,132.4568388,76,
99044 0,34.3999222,132.4568215,77,
99044 0,34.3998626,132.4570522,78,
99044 0,34.3995782,132.4582109,79,
99044 0,34.3994438,132.4587182,80,
99044 0,34.3993645,132.4590094,81,
99044 0,34.3992519,132.4591423,82,
99044 0,34.399069,132.4591297,83,
99044 0,34.3988685,132.4591131,84,
99044 0,34.3984118,132.4589416,85,
99044 0,34.3980309,132.4587968,86,
99044 0,34.3976741,132.4586742,87,
99044 0,34.3972875,132.4585195,88,
99044 0,34.3968675,132.458363,89,
99044 0,34.3965563,132.4582423,90,
99044 0,34.3962009,132.458119,91,
99044 0,34.3959221,132.4580056,92,
99044 0,34.3956711,132.4579056,93,
99044 0,34.3954699,132.4578375,94,
99044 0,34.395339,132.4579154,95,
99044 0,34.3952723,132.4580987,96,
99044 0,34.395139,132.4586154,97,
99044 0,34.3949557,132.4593153,98,
99044 0,34.3946724,132.4603486,99,
99044 0,34.3945224,132.4608652,100,
99044 0,34.3944391,132.4612152,101,
99044 0,34.3943656,132.4616442,102,
99044 0,34.3942578,132.4620738,103,
99044 0,34.3941702,132.4624354,104,
99044 0,34.3940236,132.4629687,105,
99044 0,34.3938725,132.4635317,106,
99044 0,34.3936667,132.4635447,107,
99044 0,34.3934437,132.4634805,108,
99044 0,34.393191,132.4634148,109,
99044 0,34.3927791,132.4632781,110,
99044 0,34.3924494,132.4631714,111,
99044 0,34.3920237,132.4630435,112,
99044 0,34.3917207,132.462954,113,
99044 0,34.3913413,132.4628188,114,
99044 0,34.3910416,132.4627511,115,
99044 0,34.3906545,132.4626298,116,
99044 0,34.390327,132.4625324,117,
99044 0,34.3901325,132.4624583,118,
99044 0,34.3898613,132.4623844,119,
99044 0,34.3895407,132.462287,120,
99044 0,34.3891071,132.4621593,121,
99044 0,34.3889086,132.4620835,122,
99044 0,34.388646,132.4620173,123,
99044 0,34.3883272,132.4619246,124,
99044 0,34.3878551,132.4617913,125,
99044 0,34.3876329,132.4617179,126,
99044 0,34.3873397,132.461617,127,
99044 0,34.3870885,132.4615433,128,
99044 0,34.3867543,132.4614372,129,
99044 0,34.386454,132.4613481,130,
99044 0,34.3861851,132.4612635,131,
99044 0,34.3858999,132.4612023,132,
99044 0,34.3856778,132.4610999,133,
99044 0,34.3854258,132.4610528,134,
99044 0,34.3851455,132.4610731,135,
99044 0,34.3847179,132.4612499,136,
99044 0,34.3844201,132.4613842,137,
99044 0,34.3843817,132.4614509,138,
99044 0,34.3843699,132.4615122,139,
99044 0,34.384362,132.4616613,140,
99044 0,34.3843365,132.4619761,141,
99044 0,34.38429,132.4623389,142,
99044 0,34.3842323,132.4628216,143,
99044 0,34.3841879,132.4632666,144,
99044 0,34.384149,132.463666,145,
99044 0,34.3841212,132.463895,146,
99044 0,34.3840935,132.4641334,147,
99044 0,34.3840752,132.4643564,148,
99044 0,34.3840413,132.464586,149,
99044 0,34.3840058,132.464909,150,
99044 0,34.3839602,132.4654441,151,
99044 0,34.3839146,132.4659615,152,
99044 0,34.383849,132.4664292,153,
99044 0,34.3837391,132.4667413,154,
99044 0,34.3835115,132.4673253,155,
99044 0,34.3832448,132.4680395,156,
99044 0,34.3831221,132.4683426,157,
99044 0,34.3830149,132.4683829,158,
99044 0,34.382932,132.4683993,159,
99044 0,34.3828529,132.4683807,160,
99044 0,34.3827638,132.4683272,161,
99044 0,34.3825738,132.4683818,162,
99044 0,34.3823471,132.4684919,163,
99044 0,34.382156,132.4685753,164,
99044 0,34.3820133,132.4686444,165,
99044 0,34.3819072,132.4686839,166,
99044 0,34.3817823,132.4687312,167,
99044 0,34.3816551,132.4688,168,
99044 0,34.3813068,132.4689497,169,
99044 0,34.3810095,132.4690861,170,
99044 0,34.3807926,132.4691851,171,
99044 0,34.3805574,132.4692807,172,
99044 0,34.3802574,132.4694151,173,
99044 0,34.3801574,132.4695651,174,
99044 0,34.3799674,132.4702318,175,
99044 0,34.379824,132.4706984,176,
99044 0,34.3795909,132.471415,177,
99044 0,34.3794409,132.4718983,178,
99044 0,34.3792009,132.4726983,179,
99044 0,34.3790576,132.4730482,180,
99044 0,34.3788743,132.4736815,181,
99044 0,34.3788149,132.473876,182,
99044 0,34.3787821,132.4739767,183,
99044 0,34.3786366,132.4744812,184,
99044 0,34.3784533,132.4750596,185,
99044 0,34.3782977,132.4755618,186,
99044 0,34.3781454,132.4760587,187,
99044 0,34.3780366,132.4763976,188,
99044 0,34.3779755,132.4765791,189,
99044 0,34.3779078,132.476648,190,
99044 0,34.3777781,132.4766769,191,
99044 0,34.3775245,132.4766147,192,
99044 0,34.3771823,132.4765445,193,
99044 0,34.3768789,132.4765226,194,
99044 0,34.3767568,132.4765615,195,
99044 0,34.3766191,132.4766249,196,
99044 0,34.3765246,132.4766647,197,
99044 0,34.3761413,132.4768515,198,
99044 0,34.3758164,132.4770129,199,
99044 0,34.3754825,132.4771569,200,
99044 0,34.3752384,132.4772692,201,
99044 0,34.3749987,132.4773748,202,
99044 0,34.3747479,132.4775,203,
99044 0,34.3745882,132.4775699,204,
99044 0,34.3745288,132.4775995,205,
99044 0,34.3744794,132.4776277,206,
99044 0,34.37424,132.477744,207,
99044 0,34.3739972,132.4778536,208,
99044 0,34.3730573,132.4782883,209,
99044 0,34.3728949,132.4783147,210,
99044 0,34.3728518,132.4783066,211,
99044 0,34.3728065,132.4782691,212,
99044 0,34.3727379,132.4781731,213,
99044 0,34.3726152,132.4779418,214,
99044 0,34.3724908,132.477646,215,
99044 0,34.372445,132.4774522,216,
99044 0,34.3723905,132.477218,217,
99044 0,34.3723974,132.4770286,218,
99044 0,34.3724084,132.4767149,219,
99044 0,34.3724479,132.4763415,220,
99044 0,34.372474,132.4760789,221,
99044 0,34.3725206,132.4757256,222,
99044 0,34.3725472,132.4755923,223,
99044 0,34.372657,132.475507,224,
99044 0,34.3728223,132.4755441,225,
99044 0,34.3730506,132.4755894,226,
99044 0,34.3735205,132.4756811,227,
99044 0,34.3740136,132.475789,228,
99044 0,34.3745109,132.4758953,229,
99044 0,34.3750369,132.4759963,230,
99044 0,34.3760613,132.4762169,231,
99044 0,34.3763315,132.4762659,232,
99044 0,34.3765912,132.4763241,233,
99044 0,34.3768401,132.4763767,234,
99044 0,34.3769469,132.4764003,235,
99044 0,34.3770669,132.4764641,236,
99044 0,34.377319,132.4765157,237,
99044 0,34.3775745,132.4765647,238,
99044 0,34.3776989,132.4765969,239,
99044 0,34.3777665,132.4766114,240,
99044 0,34.3778122,132.4765808,241,
99044 0,34.3779601,132.476108,242,
99044 0,34.3781778,132.4753946,243,
99044 0,34.3783056,132.4749695,244,
99044 0,34.3784367,132.4745793,245,
99044 0,34.3786269,132.4739369,246,
99044 0,34.3786671,132.4738508,247,
99044 0,34.3787272,132.4737956,248,
99044 0,34.3788132,132.4737668,249,
99044 0,34.3789944,132.4739876,250,
99044 0,34.3791788,132.4741989,251,
99044 0,34.3797576,132.4749314,252,
99044 0,34.3797575,132.4750419,253,
99044 0,34.379722,132.4751605,254,
99044 0,34.3796642,132.4752462,255,
99044 0,34.3796258,132.475359,256,
99044 0,34.3796093,132.4754415,257,
99044 0,34.3796344,132.4755331,258,
99044 0,34.3796809,132.4757045,259,
99044 0,34.379752,132.4759357,260,
99044 0,34.3798109,132.4761402,261,
99044 0,34.3798743,132.4763313,262,
99044 0,34.3800409,132.4768812,263,
99044 0,34.3801053,132.4770825,264,
99044 0,34.3801329,132.4771896,265,
99044 0,34.380156,132.4772859,266,
99044 0,34.3801902,132.4773672,267,
99044 0,34.3802076,132.4776478,268,
99044 0,34.3802188,132.4778026,269,
99044 0,34.3802588,132.4779574,270,
99044 0,34.3803409,132.4782644,271,
99044 0,34.3803742,132.4783977,272,
99044 0,34.3803409,132.4784811,273,
99044 0,34.3803007,132.478527,274,
99044 0,34.380225,132.4785353,275,
99044 0,34.3802027,132.4783504,276,
99044 0,34.3801473,132.4780824,277,
99044 0,34.3800417,132.4777026,278,
99044 0,34.3800291,132.4775761,279,
99044 0,34.3800442,132.4774913,280,
99044 0,34.3800932,132.4773578,281,
99044 0,34.3801098,132.4772666,282,
99044 0,34.3800743,132.4771312,283,
99044 0,34.380062,132.4770515,284,
99044 0,34.3800364,132.4769422,285,
99044 0,34.3799742,132.4767452,286,
99044 0,34.3798764,132.4764038,287,
99044 0,34.3797509,132.4760353,288,
99044 0,34.3796143,132.4755846,289,
99044 0,34.3795703,132.4754603,290,
99044 0,34.3795651,132.4753736,291,
99044 0,34.3795966,132.4752698,292,
99044 0,34.3796576,132.4751314,293,
99044 0,34.3796437,132.4750663,294,
99044 0,34.3796076,132.4750147,295,
99044 0,34.3792576,132.4745981,296,
99044 0,34.3789308,132.4741735,297,
99044 0,34.378854,132.4740986,298,
99044 0,34.3788071,132.4740332,299,
99044 0,34.3787321,132.4738687,300,
99044 0,34.3787272,132.4736476,301,
99044 0,34.378791,132.4733649,302,
99044 0,34.3790243,132.4726983,303,
99044 0,34.3792243,132.4719816,304,
99044 0,34.3794399,132.4713096,305,
99044 0,34.3796242,132.4707651,306,
99044 0,34.3798696,132.4699979,307,
99044 0,34.3800675,132.4693776,308,
99044 0,34.3801375,132.4693185,309,
99044 0,34.3802563,132.4692782,310,
99044 0,34.3803964,132.4692431,311,
99044 0,34.380602,132.4692021,312,
99044 0,34.3808296,132.4691209,313,
99044 0,34.3813627,132.468872,314,
99044 0,34.3815428,132.4688015,315,
99044 0,34.3819972,132.4685852,316,
99044 0,34.3821661,132.4685136,317,
99044 0,34.3823327,132.4684406,318,
99044 0,34.3825371,132.4683586,319,
99044 0,34.382627,132.4683103,320,
99044 0,34.3827648,132.4682559,321,
99044 0,34.3828424,132.4682642,322,
99044 0,34.3829431,132.4683072,323,
99044 0,34.3830023,132.4682939,324,
99044 0,34.3830571,132.4682484,325,
99044 0,34.3831616,132.467999,326,
99044 0,34.3834571,132.4672152,327,
99044 0,34.383657,132.4667152,328,
99044 0,34.3837636,132.4663886,329,
99044 0,34.383867,132.4654281,330,
99044 0,34.3839403,132.464682,331,
99044 0,34.3839891,132.4642597,332,
99044 0,34.3840085,132.4640555,333,
99044 0,34.3840213,132.4638875,334,
99044 0,34.3840947,132.463236,335,
99044 0,34.3841569,132.4626989,336,
99044 0,34.3841935,132.4622996,337,
99044 0,34.3842201,132.4620722,338,
99044 0,34.3842412,132.4618543,339,
99044 0,34.3842956,132.4614411,340,
99044 0,34.3844457,132.4612483,341,
99044 0,34.3846191,132.4611571,342,
99044 0,34.3849134,132.4610384,343,
99044 0,34.3853434,132.4609348,344,
99044 0,34.3856621,132.4609688,345,
99044 0,34.3859211,132.4610471,346,
99044 0,34.3862966,132.4611597,347,
99044 0,34.3864744,132.4612228,348,
99044 0,34.3866975,132.4612845,349,
99044 0,34.3874732,132.4615321,350,
99044 0,34.3882065,132.4617321,351,
99044 0,34.3889064,132.4619487,352,
99044 0,34.3895284,132.4621521,353,
99044 0,34.3900229,132.4622986,354,
99044 0,34.3905639,132.4624574,355,
99044 0,34.3912671,132.462691,356,
99044 0,34.3915915,132.4627828,357,
99044 0,34.3920061,132.4629159,358,
99044 0,34.3925477,132.4630742,359,
99044 0,34.3931092,132.4632486,360,
99044 0,34.3934274,132.4633517,361,
99044 0,34.3935799,132.4633992,362,
99044 0,34.3936268,132.4634109,363,
99044 0,34.3936726,132.4633984,364,
99044 0,34.393722,132.4633599,365,
99044 0,34.3937567,132.4632324,366,
99044 0,34.3938559,132.462836,367,
99044 0,34.3940458,132.4621293,368,
99044 0,34.3941013,132.4618856,369,
99044 0,34.3941623,132.4616592,370,
99044 0,34.3942396,132.4613759,371,
99044 0,34.3943046,132.4610873,372,
99044 0,34.3944234,132.4606359,373,
99044 0,34.3945557,132.4600986,374,
99044 0,34.3946891,132.459632,375,
99044 0,34.3947836,132.459253,376,
99044 0,34.3948924,132.4587881,377,
99044 0,34.3950436,132.4582421,378,
99044 0,34.3951281,132.4579597,379,
99044 0,34.39528,132.4577068,380,
99044 0,34.3954342,132.4576232,381,
99044 0,34.3955744,132.457656,382,
99044 0,34.3961222,132.4578654,383,
99044 0,34.3965876,132.458019,384,
99044 0,34.3970398,132.4581753,385,
99044 0,34.3975163,132.4583564,386,
99044 0,34.3979387,132.4585152,387,
99044 0,34.3986386,132.4587819,388,
99044 0,34.3991886,132.4589818,389,
99044 0,34.3993941,132.4582252,390,
99044 0,34.3996218,132.4572819,391,
99044 0,34.3996997,132.4569286,392,
99044 0,34.3998307,132.4567255,393,
99044 0,34.3999684,132.4566906,394,
99044 0,34.4000884,132.4566986,395,
99044 0,34.400855,132.4569819,396,
99044 0,34.4012305,132.45712,397,
99044 0,34.4016149,132.4572667,398,
99044 0,34.4017726,132.4566873,399,
99044 0,34.401958,132.4559982,400,
99044 0,34.4020549,132.455582,401,
99044 0,34.4022292,132.4557063,402,
99044 0,34.4025214,132.455811,403,
99044 0,34.4026764,132.4558714,404,
99044 0,34.4028413,132.4559304,405,
99044 0,34.4031467,132.4560434,406,
99044 0,34.4032654,132.4560862,407,
99044 0,34.4033575,132.4561356,408,
99044 0,34.4034597,132.4563274,409,
99044 0,34.4035931,132.4566539,410,
99044 0,34.4036492,132.4567578,411,
99044 0,34.4037374,132.4568174,412,
99044 0,34.4039049,132.4568727,413,
99044 0,34.4040408,132.4569192,414,
99044 0,34.4043086,132.457028,415,
99044 0,34.4044252,132.4570681,416,
99044 0,34.4045368,132.4571117,417,
99044 0,34.4046595,132.4571498,418,
99044 0,34.4047546,132.4571317,419,
99044 0,34.404829,132.4570585,420,
99044 0,34.4048873,132.4569672,421,
99044 0,34.4050331,132.4571154,422,
99044 0,34.4051712,132.457265,423,
99044 0,34.4054348,132.4575506,424,
99044 0,34.4057006,132.4578443,425,
99044 0,34.4060385,132.4582024,426,
99044 0,34.4061878,132.4583482,427,
99044 0,34.4063584,132.4585436,428,
99044 0,34.4064845,132.4586765,429,
99044 0,34.4066761,132.4584185,430,
99044 0,34.4068644,132.4581216,431,
99044 0,34.407321,132.457445,432,
99044 0,34.4078043,132.4567816,433,
99044 0,34.4081398,132.4563224,434,
99044 0,34.4082765,132.4561302,435,
99044 0,34.4084708,132.4558816,436,
99044 0,34.4087097,132.4555154,437,
99044 0,34.4088358,132.455291,438,
99044 0,34.4089596,132.4550585,439,
99044 0,34.4091197,132.454667,440,
99044 0,34.4092796,132.4540365,441,
99044 0,34.4093195,132.4537479,442,
99044 0,34.4093573,132.4534136,443,
99044 0,34.4093584,132.4530811,444,
99044 0,34.4093506,132.4527566,445,
99044 0,34.4092741,132.451997,446,
99044 0,34.4092341,132.4514896,447,
99044 0,34.4092051,132.4511335,448,
99044 0,34.409156,132.4504826,449,
99044 0,34.4091805,132.450337,450,
99044 0,34.4092239,132.4501767,451,
99044 0,34.4093072,132.4501398,452,
99044 0,34.409417,132.45006,453,
99044 0,34.4094,132.4499798,454,
99044 0,34.4094117,132.4498218,455,
99044 0,34.4095116,132.4497713,456,
99044 0,34.4096293,132.4497638,457,
99048 0,34.463147986674410661242,132.5620283069957402706942,1,
99048 0,34.463081328709018308209,132.5621449665346539763504,2,
99048 0,34.462564711891146062463,132.5618450157848160246330,3,
99048 0,34.461831452209192385433,132.5615617396148687384374,4,
99048 0,34.461248164857667422176,132.5606285104741877065598,5,
99048 0,34.461048180034881838763,132.5602618835488718961392,6,
99048 0,34.460631545123851455537,132.5595286304655578311220,7,
99048 0,34.460014925098862190785,132.5584120847940095443090,8,
99048 0,34.459498298093645492959,132.5575288485159744633016,9,
99048 0,34.459214984457259844386,132.5569289114288767469516,10,
99048 0,34.459231634005320139628,132.556028985463253950211,11,
99048 0,34.459281608711298870121,132.5549124090997349328238,12,
99048 0,34.458948298829998561407,132.5541958173138685795870,13,
99048 0,34.458265015309362478470,132.5528792915101259790542,14,
99048 0,34.457831717117745880732,132.5522293653958726378902,15,
99048 0,34.457115109364777667262,132.5512128161918181986904,16,
99048 0,34.456848463057615292993,132.5507462007360036851258,17,
99048 0,34.456381827852828618192,132.5496796440905989060998,18,
99048 0,34.456098517127109153115,132.5492463598020034872728,19,
99048 0,34.455581892424232333554,132.5484797805905988753342,20,
99048 0,34.455265247304942040462,132.5477798532714055894942,21,
99048 0,34.454898604511502214363,132.5468966103206394520044,22,
99048 0,34.454665284157059341982,132.546213343669958307458,23,
99048 0,34.454531958674894745363,132.5458467136764514405116,24,
99048 0,34.454148648036296983014,132.5447968188584717036928,25,
99048 0,34.453948659231071887679,132.5442135435977869125230,26,
99048 0,34.453465363341891884429,132.5433969663229926018952,27,
99048 0,34.452782083998278623275,132.5423470853164492397002,28,
99048 0,34.452148800983876442124,132.5413305322768800881156,29,
99048 0,34.451715500225040211344,132.540563948633046922258,30,
99048 0,34.451148880415320749867,132.5397307105907098171064,31,
99048 0,34.450482269489304603857,132.5388641468833046980592,32,
99048 0,34.449915649202235863224,132.5380642396388970534344,33,
99048 0,34.449532349188322040224,132.5375809641542066701196,34,
99048 0,34.448765746459283656735,132.5365810823870427931614,35,
99048 0,34.448265786757093221310,132.5358145023423382970992,36,
99048 0,34.447915815632782982541,132.5352978950551368787378,37,
99048 0,34.447182550525244474146,132.5347646397509796594958,38,
99048 0,34.446099320010040000739,132.5339814211628153070598,39,
99048 0,34.445699359096565120850,132.5337481255787012867308,40,
99048 0,34.445199410507300779335,132.5336481569970080331260,41,
99048 0,34.444432827227341855488,132.5337315187595565060364,42,
99048 0,34.443682908974362841649,132.5338315448877742336166,43,
99048 0,34.443366273725144898598,132.5336815719339155136334,44,
99048 0,34.443316274330787120830,132.5334149297036202757668,45,
99048 0,34.442383034826572836601,132.5330816670724237363600,46,
99048 0,34.441349800556285311119,132.5324151033140171421778,47,
99048 0,34.440549875870962284650,132.531815190079197359033,48,
99048 0,34.439816611558138772395,132.5312819347750035487886,49,
99048 0,34.439299987437394738962,132.530548686097501538864,50,
99048 0,34.438900019299638006863,132.5299320887165865455574,51,
99048 0,34.437866786352205838568,132.5293488518208987097412,52,
99048 0,34.437366834019167386253,132.5290155689759156748708,53,
99048 0,34.436866878193223024337,132.5284823024005607961812,54,
99048 0,34.436350245419072628749,132.5272990915874042663702,55,
99048 0,34.435566978192897627519,132.5262825454525469052920,56,
99048 0,34.435083685502760100064,132.5256159559762547396782,57,
99048 0,34.434200428802103244323,132.5245994144462050989980,58,
99048 0,34.434050438477938579932,132.5242494508829281084234,59,
99048 0,34.434000437046109134972,132.5238661513880066485358,60,
99048 0,34.433783781957243980136,132.5231828850299199179816,61,
99048 0,34.432983851794040900249,132.5222996617969906084302,62,
99048 0,34.432600557706242986141,132.5222163532431367166162,63,
99048 0,34.432183938221638187106,132.5223663596942095549758,64,
99048 0,34.431767323685278178736,132.5227996766063778571616,65,
99048 0,34.431467358649750358870,132.5229330125513630643656,66,
99048 0,34.431117392578245299328,132.5227663757321992135538,67,
99048 0,34.430700763197378630405,132.5223497628489492427694,68,
99048 0,34.430484109854907188529,132.5217664878265924076952,69,
99048 0,34.430000824150381501666,132.5214998658110439389274,70,
99048 0,34.429550861909865311749,132.5209499323288185148566,71,
99048 0,34.428950915643852272101,132.5203500092904570047864,72,
99048 0,34.428184315720703515808,132.5194501193879303116964,73,
99048 0,34.427834346686145129780,132.5190834993683262087392,74,
99048 0,34.427334393387529127628,132.5186835559864847262572,75,
99048 0,34.426851102257409353480,132.518166954306770337233,76,
99048 0,34.425834526028406132165,132.5171170883822121585314,77,
99048 0,34.425151255262410966391,132.5165005043103566223964,78,
99048 0,34.424901271336431664867,132.5158839002887079152314,79,
99048 0,34.424451316029024011583,132.5157006029393651358060,80,
99048 0,34.424201340252912866987,132.5155506269163093423050,81,
99048 0,34.423834703862937635160,132.5150340200644530592512,82,
99048 0,34.423634713536079020610,132.5143674179740559216508,83,
99048 0,34.423468053792823627053,132.5137341446179726579324,84,
99048 0,34.422884769934104584092,132.5130008992076634744778,85,
99048 0,34.422501472909445744905,132.5127342725873438717106,86,
99048 0,34.422084850223099095926,132.5127009604420072073732,87,
99048 0,34.421784883202498313026,132.5127509701862491727126,88,
99048 0,34.421151608946394076139,132.5122510410771281500424,89,
99048 0,34.420668320608355847019,132.5118677615320029089004,90,
99048 0,34.419885061650626742905,132.5113511736646844131120,91,
99048 0,34.419551759971588649853,132.5111345406753160431336,92,
99048 0,34.419201790593572117275,132.5107179247228446078990,93,
99048 0,34.418468528000959172493,132.5102679961503621391524,94,
99048 0,34.417551948918952055501,132.5097180841525406206386,95,
99048 0,34.417101992103911451724,132.509418129274569147008,96,
99048 0,34.416402063057964292877,132.5092015131657968745418,97,
99048 0,34.415818790207387854318,132.5090682178876667879608,98,
99048 0,34.415085526741573425096,132.5085682933823413778692,99,
99048 0,34.414535584235911684072,132.5084849914425559146186,100,
99048 0,34.414102298612555433348,132.508585003257059442314,101,
99048 0,34.413402382373438678756,132.5091016594151011533566,102,
99048 0,34.412769125264070547910,132.5095683165700785370432,103,
99048 0,34.412252520379927193820,132.5099516421532117059288,104,
99048 0,34.411602589563958402228,132.509935006413995325004,105,
99048 0,34.410336064336879574988,132.5102683705927709216682,106,
99048 0,34.410069426444552370473,132.5102683828695592111356,107,
99048 0,34.409769456856731954531,132.5102017350842213517814,108,
99048 0,34.409052862492740797860,132.5099517894748175619624,109,
99048 0,34.408636235149331912249,132.5096518330612598323840,110,
99048 0,34.408402922310244235814,132.5093685338722979107082,111,
99048 0,34.408086278963556822529,132.5087852639827293402604,112,
99048 0,34.407452995102154814265,132.5077353806742477757330,113,
99048 0,34.406936369235011287288,132.5069021403300433575614,114,
99048 0,34.405719813448709878568,132.5058022874152676553256,115,
99048 0,34.404686573224601799329,132.5048024179248737769374,116,
99048 0,34.403686664807660613157,132.5039192038995280640466,117,
99048 0,34.403086719699027564129,132.5034026081208599635604,118,
99048 0,34.402570099388340142167,132.5029026731106941762100,119,
99048 0,34.401536860804450849315,132.5020194611499228043452,120,
99048 0,34.400503625317501387595,132.5012529053938168982166,121,
99048 0,34.399437053186941663384,132.5001363807033574195094,122,
99048 0,34.398953761183725039525,132.4995697833567779950984,123,
99048 0,34.39823716211026602632,132.49901986201930304491,124,
99048 0,34.397537228407146250456,132.4985366010473591223916,125,
99048 0,34.397187275142577347594,132.4991032368249818462948,126,
99048 0,34.397087298079180579639,132.4997531873607983417410,127,
99048 0,34.397220626048459172493,132.5002698048878621391524,128,
99048 0,34.397503939684849466490,132.5008697422409377660644,129,
99048 0,34.397870581896155930149,132.5017196546248040419592,130,
99048 0,34.398287222628618704600,132.5027862133071225313326,131,
99048 0,34.398687194893694335441,132.5036694549562829808126,132,
99048 0,34.399070503825898885869,132.5046026933035553162866,133,
99048 0,34.399453811698607522061,132.5055359311219203633724,134,
99048 0,34.399637133531980206539,132.5060025506802152259784,135,
99048 0,34.399903783835494809627,132.5066524844674246622364,136,
99048 0,34.400220428980988506446,132.5073690775505401721786,137,
99048 0,34.400770367411697657166,132.5072190644311172041772,138,
99048 0,34.401353635314138550285,132.5070690497781078095382,139,
99048 0,34.402220206560851034269,132.5068690261481008371904,140,
99048 0,34.403103441431507890010,132.5066356714819004778706,141,
99048 0,34.403436725007926475802,132.5058357228032873777428,142,
99048 0,34.403869994823997879590,132.5048524514544144825448,143,
99048 0,34.404303273355467373844,132.5043691383730598736506,144,
99048 0,34.404969880325136420034,132.5050357188790705577446,145,
99048 0,34.405819804378521375687,132.5058856090122274846816,146,
99048 0,34.406853043596942141361,132.5068354825697845217598,147,
99048 0,34.407536322777681743504,132.5079186949041988527406,148,
99048 0,34.408052948327550286882,132.508718603920554409574,149,
99048 0,34.408386257335758356381,132.5093852003035338040720,150,
99048 0,34.408802886425551699032,132.5097851475228654419204,151,
99048 0,34.409186182841899217100,132.5100017792692419653394,152,
99048 0,34.409386163007604069505,132.5101017608674246530560,153,
99048 0,34.409902776914835541875,132.5102350602736394796854,154,
99048 0,34.410252740127956908718,132.5102683744292611646814,155,
99048 0,34.410802678849839392479,132.5101350269747564419692,156,
99048 0,34.411602589563958402228,132.509935006413995325004,157,
99048 0,34.412219190908195468885,132.5099516436877980495234,158,
99048 0,34.412935771062311444594,132.5094183210995691439388,159,
99048 0,34.413818998947374954119,132.5087850000315371452360,160,
99048 0,34.414568913707543419702,132.5084849899079695756278,161,
99048 0,34.415202181586384125868,132.5086349485481140957262,162,
99048 0,34.415735465416337029880,132.509034891455232422565,163,
99048 0,34.416368733586232567942,132.5092015147003832181364,164,
99048 0,34.417051996784592352221,132.5093848013075484380176,165,
99048 0,34.417585279450170456216,132.5097180826179054951792,166,
99048 0,34.418018571290706686184,132.5100347028682008047106,167,
99048 0,34.419001809024903948164,132.5105679461329313123068,168,
99048 0,34.419268450992265220448,132.5108012478554394750676,169,
99048 0,34.419635085344786126835,132.5112011984355870744014,170,
99048 0,34.420368348897596367532,132.5116511270080253328566,171,
99048 0,34.421401585437123835988,132.5124343476340804455224,172,
99048 0,34.421818212939101706906,132.5127509686516506336518,173,
99048 0,34.422418148144578083418,132.512717610759927977254,174,
99048 0,34.422884769643031257820,132.5129842335437451415418,175,
99048 0,34.423301400188172719991,132.5134675080227564696502,176,
99048 0,34.423518051175902139036,132.5139007947176162149702,177,
99048 0,34.423734708858188584241,132.5147173842692132986202,178,
99048 0,34.423918030374199009607,132.5151506732275988491878,179,
99048 0,34.424268001181353918546,132.5156339503128578951892,180,
99048 0,34.424784615670701987916,132.5158005793260523046936,181,
99048 0,34.425067925523222273801,132.5161838678137938204996,182,
99048 0,34.425167919998226834206,132.516500503543063452901,183,
99048 0,34.425384567758040513740,132.5167338075674511287518,184,
99048 0,34.425851191294065327175,132.5171170876148945934998,185,
99048 0,34.426651119763154897115,132.5179336495160650179114,186,
99048 0,34.427317727248668448178,132.5186335608209593499438,187,
99048 0,34.428200980456519383623,132.5194501186206371422010,188,
99048 0,34.428950915643852272101,132.5203500092904570047864,189,
99048 0,34.429484201511162970120,132.520866608667267577435,190,
99048 0,34.429850836736876105027,132.5213165546503021309038,191,
99048 0,34.430084149523569722728,132.5215665230413589829852,192,
99048 0,34.430484110437044602617,132.5217998186254730033142,193,
99048 0,34.430684098991306100480,132.5223497636162180213324,194,
99048 0,34.431167388188737714408,132.5228163693631382508764,195,
99048 0,34.431484023915309564575,132.5229330117840455039378,196,
99048 0,34.431617341988321677045,132.5228830097128084155572,197,
99048 0,34.432050621895129015357,132.5225163536301326044856,198,
99048 0,34.432317256772108806493,132.5222830273539990717176,199,
99048 0,34.432817202211930012917,132.5222330084031658073856,200,
99048 0,34.433100508280584918650,132.5223996482905512056906,201,
99048 0,34.433733786346851554361,132.5231328913989808760552,202,
99048 0,34.434000437046109134972,132.5238661513880066485358,203,
99048 0,34.434200429093176570595,132.5246160801101234319340,204,
99048 0,34.434750380913062739260,132.5252326705843511871488,205,
99048 0,34.435350330089725808204,132.525999245496291809517,206,
99048 0,34.435883617517154266299,132.5266658326706800711084,207,
99048 0,34.436316914492111250511,132.5272157669202230556070,208,
99048 0,34.436616893889293574376,132.5278490335099317375974,209,
99048 0,34.436850213033966484806,132.5284656385628537856348,210,
99048 0,34.437566815547725809100,132.5291822121708504937216,211,
99048 0,34.438166756283565878525,132.5294654944791919223490,212,
99048 0,34.438550052726096559544,132.5296987908305869167072,213,
99048 0,34.439449974003881796648,132.5306986659294189595248,214,
99048 0,34.439816611267072379331,132.5312652695080522477816,215,
99048 0,34.440666530689687506528,132.531865180507962563023,216,
99048 0,34.441349799974152524991,132.5323817727801145401638,217,
99048 0,34.441983074495233048088,132.532881702154201356369,218,
99048 0,34.442932979899531060172,132.5332816252168990516754,219,
99048 0,34.443316274330787120830,132.5334149297036202757668,220,
99048 0,34.443416270208738791349,132.5337815614966975799478,221,
99048 0,34.443932880384475854893,132.5337315417785711415166,222,
99048 0,34.444982765658155623473,132.5335815059051115270362,223,
99048 0,34.445782682141222232328,132.5336814606754057566466,224,
99048 0,34.446832580856259232561,132.5343313583995678803264,225,
99048 0,34.447865817693754829917,132.5351145790256092736682,226,
99048 0,34.448665749708135129736,132.5361644549261005412404,227,
99048 0,34.449349027354949373210,132.5371143445969117244706,228,
99048 0,34.450082299552769355984,132.5381142278987107268882,229,
99048 0,34.450365609405285013909,132.5384975161214742490892,230,
99048 0,34.450815571750589338758,132.5391141112005097293058,231,
99048 0,34.451382192619895465320,132.5399473492427980479888,232,
99048 0,34.452098800425248481604,132.540997228714801569573,233,
99048 0,34.452432107634668761945,132.5415305029631460820396,234,
99048 0,34.452632092696124356976,132.5418804642245191685918,235,
99048 0,34.453232047403069623904,132.542963680395435938052,236,
99048 0,34.453865331039591225806,132.5439968980399961219278,237,
99048 0,34.454131982003820464667,132.5447301580290096943384,238,
99048 0,34.454365300836622273385,132.5453300974180143670302,239,
99048 0,34.454581954443974657590,132.5459133729713149108052,240,
99048 0,34.454998595467496874433,132.5469965965226177522996,241,
99048 0,34.455398571040607765472,132.5480464916332071462924,242,
99048 0,34.455898532621582364173,132.5489130632776135190514,243,
99048 0,34.456531816747860669342,132.5499629468510608817176,244,
99048 0,34.456981786052565921536,132.550962843196953543168,245,
99048 0,34.457515075173994033857,132.5516960909091666306450,246,
99048 0,34.458281680866085743832,132.5528959558767707597486,247,
99048 0,34.458864970016398478783,132.5539625071510867567006,248,
99048 0,34.459214945745395389826,132.5547124289675162281716,249,
99048 0,34.459298277469754729507,132.5551123915328332290052,250,
99048 0,34.459231633423182743004,132.555995654665373271549,251,
99048 0,34.459214984748333170658,132.5569455770927950798876,252,
99048 0,34.459564958731027102126,132.5575955070435386640648,253,
99048 0,34.460181578173769742493,132.5586787213882502065666,254,
99048 0,34.460731537508992595264,132.559695278264285210232,255,
99048 0,34.460998183260214602276,132.5601452283211715799318,256,
99048 0,34.461581472649215860685,132.5611951149914568274354,257,
99048 0,34.46184811723606306768,132.561578403451581927458,258,
99048 0,34.462514716280653664847,132.5617950221548769042674,259,
99048 0,34.463081328709018308209,132.5621449665346539763504,260,
99048 0,34.463147986674410661242,132.5620283069957402706942,261,
99049 0,34.463147986965465493138,132.5620449716007465461672,1,
99049 0,34.463064663443459102504,132.5621449673019715367782,2,
99049 0,34.462648036973270213173,132.5618950078811687229648,3,
99049 0,34.462481387100076743649,132.5618116882934696017742,4,
99049 0,34.461848116945008253248,132.561561738847575568942,5,
99049 0,34.461598138258233212940,132.561245110157006599285,6,
99049 0,34.461098175936429068275,132.5603285417838172919778,7,
99049 0,34.460514886838519665442,132.5592953218383622687872,8,
99049 0,34.459864936521081983434,132.5581621120365064620044,9,
99049 0,34.459281646549971078697,132.5570788961572085805118,10,
99049 0,34.459214975143116876746,132.5563956218335225590066,11,
99049 0,34.459248289427002313187,132.5554956956315624969376,12,
99049 0,34.459281608129170711953,132.5548790788308103244148,13,
99049 0,34.458981629465895851829,132.5542624768460875276672,14,
99049 0,34.458548328072546660067,132.5534292326653806710162,15,
99049 0,34.458081696095694236617,132.5525626597503599358794,16,
99049 0,34.457198435293906273045,132.5512961388220613035700,17,
99049 0,34.456831798030730726866,132.5507295361043565152902,18,
99049 0,34.456598480295901546261,132.5501962577811602650318,19,
99049 0,34.456398492588644486007,132.5496796433233057366044,20,
99049 0,34.456048521225550362435,132.5491797009051130659002,21,
99049 0,34.455648553643738625553,132.5485797691881042100634,22,
99049 0,34.455415237655310108580,132.548146482598604804171,23,
99049 0,34.455015262796715520777,132.5471299178889229614800,24,
99049 0,34.454715281090395570545,132.5463466635026709945696,25,
99049 0,34.454465296582183493588,132.5456967289471196899944,26,
99049 0,34.454081985295264670625,132.5446135038612183094392,27,
99049 0,34.453915327748065542383,132.5441135532676994858508,28,
99049 0,34.453482027935637002262,132.5433803009516862142218,29,
99049 0,34.452782083125077156299,132.5422970893846062153122,30,
99049 0,34.452232126357055407266,132.5413971889772391449634,31,
99049 0,34.451848822559290105458,132.5406972656881265419196,32,
99049 0,34.451232206079591553121,132.5398140340148991813102,33,
99049 0,34.450648921586341037338,132.5390141270078043326422,34,
99049 0,34.449948980024418344986,132.5380809032382242783048,35,
99049 0,34.449282369098502188281,132.5372143395308191546538,36,
99049 0,34.448715749102397546159,132.5364310974213737773158,37,
99049 0,34.448099133100048255514,132.5355145349492170392226,38,
99049 0,34.447632508690926574904,132.5350812592339086221308,39,
99049 0,34.446649267463823403323,132.5343480322388062707154,40,
99049 0,34.445832678624816125079,132.5337814502381878229610,41,
99049 0,34.445366058634082041523,132.5336314841900652013736,42,
99049 0,34.444799453138916650715,132.5336481754122148651652,43,
99049 0,34.443949546523336516879,132.5337815369430966008730,44,
99049 0,34.443382940207363717829,132.5337815630313083098710,45,
99049 0,34.443299609594971253015,132.5334149304709134452622,46,
99049 0,34.442666340022026275358,132.533198311027966110277,47,
99049 0,34.441966408647541073719,132.5328483723886162317398,48,
99049 0,34.441299804363762421928,132.5323317792821644535184,49,
99049 0,34.440699861564362883705,132.5319151748392003337220,50,
99049 0,34.440133248236595098576,132.5314985688626497918918,51,
99049 0,34.439799946266384842571,132.5312652702753576127432,52,
99049 0,34.439433309585340929896,132.5307319980255609073154,53,
99049 0,34.438883354563822139048,132.5299320894838797150528,54,
99049 0,34.438166756574639222261,132.5294821601441101722420,55,
99049 0,34.437750130977633288066,132.5292821955952384083966,56,
99049 0,34.437466824816593061016,132.529098890573881516615,57,
99049 0,34.436883543385694507504,132.528498967297178335729,58,
99049 0,34.436716889298204839603,132.5281990004340328844214,59,
99049 0,34.436433572725039743416,132.5274157442205574780944,60,
99049 0,34.435933612836473365802,132.5266991606377007800988,61,
99049 0,34.435183677014818256496,132.5257326089020511472594,62,
99049 0,34.434683720327965961066,132.5251993423257359903308,63,
99049 0,34.434200429675304711299,132.5246494103780481233860,64,
99049 0,34.434033770301720106475,132.5240827992477104863002,65,
99049 0,34.433767116691684774431,132.5231828857972374784094,66,
99049 0,34.433333821358342624167,132.5226662818165703204550,67,
99049 0,34.432883861446357543834,132.5222496704679554705262,68,
99049 0,34.432400580689967402411,132.5222663583835464829784,69,
99049 0,34.432050621021927530917,132.5224663576972896631406,70,
99049 0,34.431800653634259176058,132.522766344272862140687,71,
99049 0,34.431500687830308768228,132.5229163453528583924388,72,
99049 0,34.431234049937981563713,132.5229163576296466819062,73,
99049 0,34.430650768064344739706,132.5222664389500367275262,74,
99049 0,34.430500775993767867979,132.5218164829921177840086,75,
99049 0,34.430000824150381501666,132.5214998658110439389274,76,
99049 0,34.429550861909865311749,132.5209499323288185148566,77,
99049 0,34.428700937539114639112,132.5200667113977687183952,78,
99049 0,34.428000997671300828747,132.5192001486949695555926,79,
99049 0,34.427434383496533216505,132.5187502124495066008196,80,
99049 0,34.427017753533529150958,132.5183002687683759513732,81,
99049 0,34.426634455027339029300,132.5179336502833581874068,82,
99049 0,34.42591785164036898211,132.517167080213562467722,83,
99049 0,34.425501223714836566291,132.5168337937960581233396,84,
99049 0,34.425151255262410966391,132.5165005043103566223964,85,
99049 0,34.424851275143808786371,132.5158005762568552311758,86,
99049 0,34.424384656264950809369,132.5156839407416109037130,87,
99049 0,34.424168009934276676284,132.515517297917005274748,88,
99049 0,34.423868034763807736456,132.5151006796626543264234,89,
99049 0,34.423634712953945658170,132.5143340874071560600558,90,
99049 0,34.423468053792823627053,132.5137341446179726579324,91,
99049 0,34.422868104642343721060,132.5129842343110505065034,92,
99049 0,34.422384817825846548834,132.5126842820266018248628,93,
99049 0,34.421851543099164266878,132.5127676327809643320958,94,
99049 0,34.421218269001629032762,132.5122843682768556849336,95,
99049 0,34.420551664942628475316,132.5117844407013363366866,96,
99049 0,34.419635085344786126835,132.5112011984355870744014,97,
99049 0,34.419351777424949373210,132.5108679056156617244706,98,
99049 0,34.418901818386165777317,132.5105012901998898158868,99,
99049 0,34.417751930487620242076,132.5098680627434538331878,100,
99049 0,34.41716865298006304435,132.509468122137190702342,101,
99049 0,34.416852017730740484034,132.5093181489183539933576,102,
99049 0,34.416152089266921483355,132.5091348630785063293004,103,
99049 0,34.415785460444682792416,132.5090515537583347940156,104,
99049 0,34.415135521769919170168,132.5085849556844438323628,105,
99049 0,34.414752227099993115356,132.5084683168626652490968,106,
99049 0,34.414218952479395044052,132.5085350019540910540572,107,
99049 0,34.413552364547753680595,132.5089849960386972877302,108,
99049 0,34.412969101302375024108,132.5094016549599277476102,109,
99049 0,34.412269185063339746981,132.5099183100580574796290,110,
99049 0,34.412002547223315867815,132.5099516536627068305046,111,
99049 0,34.411602589272885075956,132.509918340750076992068,112,
99049 0,34.410386058783097179356,132.5102517026269486847098,113,
99049 0,34.410102755916184106103,132.5102683813349728721448,114,
99049 0,34.409669467620938606014,132.510185075083998405774,115,
99049 0,34.409036197756924930045,132.5099517902421107314578,116,
99049 0,34.408636235149331912249,132.5096518330612598323840,117,
99049 0,34.408386257044685030109,132.5093685346396154711360,118,
99049 0,34.408036282479862940473,132.5086852744199472785498,119,
99049 0,34.407669645190499603383,132.5081020068322460257258,120,
99049 0,34.406986364845503702368,132.506952133960982394884,121,
99049 0,34.406403085061700226031,132.5064522014900576938414,122,
99049 0,34.405636487519585900745,132.5057189650500025440510,123,
99049 0,34.404553251817471253015,132.5046691019296634452622,124,
99049 0,34.403736660318863630908,132.5039691975294717559856,125,
99049 0,34.403036724088535149049,132.5033526144899209262378,126,
99049 0,34.402336788056985405530,132.5027360314503609441356,127,
99049 0,34.401753508220806382299,132.5022027692414431479186,128,
99049 0,34.400936915120475216986,132.5014528689094419775408,129,
99049 0,34.400136991838195832064,132.5009029515404463040858,130,
99049 0,34.399403722551044372962,132.5000697211711384714292,131,
99049 0,34.398853769962742532077,132.4994697962278888757342,132,
99049 0,34.39823716240133240192,132.49903652728525442896,133,
99049 0,34.397620553198202838014,132.4985699278097660835974,134,
99049 0,34.397003945159438818205,132.4981699894010830207020,135,
99049 0,34.396387338180162067952,132.4977700510263483524798,136,
99049 0,34.395754064002541420341,132.4973201176841206472950,137,
99049 0,34.394754160315850165180,132.4966868822620609781088,138,
99049 0,34.393670929852935133242,132.495936994206823706266,139,
99049 0,34.393187642163236476576,132.4955870459895320832804,140,
99049 0,34.392904350065777484267,132.4962203394337661170374,141,
99049 0,34.392637724107197683248,132.4969036291034375015278,142,
99049 0,34.392421092064982466882,132.497570250252357133461,143,
99049 0,34.393071029866544447514,132.4979868523844059011558,144,
99049 0,34.393687638539831278001,132.4984534518939158185926,145,
99049 0,34.393604321316508873691,132.4988534225282048159608,146,
99049 0,34.393470995384695014821,132.4984534618688002086414,147,
99049 0,34.392971041265162341738,132.4980368528220648718026,148,
99049 0,34.392371098200891431458,132.4976202483961115357414,149,
99049 0,34.392604394396777452319,132.4969202952430545115278,150,
99049 0,34.392904348901521185395,132.4961536788969168171764,151,
99049 0,34.393154310706531777912,132.4955037213233751804066,152,
99049 0,34.393820913826037924239,132.4959536529650547226710,153,
99049 0,34.394120885160242797221,132.4961202915561664902952,154,
99049 0,34.394804153888784807643,132.4966202194233077788292,155,
99049 0,34.395420761397898528195,132.4970201574340482791672,156,
99049 0,34.396420667069660441142,132.497736718924862151894,157,
99049 0,34.397537228407146250456,132.4985366010473591223916,158,
99049 0,34.397153948290545419860,132.4992532258921190987586,159,
99049 0,34.397070632522557303582,132.4997365229941535564428,160,
99049 0,34.397320619597975112237,132.5005031142833507879396,161,
99049 0,34.397670595379356826094,132.501286366367729341795,162,
99049 0,34.398120565292391893783,132.5023362586464771400566,163,
99049 0,34.398503873351494966540,132.5032195010619064465388,164,
99049 0,34.398853850006078182301,132.5040527490801278586962,165,
99049 0,34.399220492799512804128,132.504935991732918743000,166,
99049 0,34.399537140750986861528,132.5057525761507154449966,167,
99049 0,34.399970445107289390471,132.5067858035318625583968,168,
99049 0,34.400203764297457452140,132.5074024085857824286622,169,
99049 0,34.401170322212862170208,132.5071023884873304644014,170,
99049 0,34.401970234038871170391,132.5069356992543816223758,171,
99049 0,34.403086776457022010577,132.5066523379131363712344,172,
99049 0,34.403470054195398199628,132.505802391000762627976,173,
99049 0,34.404019974695964952260,132.5046191305504184306726,174,
99049 0,34.404403262631370486089,132.5043691337692612133564,175,
99049 0,34.404903219396699996435,132.5049523957474999984654,176,
99049 0,34.405686481965703515808,132.5057022970841803116964,177,
99049 0,34.406303093523568169337,132.5063188844901987148842,178,
99049 0,34.406969698971614681168,132.5069021387954448185006,179,
99049 0,34.407452994811081487993,132.5077187150103294427970,180,
99049 0,34.407719641118248507686,132.5081853307321218669236,181,
99049 0,34.408152940474121404296,132.5089019173832245079486,182,
99049 0,34.408402922892390888358,132.5094018652001345765802,183,
99049 0,34.408769556953819974097,132.5097851490574517855150,184,
99049 0,34.409219512604585767162,132.5100184423386619848646,185,
99049 0,34.409669467620938606014,132.510185075083998405774,186,
99049 0,34.410169415680364230830,132.510285043929694131563,187,
99049 0,34.410686025221569821552,132.5101683626147820279184,188,
99049 0,34.411285958098515088480,132.5100016825894487973786,189,
99049 0,34.411819233248838003298,132.5099349964390865440228,190,
99049 0,34.412285849269412276906,132.509918309290788701066,191,
99049 0,34.412969101302375024108,132.5094016549599277476102,192,
99049 0,34.414085633637969564610,132.5086016696882953402816,193,
99049 0,34.414402264998643255266,132.5084683329759437861812,194,
99049 0,34.414652237916466085972,132.5084849860714793326146,195,
99049 0,34.415168851823697575806,132.508618285478694076201,196,
99049 0,34.415652140334212879170,132.5089848993588797242332,197,
99049 0,34.416435393880256019864,132.5092181772950800820184,198,
99049 0,34.417185316894980770538,132.5094514567659155698668,199,
99049 0,34.417735264930987692635,132.5098513978458531437226,200,
99049 0,34.418518523320378261301,132.5103013241173828435390,201,
99049 0,34.419218454508589832768,132.510701259351569470820,202,
99049 0,34.419618421138713596910,132.5112011992028558529644,203,
99049 0,34.420285023616793485251,132.5116011349126816992324,204,
99049 0,34.421351590117704747180,132.5124010196670597411358,205,
99049 0,34.421818212939101706906,132.5127509686516506336518,206,
99049 0,34.422301493060978887347,132.5126676201991859304062,207,
99049 0,34.422734783949727155270,132.512884248583758770849,208,
99049 0,34.423134747456704802993,132.5132508663014711652500,209,
99049 0,34.423434723209320395365,132.5137008158836587794466,210,
99049 0,34.423751374149943666689,132.5147340488348537538276,211,
99049 0,34.423901365664577865911,132.5151673392618555151564,212,
99049 0,34.424234670280482647162,132.515567290647662191898,213,
99049 0,34.424467981294683206593,132.5157006021720475707744,214,
99049 0,34.424851275725941572499,132.5158339067907578331898,215,
99049 0,34.425101259360854480959,132.5164338455454552393478,216,
99049 0,34.425301241855104326828,132.5166671500721824820214,217,
99049 0,34.425867856029881194990,132.5171170868476014240044,218,
99049 0,34.426434472585474003709,132.5177336760255799440746,219,
99049 0,34.426901096994700284120,132.5181669520048664332106,220,
99049 0,34.427517709690528845809,132.5188335348137595996710,221,
99049 0,34.427967667087697607754,132.5191668199606556817106,222,
99049 0,34.428800929580906877514,132.520183363793584747834,223,
99049 0,34.429284218778229228753,132.5206499690095490778148,224,
99049 0,34.429734179377130602186,132.5211665722238985922984,225,
99049 0,34.430000824150381501666,132.5214998658110439389274,226,
99049 0,34.430467445648834658604,132.5217664885938611862582,227,
99049 0,34.430634102507712207729,132.5222497740534359550180,228,
99049 0,34.431000737151287946012,132.5226663892385898298248,229,
99049 0,34.431400698937964292877,132.5229496807545468745418,230,
99049 0,34.431684000058483653170,132.5228330107107927916268,231,
99049 0,34.432133945126071318175,132.5223996927939453511916,232,
99049 0,34.432567228234611250511,132.5222163547777230556070,233,
99049 0,34.432983851794040900249,132.5222996617969906084302,234,
99049 0,34.433467143215224727285,132.5228329286096674262234,235,
99049 0,34.433750451612410760066,132.5231328906316633156274,236,
99049 0,34.434017104931372765838,132.5240161384182179905822,237,
99049 0,34.434200428802103244323,132.5245994144462050989980,238,
99049 0,34.434617059347244706494,132.5250826889252164271064,239,
99049 0,34.434967028725161249767,132.5254993048776878669448,240,
99049 0,34.435433656627179584058,132.5261325637934121406458,241,
99049 0,34.436100266097766115619,132.5269158013000496314998,242,
99049 0,34.436483568440220286659,132.5275323994473066592096,243,
99049 0,34.436816882099991820259,132.5283989785006925742724,244,
99049 0,34.437150187331233940194,132.5288322608843617926144,245,
99049 0,34.437616810800970472374,132.5292155411967863032868,246,
99049 0,34.438366736714060922410,132.5295654771372743936232,247,
99049 0,34.438883354272748812776,132.5299154238199613821168,248,
99049 0,34.439366648074757836289,132.5306153435651537652072,249,
99049 0,34.439833276294054629515,132.5312819340077103746894,250,
99049 0,34.440316564539599444717,132.5316485479549026589106,251,
99049 0,34.440599870634447921945,132.5318318530432570345268,252,
99049 0,34.441099823324842218667,132.5321818009572047605988,253,
99049 0,34.442016403966864783718,132.5328817006196150173782,254,
99049 0,34.442899649898055997347,132.5332816267515097862024,255,
99049 0,34.443299609594971253015,132.5334149304709134452622,256,
99049 0,34.443382939625226321205,132.5337482322334276312090,257,
99049 0,34.443966210094882201942,132.5337148748440201507016,258,
99049 0,34.445016095368461998681,132.5335648389715604577820,259,
99049 0,34.445682692666640371048,132.5336814652792135646914,260,
99049 0,34.446382624623360653368,132.5340647345844550789628,261,
99049 0,34.446965902131003939055,132.5344646743947843074328,262,
99049 0,34.448049134869960660498,132.535314554050705082032,263,
99049 0,34.448749077596148907642,132.5363144388870904234404,264,
99049 0,34.449299032326594354754,132.537097681763853365810,265,
99049 0,34.449815656130178447861,132.5377975999754349267266,266,
99049 0,34.450282282972610117067,132.5384308588912079868962,267,
99049 0,34.450848902095413302908,132.539164105068810344450,268,
99049 0,34.451348860633347439461,132.5398640245766655406512,269,
99049 0,34.451848821103941968474,132.5406139384274469347026,270,
99049 0,34.452232123446396156978,132.5412305365757038793694,271,
99049 0,34.452832077571194771362,132.5422804214187839829576,272,
99049 0,34.453415367232062473185,132.5433136424241250611742,273,
99049 0,34.453931993198495380027,132.5441468827683249077724,274,
99049 0,34.454281973227388253361,132.5451467831880602377032,275,
99049 0,34.454448629967597328913,132.5455967389086450466510,276,
99049 0,34.454848604535002412011,132.5465966370274855418708,277,
99049 0,34.455231915530872201126,132.547663197840353076677,278,
99049 0,34.455531896522674695498,132.5484131217597029731236,279,
99049 0,34.456031855034402546764,132.5490963753386496473176,280,
99049 0,34.456398492879708556359,132.5496963084572680823304,281,
99049 0,34.456831798030730726866,132.5507295361043565152902,282,
99049 0,34.457398418635165184483,132.5515627741466570294394,283,
99049 0,34.458131692579378880217,132.5526626487841859273370,284,
99049 0,34.458698317523519095938,132.5537292008257707074558,285,
99049 0,34.459231611884256069276,132.554762424133041604485,286,
99049 0,34.459298278634029540219,132.5551790531295945032862,287,
99049 0,34.459231633714256069276,132.556012320329291604485,288,
99049 0,34.459198319721443976571,132.5569289121961699164470,289,
99049 0,34.459798275301572216099,132.5580621232400176528322,290,
99049 0,34.460548218004251027139,132.5593619808406008341212,291,
99049 0,34.460964852624226578469,132.5600785693189086236654,292,
99049 0,34.461548142356667471588,132.5611784508621492290264,293,
99049 0,34.461864782792695617121,132.5615950683491826169232,294,
99049 0,34.462448056755143534274,132.5617616938952130040238,295,
99049 0,34.463081328709018308209,132.5621449665346539763504,296,
99049 0,34.463147986965465493138,132.5620449716007465461672,297,
